scenario,ref,family,agence,region,date,month,year,tonnes,sacs_50,prix_ttc_sac,ca_m_fcfa,source
S3_reappro_100,ALAP25,ALIMENT_COMPLET,Ahala,Centre,2026-10-01,10,2026,1.34,53.4,10617.0,0.57,
S3_reappro_100,ALAP25,ALIMENT_COMPLET,Bertoua,Centre,2026-10-01,10,2026,0.74,29.4,10617.0,0.31,
S3_reappro_100,ALAP25,ALIMENT_COMPLET,Messassi,Centre,2026-10-01,10,2026,2.77,110.9,10617.0,1.18,
S3_reappro_100,ALAP25,ALIMENT_COMPLET,Ngaoundere,Centre,2026-10-01,10,2026,0.44,17.5,10617.0,0.19,
S3_reappro_100,ALAP25,ALIMENT_COMPLET,Nkoabang,Centre,2026-10-01,10,2026,0.64,25.6,10617.0,0.27,
S3_reappro_100,ALAP25,ALIMENT_COMPLET,Nkolbisson,Centre,2026-10-01,10,2026,1.25,49.9,10617.0,0.53,
S3_reappro_100,APCL2,ALIMENT_COMPLET,Ahala,Centre,2026-10-01,10,2026,0.73,48.8,19987.0,0.97,
S3_reappro_100,APCL2,ALIMENT_COMPLET,Bertoua,Centre,2026-10-01,10,2026,0.25,16.4,19987.0,0.33,
S3_reappro_100,APCL2,ALIMENT_COMPLET,Messassi,Centre,2026-10-01,10,2026,0.68,45.4,19987.0,0.91,
S3_reappro_100,APCL2,ALIMENT_COMPLET,Ngaoundere,Centre,2026-10-01,10,2026,0.02,1.4,19987.0,0.03,
S3_reappro_100,APCL2,ALIMENT_COMPLET,Nkoabang,Centre,2026-10-01,10,2026,0.15,10.3,19987.0,0.21,
S3_reappro_100,APCL2,ALIMENT_COMPLET,Nkolbisson,Centre,2026-10-01,10,2026,0.16,10.4,19987.0,0.21,
S3_reappro_100,APCL25,ALIMENT_COMPLET,Ahala,Centre,2026-10-01,10,2026,0.01,0.2,6945.0,0.0,
S3_reappro_100,APCL25,ALIMENT_COMPLET,Messassi,Centre,2026-10-01,10,2026,0.03,1.2,6945.0,0.01,
S3_reappro_100,APCL3,ALIMENT_COMPLET,Ahala,Centre,2026-10-01,10,2026,0.99,65.8,19035.0,1.25,
S3_reappro_100,APCL3,ALIMENT_COMPLET,Bertoua,Centre,2026-10-01,10,2026,0.5,33.4,19035.0,0.63,
S3_reappro_100,APCL3,ALIMENT_COMPLET,Messassi,Centre,2026-10-01,10,2026,0.95,63.3,19035.0,1.21,
S3_reappro_100,APCL3,ALIMENT_COMPLET,Ngaoundere,Centre,2026-10-01,10,2026,0.04,2.8,19035.0,0.05,
S3_reappro_100,APCL3,ALIMENT_COMPLET,Nkoabang,Centre,2026-10-01,10,2026,0.23,15.6,19035.0,0.3,
S3_reappro_100,APCL3,ALIMENT_COMPLET,Nkolbisson,Centre,2026-10-01,10,2026,0.22,14.4,19035.0,0.27,
S3_reappro_100,APCL35,ALIMENT_COMPLET,Ahala,Centre,2026-10-01,10,2026,0.01,1.2,6598.0,0.01,
S3_reappro_100,APCL35,ALIMENT_COMPLET,Messassi,Centre,2026-10-01,10,2026,0.03,6.1,6598.0,0.04,
S3_reappro_100,APCL4.5,ALIMENT_COMPLET,Ahala,Centre,2026-10-01,10,2026,1.65,110.1,18959.0,2.09,
S3_reappro_100,APCL4.5,ALIMENT_COMPLET,Bertoua,Centre,2026-10-01,10,2026,0.4,26.6,18959.0,0.5,
S3_reappro_100,APCL4.5,ALIMENT_COMPLET,Messassi,Centre,2026-10-01,10,2026,1.03,68.9,18959.0,1.31,
S3_reappro_100,APCL4.5,ALIMENT_COMPLET,Ngaoundere,Centre,2026-10-01,10,2026,0.15,10.0,18959.0,0.19,
S3_reappro_100,APCL4.5,ALIMENT_COMPLET,Nkoabang,Centre,2026-10-01,10,2026,0.28,19.0,18959.0,0.36,
S3_reappro_100,APCL4.5,ALIMENT_COMPLET,Nkolbisson,Centre,2026-10-01,10,2026,0.22,14.4,18959.0,0.27,
S3_reappro_100,APCL4.55,ALIMENT_COMPLET,Ahala,Centre,2026-10-01,10,2026,0.0,0.4,6630.0,0.0,
S3_reappro_100,APCL4.55,ALIMENT_COMPLET,Messassi,Centre,2026-10-01,10,2026,0.02,4.0,6630.0,0.03,
S3_reappro_100,APCL6,ALIMENT_COMPLET,Ahala,Centre,2026-10-01,10,2026,1.39,92.6,17883.0,1.66,
S3_reappro_100,APCL6,ALIMENT_COMPLET,Bertoua,Centre,2026-10-01,10,2026,0.44,29.2,17883.0,0.52,
S3_reappro_100,APCL6,ALIMENT_COMPLET,Messassi,Centre,2026-10-01,10,2026,0.67,44.4,17883.0,0.79,
S3_reappro_100,APCL6,ALIMENT_COMPLET,Ngaoundere,Centre,2026-10-01,10,2026,0.13,8.6,17883.0,0.15,
S3_reappro_100,APCL6,ALIMENT_COMPLET,Nkoabang,Centre,2026-10-01,10,2026,0.25,16.8,17883.0,0.3,
S3_reappro_100,APCL6,ALIMENT_COMPLET,Nkolbisson,Centre,2026-10-01,10,2026,0.2,13.3,17883.0,0.24,
S3_reappro_100,APCL65,ALIMENT_COMPLET,Ahala,Centre,2026-10-01,10,2026,0.0,0.4,6314.0,0.0,
S3_reappro_100,APCL65,ALIMENT_COMPLET,Messassi,Centre,2026-10-01,10,2026,0.04,8.5,6314.0,0.05,
S3_reappro_100,APCL8,ALIMENT_COMPLET,Ahala,Centre,2026-10-01,10,2026,1.11,74.2,17945.0,1.33,
S3_reappro_100,APCL8,ALIMENT_COMPLET,Bertoua,Centre,2026-10-01,10,2026,0.27,18.2,17945.0,0.33,
S3_reappro_100,APCL8,ALIMENT_COMPLET,Messassi,Centre,2026-10-01,10,2026,0.84,55.7,17945.0,1.0,
S3_reappro_100,APCL8,ALIMENT_COMPLET,Ngaoundere,Centre,2026-10-01,10,2026,0.14,9.3,17945.0,0.17,
S3_reappro_100,APCL8,ALIMENT_COMPLET,Nkoabang,Centre,2026-10-01,10,2026,0.19,12.7,17945.0,0.23,
S3_reappro_100,APCL8,ALIMENT_COMPLET,Nkolbisson,Centre,2026-10-01,10,2026,0.35,23.5,17945.0,0.42,
S3_reappro_100,APCL85,ALIMENT_COMPLET,Ahala,Centre,2026-10-01,10,2026,0.0,0.4,6305.0,0.0,
S3_reappro_100,APCL85,ALIMENT_COMPLET,Messassi,Centre,2026-10-01,10,2026,0.04,8.5,6305.0,0.05,
S3_reappro_100,APTOR3,ALIMENT_COMPLET,Bertoua,Centre,2026-10-01,10,2026,0.05,3.2,15000.0,0.05,
S3_reappro_100,APTOR3,ALIMENT_COMPLET,Ngaoundere,Centre,2026-10-01,10,2026,0.0,0.1,15000.0,0.0,
S3_reappro_100,APTOR3,ALIMENT_COMPLET,Nkolbisson,Centre,2026-10-01,10,2026,0.0,0.3,15000.0,0.0,
S3_reappro_100,APTOR4.5,ALIMENT_COMPLET,Bertoua,Centre,2026-10-01,10,2026,0.02,1.7,15000.0,0.02,
S3_reappro_100,APTOR4.5,ALIMENT_COMPLET,Ngaoundere,Centre,2026-10-01,10,2026,0.0,0.3,15000.0,0.0,
S3_reappro_100,APTSA2,ALIMENT_COMPLET,Bertoua,Centre,2026-10-01,10,2026,0.06,4.0,15000.0,0.06,
S3_reappro_100,CB100,ALIMENT_COMPLET,Ahala,Centre,2026-10-01,10,2026,3.95,158.1,21307.0,3.37,
S3_reappro_100,CB100,ALIMENT_COMPLET,Bertoua,Centre,2026-10-01,10,2026,4.08,163.0,21307.0,3.47,
S3_reappro_100,CB100,ALIMENT_COMPLET,Messassi,Centre,2026-10-01,10,2026,15.96,638.4,21307.0,13.6,
S3_reappro_100,CB100,ALIMENT_COMPLET,Ngaoundere,Centre,2026-10-01,10,2026,4.5,179.9,21307.0,3.83,
S3_reappro_100,CB100,ALIMENT_COMPLET,Nkoabang,Centre,2026-10-01,10,2026,2.62,104.9,21307.0,2.23,
S3_reappro_100,CB100,ALIMENT_COMPLET,Nkolbisson,Centre,2026-10-01,10,2026,3.72,148.7,21307.0,3.17,
S3_reappro_100,CB101,ALIMENT_COMPLET,Bertoua,Centre,2026-10-01,10,2026,0.16,32.6,4501.0,0.15,
S3_reappro_100,CB101,ALIMENT_COMPLET,Messassi,Centre,2026-10-01,10,2026,0.05,10.0,4501.0,0.05,
S3_reappro_100,CB101,ALIMENT_COMPLET,Ngaoundere,Centre,2026-10-01,10,2026,0.47,94.8,4501.0,0.43,
S3_reappro_100,CB200,ALIMENT_COMPLET,Ahala,Centre,2026-10-01,10,2026,4.38,175.1,20185.0,3.54,
S3_reappro_100,CB200,ALIMENT_COMPLET,Bertoua,Centre,2026-10-01,10,2026,1.25,50.1,20185.0,1.01,
S3_reappro_100,CB200,ALIMENT_COMPLET,Messassi,Centre,2026-10-01,10,2026,14.53,581.1,20185.0,11.73,
S3_reappro_100,CB200,ALIMENT_COMPLET,Ngaoundere,Centre,2026-10-01,10,2026,0.29,11.5,20185.0,0.23,
S3_reappro_100,CB200,ALIMENT_COMPLET,Nkoabang,Centre,2026-10-01,10,2026,3.09,123.7,20185.0,2.5,
S3_reappro_100,CB200,ALIMENT_COMPLET,Nkolbisson,Centre,2026-10-01,10,2026,1.13,45.0,20185.0,0.91,
S3_reappro_100,CB201,ALIMENT_COMPLET,Bertoua,Centre,2026-10-01,10,2026,0.03,5.6,4195.0,0.02,
S3_reappro_100,CB201,ALIMENT_COMPLET,Messassi,Centre,2026-10-01,10,2026,0.1,19.8,4195.0,0.08,
S3_reappro_100,CB201,ALIMENT_COMPLET,Ngaoundere,Centre,2026-10-01,10,2026,0.02,4.3,4195.0,0.02,
S3_reappro_100,ALAP25,ALIMENT_COMPLET,Ahala,Centre,2026-11-01,11,2026,1.25,50.2,10617.0,0.53,
S3_reappro_100,ALAP25,ALIMENT_COMPLET,Bertoua,Centre,2026-11-01,11,2026,0.69,27.6,10617.0,0.29,
S3_reappro_100,ALAP25,ALIMENT_COMPLET,Messassi,Centre,2026-11-01,11,2026,2.6,104.2,10617.0,1.11,
S3_reappro_100,ALAP25,ALIMENT_COMPLET,Ngaoundere,Centre,2026-11-01,11,2026,0.41,16.4,10617.0,0.17,
S3_reappro_100,ALAP25,ALIMENT_COMPLET,Nkoabang,Centre,2026-11-01,11,2026,0.6,24.1,10617.0,0.26,
S3_reappro_100,ALAP25,ALIMENT_COMPLET,Nkolbisson,Centre,2026-11-01,11,2026,1.17,46.9,10617.0,0.5,
S3_reappro_100,APCL2,ALIMENT_COMPLET,Ahala,Centre,2026-11-01,11,2026,0.69,45.8,19987.0,0.92,
S3_reappro_100,APCL2,ALIMENT_COMPLET,Bertoua,Centre,2026-11-01,11,2026,0.23,15.4,19987.0,0.31,
S3_reappro_100,APCL2,ALIMENT_COMPLET,Messassi,Centre,2026-11-01,11,2026,0.64,42.6,19987.0,0.85,
S3_reappro_100,APCL2,ALIMENT_COMPLET,Ngaoundere,Centre,2026-11-01,11,2026,0.02,1.3,19987.0,0.03,
S3_reappro_100,APCL2,ALIMENT_COMPLET,Nkoabang,Centre,2026-11-01,11,2026,0.14,9.7,19987.0,0.19,
S3_reappro_100,APCL2,ALIMENT_COMPLET,Nkolbisson,Centre,2026-11-01,11,2026,0.15,9.8,19987.0,0.2,
S3_reappro_100,APCL25,ALIMENT_COMPLET,Ahala,Centre,2026-11-01,11,2026,0.01,0.2,6945.0,0.0,
S3_reappro_100,APCL25,ALIMENT_COMPLET,Messassi,Centre,2026-11-01,11,2026,0.03,1.2,6945.0,0.01,
S3_reappro_100,APCL3,ALIMENT_COMPLET,Ahala,Centre,2026-11-01,11,2026,0.93,61.8,19035.0,1.18,
S3_reappro_100,APCL3,ALIMENT_COMPLET,Bertoua,Centre,2026-11-01,11,2026,0.47,31.3,19035.0,0.6,
S3_reappro_100,APCL3,ALIMENT_COMPLET,Messassi,Centre,2026-11-01,11,2026,0.89,59.5,19035.0,1.13,
S3_reappro_100,APCL3,ALIMENT_COMPLET,Ngaoundere,Centre,2026-11-01,11,2026,0.04,2.7,19035.0,0.05,
S3_reappro_100,APCL3,ALIMENT_COMPLET,Nkoabang,Centre,2026-11-01,11,2026,0.22,14.7,19035.0,0.28,
S3_reappro_100,APCL3,ALIMENT_COMPLET,Nkolbisson,Centre,2026-11-01,11,2026,0.2,13.5,19035.0,0.26,
S3_reappro_100,APCL35,ALIMENT_COMPLET,Ahala,Centre,2026-11-01,11,2026,0.01,1.1,6598.0,0.01,
S3_reappro_100,APCL35,ALIMENT_COMPLET,Messassi,Centre,2026-11-01,11,2026,0.03,5.7,6598.0,0.04,
S3_reappro_100,APCL4.5,ALIMENT_COMPLET,Ahala,Centre,2026-11-01,11,2026,1.55,103.4,18959.0,1.96,
S3_reappro_100,APCL4.5,ALIMENT_COMPLET,Bertoua,Centre,2026-11-01,11,2026,0.37,24.9,18959.0,0.47,
S3_reappro_100,APCL4.5,ALIMENT_COMPLET,Messassi,Centre,2026-11-01,11,2026,0.97,64.7,18959.0,1.23,
S3_reappro_100,APCL4.5,ALIMENT_COMPLET,Ngaoundere,Centre,2026-11-01,11,2026,0.14,9.4,18959.0,0.18,
S3_reappro_100,APCL4.5,ALIMENT_COMPLET,Nkoabang,Centre,2026-11-01,11,2026,0.27,17.8,18959.0,0.34,
S3_reappro_100,APCL4.5,ALIMENT_COMPLET,Nkolbisson,Centre,2026-11-01,11,2026,0.2,13.5,18959.0,0.26,
S3_reappro_100,APCL4.55,ALIMENT_COMPLET,Ahala,Centre,2026-11-01,11,2026,0.0,0.4,6630.0,0.0,
S3_reappro_100,APCL4.55,ALIMENT_COMPLET,Messassi,Centre,2026-11-01,11,2026,0.02,3.8,6630.0,0.03,
S3_reappro_100,APCL6,ALIMENT_COMPLET,Ahala,Centre,2026-11-01,11,2026,1.31,87.0,17883.0,1.56,
S3_reappro_100,APCL6,ALIMENT_COMPLET,Bertoua,Centre,2026-11-01,11,2026,0.41,27.4,17883.0,0.49,
S3_reappro_100,APCL6,ALIMENT_COMPLET,Messassi,Centre,2026-11-01,11,2026,0.63,41.7,17883.0,0.75,
S3_reappro_100,APCL6,ALIMENT_COMPLET,Ngaoundere,Centre,2026-11-01,11,2026,0.12,8.1,17883.0,0.14,
S3_reappro_100,APCL6,ALIMENT_COMPLET,Nkoabang,Centre,2026-11-01,11,2026,0.24,15.8,17883.0,0.28,
S3_reappro_100,APCL6,ALIMENT_COMPLET,Nkolbisson,Centre,2026-11-01,11,2026,0.19,12.5,17883.0,0.22,
S3_reappro_100,APCL65,ALIMENT_COMPLET,Ahala,Centre,2026-11-01,11,2026,0.0,0.4,6314.0,0.0,
S3_reappro_100,APCL65,ALIMENT_COMPLET,Messassi,Centre,2026-11-01,11,2026,0.04,7.9,6314.0,0.05,
S3_reappro_100,APCL8,ALIMENT_COMPLET,Ahala,Centre,2026-11-01,11,2026,1.05,69.7,17945.0,1.25,
S3_reappro_100,APCL8,ALIMENT_COMPLET,Bertoua,Centre,2026-11-01,11,2026,0.26,17.1,17945.0,0.31,
S3_reappro_100,APCL8,ALIMENT_COMPLET,Messassi,Centre,2026-11-01,11,2026,0.79,52.3,17945.0,0.94,
S3_reappro_100,APCL8,ALIMENT_COMPLET,Ngaoundere,Centre,2026-11-01,11,2026,0.13,8.8,17945.0,0.16,
S3_reappro_100,APCL8,ALIMENT_COMPLET,Nkoabang,Centre,2026-11-01,11,2026,0.18,12.0,17945.0,0.21,
S3_reappro_100,APCL8,ALIMENT_COMPLET,Nkolbisson,Centre,2026-11-01,11,2026,0.33,22.0,17945.0,0.4,
S3_reappro_100,APCL85,ALIMENT_COMPLET,Ahala,Centre,2026-11-01,11,2026,0.0,0.4,6305.0,0.0,
S3_reappro_100,APCL85,ALIMENT_COMPLET,Messassi,Centre,2026-11-01,11,2026,0.04,8.0,6305.0,0.05,
S3_reappro_100,APTOR3,ALIMENT_COMPLET,Bertoua,Centre,2026-11-01,11,2026,0.04,3.0,15000.0,0.04,
S3_reappro_100,APTOR3,ALIMENT_COMPLET,Ngaoundere,Centre,2026-11-01,11,2026,0.0,0.1,15000.0,0.0,
S3_reappro_100,APTOR3,ALIMENT_COMPLET,Nkolbisson,Centre,2026-11-01,11,2026,0.0,0.3,15000.0,0.0,
S3_reappro_100,APTOR4.5,ALIMENT_COMPLET,Bertoua,Centre,2026-11-01,11,2026,0.02,1.6,15000.0,0.02,
S3_reappro_100,APTOR4.5,ALIMENT_COMPLET,Ngaoundere,Centre,2026-11-01,11,2026,0.0,0.3,15000.0,0.0,
S3_reappro_100,APTSA2,ALIMENT_COMPLET,Bertoua,Centre,2026-11-01,11,2026,0.06,3.8,15000.0,0.06,
S3_reappro_100,CB100,ALIMENT_COMPLET,Ahala,Centre,2026-11-01,11,2026,3.71,148.6,21307.0,3.17,
S3_reappro_100,CB100,ALIMENT_COMPLET,Bertoua,Centre,2026-11-01,11,2026,3.83,153.2,21307.0,3.26,
S3_reappro_100,CB100,ALIMENT_COMPLET,Messassi,Centre,2026-11-01,11,2026,14.99,599.6,21307.0,12.78,
S3_reappro_100,CB100,ALIMENT_COMPLET,Ngaoundere,Centre,2026-11-01,11,2026,4.22,169.0,21307.0,3.6,
S3_reappro_100,CB100,ALIMENT_COMPLET,Nkoabang,Centre,2026-11-01,11,2026,2.46,98.5,21307.0,2.1,
S3_reappro_100,CB100,ALIMENT_COMPLET,Nkolbisson,Centre,2026-11-01,11,2026,3.49,139.6,21307.0,2.98,
S3_reappro_100,CB101,ALIMENT_COMPLET,Bertoua,Centre,2026-11-01,11,2026,0.15,30.6,4501.0,0.14,
S3_reappro_100,CB101,ALIMENT_COMPLET,Messassi,Centre,2026-11-01,11,2026,0.05,9.4,4501.0,0.04,
S3_reappro_100,CB101,ALIMENT_COMPLET,Ngaoundere,Centre,2026-11-01,11,2026,0.45,89.1,4501.0,0.4,
S3_reappro_100,CB200,ALIMENT_COMPLET,Ahala,Centre,2026-11-01,11,2026,4.11,164.5,20185.0,3.32,
S3_reappro_100,CB200,ALIMENT_COMPLET,Bertoua,Centre,2026-11-01,11,2026,1.18,47.1,20185.0,0.95,
S3_reappro_100,CB200,ALIMENT_COMPLET,Messassi,Centre,2026-11-01,11,2026,13.65,545.9,20185.0,11.02,
S3_reappro_100,CB200,ALIMENT_COMPLET,Ngaoundere,Centre,2026-11-01,11,2026,0.27,10.8,20185.0,0.22,
S3_reappro_100,CB200,ALIMENT_COMPLET,Nkoabang,Centre,2026-11-01,11,2026,2.9,116.2,20185.0,2.35,
S3_reappro_100,CB200,ALIMENT_COMPLET,Nkolbisson,Centre,2026-11-01,11,2026,1.06,42.3,20185.0,0.85,
S3_reappro_100,CB201,ALIMENT_COMPLET,Bertoua,Centre,2026-11-01,11,2026,0.03,5.3,4195.0,0.02,
S3_reappro_100,CB201,ALIMENT_COMPLET,Messassi,Centre,2026-11-01,11,2026,0.09,18.6,4195.0,0.08,
S3_reappro_100,CB201,ALIMENT_COMPLET,Ngaoundere,Centre,2026-11-01,11,2026,0.02,4.1,4195.0,0.02,
S3_reappro_100,ALAP25,ALIMENT_COMPLET,Ahala,Centre,2026-12-01,12,2026,0.79,31.7,10617.0,0.34,
S3_reappro_100,ALAP25,ALIMENT_COMPLET,Bertoua,Centre,2026-12-01,12,2026,0.44,17.4,10617.0,0.19,
S3_reappro_100,ALAP25,ALIMENT_COMPLET,Messassi,Centre,2026-12-01,12,2026,1.64,65.8,10617.0,0.7,
S3_reappro_100,ALAP25,ALIMENT_COMPLET,Ngaoundere,Centre,2026-12-01,12,2026,0.26,10.4,10617.0,0.11,
S3_reappro_100,ALAP25,ALIMENT_COMPLET,Nkoabang,Centre,2026-12-01,12,2026,0.38,15.2,10617.0,0.16,
S3_reappro_100,ALAP25,ALIMENT_COMPLET,Nkolbisson,Centre,2026-12-01,12,2026,0.74,29.6,10617.0,0.31,
S3_reappro_100,APCL2,ALIMENT_COMPLET,Ahala,Centre,2026-12-01,12,2026,0.43,28.9,19987.0,0.58,
S3_reappro_100,APCL2,ALIMENT_COMPLET,Bertoua,Centre,2026-12-01,12,2026,0.15,9.7,19987.0,0.19,
S3_reappro_100,APCL2,ALIMENT_COMPLET,Messassi,Centre,2026-12-01,12,2026,0.4,26.9,19987.0,0.54,
S3_reappro_100,APCL2,ALIMENT_COMPLET,Ngaoundere,Centre,2026-12-01,12,2026,0.01,0.8,19987.0,0.02,
S3_reappro_100,APCL2,ALIMENT_COMPLET,Nkoabang,Centre,2026-12-01,12,2026,0.09,6.1,19987.0,0.12,
S3_reappro_100,APCL2,ALIMENT_COMPLET,Nkolbisson,Centre,2026-12-01,12,2026,0.09,6.2,19987.0,0.12,
S3_reappro_100,APCL25,ALIMENT_COMPLET,Ahala,Centre,2026-12-01,12,2026,0.0,0.1,6945.0,0.0,
S3_reappro_100,APCL25,ALIMENT_COMPLET,Messassi,Centre,2026-12-01,12,2026,0.02,0.7,6945.0,0.01,
S3_reappro_100,APCL3,ALIMENT_COMPLET,Ahala,Centre,2026-12-01,12,2026,0.58,39.0,19035.0,0.74,
S3_reappro_100,APCL3,ALIMENT_COMPLET,Bertoua,Centre,2026-12-01,12,2026,0.3,19.8,19035.0,0.38,
S3_reappro_100,APCL3,ALIMENT_COMPLET,Messassi,Centre,2026-12-01,12,2026,0.56,37.5,19035.0,0.71,
S3_reappro_100,APCL3,ALIMENT_COMPLET,Ngaoundere,Centre,2026-12-01,12,2026,0.03,1.7,19035.0,0.03,
S3_reappro_100,APCL3,ALIMENT_COMPLET,Nkoabang,Centre,2026-12-01,12,2026,0.14,9.3,19035.0,0.18,
S3_reappro_100,APCL3,ALIMENT_COMPLET,Nkolbisson,Centre,2026-12-01,12,2026,0.13,8.5,19035.0,0.16,
S3_reappro_100,APCL35,ALIMENT_COMPLET,Ahala,Centre,2026-12-01,12,2026,0.0,0.7,6598.0,0.0,
S3_reappro_100,APCL35,ALIMENT_COMPLET,Messassi,Centre,2026-12-01,12,2026,0.02,3.6,6598.0,0.02,
S3_reappro_100,APCL4.5,ALIMENT_COMPLET,Ahala,Centre,2026-12-01,12,2026,0.98,65.3,18959.0,1.24,
S3_reappro_100,APCL4.5,ALIMENT_COMPLET,Bertoua,Centre,2026-12-01,12,2026,0.24,15.7,18959.0,0.3,
S3_reappro_100,APCL4.5,ALIMENT_COMPLET,Messassi,Centre,2026-12-01,12,2026,0.61,40.9,18959.0,0.77,
S3_reappro_100,APCL4.5,ALIMENT_COMPLET,Ngaoundere,Centre,2026-12-01,12,2026,0.09,6.0,18959.0,0.11,
S3_reappro_100,APCL4.5,ALIMENT_COMPLET,Nkoabang,Centre,2026-12-01,12,2026,0.17,11.2,18959.0,0.21,
S3_reappro_100,APCL4.5,ALIMENT_COMPLET,Nkolbisson,Centre,2026-12-01,12,2026,0.13,8.5,18959.0,0.16,
S3_reappro_100,APCL4.55,ALIMENT_COMPLET,Ahala,Centre,2026-12-01,12,2026,0.0,0.2,6630.0,0.0,
S3_reappro_100,APCL4.55,ALIMENT_COMPLET,Messassi,Centre,2026-12-01,12,2026,0.01,2.4,6630.0,0.02,
S3_reappro_100,APCL6,ALIMENT_COMPLET,Ahala,Centre,2026-12-01,12,2026,0.82,54.9,17883.0,0.98,
S3_reappro_100,APCL6,ALIMENT_COMPLET,Bertoua,Centre,2026-12-01,12,2026,0.26,17.3,17883.0,0.31,
S3_reappro_100,APCL6,ALIMENT_COMPLET,Messassi,Centre,2026-12-01,12,2026,0.4,26.3,17883.0,0.47,
S3_reappro_100,APCL6,ALIMENT_COMPLET,Ngaoundere,Centre,2026-12-01,12,2026,0.08,5.1,17883.0,0.09,
S3_reappro_100,APCL6,ALIMENT_COMPLET,Nkoabang,Centre,2026-12-01,12,2026,0.15,10.0,17883.0,0.18,
S3_reappro_100,APCL6,ALIMENT_COMPLET,Nkolbisson,Centre,2026-12-01,12,2026,0.12,7.9,17883.0,0.14,
S3_reappro_100,APCL65,ALIMENT_COMPLET,Ahala,Centre,2026-12-01,12,2026,0.0,0.2,6314.0,0.0,
S3_reappro_100,APCL65,ALIMENT_COMPLET,Messassi,Centre,2026-12-01,12,2026,0.03,5.0,6314.0,0.03,
S3_reappro_100,APCL8,ALIMENT_COMPLET,Ahala,Centre,2026-12-01,12,2026,0.66,44.0,17945.0,0.79,
S3_reappro_100,APCL8,ALIMENT_COMPLET,Bertoua,Centre,2026-12-01,12,2026,0.16,10.8,17945.0,0.19,
S3_reappro_100,APCL8,ALIMENT_COMPLET,Messassi,Centre,2026-12-01,12,2026,0.5,33.0,17945.0,0.59,
S3_reappro_100,APCL8,ALIMENT_COMPLET,Ngaoundere,Centre,2026-12-01,12,2026,0.08,5.5,17945.0,0.1,
S3_reappro_100,APCL8,ALIMENT_COMPLET,Nkoabang,Centre,2026-12-01,12,2026,0.11,7.5,17945.0,0.14,
S3_reappro_100,APCL8,ALIMENT_COMPLET,Nkolbisson,Centre,2026-12-01,12,2026,0.21,13.9,17945.0,0.25,
S3_reappro_100,APCL85,ALIMENT_COMPLET,Ahala,Centre,2026-12-01,12,2026,0.0,0.2,6305.0,0.0,
S3_reappro_100,APCL85,ALIMENT_COMPLET,Messassi,Centre,2026-12-01,12,2026,0.03,5.1,6305.0,0.03,
S3_reappro_100,APTOR3,ALIMENT_COMPLET,Bertoua,Centre,2026-12-01,12,2026,0.03,1.9,15000.0,0.03,
S3_reappro_100,APTOR3,ALIMENT_COMPLET,Ngaoundere,Centre,2026-12-01,12,2026,0.0,0.0,15000.0,0.0,
S3_reappro_100,APTOR3,ALIMENT_COMPLET,Nkolbisson,Centre,2026-12-01,12,2026,0.0,0.2,15000.0,0.0,
S3_reappro_100,APTOR4.5,ALIMENT_COMPLET,Bertoua,Centre,2026-12-01,12,2026,0.01,1.0,15000.0,0.01,
S3_reappro_100,APTOR4.5,ALIMENT_COMPLET,Ngaoundere,Centre,2026-12-01,12,2026,0.0,0.2,15000.0,0.0,
S3_reappro_100,APTSA2,ALIMENT_COMPLET,Bertoua,Centre,2026-12-01,12,2026,0.04,2.4,15000.0,0.04,
S3_reappro_100,CB100,ALIMENT_COMPLET,Ahala,Centre,2026-12-01,12,2026,2.34,93.8,21307.0,2.0,
S3_reappro_100,CB100,ALIMENT_COMPLET,Bertoua,Centre,2026-12-01,12,2026,2.42,96.7,21307.0,2.06,
S3_reappro_100,CB100,ALIMENT_COMPLET,Messassi,Centre,2026-12-01,12,2026,9.46,378.5,21307.0,8.07,
S3_reappro_100,CB100,ALIMENT_COMPLET,Ngaoundere,Centre,2026-12-01,12,2026,2.67,106.7,21307.0,2.27,
S3_reappro_100,CB100,ALIMENT_COMPLET,Nkoabang,Centre,2026-12-01,12,2026,1.55,62.2,21307.0,1.33,
S3_reappro_100,CB100,ALIMENT_COMPLET,Nkolbisson,Centre,2026-12-01,12,2026,2.2,88.2,21307.0,1.88,
S3_reappro_100,CB101,ALIMENT_COMPLET,Bertoua,Centre,2026-12-01,12,2026,0.1,19.3,4501.0,0.09,
S3_reappro_100,CB101,ALIMENT_COMPLET,Messassi,Centre,2026-12-01,12,2026,0.03,6.0,4501.0,0.03,
S3_reappro_100,CB101,ALIMENT_COMPLET,Ngaoundere,Centre,2026-12-01,12,2026,0.28,56.2,4501.0,0.25,
S3_reappro_100,CB200,ALIMENT_COMPLET,Ahala,Centre,2026-12-01,12,2026,2.6,103.9,20185.0,2.1,
S3_reappro_100,CB200,ALIMENT_COMPLET,Bertoua,Centre,2026-12-01,12,2026,0.74,29.7,20185.0,0.6,
S3_reappro_100,CB200,ALIMENT_COMPLET,Messassi,Centre,2026-12-01,12,2026,8.62,344.6,20185.0,6.96,
S3_reappro_100,CB200,ALIMENT_COMPLET,Ngaoundere,Centre,2026-12-01,12,2026,0.17,6.8,20185.0,0.14,
S3_reappro_100,CB200,ALIMENT_COMPLET,Nkoabang,Centre,2026-12-01,12,2026,1.83,73.3,20185.0,1.48,
S3_reappro_100,CB200,ALIMENT_COMPLET,Nkolbisson,Centre,2026-12-01,12,2026,0.67,26.7,20185.0,0.54,
S3_reappro_100,CB201,ALIMENT_COMPLET,Bertoua,Centre,2026-12-01,12,2026,0.02,3.3,4195.0,0.01,
S3_reappro_100,CB201,ALIMENT_COMPLET,Messassi,Centre,2026-12-01,12,2026,0.06,11.7,4195.0,0.05,
S3_reappro_100,CB201,ALIMENT_COMPLET,Ngaoundere,Centre,2026-12-01,12,2026,0.01,2.6,4195.0,0.01,
S3_reappro_100,ALAP25,ALIMENT_COMPLET,Buea,Littoral,2026-10-01,10,2026,0.0,0.1,10617.0,0.0,
S3_reappro_100,ALAP25,ALIMENT_COMPLET,Ndobo,Littoral,2026-10-01,10,2026,0.3,11.9,10617.0,0.13,
S3_reappro_100,ALAP25,ALIMENT_COMPLET,Nkongsamba,Littoral,2026-10-01,10,2026,0.11,4.3,10617.0,0.05,
S3_reappro_100,ALAP25,ALIMENT_COMPLET,Pk11,Littoral,2026-10-01,10,2026,0.6,23.9,10617.0,0.25,
S3_reappro_100,ALAP25,ALIMENT_COMPLET,Village,Littoral,2026-10-01,10,2026,0.32,12.8,10617.0,0.14,
S3_reappro_100,APCL2,ALIMENT_COMPLET,Buea,Littoral,2026-10-01,10,2026,0.05,3.0,19987.0,0.06,
S3_reappro_100,APCL2,ALIMENT_COMPLET,Ndobo,Littoral,2026-10-01,10,2026,0.16,10.6,19987.0,0.21,
S3_reappro_100,APCL2,ALIMENT_COMPLET,Nkongsamba,Littoral,2026-10-01,10,2026,0.07,4.7,19987.0,0.09,
S3_reappro_100,APCL2,ALIMENT_COMPLET,Pk11,Littoral,2026-10-01,10,2026,0.02,1.5,19987.0,0.03,
S3_reappro_100,APCL2,ALIMENT_COMPLET,Village,Littoral,2026-10-01,10,2026,0.09,6.2,19987.0,0.12,
S3_reappro_100,APCL25,ALIMENT_COMPLET,Pk11,Littoral,2026-10-01,10,2026,0.0,0.1,6945.0,0.0,
S3_reappro_100,APCL3,ALIMENT_COMPLET,Buea,Littoral,2026-10-01,10,2026,0.03,2.1,19035.0,0.04,
S3_reappro_100,APCL3,ALIMENT_COMPLET,Ndobo,Littoral,2026-10-01,10,2026,0.26,17.1,19035.0,0.33,
S3_reappro_100,APCL3,ALIMENT_COMPLET,Nkongsamba,Littoral,2026-10-01,10,2026,0.07,4.5,19035.0,0.09,
S3_reappro_100,APCL3,ALIMENT_COMPLET,Pk11,Littoral,2026-10-01,10,2026,0.03,1.8,19035.0,0.03,
S3_reappro_100,APCL3,ALIMENT_COMPLET,Village,Littoral,2026-10-01,10,2026,0.09,6.2,19035.0,0.12,
S3_reappro_100,APCL4.5,ALIMENT_COMPLET,Buea,Littoral,2026-10-01,10,2026,0.05,3.3,18959.0,0.06,
S3_reappro_100,APCL4.5,ALIMENT_COMPLET,Ndobo,Littoral,2026-10-01,10,2026,0.28,18.7,18959.0,0.35,
S3_reappro_100,APCL4.5,ALIMENT_COMPLET,Nkongsamba,Littoral,2026-10-01,10,2026,0.09,6.1,18959.0,0.12,
S3_reappro_100,APCL4.5,ALIMENT_COMPLET,Pk11,Littoral,2026-10-01,10,2026,0.01,0.5,18959.0,0.01,
S3_reappro_100,APCL4.5,ALIMENT_COMPLET,Village,Littoral,2026-10-01,10,2026,0.16,10.5,18959.0,0.2,
S3_reappro_100,APCL4.55,ALIMENT_COMPLET,Pk11,Littoral,2026-10-01,10,2026,0.0,0.1,6630.0,0.0,
S3_reappro_100,APCL6,ALIMENT_COMPLET,Buea,Littoral,2026-10-01,10,2026,0.07,4.4,17883.0,0.08,
S3_reappro_100,APCL6,ALIMENT_COMPLET,Ndobo,Littoral,2026-10-01,10,2026,0.33,21.8,17883.0,0.39,
S3_reappro_100,APCL6,ALIMENT_COMPLET,Nkongsamba,Littoral,2026-10-01,10,2026,0.09,6.3,17883.0,0.11,
S3_reappro_100,APCL6,ALIMENT_COMPLET,Pk11,Littoral,2026-10-01,10,2026,0.02,1.5,17883.0,0.03,
S3_reappro_100,APCL6,ALIMENT_COMPLET,Village,Littoral,2026-10-01,10,2026,0.08,5.5,17883.0,0.1,
S3_reappro_100,APCL65,ALIMENT_COMPLET,Pk11,Littoral,2026-10-01,10,2026,0.0,0.1,6314.0,0.0,
S3_reappro_100,APCL8,ALIMENT_COMPLET,Buea,Littoral,2026-10-01,10,2026,0.07,4.5,17945.0,0.08,
S3_reappro_100,APCL8,ALIMENT_COMPLET,Ndobo,Littoral,2026-10-01,10,2026,0.23,15.5,17945.0,0.28,
S3_reappro_100,APCL8,ALIMENT_COMPLET,Nkongsamba,Littoral,2026-10-01,10,2026,0.05,3.3,17945.0,0.06,
S3_reappro_100,APCL8,ALIMENT_COMPLET,Pk11,Littoral,2026-10-01,10,2026,0.01,1.0,17945.0,0.02,
S3_reappro_100,APCL8,ALIMENT_COMPLET,Village,Littoral,2026-10-01,10,2026,0.1,6.6,17945.0,0.12,
S3_reappro_100,APTOR3,ALIMENT_COMPLET,Ndobo,Littoral,2026-10-01,10,2026,0.0,0.1,15000.0,0.0,
S3_reappro_100,APTOR3,ALIMENT_COMPLET,Nkongsamba,Littoral,2026-10-01,10,2026,0.0,0.1,15000.0,0.0,
S3_reappro_100,APTOR4.5,ALIMENT_COMPLET,Ndobo,Littoral,2026-10-01,10,2026,0.0,0.0,15000.0,0.0,
S3_reappro_100,APTOR4.5,ALIMENT_COMPLET,Nkongsamba,Littoral,2026-10-01,10,2026,0.0,0.0,15000.0,0.0,
S3_reappro_100,APTSA2,ALIMENT_COMPLET,Ndobo,Littoral,2026-10-01,10,2026,0.0,0.2,15000.0,0.0,
S3_reappro_100,CB100,ALIMENT_COMPLET,Buea,Littoral,2026-10-01,10,2026,4.94,197.8,21307.0,4.21,
S3_reappro_100,CB100,ALIMENT_COMPLET,Ndobo,Littoral,2026-10-01,10,2026,8.64,345.8,21307.0,7.37,
S3_reappro_100,CB100,ALIMENT_COMPLET,Nkongsamba,Littoral,2026-10-01,10,2026,3.69,147.6,21307.0,3.14,
S3_reappro_100,CB100,ALIMENT_COMPLET,Pk11,Littoral,2026-10-01,10,2026,3.02,120.8,21307.0,2.57,
S3_reappro_100,CB100,ALIMENT_COMPLET,Village,Littoral,2026-10-01,10,2026,7.75,310.1,21307.0,6.61,
S3_reappro_100,CB101,ALIMENT_COMPLET,Ndobo,Littoral,2026-10-01,10,2026,0.06,11.9,4501.0,0.05,
S3_reappro_100,CB101,ALIMENT_COMPLET,Nkongsamba,Littoral,2026-10-01,10,2026,0.14,29.0,4501.0,0.13,
S3_reappro_100,CB101,ALIMENT_COMPLET,Pk11,Littoral,2026-10-01,10,2026,0.04,8.4,4501.0,0.04,
S3_reappro_100,CB101,ALIMENT_COMPLET,Village,Littoral,2026-10-01,10,2026,0.13,25.0,4501.0,0.11,
S3_reappro_100,CB200,ALIMENT_COMPLET,Buea,Littoral,2026-10-01,10,2026,1.45,57.9,20185.0,1.17,
S3_reappro_100,CB200,ALIMENT_COMPLET,Ndobo,Littoral,2026-10-01,10,2026,5.01,200.2,20185.0,4.04,
S3_reappro_100,CB200,ALIMENT_COMPLET,Nkongsamba,Littoral,2026-10-01,10,2026,1.24,49.5,20185.0,1.0,
S3_reappro_100,CB200,ALIMENT_COMPLET,Pk11,Littoral,2026-10-01,10,2026,1.14,45.5,20185.0,0.92,
S3_reappro_100,CB200,ALIMENT_COMPLET,Village,Littoral,2026-10-01,10,2026,5.64,225.8,20185.0,4.56,
S3_reappro_100,CB201,ALIMENT_COMPLET,Ndobo,Littoral,2026-10-01,10,2026,0.07,13.8,4195.0,0.06,
S3_reappro_100,CB201,ALIMENT_COMPLET,Nkongsamba,Littoral,2026-10-01,10,2026,0.12,23.2,4195.0,0.1,
S3_reappro_100,CB201,ALIMENT_COMPLET,Pk11,Littoral,2026-10-01,10,2026,0.03,5.1,4195.0,0.02,
S3_reappro_100,CB201,ALIMENT_COMPLET,Village,Littoral,2026-10-01,10,2026,0.2,39.3,4195.0,0.16,
S3_reappro_100,ALAP25,ALIMENT_COMPLET,Buea,Littoral,2026-11-01,11,2026,0.0,0.1,10617.0,0.0,
S3_reappro_100,ALAP25,ALIMENT_COMPLET,Ndobo,Littoral,2026-11-01,11,2026,0.25,10.1,10617.0,0.11,
S3_reappro_100,ALAP25,ALIMENT_COMPLET,Nkongsamba,Littoral,2026-11-01,11,2026,0.09,3.6,10617.0,0.04,
S3_reappro_100,ALAP25,ALIMENT_COMPLET,Pk11,Littoral,2026-11-01,11,2026,0.5,20.2,10617.0,0.21,
S3_reappro_100,ALAP25,ALIMENT_COMPLET,Village,Littoral,2026-11-01,11,2026,0.27,10.8,10617.0,0.11,
S3_reappro_100,APCL2,ALIMENT_COMPLET,Buea,Littoral,2026-11-01,11,2026,0.04,2.6,19987.0,0.05,
S3_reappro_100,APCL2,ALIMENT_COMPLET,Ndobo,Littoral,2026-11-01,11,2026,0.13,9.0,19987.0,0.18,
S3_reappro_100,APCL2,ALIMENT_COMPLET,Nkongsamba,Littoral,2026-11-01,11,2026,0.06,3.9,19987.0,0.08,
S3_reappro_100,APCL2,ALIMENT_COMPLET,Pk11,Littoral,2026-11-01,11,2026,0.02,1.3,19987.0,0.03,
S3_reappro_100,APCL2,ALIMENT_COMPLET,Village,Littoral,2026-11-01,11,2026,0.08,5.3,19987.0,0.11,
S3_reappro_100,APCL25,ALIMENT_COMPLET,Pk11,Littoral,2026-11-01,11,2026,0.0,0.1,6945.0,0.0,
S3_reappro_100,APCL3,ALIMENT_COMPLET,Buea,Littoral,2026-11-01,11,2026,0.03,1.7,19035.0,0.03,
S3_reappro_100,APCL3,ALIMENT_COMPLET,Ndobo,Littoral,2026-11-01,11,2026,0.22,14.4,19035.0,0.27,
S3_reappro_100,APCL3,ALIMENT_COMPLET,Nkongsamba,Littoral,2026-11-01,11,2026,0.06,3.8,19035.0,0.07,
S3_reappro_100,APCL3,ALIMENT_COMPLET,Pk11,Littoral,2026-11-01,11,2026,0.02,1.5,19035.0,0.03,
S3_reappro_100,APCL3,ALIMENT_COMPLET,Village,Littoral,2026-11-01,11,2026,0.08,5.2,19035.0,0.1,
S3_reappro_100,APCL4.5,ALIMENT_COMPLET,Buea,Littoral,2026-11-01,11,2026,0.04,2.8,18959.0,0.05,
S3_reappro_100,APCL4.5,ALIMENT_COMPLET,Ndobo,Littoral,2026-11-01,11,2026,0.24,15.8,18959.0,0.3,
S3_reappro_100,APCL4.5,ALIMENT_COMPLET,Nkongsamba,Littoral,2026-11-01,11,2026,0.08,5.1,18959.0,0.1,
S3_reappro_100,APCL4.5,ALIMENT_COMPLET,Pk11,Littoral,2026-11-01,11,2026,0.01,0.5,18959.0,0.01,
S3_reappro_100,APCL4.5,ALIMENT_COMPLET,Village,Littoral,2026-11-01,11,2026,0.13,8.9,18959.0,0.17,
S3_reappro_100,APCL4.55,ALIMENT_COMPLET,Pk11,Littoral,2026-11-01,11,2026,0.0,0.1,6630.0,0.0,
S3_reappro_100,APCL6,ALIMENT_COMPLET,Buea,Littoral,2026-11-01,11,2026,0.06,3.7,17883.0,0.07,
S3_reappro_100,APCL6,ALIMENT_COMPLET,Ndobo,Littoral,2026-11-01,11,2026,0.28,18.4,17883.0,0.33,
S3_reappro_100,APCL6,ALIMENT_COMPLET,Nkongsamba,Littoral,2026-11-01,11,2026,0.08,5.3,17883.0,0.09,
S3_reappro_100,APCL6,ALIMENT_COMPLET,Pk11,Littoral,2026-11-01,11,2026,0.02,1.3,17883.0,0.02,
S3_reappro_100,APCL6,ALIMENT_COMPLET,Village,Littoral,2026-11-01,11,2026,0.07,4.6,17883.0,0.08,
S3_reappro_100,APCL65,ALIMENT_COMPLET,Pk11,Littoral,2026-11-01,11,2026,0.0,0.1,6314.0,0.0,
S3_reappro_100,APCL8,ALIMENT_COMPLET,Buea,Littoral,2026-11-01,11,2026,0.06,3.8,17945.0,0.07,
S3_reappro_100,APCL8,ALIMENT_COMPLET,Ndobo,Littoral,2026-11-01,11,2026,0.2,13.1,17945.0,0.24,
S3_reappro_100,APCL8,ALIMENT_COMPLET,Nkongsamba,Littoral,2026-11-01,11,2026,0.04,2.8,17945.0,0.05,
S3_reappro_100,APCL8,ALIMENT_COMPLET,Pk11,Littoral,2026-11-01,11,2026,0.01,0.8,17945.0,0.01,
S3_reappro_100,APCL8,ALIMENT_COMPLET,Village,Littoral,2026-11-01,11,2026,0.08,5.6,17945.0,0.1,
S3_reappro_100,APTOR3,ALIMENT_COMPLET,Ndobo,Littoral,2026-11-01,11,2026,0.0,0.1,15000.0,0.0,
S3_reappro_100,APTOR3,ALIMENT_COMPLET,Nkongsamba,Littoral,2026-11-01,11,2026,0.0,0.1,15000.0,0.0,
S3_reappro_100,APTOR4.5,ALIMENT_COMPLET,Ndobo,Littoral,2026-11-01,11,2026,0.0,0.0,15000.0,0.0,
S3_reappro_100,APTOR4.5,ALIMENT_COMPLET,Nkongsamba,Littoral,2026-11-01,11,2026,0.0,0.0,15000.0,0.0,
S3_reappro_100,APTSA2,ALIMENT_COMPLET,Ndobo,Littoral,2026-11-01,11,2026,0.0,0.2,15000.0,0.0,
S3_reappro_100,CB100,ALIMENT_COMPLET,Buea,Littoral,2026-11-01,11,2026,4.17,166.9,21307.0,3.56,
S3_reappro_100,CB100,ALIMENT_COMPLET,Ndobo,Littoral,2026-11-01,11,2026,7.3,291.8,21307.0,6.22,
S3_reappro_100,CB100,ALIMENT_COMPLET,Nkongsamba,Littoral,2026-11-01,11,2026,3.11,124.5,21307.0,2.65,
S3_reappro_100,CB100,ALIMENT_COMPLET,Pk11,Littoral,2026-11-01,11,2026,2.55,101.9,21307.0,2.17,
S3_reappro_100,CB100,ALIMENT_COMPLET,Village,Littoral,2026-11-01,11,2026,6.54,261.7,21307.0,5.58,
S3_reappro_100,CB101,ALIMENT_COMPLET,Ndobo,Littoral,2026-11-01,11,2026,0.05,10.1,4501.0,0.05,
S3_reappro_100,CB101,ALIMENT_COMPLET,Nkongsamba,Littoral,2026-11-01,11,2026,0.12,24.5,4501.0,0.11,
S3_reappro_100,CB101,ALIMENT_COMPLET,Pk11,Littoral,2026-11-01,11,2026,0.04,7.1,4501.0,0.03,
S3_reappro_100,CB101,ALIMENT_COMPLET,Village,Littoral,2026-11-01,11,2026,0.11,21.1,4501.0,0.1,
S3_reappro_100,CB200,ALIMENT_COMPLET,Buea,Littoral,2026-11-01,11,2026,1.22,48.9,20185.0,0.99,
S3_reappro_100,CB200,ALIMENT_COMPLET,Ndobo,Littoral,2026-11-01,11,2026,4.22,169.0,20185.0,3.41,
S3_reappro_100,CB200,ALIMENT_COMPLET,Nkongsamba,Littoral,2026-11-01,11,2026,1.05,41.8,20185.0,0.84,
S3_reappro_100,CB200,ALIMENT_COMPLET,Pk11,Littoral,2026-11-01,11,2026,0.96,38.4,20185.0,0.77,
S3_reappro_100,CB200,ALIMENT_COMPLET,Village,Littoral,2026-11-01,11,2026,4.76,190.5,20185.0,3.85,
S3_reappro_100,CB201,ALIMENT_COMPLET,Ndobo,Littoral,2026-11-01,11,2026,0.06,11.6,4195.0,0.05,
S3_reappro_100,CB201,ALIMENT_COMPLET,Nkongsamba,Littoral,2026-11-01,11,2026,0.1,19.6,4195.0,0.08,
S3_reappro_100,CB201,ALIMENT_COMPLET,Pk11,Littoral,2026-11-01,11,2026,0.02,4.3,4195.0,0.02,
S3_reappro_100,CB201,ALIMENT_COMPLET,Village,Littoral,2026-11-01,11,2026,0.17,33.2,4195.0,0.14,
S3_reappro_100,ALAP25,ALIMENT_COMPLET,Buea,Littoral,2026-12-01,12,2026,0.0,0.0,10617.0,0.0,
S3_reappro_100,ALAP25,ALIMENT_COMPLET,Ndobo,Littoral,2026-12-01,12,2026,0.11,4.3,10617.0,0.05,
S3_reappro_100,ALAP25,ALIMENT_COMPLET,Nkongsamba,Littoral,2026-12-01,12,2026,0.04,1.5,10617.0,0.02,
S3_reappro_100,ALAP25,ALIMENT_COMPLET,Pk11,Littoral,2026-12-01,12,2026,0.21,8.5,10617.0,0.09,
S3_reappro_100,ALAP25,ALIMENT_COMPLET,Village,Littoral,2026-12-01,12,2026,0.11,4.6,10617.0,0.05,
S3_reappro_100,APCL2,ALIMENT_COMPLET,Buea,Littoral,2026-12-01,12,2026,0.02,1.1,19987.0,0.02,
S3_reappro_100,APCL2,ALIMENT_COMPLET,Ndobo,Littoral,2026-12-01,12,2026,0.06,3.8,19987.0,0.08,
S3_reappro_100,APCL2,ALIMENT_COMPLET,Nkongsamba,Littoral,2026-12-01,12,2026,0.03,1.7,19987.0,0.03,
S3_reappro_100,APCL2,ALIMENT_COMPLET,Pk11,Littoral,2026-12-01,12,2026,0.01,0.5,19987.0,0.01,
S3_reappro_100,APCL2,ALIMENT_COMPLET,Village,Littoral,2026-12-01,12,2026,0.03,2.2,19987.0,0.04,
S3_reappro_100,APCL25,ALIMENT_COMPLET,Pk11,Littoral,2026-12-01,12,2026,0.0,0.0,6945.0,0.0,
S3_reappro_100,APCL3,ALIMENT_COMPLET,Buea,Littoral,2026-12-01,12,2026,0.01,0.7,19035.0,0.01,
S3_reappro_100,APCL3,ALIMENT_COMPLET,Ndobo,Littoral,2026-12-01,12,2026,0.09,6.1,19035.0,0.12,
S3_reappro_100,APCL3,ALIMENT_COMPLET,Nkongsamba,Littoral,2026-12-01,12,2026,0.02,1.6,19035.0,0.03,
S3_reappro_100,APCL3,ALIMENT_COMPLET,Pk11,Littoral,2026-12-01,12,2026,0.01,0.6,19035.0,0.01,
S3_reappro_100,APCL3,ALIMENT_COMPLET,Village,Littoral,2026-12-01,12,2026,0.03,2.2,19035.0,0.04,
S3_reappro_100,APCL4.5,ALIMENT_COMPLET,Buea,Littoral,2026-12-01,12,2026,0.02,1.2,18959.0,0.02,
S3_reappro_100,APCL4.5,ALIMENT_COMPLET,Ndobo,Littoral,2026-12-01,12,2026,0.1,6.7,18959.0,0.13,
S3_reappro_100,APCL4.5,ALIMENT_COMPLET,Nkongsamba,Littoral,2026-12-01,12,2026,0.03,2.2,18959.0,0.04,
S3_reappro_100,APCL4.5,ALIMENT_COMPLET,Pk11,Littoral,2026-12-01,12,2026,0.0,0.2,18959.0,0.0,
S3_reappro_100,APCL4.5,ALIMENT_COMPLET,Village,Littoral,2026-12-01,12,2026,0.06,3.8,18959.0,0.07,
S3_reappro_100,APCL4.55,ALIMENT_COMPLET,Pk11,Littoral,2026-12-01,12,2026,0.0,0.0,6630.0,0.0,
S3_reappro_100,APCL6,ALIMENT_COMPLET,Buea,Littoral,2026-12-01,12,2026,0.02,1.6,17883.0,0.03,
S3_reappro_100,APCL6,ALIMENT_COMPLET,Ndobo,Littoral,2026-12-01,12,2026,0.12,7.8,17883.0,0.14,
S3_reappro_100,APCL6,ALIMENT_COMPLET,Nkongsamba,Littoral,2026-12-01,12,2026,0.03,2.2,17883.0,0.04,
S3_reappro_100,APCL6,ALIMENT_COMPLET,Pk11,Littoral,2026-12-01,12,2026,0.01,0.5,17883.0,0.01,
S3_reappro_100,APCL6,ALIMENT_COMPLET,Village,Littoral,2026-12-01,12,2026,0.03,2.0,17883.0,0.04,
S3_reappro_100,APCL65,ALIMENT_COMPLET,Pk11,Littoral,2026-12-01,12,2026,0.0,0.0,6314.0,0.0,
S3_reappro_100,APCL8,ALIMENT_COMPLET,Buea,Littoral,2026-12-01,12,2026,0.02,1.6,17945.0,0.03,
S3_reappro_100,APCL8,ALIMENT_COMPLET,Ndobo,Littoral,2026-12-01,12,2026,0.08,5.5,17945.0,0.1,
S3_reappro_100,APCL8,ALIMENT_COMPLET,Nkongsamba,Littoral,2026-12-01,12,2026,0.02,1.2,17945.0,0.02,
S3_reappro_100,APCL8,ALIMENT_COMPLET,Pk11,Littoral,2026-12-01,12,2026,0.01,0.4,17945.0,0.01,
S3_reappro_100,APCL8,ALIMENT_COMPLET,Village,Littoral,2026-12-01,12,2026,0.04,2.4,17945.0,0.04,
S3_reappro_100,APTOR3,ALIMENT_COMPLET,Ndobo,Littoral,2026-12-01,12,2026,0.0,0.0,15000.0,0.0,
S3_reappro_100,APTOR3,ALIMENT_COMPLET,Nkongsamba,Littoral,2026-12-01,12,2026,0.0,0.0,15000.0,0.0,
S3_reappro_100,APTOR4.5,ALIMENT_COMPLET,Ndobo,Littoral,2026-12-01,12,2026,0.0,0.0,15000.0,0.0,
S3_reappro_100,APTOR4.5,ALIMENT_COMPLET,Nkongsamba,Littoral,2026-12-01,12,2026,0.0,0.0,15000.0,0.0,
S3_reappro_100,APTSA2,ALIMENT_COMPLET,Ndobo,Littoral,2026-12-01,12,2026,0.0,0.1,15000.0,0.0,
S3_reappro_100,CB100,ALIMENT_COMPLET,Buea,Littoral,2026-12-01,12,2026,1.77,70.6,21307.0,1.5,
S3_reappro_100,CB100,ALIMENT_COMPLET,Ndobo,Littoral,2026-12-01,12,2026,3.09,123.5,21307.0,2.63,
S3_reappro_100,CB100,ALIMENT_COMPLET,Nkongsamba,Littoral,2026-12-01,12,2026,1.32,52.7,21307.0,1.12,
S3_reappro_100,CB100,ALIMENT_COMPLET,Pk11,Littoral,2026-12-01,12,2026,1.08,43.1,21307.0,0.92,
S3_reappro_100,CB100,ALIMENT_COMPLET,Village,Littoral,2026-12-01,12,2026,2.77,110.7,21307.0,2.36,
S3_reappro_100,CB101,ALIMENT_COMPLET,Ndobo,Littoral,2026-12-01,12,2026,0.02,4.3,4501.0,0.02,
S3_reappro_100,CB101,ALIMENT_COMPLET,Nkongsamba,Littoral,2026-12-01,12,2026,0.05,10.4,4501.0,0.05,
S3_reappro_100,CB101,ALIMENT_COMPLET,Pk11,Littoral,2026-12-01,12,2026,0.02,3.0,4501.0,0.01,
S3_reappro_100,CB101,ALIMENT_COMPLET,Village,Littoral,2026-12-01,12,2026,0.04,8.9,4501.0,0.04,
S3_reappro_100,CB200,ALIMENT_COMPLET,Buea,Littoral,2026-12-01,12,2026,0.52,20.7,20185.0,0.42,
S3_reappro_100,CB200,ALIMENT_COMPLET,Ndobo,Littoral,2026-12-01,12,2026,1.79,71.5,20185.0,1.44,
S3_reappro_100,CB200,ALIMENT_COMPLET,Nkongsamba,Littoral,2026-12-01,12,2026,0.44,17.7,20185.0,0.36,
S3_reappro_100,CB200,ALIMENT_COMPLET,Pk11,Littoral,2026-12-01,12,2026,0.41,16.2,20185.0,0.33,
S3_reappro_100,CB200,ALIMENT_COMPLET,Village,Littoral,2026-12-01,12,2026,2.02,80.6,20185.0,1.63,
S3_reappro_100,CB201,ALIMENT_COMPLET,Ndobo,Littoral,2026-12-01,12,2026,0.02,4.9,4195.0,0.02,
S3_reappro_100,CB201,ALIMENT_COMPLET,Nkongsamba,Littoral,2026-12-01,12,2026,0.04,8.3,4195.0,0.03,
S3_reappro_100,CB201,ALIMENT_COMPLET,Pk11,Littoral,2026-12-01,12,2026,0.01,1.8,4195.0,0.01,
S3_reappro_100,CB201,ALIMENT_COMPLET,Village,Littoral,2026-12-01,12,2026,0.07,14.0,4195.0,0.06,
S3_reappro_100,ALAP25,ALIMENT_COMPLET,Djeleng,Ouest,2026-10-01,10,2026,0.04,1.5,10617.0,0.02,
S3_reappro_100,ALAP25,ALIMENT_COMPLET,Famla,Ouest,2026-10-01,10,2026,1.85,74.1,10617.0,0.79,
S3_reappro_100,ALAP25,ALIMENT_COMPLET,Mbouda,Ouest,2026-10-01,10,2026,0.03,1.2,10617.0,0.01,
S3_reappro_100,APCL2,ALIMENT_COMPLET,Djeleng,Ouest,2026-10-01,10,2026,0.04,2.5,19987.0,0.05,
S3_reappro_100,APCL2,ALIMENT_COMPLET,Famla,Ouest,2026-10-01,10,2026,0.17,11.4,19987.0,0.23,
S3_reappro_100,APCL2,ALIMENT_COMPLET,Mbouda,Ouest,2026-10-01,10,2026,0.02,1.2,19987.0,0.02,
S3_reappro_100,APCL25,ALIMENT_COMPLET,Famla,Ouest,2026-10-01,10,2026,0.0,0.1,6945.0,0.0,
S3_reappro_100,APCL25,ALIMENT_COMPLET,Mbouda,Ouest,2026-10-01,10,2026,0.0,0.0,6945.0,0.0,
S3_reappro_100,APCL3,ALIMENT_COMPLET,Djeleng,Ouest,2026-10-01,10,2026,0.03,1.7,19035.0,0.03,
S3_reappro_100,APCL3,ALIMENT_COMPLET,Famla,Ouest,2026-10-01,10,2026,0.24,15.7,19035.0,0.3,
S3_reappro_100,APCL3,ALIMENT_COMPLET,Mbouda,Ouest,2026-10-01,10,2026,0.02,1.4,19035.0,0.03,
S3_reappro_100,APCL30,ALIMENT_COMPLET,Famla,Ouest,2026-10-01,10,2026,0.15,145.9,1500.0,0.22,
S3_reappro_100,APCL35,ALIMENT_COMPLET,Famla,Ouest,2026-10-01,10,2026,0.0,0.8,6598.0,0.01,
S3_reappro_100,APCL35,ALIMENT_COMPLET,Mbouda,Ouest,2026-10-01,10,2026,0.0,0.8,6598.0,0.0,
S3_reappro_100,APCL4.5,ALIMENT_COMPLET,Djeleng,Ouest,2026-10-01,10,2026,0.02,1.6,18959.0,0.03,
S3_reappro_100,APCL4.5,ALIMENT_COMPLET,Famla,Ouest,2026-10-01,10,2026,0.24,16.0,18959.0,0.3,
S3_reappro_100,APCL4.5,ALIMENT_COMPLET,Mbouda,Ouest,2026-10-01,10,2026,0.03,2.1,18959.0,0.04,
S3_reappro_100,APCL4.55,ALIMENT_COMPLET,Mbouda,Ouest,2026-10-01,10,2026,0.0,1.0,6630.0,0.01,
S3_reappro_100,APCL450,ALIMENT_COMPLET,Famla,Ouest,2026-10-01,10,2026,0.15,145.9,1500.0,0.22,
S3_reappro_100,APCL6,ALIMENT_COMPLET,Djeleng,Ouest,2026-10-01,10,2026,0.03,1.7,17883.0,0.03,
S3_reappro_100,APCL6,ALIMENT_COMPLET,Famla,Ouest,2026-10-01,10,2026,0.2,13.3,17883.0,0.24,
S3_reappro_100,APCL6,ALIMENT_COMPLET,Mbouda,Ouest,2026-10-01,10,2026,0.03,2.3,17883.0,0.04,
S3_reappro_100,APCL8,ALIMENT_COMPLET,Djeleng,Ouest,2026-10-01,10,2026,0.05,3.1,17945.0,0.05,
S3_reappro_100,APCL8,ALIMENT_COMPLET,Famla,Ouest,2026-10-01,10,2026,0.21,14.1,17945.0,0.25,
S3_reappro_100,APCL8,ALIMENT_COMPLET,Mbouda,Ouest,2026-10-01,10,2026,0.03,1.7,17945.0,0.03,
S3_reappro_100,APCL80,ALIMENT_COMPLET,Famla,Ouest,2026-10-01,10,2026,0.15,145.9,1500.0,0.22,
S3_reappro_100,APTOR3,ALIMENT_COMPLET,Famla,Ouest,2026-10-01,10,2026,0.0,0.2,15000.0,0.0,
S3_reappro_100,APTOR3,ALIMENT_COMPLET,Mbouda,Ouest,2026-10-01,10,2026,0.0,0.1,15000.0,0.0,
S3_reappro_100,APTOR31,ALIMENT_COMPLET,Mbouda,Ouest,2026-10-01,10,2026,0.0,0.1,1500.0,0.0,
S3_reappro_100,APTOR35,ALIMENT_COMPLET,Famla,Ouest,2026-10-01,10,2026,0.0,0.2,800.0,0.0,
S3_reappro_100,APTOR35,ALIMENT_COMPLET,Mbouda,Ouest,2026-10-01,10,2026,0.0,0.2,800.0,0.0,
S3_reappro_100,APTOR4.5,ALIMENT_COMPLET,Famla,Ouest,2026-10-01,10,2026,0.01,0.4,15000.0,0.01,
S3_reappro_100,APTOR4.5,ALIMENT_COMPLET,Mbouda,Ouest,2026-10-01,10,2026,0.0,0.3,15000.0,0.0,
S3_reappro_100,APTOR4.55,ALIMENT_COMPLET,Famla,Ouest,2026-10-01,10,2026,0.0,0.0,800.0,0.0,
S3_reappro_100,APTOR4.55,ALIMENT_COMPLET,Mbouda,Ouest,2026-10-01,10,2026,0.0,0.5,800.0,0.0,
S3_reappro_100,APTSA2,ALIMENT_COMPLET,Famla,Ouest,2026-10-01,10,2026,0.0,0.1,15000.0,0.0,
S3_reappro_100,APTSA2,ALIMENT_COMPLET,Mbouda,Ouest,2026-10-01,10,2026,0.0,0.1,15000.0,0.0,
S3_reappro_100,APTSA21,ALIMENT_COMPLET,Mbouda,Ouest,2026-10-01,10,2026,0.0,0.2,1500.0,0.0,
S3_reappro_100,APTSA25,ALIMENT_COMPLET,Mbouda,Ouest,2026-10-01,10,2026,0.0,0.4,800.0,0.0,
S3_reappro_100,CB100,ALIMENT_COMPLET,Djeleng,Ouest,2026-10-01,10,2026,1.18,47.2,21307.0,1.01,
S3_reappro_100,CB100,ALIMENT_COMPLET,Famla,Ouest,2026-10-01,10,2026,5.08,203.4,21307.0,4.33,
S3_reappro_100,CB100,ALIMENT_COMPLET,Mbouda,Ouest,2026-10-01,10,2026,1.13,45.4,21307.0,0.97,
S3_reappro_100,CB101,ALIMENT_COMPLET,Djeleng,Ouest,2026-10-01,10,2026,0.01,1.6,4501.0,0.01,
S3_reappro_100,CB101,ALIMENT_COMPLET,Famla,Ouest,2026-10-01,10,2026,0.02,4.2,4501.0,0.02,
S3_reappro_100,CB101,ALIMENT_COMPLET,Mbouda,Ouest,2026-10-01,10,2026,0.2,40.3,4501.0,0.18,
S3_reappro_100,CB200,ALIMENT_COMPLET,Djeleng,Ouest,2026-10-01,10,2026,1.1,44.0,20185.0,0.89,
S3_reappro_100,CB200,ALIMENT_COMPLET,Famla,Ouest,2026-10-01,10,2026,2.26,90.5,20185.0,1.83,
S3_reappro_100,CB200,ALIMENT_COMPLET,Mbouda,Ouest,2026-10-01,10,2026,2.1,84.2,20185.0,1.7,
S3_reappro_100,CB201,ALIMENT_COMPLET,Djeleng,Ouest,2026-10-01,10,2026,0.02,4.8,4195.0,0.02,
S3_reappro_100,CB201,ALIMENT_COMPLET,Famla,Ouest,2026-10-01,10,2026,0.07,13.6,4195.0,0.06,
S3_reappro_100,CB201,ALIMENT_COMPLET,Mbouda,Ouest,2026-10-01,10,2026,0.34,67.9,4195.0,0.28,
S3_reappro_100,ALAP25,ALIMENT_COMPLET,Djeleng,Ouest,2026-11-01,11,2026,0.02,1.0,10617.0,0.01,
S3_reappro_100,ALAP25,ALIMENT_COMPLET,Famla,Ouest,2026-11-01,11,2026,1.22,48.8,10617.0,0.52,
S3_reappro_100,ALAP25,ALIMENT_COMPLET,Mbouda,Ouest,2026-11-01,11,2026,0.02,0.8,10617.0,0.01,
S3_reappro_100,APCL2,ALIMENT_COMPLET,Djeleng,Ouest,2026-11-01,11,2026,0.02,1.6,19987.0,0.03,
S3_reappro_100,APCL2,ALIMENT_COMPLET,Famla,Ouest,2026-11-01,11,2026,0.11,7.5,19987.0,0.15,
S3_reappro_100,APCL2,ALIMENT_COMPLET,Mbouda,Ouest,2026-11-01,11,2026,0.01,0.8,19987.0,0.02,
S3_reappro_100,APCL25,ALIMENT_COMPLET,Famla,Ouest,2026-11-01,11,2026,0.0,0.0,6945.0,0.0,
S3_reappro_100,APCL25,ALIMENT_COMPLET,Mbouda,Ouest,2026-11-01,11,2026,0.0,0.0,6945.0,0.0,
S3_reappro_100,APCL3,ALIMENT_COMPLET,Djeleng,Ouest,2026-11-01,11,2026,0.02,1.1,19035.0,0.02,
S3_reappro_100,APCL3,ALIMENT_COMPLET,Famla,Ouest,2026-11-01,11,2026,0.16,10.4,19035.0,0.2,
S3_reappro_100,APCL3,ALIMENT_COMPLET,Mbouda,Ouest,2026-11-01,11,2026,0.01,0.9,19035.0,0.02,
S3_reappro_100,APCL30,ALIMENT_COMPLET,Famla,Ouest,2026-11-01,11,2026,0.1,96.1,1500.0,0.14,
S3_reappro_100,APCL35,ALIMENT_COMPLET,Famla,Ouest,2026-11-01,11,2026,0.0,0.5,6598.0,0.0,
S3_reappro_100,APCL35,ALIMENT_COMPLET,Mbouda,Ouest,2026-11-01,11,2026,0.0,0.5,6598.0,0.0,
S3_reappro_100,APCL4.5,ALIMENT_COMPLET,Djeleng,Ouest,2026-11-01,11,2026,0.02,1.1,18959.0,0.02,
S3_reappro_100,APCL4.5,ALIMENT_COMPLET,Famla,Ouest,2026-11-01,11,2026,0.16,10.5,18959.0,0.2,
S3_reappro_100,APCL4.5,ALIMENT_COMPLET,Mbouda,Ouest,2026-11-01,11,2026,0.02,1.4,18959.0,0.03,
S3_reappro_100,APCL4.55,ALIMENT_COMPLET,Mbouda,Ouest,2026-11-01,11,2026,0.0,0.6,6630.0,0.0,
S3_reappro_100,APCL450,ALIMENT_COMPLET,Famla,Ouest,2026-11-01,11,2026,0.1,96.1,1500.0,0.14,
S3_reappro_100,APCL6,ALIMENT_COMPLET,Djeleng,Ouest,2026-11-01,11,2026,0.02,1.1,17883.0,0.02,
S3_reappro_100,APCL6,ALIMENT_COMPLET,Famla,Ouest,2026-11-01,11,2026,0.13,8.8,17883.0,0.16,
S3_reappro_100,APCL6,ALIMENT_COMPLET,Mbouda,Ouest,2026-11-01,11,2026,0.02,1.5,17883.0,0.03,
S3_reappro_100,APCL8,ALIMENT_COMPLET,Djeleng,Ouest,2026-11-01,11,2026,0.03,2.0,17945.0,0.04,
S3_reappro_100,APCL8,ALIMENT_COMPLET,Famla,Ouest,2026-11-01,11,2026,0.14,9.3,17945.0,0.17,
S3_reappro_100,APCL8,ALIMENT_COMPLET,Mbouda,Ouest,2026-11-01,11,2026,0.02,1.1,17945.0,0.02,
S3_reappro_100,APCL80,ALIMENT_COMPLET,Famla,Ouest,2026-11-01,11,2026,0.1,96.1,1500.0,0.14,
S3_reappro_100,APTOR3,ALIMENT_COMPLET,Famla,Ouest,2026-11-01,11,2026,0.0,0.2,15000.0,0.0,
S3_reappro_100,APTOR3,ALIMENT_COMPLET,Mbouda,Ouest,2026-11-01,11,2026,0.0,0.1,15000.0,0.0,
S3_reappro_100,APTOR31,ALIMENT_COMPLET,Mbouda,Ouest,2026-11-01,11,2026,0.0,0.1,1500.0,0.0,
S3_reappro_100,APTOR35,ALIMENT_COMPLET,Famla,Ouest,2026-11-01,11,2026,0.0,0.1,800.0,0.0,
S3_reappro_100,APTOR35,ALIMENT_COMPLET,Mbouda,Ouest,2026-11-01,11,2026,0.0,0.1,800.0,0.0,
S3_reappro_100,APTOR4.5,ALIMENT_COMPLET,Famla,Ouest,2026-11-01,11,2026,0.0,0.3,15000.0,0.0,
S3_reappro_100,APTOR4.5,ALIMENT_COMPLET,Mbouda,Ouest,2026-11-01,11,2026,0.0,0.2,15000.0,0.0,
S3_reappro_100,APTOR4.55,ALIMENT_COMPLET,Famla,Ouest,2026-11-01,11,2026,0.0,0.0,800.0,0.0,
S3_reappro_100,APTOR4.55,ALIMENT_COMPLET,Mbouda,Ouest,2026-11-01,11,2026,0.0,0.3,800.0,0.0,
S3_reappro_100,APTSA2,ALIMENT_COMPLET,Famla,Ouest,2026-11-01,11,2026,0.0,0.1,15000.0,0.0,
S3_reappro_100,APTSA2,ALIMENT_COMPLET,Mbouda,Ouest,2026-11-01,11,2026,0.0,0.1,15000.0,0.0,
S3_reappro_100,APTSA21,ALIMENT_COMPLET,Mbouda,Ouest,2026-11-01,11,2026,0.0,0.1,1500.0,0.0,
S3_reappro_100,APTSA25,ALIMENT_COMPLET,Mbouda,Ouest,2026-11-01,11,2026,0.0,0.3,800.0,0.0,
S3_reappro_100,CB100,ALIMENT_COMPLET,Djeleng,Ouest,2026-11-01,11,2026,0.78,31.1,21307.0,0.66,
S3_reappro_100,CB100,ALIMENT_COMPLET,Famla,Ouest,2026-11-01,11,2026,3.35,134.0,21307.0,2.85,
S3_reappro_100,CB100,ALIMENT_COMPLET,Mbouda,Ouest,2026-11-01,11,2026,0.75,29.9,21307.0,0.64,
S3_reappro_100,CB101,ALIMENT_COMPLET,Djeleng,Ouest,2026-11-01,11,2026,0.01,1.0,4501.0,0.0,
S3_reappro_100,CB101,ALIMENT_COMPLET,Famla,Ouest,2026-11-01,11,2026,0.01,2.8,4501.0,0.01,
S3_reappro_100,CB101,ALIMENT_COMPLET,Mbouda,Ouest,2026-11-01,11,2026,0.13,26.5,4501.0,0.12,
S3_reappro_100,CB200,ALIMENT_COMPLET,Djeleng,Ouest,2026-11-01,11,2026,0.72,29.0,20185.0,0.59,
S3_reappro_100,CB200,ALIMENT_COMPLET,Famla,Ouest,2026-11-01,11,2026,1.49,59.6,20185.0,1.2,
S3_reappro_100,CB200,ALIMENT_COMPLET,Mbouda,Ouest,2026-11-01,11,2026,1.39,55.4,20185.0,1.12,
S3_reappro_100,CB201,ALIMENT_COMPLET,Djeleng,Ouest,2026-11-01,11,2026,0.02,3.1,4195.0,0.01,
S3_reappro_100,CB201,ALIMENT_COMPLET,Famla,Ouest,2026-11-01,11,2026,0.04,8.9,4195.0,0.04,
S3_reappro_100,CB201,ALIMENT_COMPLET,Mbouda,Ouest,2026-11-01,11,2026,0.22,44.7,4195.0,0.19,
S3_reappro_100,ALAP25,ALIMENT_COMPLET,Djeleng,Ouest,2026-12-01,12,2026,0.02,0.6,10617.0,0.01,
S3_reappro_100,ALAP25,ALIMENT_COMPLET,Famla,Ouest,2026-12-01,12,2026,0.78,31.3,10617.0,0.33,
S3_reappro_100,ALAP25,ALIMENT_COMPLET,Mbouda,Ouest,2026-12-01,12,2026,0.01,0.5,10617.0,0.01,
S3_reappro_100,APCL2,ALIMENT_COMPLET,Djeleng,Ouest,2026-12-01,12,2026,0.02,1.0,19987.0,0.02,
S3_reappro_100,APCL2,ALIMENT_COMPLET,Famla,Ouest,2026-12-01,12,2026,0.07,4.8,19987.0,0.1,
S3_reappro_100,APCL2,ALIMENT_COMPLET,Mbouda,Ouest,2026-12-01,12,2026,0.01,0.5,19987.0,0.01,
S3_reappro_100,APCL25,ALIMENT_COMPLET,Famla,Ouest,2026-12-01,12,2026,0.0,0.0,6945.0,0.0,
S3_reappro_100,APCL25,ALIMENT_COMPLET,Mbouda,Ouest,2026-12-01,12,2026,0.0,0.0,6945.0,0.0,
S3_reappro_100,APCL3,ALIMENT_COMPLET,Djeleng,Ouest,2026-12-01,12,2026,0.01,0.7,19035.0,0.01,
S3_reappro_100,APCL3,ALIMENT_COMPLET,Famla,Ouest,2026-12-01,12,2026,0.1,6.7,19035.0,0.13,
S3_reappro_100,APCL3,ALIMENT_COMPLET,Mbouda,Ouest,2026-12-01,12,2026,0.01,0.6,19035.0,0.01,
S3_reappro_100,APCL30,ALIMENT_COMPLET,Famla,Ouest,2026-12-01,12,2026,0.06,61.7,1500.0,0.09,
S3_reappro_100,APCL35,ALIMENT_COMPLET,Famla,Ouest,2026-12-01,12,2026,0.0,0.3,6598.0,0.0,
S3_reappro_100,APCL35,ALIMENT_COMPLET,Mbouda,Ouest,2026-12-01,12,2026,0.0,0.3,6598.0,0.0,
S3_reappro_100,APCL4.5,ALIMENT_COMPLET,Djeleng,Ouest,2026-12-01,12,2026,0.01,0.7,18959.0,0.01,
S3_reappro_100,APCL4.5,ALIMENT_COMPLET,Famla,Ouest,2026-12-01,12,2026,0.1,6.8,18959.0,0.13,
S3_reappro_100,APCL4.5,ALIMENT_COMPLET,Mbouda,Ouest,2026-12-01,12,2026,0.01,0.9,18959.0,0.02,
S3_reappro_100,APCL4.55,ALIMENT_COMPLET,Mbouda,Ouest,2026-12-01,12,2026,0.0,0.4,6630.0,0.0,
S3_reappro_100,APCL450,ALIMENT_COMPLET,Famla,Ouest,2026-12-01,12,2026,0.06,61.7,1500.0,0.09,
S3_reappro_100,APCL6,ALIMENT_COMPLET,Djeleng,Ouest,2026-12-01,12,2026,0.01,0.7,17883.0,0.01,
S3_reappro_100,APCL6,ALIMENT_COMPLET,Famla,Ouest,2026-12-01,12,2026,0.08,5.6,17883.0,0.1,
S3_reappro_100,APCL6,ALIMENT_COMPLET,Mbouda,Ouest,2026-12-01,12,2026,0.01,1.0,17883.0,0.02,
S3_reappro_100,APCL8,ALIMENT_COMPLET,Djeleng,Ouest,2026-12-01,12,2026,0.02,1.3,17945.0,0.02,
S3_reappro_100,APCL8,ALIMENT_COMPLET,Famla,Ouest,2026-12-01,12,2026,0.09,6.0,17945.0,0.11,
S3_reappro_100,APCL8,ALIMENT_COMPLET,Mbouda,Ouest,2026-12-01,12,2026,0.01,0.7,17945.0,0.01,
S3_reappro_100,APCL80,ALIMENT_COMPLET,Famla,Ouest,2026-12-01,12,2026,0.06,61.7,1500.0,0.09,
S3_reappro_100,APTOR3,ALIMENT_COMPLET,Famla,Ouest,2026-12-01,12,2026,0.0,0.1,15000.0,0.0,
S3_reappro_100,APTOR3,ALIMENT_COMPLET,Mbouda,Ouest,2026-12-01,12,2026,0.0,0.0,15000.0,0.0,
S3_reappro_100,APTOR31,ALIMENT_COMPLET,Mbouda,Ouest,2026-12-01,12,2026,0.0,0.1,1500.0,0.0,
S3_reappro_100,APTOR35,ALIMENT_COMPLET,Famla,Ouest,2026-12-01,12,2026,0.0,0.1,800.0,0.0,
S3_reappro_100,APTOR35,ALIMENT_COMPLET,Mbouda,Ouest,2026-12-01,12,2026,0.0,0.1,800.0,0.0,
S3_reappro_100,APTOR4.5,ALIMENT_COMPLET,Famla,Ouest,2026-12-01,12,2026,0.0,0.2,15000.0,0.0,
S3_reappro_100,APTOR4.5,ALIMENT_COMPLET,Mbouda,Ouest,2026-12-01,12,2026,0.0,0.1,15000.0,0.0,
S3_reappro_100,APTOR4.55,ALIMENT_COMPLET,Famla,Ouest,2026-12-01,12,2026,0.0,0.0,800.0,0.0,
S3_reappro_100,APTOR4.55,ALIMENT_COMPLET,Mbouda,Ouest,2026-12-01,12,2026,0.0,0.2,800.0,0.0,
S3_reappro_100,APTSA2,ALIMENT_COMPLET,Famla,Ouest,2026-12-01,12,2026,0.0,0.1,15000.0,0.0,
S3_reappro_100,APTSA2,ALIMENT_COMPLET,Mbouda,Ouest,2026-12-01,12,2026,0.0,0.1,15000.0,0.0,
S3_reappro_100,APTSA21,ALIMENT_COMPLET,Mbouda,Ouest,2026-12-01,12,2026,0.0,0.1,1500.0,0.0,
S3_reappro_100,APTSA25,ALIMENT_COMPLET,Mbouda,Ouest,2026-12-01,12,2026,0.0,0.2,800.0,0.0,
S3_reappro_100,CB100,ALIMENT_COMPLET,Djeleng,Ouest,2026-12-01,12,2026,0.5,20.0,21307.0,0.43,
S3_reappro_100,CB100,ALIMENT_COMPLET,Famla,Ouest,2026-12-01,12,2026,2.15,86.0,21307.0,1.83,
S3_reappro_100,CB100,ALIMENT_COMPLET,Mbouda,Ouest,2026-12-01,12,2026,0.48,19.2,21307.0,0.41,
S3_reappro_100,CB101,ALIMENT_COMPLET,Djeleng,Ouest,2026-12-01,12,2026,0.0,0.7,4501.0,0.0,
S3_reappro_100,CB101,ALIMENT_COMPLET,Famla,Ouest,2026-12-01,12,2026,0.01,1.8,4501.0,0.01,
S3_reappro_100,CB101,ALIMENT_COMPLET,Mbouda,Ouest,2026-12-01,12,2026,0.09,17.0,4501.0,0.08,
S3_reappro_100,CB200,ALIMENT_COMPLET,Djeleng,Ouest,2026-12-01,12,2026,0.47,18.6,20185.0,0.38,
S3_reappro_100,CB200,ALIMENT_COMPLET,Famla,Ouest,2026-12-01,12,2026,0.96,38.2,20185.0,0.77,
S3_reappro_100,CB200,ALIMENT_COMPLET,Mbouda,Ouest,2026-12-01,12,2026,0.89,35.6,20185.0,0.72,
S3_reappro_100,CB201,ALIMENT_COMPLET,Djeleng,Ouest,2026-12-01,12,2026,0.01,2.0,4195.0,0.01,
S3_reappro_100,CB201,ALIMENT_COMPLET,Famla,Ouest,2026-12-01,12,2026,0.03,5.7,4195.0,0.02,
S3_reappro_100,CB201,ALIMENT_COMPLET,Mbouda,Ouest,2026-12-01,12,2026,0.14,28.7,4195.0,0.12,
S3_reappro_100,MAT017,ALVEOLES,Messassi,Centre,2026-10-01,10,2026,0.0,0.0,0.0,3.72,
S3_reappro_100,MAT017,ALVEOLES,Ngaoundere,Centre,2026-10-01,10,2026,0.0,0.0,0.0,2.2,
S3_reappro_100,MAT017,ALVEOLES,Messassi,Centre,2026-11-01,11,2026,0.0,0.0,0.0,3.1,
S3_reappro_100,MAT017,ALVEOLES,Ngaoundere,Centre,2026-11-01,11,2026,0.0,0.0,0.0,1.83,
S3_reappro_100,MAT017,ALVEOLES,Messassi,Centre,2026-12-01,12,2026,0.0,0.0,0.0,2.79,
S3_reappro_100,MAT017,ALVEOLES,Ngaoundere,Centre,2026-12-01,12,2026,0.0,0.0,0.0,1.65,
S3_reappro_100,CA001.1,COMPLEMENT_ALIMENTAIRE,Ahala,Centre,2026-10-01,10,2026,0.0,0.7,5067.0,0.0,
S3_reappro_100,CA001.1,COMPLEMENT_ALIMENTAIRE,Bertoua,Centre,2026-10-01,10,2026,0.0,1.4,5067.0,0.01,
S3_reappro_100,CA001.1,COMPLEMENT_ALIMENTAIRE,Messassi,Centre,2026-10-01,10,2026,0.0,4.7,5067.0,0.02,
S3_reappro_100,CA001.1,COMPLEMENT_ALIMENTAIRE,Ngaoundere,Centre,2026-10-01,10,2026,0.0,0.2,5067.0,0.0,
S3_reappro_100,CA001.1,COMPLEMENT_ALIMENTAIRE,Nkoabang,Centre,2026-10-01,10,2026,0.0,0.4,5067.0,0.0,
S3_reappro_100,CA001.1,COMPLEMENT_ALIMENTAIRE,Nkolbisson,Centre,2026-10-01,10,2026,0.0,0.0,5067.0,0.0,
S3_reappro_100,CA002.1,COMPLEMENT_ALIMENTAIRE,Ahala,Centre,2026-10-01,10,2026,0.0,0.6,10248.0,0.01,
S3_reappro_100,CA002.1,COMPLEMENT_ALIMENTAIRE,Bertoua,Centre,2026-10-01,10,2026,0.0,2.6,10248.0,0.03,
S3_reappro_100,CA002.1,COMPLEMENT_ALIMENTAIRE,Messassi,Centre,2026-10-01,10,2026,0.01,8.5,10248.0,0.09,
S3_reappro_100,CA002.1,COMPLEMENT_ALIMENTAIRE,Ngaoundere,Centre,2026-10-01,10,2026,0.0,0.1,10248.0,0.0,
S3_reappro_100,CA002.1,COMPLEMENT_ALIMENTAIRE,Nkoabang,Centre,2026-10-01,10,2026,0.0,2.0,10248.0,0.02,
S3_reappro_100,CA002.1,COMPLEMENT_ALIMENTAIRE,Nkolbisson,Centre,2026-10-01,10,2026,0.0,0.4,10248.0,0.0,
S3_reappro_100,CA003.1,COMPLEMENT_ALIMENTAIRE,Ahala,Centre,2026-10-01,10,2026,0.01,7.0,8242.0,0.06,
S3_reappro_100,CA003.1,COMPLEMENT_ALIMENTAIRE,Bertoua,Centre,2026-10-01,10,2026,0.01,8.1,8242.0,0.07,
S3_reappro_100,CA003.1,COMPLEMENT_ALIMENTAIRE,Messassi,Centre,2026-10-01,10,2026,0.01,14.0,8242.0,0.12,
S3_reappro_100,CA003.1,COMPLEMENT_ALIMENTAIRE,Ngaoundere,Centre,2026-10-01,10,2026,0.0,0.4,8242.0,0.0,
S3_reappro_100,CA003.1,COMPLEMENT_ALIMENTAIRE,Nkoabang,Centre,2026-10-01,10,2026,0.01,5.8,8242.0,0.05,
S3_reappro_100,CA003.1,COMPLEMENT_ALIMENTAIRE,Nkolbisson,Centre,2026-10-01,10,2026,0.0,1.2,8242.0,0.01,
S3_reappro_100,CA004.1,COMPLEMENT_ALIMENTAIRE,Ahala,Centre,2026-10-01,10,2026,0.0,2.4,9691.0,0.02,
S3_reappro_100,CA004.1,COMPLEMENT_ALIMENTAIRE,Bertoua,Centre,2026-10-01,10,2026,0.0,1.5,9691.0,0.01,
S3_reappro_100,CA004.1,COMPLEMENT_ALIMENTAIRE,Messassi,Centre,2026-10-01,10,2026,0.01,9.8,9691.0,0.1,
S3_reappro_100,CA004.1,COMPLEMENT_ALIMENTAIRE,Ngaoundere,Centre,2026-10-01,10,2026,0.0,0.2,9691.0,0.0,
S3_reappro_100,CA004.1,COMPLEMENT_ALIMENTAIRE,Nkoabang,Centre,2026-10-01,10,2026,0.0,2.9,9691.0,0.03,
S3_reappro_100,CA004.1,COMPLEMENT_ALIMENTAIRE,Nkolbisson,Centre,2026-10-01,10,2026,0.0,0.7,9691.0,0.01,
S3_reappro_100,CA005.1,COMPLEMENT_ALIMENTAIRE,Ahala,Centre,2026-10-01,10,2026,0.0,0.2,14771.0,0.0,
S3_reappro_100,CA005.1,COMPLEMENT_ALIMENTAIRE,Bertoua,Centre,2026-10-01,10,2026,0.0,1.5,14771.0,0.02,
S3_reappro_100,CA005.1,COMPLEMENT_ALIMENTAIRE,Messassi,Centre,2026-10-01,10,2026,0.0,3.2,14771.0,0.05,
S3_reappro_100,CA005.1,COMPLEMENT_ALIMENTAIRE,Ngaoundere,Centre,2026-10-01,10,2026,0.0,0.3,14771.0,0.0,
S3_reappro_100,CA005.1,COMPLEMENT_ALIMENTAIRE,Nkoabang,Centre,2026-10-01,10,2026,0.0,0.7,14771.0,0.01,
S3_reappro_100,CA005.1,COMPLEMENT_ALIMENTAIRE,Nkolbisson,Centre,2026-10-01,10,2026,0.0,0.3,14771.0,0.0,
S3_reappro_100,CA006.1,COMPLEMENT_ALIMENTAIRE,Ahala,Centre,2026-10-01,10,2026,0.0,1.3,6231.0,0.01,
S3_reappro_100,CA006.1,COMPLEMENT_ALIMENTAIRE,Bertoua,Centre,2026-10-01,10,2026,0.0,3.2,6231.0,0.02,
S3_reappro_100,CA006.1,COMPLEMENT_ALIMENTAIRE,Messassi,Centre,2026-10-01,10,2026,0.01,5.4,6231.0,0.03,
S3_reappro_100,CA006.1,COMPLEMENT_ALIMENTAIRE,Ngaoundere,Centre,2026-10-01,10,2026,0.0,0.3,6231.0,0.0,
S3_reappro_100,CA006.1,COMPLEMENT_ALIMENTAIRE,Nkoabang,Centre,2026-10-01,10,2026,0.0,1.5,6231.0,0.01,
S3_reappro_100,CA006.1,COMPLEMENT_ALIMENTAIRE,Nkolbisson,Centre,2026-10-01,10,2026,0.0,0.2,6231.0,0.0,
S3_reappro_100,CA007.1,COMPLEMENT_ALIMENTAIRE,Ahala,Centre,2026-10-01,10,2026,0.0,0.6,7697.0,0.0,
S3_reappro_100,CA007.1,COMPLEMENT_ALIMENTAIRE,Bertoua,Centre,2026-10-01,10,2026,0.0,3.8,7697.0,0.03,
S3_reappro_100,CA007.1,COMPLEMENT_ALIMENTAIRE,Messassi,Centre,2026-10-01,10,2026,0.01,7.9,7697.0,0.06,
S3_reappro_100,CA007.1,COMPLEMENT_ALIMENTAIRE,Ngaoundere,Centre,2026-10-01,10,2026,0.0,0.1,7697.0,0.0,
S3_reappro_100,CA007.1,COMPLEMENT_ALIMENTAIRE,Nkoabang,Centre,2026-10-01,10,2026,0.0,1.6,7697.0,0.01,
S3_reappro_100,CA008.1,COMPLEMENT_ALIMENTAIRE,Ahala,Centre,2026-10-01,10,2026,0.0,0.5,15140.0,0.01,
S3_reappro_100,CA008.1,COMPLEMENT_ALIMENTAIRE,Bertoua,Centre,2026-10-01,10,2026,0.0,0.7,15140.0,0.01,
S3_reappro_100,CA008.1,COMPLEMENT_ALIMENTAIRE,Messassi,Centre,2026-10-01,10,2026,0.0,2.5,15140.0,0.04,
S3_reappro_100,CA008.1,COMPLEMENT_ALIMENTAIRE,Ngaoundere,Centre,2026-10-01,10,2026,0.0,0.3,15140.0,0.0,
S3_reappro_100,CA008.1,COMPLEMENT_ALIMENTAIRE,Nkoabang,Centre,2026-10-01,10,2026,0.0,0.6,15140.0,0.01,
S3_reappro_100,CA008.1,COMPLEMENT_ALIMENTAIRE,Nkolbisson,Centre,2026-10-01,10,2026,0.0,0.0,15140.0,0.0,
S3_reappro_100,V300,COMPLEMENT_ALIMENTAIRE,Ahala,Centre,2026-10-01,10,2026,0.03,28.0,2700.0,0.08,
S3_reappro_100,V300,COMPLEMENT_ALIMENTAIRE,Bertoua,Centre,2026-10-01,10,2026,0.03,26.4,2700.0,0.07,
S3_reappro_100,V300,COMPLEMENT_ALIMENTAIRE,Messassi,Centre,2026-10-01,10,2026,0.09,94.1,2700.0,0.25,
S3_reappro_100,V300,COMPLEMENT_ALIMENTAIRE,Ngaoundere,Centre,2026-10-01,10,2026,0.02,23.9,2700.0,0.06,
S3_reappro_100,V300,COMPLEMENT_ALIMENTAIRE,Nkoabang,Centre,2026-10-01,10,2026,0.03,29.2,2700.0,0.08,
S3_reappro_100,V300,COMPLEMENT_ALIMENTAIRE,Nkolbisson,Centre,2026-10-01,10,2026,0.01,9.6,2700.0,0.03,
S3_reappro_100,CA001.1,COMPLEMENT_ALIMENTAIRE,Ahala,Centre,2026-11-01,11,2026,0.0,0.5,5067.0,0.0,
S3_reappro_100,CA001.1,COMPLEMENT_ALIMENTAIRE,Bertoua,Centre,2026-11-01,11,2026,0.0,0.9,5067.0,0.0,
S3_reappro_100,CA001.1,COMPLEMENT_ALIMENTAIRE,Messassi,Centre,2026-11-01,11,2026,0.0,3.0,5067.0,0.02,
S3_reappro_100,CA001.1,COMPLEMENT_ALIMENTAIRE,Ngaoundere,Centre,2026-11-01,11,2026,0.0,0.1,5067.0,0.0,
S3_reappro_100,CA001.1,COMPLEMENT_ALIMENTAIRE,Nkoabang,Centre,2026-11-01,11,2026,0.0,0.3,5067.0,0.0,
S3_reappro_100,CA001.1,COMPLEMENT_ALIMENTAIRE,Nkolbisson,Centre,2026-11-01,11,2026,0.0,0.0,5067.0,0.0,
S3_reappro_100,CA002.1,COMPLEMENT_ALIMENTAIRE,Ahala,Centre,2026-11-01,11,2026,0.0,0.4,10248.0,0.0,
S3_reappro_100,CA002.1,COMPLEMENT_ALIMENTAIRE,Bertoua,Centre,2026-11-01,11,2026,0.0,1.7,10248.0,0.02,
S3_reappro_100,CA002.1,COMPLEMENT_ALIMENTAIRE,Messassi,Centre,2026-11-01,11,2026,0.01,5.5,10248.0,0.06,
S3_reappro_100,CA002.1,COMPLEMENT_ALIMENTAIRE,Ngaoundere,Centre,2026-11-01,11,2026,0.0,0.1,10248.0,0.0,
S3_reappro_100,CA002.1,COMPLEMENT_ALIMENTAIRE,Nkoabang,Centre,2026-11-01,11,2026,0.0,1.3,10248.0,0.01,
S3_reappro_100,CA002.1,COMPLEMENT_ALIMENTAIRE,Nkolbisson,Centre,2026-11-01,11,2026,0.0,0.2,10248.0,0.0,
S3_reappro_100,CA003.1,COMPLEMENT_ALIMENTAIRE,Ahala,Centre,2026-11-01,11,2026,0.0,4.6,8242.0,0.04,
S3_reappro_100,CA003.1,COMPLEMENT_ALIMENTAIRE,Bertoua,Centre,2026-11-01,11,2026,0.01,5.2,8242.0,0.04,
S3_reappro_100,CA003.1,COMPLEMENT_ALIMENTAIRE,Messassi,Centre,2026-11-01,11,2026,0.01,9.0,8242.0,0.07,
S3_reappro_100,CA003.1,COMPLEMENT_ALIMENTAIRE,Ngaoundere,Centre,2026-11-01,11,2026,0.0,0.2,8242.0,0.0,
S3_reappro_100,CA003.1,COMPLEMENT_ALIMENTAIRE,Nkoabang,Centre,2026-11-01,11,2026,0.0,3.8,8242.0,0.03,
S3_reappro_100,CA003.1,COMPLEMENT_ALIMENTAIRE,Nkolbisson,Centre,2026-11-01,11,2026,0.0,0.8,8242.0,0.01,
S3_reappro_100,CA004.1,COMPLEMENT_ALIMENTAIRE,Ahala,Centre,2026-11-01,11,2026,0.0,1.5,9691.0,0.01,
S3_reappro_100,CA004.1,COMPLEMENT_ALIMENTAIRE,Bertoua,Centre,2026-11-01,11,2026,0.0,0.9,9691.0,0.01,
S3_reappro_100,CA004.1,COMPLEMENT_ALIMENTAIRE,Messassi,Centre,2026-11-01,11,2026,0.01,6.4,9691.0,0.06,
S3_reappro_100,CA004.1,COMPLEMENT_ALIMENTAIRE,Ngaoundere,Centre,2026-11-01,11,2026,0.0,0.1,9691.0,0.0,
S3_reappro_100,CA004.1,COMPLEMENT_ALIMENTAIRE,Nkoabang,Centre,2026-11-01,11,2026,0.0,1.9,9691.0,0.02,
S3_reappro_100,CA004.1,COMPLEMENT_ALIMENTAIRE,Nkolbisson,Centre,2026-11-01,11,2026,0.0,0.5,9691.0,0.0,
S3_reappro_100,CA005.1,COMPLEMENT_ALIMENTAIRE,Ahala,Centre,2026-11-01,11,2026,0.0,0.2,14771.0,0.0,
S3_reappro_100,CA005.1,COMPLEMENT_ALIMENTAIRE,Bertoua,Centre,2026-11-01,11,2026,0.0,1.0,14771.0,0.01,
S3_reappro_100,CA005.1,COMPLEMENT_ALIMENTAIRE,Messassi,Centre,2026-11-01,11,2026,0.0,2.1,14771.0,0.03,
S3_reappro_100,CA005.1,COMPLEMENT_ALIMENTAIRE,Ngaoundere,Centre,2026-11-01,11,2026,0.0,0.2,14771.0,0.0,
S3_reappro_100,CA005.1,COMPLEMENT_ALIMENTAIRE,Nkoabang,Centre,2026-11-01,11,2026,0.0,0.5,14771.0,0.01,
S3_reappro_100,CA005.1,COMPLEMENT_ALIMENTAIRE,Nkolbisson,Centre,2026-11-01,11,2026,0.0,0.2,14771.0,0.0,
S3_reappro_100,CA006.1,COMPLEMENT_ALIMENTAIRE,Ahala,Centre,2026-11-01,11,2026,0.0,0.8,6231.0,0.01,
S3_reappro_100,CA006.1,COMPLEMENT_ALIMENTAIRE,Bertoua,Centre,2026-11-01,11,2026,0.0,2.1,6231.0,0.01,
S3_reappro_100,CA006.1,COMPLEMENT_ALIMENTAIRE,Messassi,Centre,2026-11-01,11,2026,0.0,3.5,6231.0,0.02,
S3_reappro_100,CA006.1,COMPLEMENT_ALIMENTAIRE,Ngaoundere,Centre,2026-11-01,11,2026,0.0,0.2,6231.0,0.0,
S3_reappro_100,CA006.1,COMPLEMENT_ALIMENTAIRE,Nkoabang,Centre,2026-11-01,11,2026,0.0,0.9,6231.0,0.01,
S3_reappro_100,CA006.1,COMPLEMENT_ALIMENTAIRE,Nkolbisson,Centre,2026-11-01,11,2026,0.0,0.1,6231.0,0.0,
S3_reappro_100,CA007.1,COMPLEMENT_ALIMENTAIRE,Ahala,Centre,2026-11-01,11,2026,0.0,0.4,7697.0,0.0,
S3_reappro_100,CA007.1,COMPLEMENT_ALIMENTAIRE,Bertoua,Centre,2026-11-01,11,2026,0.0,2.5,7697.0,0.02,
S3_reappro_100,CA007.1,COMPLEMENT_ALIMENTAIRE,Messassi,Centre,2026-11-01,11,2026,0.01,5.1,7697.0,0.04,
S3_reappro_100,CA007.1,COMPLEMENT_ALIMENTAIRE,Ngaoundere,Centre,2026-11-01,11,2026,0.0,0.1,7697.0,0.0,
S3_reappro_100,CA007.1,COMPLEMENT_ALIMENTAIRE,Nkoabang,Centre,2026-11-01,11,2026,0.0,1.1,7697.0,0.01,
S3_reappro_100,CA008.1,COMPLEMENT_ALIMENTAIRE,Ahala,Centre,2026-11-01,11,2026,0.0,0.4,15140.0,0.01,
S3_reappro_100,CA008.1,COMPLEMENT_ALIMENTAIRE,Bertoua,Centre,2026-11-01,11,2026,0.0,0.5,15140.0,0.01,
S3_reappro_100,CA008.1,COMPLEMENT_ALIMENTAIRE,Messassi,Centre,2026-11-01,11,2026,0.0,1.6,15140.0,0.02,
S3_reappro_100,CA008.1,COMPLEMENT_ALIMENTAIRE,Ngaoundere,Centre,2026-11-01,11,2026,0.0,0.2,15140.0,0.0,
S3_reappro_100,CA008.1,COMPLEMENT_ALIMENTAIRE,Nkoabang,Centre,2026-11-01,11,2026,0.0,0.4,15140.0,0.01,
S3_reappro_100,CA008.1,COMPLEMENT_ALIMENTAIRE,Nkolbisson,Centre,2026-11-01,11,2026,0.0,0.0,15140.0,0.0,
S3_reappro_100,V300,COMPLEMENT_ALIMENTAIRE,Ahala,Centre,2026-11-01,11,2026,0.02,18.1,2700.0,0.05,
S3_reappro_100,V300,COMPLEMENT_ALIMENTAIRE,Bertoua,Centre,2026-11-01,11,2026,0.02,17.1,2700.0,0.05,
S3_reappro_100,V300,COMPLEMENT_ALIMENTAIRE,Messassi,Centre,2026-11-01,11,2026,0.06,60.9,2700.0,0.16,
S3_reappro_100,V300,COMPLEMENT_ALIMENTAIRE,Ngaoundere,Centre,2026-11-01,11,2026,0.02,15.4,2700.0,0.04,
S3_reappro_100,V300,COMPLEMENT_ALIMENTAIRE,Nkoabang,Centre,2026-11-01,11,2026,0.02,18.9,2700.0,0.05,
S3_reappro_100,V300,COMPLEMENT_ALIMENTAIRE,Nkolbisson,Centre,2026-11-01,11,2026,0.01,6.2,2700.0,0.02,
S3_reappro_100,CA001.1,COMPLEMENT_ALIMENTAIRE,Ahala,Centre,2026-12-01,12,2026,0.0,0.3,5067.0,0.0,
S3_reappro_100,CA001.1,COMPLEMENT_ALIMENTAIRE,Bertoua,Centre,2026-12-01,12,2026,0.0,0.6,5067.0,0.0,
S3_reappro_100,CA001.1,COMPLEMENT_ALIMENTAIRE,Messassi,Centre,2026-12-01,12,2026,0.0,2.0,5067.0,0.01,
S3_reappro_100,CA001.1,COMPLEMENT_ALIMENTAIRE,Ngaoundere,Centre,2026-12-01,12,2026,0.0,0.1,5067.0,0.0,
S3_reappro_100,CA001.1,COMPLEMENT_ALIMENTAIRE,Nkoabang,Centre,2026-12-01,12,2026,0.0,0.2,5067.0,0.0,
S3_reappro_100,CA001.1,COMPLEMENT_ALIMENTAIRE,Nkolbisson,Centre,2026-12-01,12,2026,0.0,0.0,5067.0,0.0,
S3_reappro_100,CA002.1,COMPLEMENT_ALIMENTAIRE,Ahala,Centre,2026-12-01,12,2026,0.0,0.3,10248.0,0.0,
S3_reappro_100,CA002.1,COMPLEMENT_ALIMENTAIRE,Bertoua,Centre,2026-12-01,12,2026,0.0,1.1,10248.0,0.01,
S3_reappro_100,CA002.1,COMPLEMENT_ALIMENTAIRE,Messassi,Centre,2026-12-01,12,2026,0.0,3.7,10248.0,0.04,
S3_reappro_100,CA002.1,COMPLEMENT_ALIMENTAIRE,Ngaoundere,Centre,2026-12-01,12,2026,0.0,0.0,10248.0,0.0,
S3_reappro_100,CA002.1,COMPLEMENT_ALIMENTAIRE,Nkoabang,Centre,2026-12-01,12,2026,0.0,0.9,10248.0,0.01,
S3_reappro_100,CA002.1,COMPLEMENT_ALIMENTAIRE,Nkolbisson,Centre,2026-12-01,12,2026,0.0,0.2,10248.0,0.0,
S3_reappro_100,CA003.1,COMPLEMENT_ALIMENTAIRE,Ahala,Centre,2026-12-01,12,2026,0.0,3.1,8242.0,0.03,
S3_reappro_100,CA003.1,COMPLEMENT_ALIMENTAIRE,Bertoua,Centre,2026-12-01,12,2026,0.0,3.5,8242.0,0.03,
S3_reappro_100,CA003.1,COMPLEMENT_ALIMENTAIRE,Messassi,Centre,2026-12-01,12,2026,0.01,6.1,8242.0,0.05,
S3_reappro_100,CA003.1,COMPLEMENT_ALIMENTAIRE,Ngaoundere,Centre,2026-12-01,12,2026,0.0,0.2,8242.0,0.0,
S3_reappro_100,CA003.1,COMPLEMENT_ALIMENTAIRE,Nkoabang,Centre,2026-12-01,12,2026,0.0,2.5,8242.0,0.02,
S3_reappro_100,CA003.1,COMPLEMENT_ALIMENTAIRE,Nkolbisson,Centre,2026-12-01,12,2026,0.0,0.5,8242.0,0.0,
S3_reappro_100,CA004.1,COMPLEMENT_ALIMENTAIRE,Ahala,Centre,2026-12-01,12,2026,0.0,1.0,9691.0,0.01,
S3_reappro_100,CA004.1,COMPLEMENT_ALIMENTAIRE,Bertoua,Centre,2026-12-01,12,2026,0.0,0.6,9691.0,0.01,
S3_reappro_100,CA004.1,COMPLEMENT_ALIMENTAIRE,Messassi,Centre,2026-12-01,12,2026,0.0,4.3,9691.0,0.04,
S3_reappro_100,CA004.1,COMPLEMENT_ALIMENTAIRE,Ngaoundere,Centre,2026-12-01,12,2026,0.0,0.1,9691.0,0.0,
S3_reappro_100,CA004.1,COMPLEMENT_ALIMENTAIRE,Nkoabang,Centre,2026-12-01,12,2026,0.0,1.2,9691.0,0.01,
S3_reappro_100,CA004.1,COMPLEMENT_ALIMENTAIRE,Nkolbisson,Centre,2026-12-01,12,2026,0.0,0.3,9691.0,0.0,
S3_reappro_100,CA005.1,COMPLEMENT_ALIMENTAIRE,Ahala,Centre,2026-12-01,12,2026,0.0,0.1,14771.0,0.0,
S3_reappro_100,CA005.1,COMPLEMENT_ALIMENTAIRE,Bertoua,Centre,2026-12-01,12,2026,0.0,0.6,14771.0,0.01,
S3_reappro_100,CA005.1,COMPLEMENT_ALIMENTAIRE,Messassi,Centre,2026-12-01,12,2026,0.0,1.4,14771.0,0.02,
S3_reappro_100,CA005.1,COMPLEMENT_ALIMENTAIRE,Ngaoundere,Centre,2026-12-01,12,2026,0.0,0.1,14771.0,0.0,
S3_reappro_100,CA005.1,COMPLEMENT_ALIMENTAIRE,Nkoabang,Centre,2026-12-01,12,2026,0.0,0.3,14771.0,0.0,
S3_reappro_100,CA005.1,COMPLEMENT_ALIMENTAIRE,Nkolbisson,Centre,2026-12-01,12,2026,0.0,0.1,14771.0,0.0,
S3_reappro_100,CA006.1,COMPLEMENT_ALIMENTAIRE,Ahala,Centre,2026-12-01,12,2026,0.0,0.6,6231.0,0.0,
S3_reappro_100,CA006.1,COMPLEMENT_ALIMENTAIRE,Bertoua,Centre,2026-12-01,12,2026,0.0,1.4,6231.0,0.01,
S3_reappro_100,CA006.1,COMPLEMENT_ALIMENTAIRE,Messassi,Centre,2026-12-01,12,2026,0.0,2.3,6231.0,0.01,
S3_reappro_100,CA006.1,COMPLEMENT_ALIMENTAIRE,Ngaoundere,Centre,2026-12-01,12,2026,0.0,0.1,6231.0,0.0,
S3_reappro_100,CA006.1,COMPLEMENT_ALIMENTAIRE,Nkoabang,Centre,2026-12-01,12,2026,0.0,0.6,6231.0,0.0,
S3_reappro_100,CA006.1,COMPLEMENT_ALIMENTAIRE,Nkolbisson,Centre,2026-12-01,12,2026,0.0,0.1,6231.0,0.0,
S3_reappro_100,CA007.1,COMPLEMENT_ALIMENTAIRE,Ahala,Centre,2026-12-01,12,2026,0.0,0.3,7697.0,0.0,
S3_reappro_100,CA007.1,COMPLEMENT_ALIMENTAIRE,Bertoua,Centre,2026-12-01,12,2026,0.0,1.7,7697.0,0.01,
S3_reappro_100,CA007.1,COMPLEMENT_ALIMENTAIRE,Messassi,Centre,2026-12-01,12,2026,0.0,3.4,7697.0,0.03,
S3_reappro_100,CA007.1,COMPLEMENT_ALIMENTAIRE,Ngaoundere,Centre,2026-12-01,12,2026,0.0,0.0,7697.0,0.0,
S3_reappro_100,CA007.1,COMPLEMENT_ALIMENTAIRE,Nkoabang,Centre,2026-12-01,12,2026,0.0,0.7,7697.0,0.01,
S3_reappro_100,CA008.1,COMPLEMENT_ALIMENTAIRE,Ahala,Centre,2026-12-01,12,2026,0.0,0.2,15140.0,0.0,
S3_reappro_100,CA008.1,COMPLEMENT_ALIMENTAIRE,Bertoua,Centre,2026-12-01,12,2026,0.0,0.3,15140.0,0.0,
S3_reappro_100,CA008.1,COMPLEMENT_ALIMENTAIRE,Messassi,Centre,2026-12-01,12,2026,0.0,1.1,15140.0,0.02,
S3_reappro_100,CA008.1,COMPLEMENT_ALIMENTAIRE,Ngaoundere,Centre,2026-12-01,12,2026,0.0,0.1,15140.0,0.0,
S3_reappro_100,CA008.1,COMPLEMENT_ALIMENTAIRE,Nkoabang,Centre,2026-12-01,12,2026,0.0,0.3,15140.0,0.0,
S3_reappro_100,CA008.1,COMPLEMENT_ALIMENTAIRE,Nkolbisson,Centre,2026-12-01,12,2026,0.0,0.0,15140.0,0.0,
S3_reappro_100,V300,COMPLEMENT_ALIMENTAIRE,Ahala,Centre,2026-12-01,12,2026,0.01,12.2,2700.0,0.03,
S3_reappro_100,V300,COMPLEMENT_ALIMENTAIRE,Bertoua,Centre,2026-12-01,12,2026,0.01,11.5,2700.0,0.03,
S3_reappro_100,V300,COMPLEMENT_ALIMENTAIRE,Messassi,Centre,2026-12-01,12,2026,0.04,40.8,2700.0,0.11,
S3_reappro_100,V300,COMPLEMENT_ALIMENTAIRE,Ngaoundere,Centre,2026-12-01,12,2026,0.01,10.4,2700.0,0.03,
S3_reappro_100,V300,COMPLEMENT_ALIMENTAIRE,Nkoabang,Centre,2026-12-01,12,2026,0.01,12.7,2700.0,0.03,
S3_reappro_100,V300,COMPLEMENT_ALIMENTAIRE,Nkolbisson,Centre,2026-12-01,12,2026,0.0,4.1,2700.0,0.01,
S3_reappro_100,CA001.1,COMPLEMENT_ALIMENTAIRE,Ndobo,Littoral,2026-10-01,10,2026,0.0,1.0,5067.0,0.01,
S3_reappro_100,CA001.1,COMPLEMENT_ALIMENTAIRE,Nkongsamba,Littoral,2026-10-01,10,2026,0.0,1.4,5067.0,0.01,
S3_reappro_100,CA001.1,COMPLEMENT_ALIMENTAIRE,Pk11,Littoral,2026-10-01,10,2026,0.0,0.1,5067.0,0.0,
S3_reappro_100,CA001.1,COMPLEMENT_ALIMENTAIRE,Village,Littoral,2026-10-01,10,2026,0.0,0.7,5067.0,0.0,
S3_reappro_100,CA002.1,COMPLEMENT_ALIMENTAIRE,Buea,Littoral,2026-10-01,10,2026,0.0,0.1,10248.0,0.0,
S3_reappro_100,CA002.1,COMPLEMENT_ALIMENTAIRE,Ndobo,Littoral,2026-10-01,10,2026,0.01,10.7,10248.0,0.11,
S3_reappro_100,CA002.1,COMPLEMENT_ALIMENTAIRE,Nkongsamba,Littoral,2026-10-01,10,2026,0.01,12.4,10248.0,0.13,
S3_reappro_100,CA002.1,COMPLEMENT_ALIMENTAIRE,Pk11,Littoral,2026-10-01,10,2026,0.0,1.1,10248.0,0.01,
S3_reappro_100,CA002.1,COMPLEMENT_ALIMENTAIRE,Village,Littoral,2026-10-01,10,2026,0.0,2.9,10248.0,0.03,
S3_reappro_100,CA003.1,COMPLEMENT_ALIMENTAIRE,Buea,Littoral,2026-10-01,10,2026,0.0,3.2,8242.0,0.03,
S3_reappro_100,CA003.1,COMPLEMENT_ALIMENTAIRE,Ndobo,Littoral,2026-10-01,10,2026,0.01,9.1,8242.0,0.08,
S3_reappro_100,CA003.1,COMPLEMENT_ALIMENTAIRE,Nkongsamba,Littoral,2026-10-01,10,2026,0.01,6.7,8242.0,0.06,
S3_reappro_100,CA003.1,COMPLEMENT_ALIMENTAIRE,Pk11,Littoral,2026-10-01,10,2026,0.0,0.7,8242.0,0.01,
S3_reappro_100,CA003.1,COMPLEMENT_ALIMENTAIRE,Village,Littoral,2026-10-01,10,2026,0.0,3.7,8242.0,0.03,
S3_reappro_100,CA004.1,COMPLEMENT_ALIMENTAIRE,Buea,Littoral,2026-10-01,10,2026,0.0,1.0,9691.0,0.01,
S3_reappro_100,CA004.1,COMPLEMENT_ALIMENTAIRE,Ndobo,Littoral,2026-10-01,10,2026,0.0,2.4,9691.0,0.02,
S3_reappro_100,CA004.1,COMPLEMENT_ALIMENTAIRE,Nkongsamba,Littoral,2026-10-01,10,2026,0.0,1.7,9691.0,0.02,
S3_reappro_100,CA004.1,COMPLEMENT_ALIMENTAIRE,Pk11,Littoral,2026-10-01,10,2026,0.0,0.1,9691.0,0.0,
S3_reappro_100,CA004.1,COMPLEMENT_ALIMENTAIRE,Village,Littoral,2026-10-01,10,2026,0.0,1.6,9691.0,0.02,
S3_reappro_100,CA005.1,COMPLEMENT_ALIMENTAIRE,Buea,Littoral,2026-10-01,10,2026,0.0,0.3,14771.0,0.0,
S3_reappro_100,CA005.1,COMPLEMENT_ALIMENTAIRE,Ndobo,Littoral,2026-10-01,10,2026,0.0,2.4,14771.0,0.04,
S3_reappro_100,CA005.1,COMPLEMENT_ALIMENTAIRE,Nkongsamba,Littoral,2026-10-01,10,2026,0.0,3.9,14771.0,0.06,
S3_reappro_100,CA005.1,COMPLEMENT_ALIMENTAIRE,Pk11,Littoral,2026-10-01,10,2026,0.0,0.6,14771.0,0.01,
S3_reappro_100,CA005.1,COMPLEMENT_ALIMENTAIRE,Village,Littoral,2026-10-01,10,2026,0.0,3.3,14771.0,0.05,
S3_reappro_100,CA006.1,COMPLEMENT_ALIMENTAIRE,Buea,Littoral,2026-10-01,10,2026,0.0,0.2,6231.0,0.0,
S3_reappro_100,CA006.1,COMPLEMENT_ALIMENTAIRE,Ndobo,Littoral,2026-10-01,10,2026,0.0,2.6,6231.0,0.02,
S3_reappro_100,CA006.1,COMPLEMENT_ALIMENTAIRE,Nkongsamba,Littoral,2026-10-01,10,2026,0.0,2.0,6231.0,0.01,
S3_reappro_100,CA006.1,COMPLEMENT_ALIMENTAIRE,Pk11,Littoral,2026-10-01,10,2026,0.0,0.1,6231.0,0.0,
S3_reappro_100,CA006.1,COMPLEMENT_ALIMENTAIRE,Village,Littoral,2026-10-01,10,2026,0.0,1.0,6231.0,0.01,
S3_reappro_100,CA007.1,COMPLEMENT_ALIMENTAIRE,Buea,Littoral,2026-10-01,10,2026,0.0,0.1,7697.0,0.0,
S3_reappro_100,CA007.1,COMPLEMENT_ALIMENTAIRE,Ndobo,Littoral,2026-10-01,10,2026,0.0,3.3,7697.0,0.03,
S3_reappro_100,CA007.1,COMPLEMENT_ALIMENTAIRE,Nkongsamba,Littoral,2026-10-01,10,2026,0.0,4.3,7697.0,0.03,
S3_reappro_100,CA007.1,COMPLEMENT_ALIMENTAIRE,Pk11,Littoral,2026-10-01,10,2026,0.0,0.2,7697.0,0.0,
S3_reappro_100,CA007.1,COMPLEMENT_ALIMENTAIRE,Village,Littoral,2026-10-01,10,2026,0.0,1.7,7697.0,0.01,
S3_reappro_100,CA008.1,COMPLEMENT_ALIMENTAIRE,Ndobo,Littoral,2026-10-01,10,2026,0.0,2.0,15140.0,0.03,
S3_reappro_100,CA008.1,COMPLEMENT_ALIMENTAIRE,Nkongsamba,Littoral,2026-10-01,10,2026,0.0,2.6,15140.0,0.04,
S3_reappro_100,CA008.1,COMPLEMENT_ALIMENTAIRE,Pk11,Littoral,2026-10-01,10,2026,0.0,0.0,15140.0,0.0,
S3_reappro_100,CA008.1,COMPLEMENT_ALIMENTAIRE,Village,Littoral,2026-10-01,10,2026,0.0,1.4,15140.0,0.02,
S3_reappro_100,V300,COMPLEMENT_ALIMENTAIRE,Buea,Littoral,2026-10-01,10,2026,0.03,33.4,2700.0,0.09,
S3_reappro_100,V300,COMPLEMENT_ALIMENTAIRE,Ndobo,Littoral,2026-10-01,10,2026,0.05,50.3,2700.0,0.14,
S3_reappro_100,V300,COMPLEMENT_ALIMENTAIRE,Nkongsamba,Littoral,2026-10-01,10,2026,0.04,35.1,2700.0,0.09,
S3_reappro_100,V300,COMPLEMENT_ALIMENTAIRE,Pk11,Littoral,2026-10-01,10,2026,0.01,13.3,2700.0,0.04,
S3_reappro_100,V300,COMPLEMENT_ALIMENTAIRE,Village,Littoral,2026-10-01,10,2026,0.03,25.2,2700.0,0.07,
S3_reappro_100,CA001.1,COMPLEMENT_ALIMENTAIRE,Ndobo,Littoral,2026-11-01,11,2026,0.0,0.8,5067.0,0.0,
S3_reappro_100,CA001.1,COMPLEMENT_ALIMENTAIRE,Nkongsamba,Littoral,2026-11-01,11,2026,0.0,1.1,5067.0,0.01,
S3_reappro_100,CA001.1,COMPLEMENT_ALIMENTAIRE,Pk11,Littoral,2026-11-01,11,2026,0.0,0.1,5067.0,0.0,
S3_reappro_100,CA001.1,COMPLEMENT_ALIMENTAIRE,Village,Littoral,2026-11-01,11,2026,0.0,0.5,5067.0,0.0,
S3_reappro_100,CA002.1,COMPLEMENT_ALIMENTAIRE,Buea,Littoral,2026-11-01,11,2026,0.0,0.1,10248.0,0.0,
S3_reappro_100,CA002.1,COMPLEMENT_ALIMENTAIRE,Ndobo,Littoral,2026-11-01,11,2026,0.01,8.5,10248.0,0.09,
S3_reappro_100,CA002.1,COMPLEMENT_ALIMENTAIRE,Nkongsamba,Littoral,2026-11-01,11,2026,0.01,9.8,10248.0,0.1,
S3_reappro_100,CA002.1,COMPLEMENT_ALIMENTAIRE,Pk11,Littoral,2026-11-01,11,2026,0.0,0.9,10248.0,0.01,
S3_reappro_100,CA002.1,COMPLEMENT_ALIMENTAIRE,Village,Littoral,2026-11-01,11,2026,0.0,2.3,10248.0,0.02,
S3_reappro_100,CA003.1,COMPLEMENT_ALIMENTAIRE,Buea,Littoral,2026-11-01,11,2026,0.0,2.5,8242.0,0.02,
S3_reappro_100,CA003.1,COMPLEMENT_ALIMENTAIRE,Ndobo,Littoral,2026-11-01,11,2026,0.01,7.2,8242.0,0.06,
S3_reappro_100,CA003.1,COMPLEMENT_ALIMENTAIRE,Nkongsamba,Littoral,2026-11-01,11,2026,0.01,5.3,8242.0,0.04,
S3_reappro_100,CA003.1,COMPLEMENT_ALIMENTAIRE,Pk11,Littoral,2026-11-01,11,2026,0.0,0.6,8242.0,0.0,
S3_reappro_100,CA003.1,COMPLEMENT_ALIMENTAIRE,Village,Littoral,2026-11-01,11,2026,0.0,2.9,8242.0,0.02,
S3_reappro_100,CA004.1,COMPLEMENT_ALIMENTAIRE,Buea,Littoral,2026-11-01,11,2026,0.0,0.8,9691.0,0.01,
S3_reappro_100,CA004.1,COMPLEMENT_ALIMENTAIRE,Ndobo,Littoral,2026-11-01,11,2026,0.0,1.9,9691.0,0.02,
S3_reappro_100,CA004.1,COMPLEMENT_ALIMENTAIRE,Nkongsamba,Littoral,2026-11-01,11,2026,0.0,1.4,9691.0,0.01,
S3_reappro_100,CA004.1,COMPLEMENT_ALIMENTAIRE,Pk11,Littoral,2026-11-01,11,2026,0.0,0.1,9691.0,0.0,
S3_reappro_100,CA004.1,COMPLEMENT_ALIMENTAIRE,Village,Littoral,2026-11-01,11,2026,0.0,1.3,9691.0,0.01,
S3_reappro_100,CA005.1,COMPLEMENT_ALIMENTAIRE,Buea,Littoral,2026-11-01,11,2026,0.0,0.2,14771.0,0.0,
S3_reappro_100,CA005.1,COMPLEMENT_ALIMENTAIRE,Ndobo,Littoral,2026-11-01,11,2026,0.0,1.9,14771.0,0.03,
S3_reappro_100,CA005.1,COMPLEMENT_ALIMENTAIRE,Nkongsamba,Littoral,2026-11-01,11,2026,0.0,3.1,14771.0,0.05,
S3_reappro_100,CA005.1,COMPLEMENT_ALIMENTAIRE,Pk11,Littoral,2026-11-01,11,2026,0.0,0.4,14771.0,0.01,
S3_reappro_100,CA005.1,COMPLEMENT_ALIMENTAIRE,Village,Littoral,2026-11-01,11,2026,0.0,2.6,14771.0,0.04,
S3_reappro_100,CA006.1,COMPLEMENT_ALIMENTAIRE,Buea,Littoral,2026-11-01,11,2026,0.0,0.1,6231.0,0.0,
S3_reappro_100,CA006.1,COMPLEMENT_ALIMENTAIRE,Ndobo,Littoral,2026-11-01,11,2026,0.0,2.0,6231.0,0.01,
S3_reappro_100,CA006.1,COMPLEMENT_ALIMENTAIRE,Nkongsamba,Littoral,2026-11-01,11,2026,0.0,1.6,6231.0,0.01,
S3_reappro_100,CA006.1,COMPLEMENT_ALIMENTAIRE,Pk11,Littoral,2026-11-01,11,2026,0.0,0.1,6231.0,0.0,
S3_reappro_100,CA006.1,COMPLEMENT_ALIMENTAIRE,Village,Littoral,2026-11-01,11,2026,0.0,0.8,6231.0,0.01,
S3_reappro_100,CA007.1,COMPLEMENT_ALIMENTAIRE,Buea,Littoral,2026-11-01,11,2026,0.0,0.1,7697.0,0.0,
S3_reappro_100,CA007.1,COMPLEMENT_ALIMENTAIRE,Ndobo,Littoral,2026-11-01,11,2026,0.0,2.6,7697.0,0.02,
S3_reappro_100,CA007.1,COMPLEMENT_ALIMENTAIRE,Nkongsamba,Littoral,2026-11-01,11,2026,0.0,3.4,7697.0,0.03,
S3_reappro_100,CA007.1,COMPLEMENT_ALIMENTAIRE,Pk11,Littoral,2026-11-01,11,2026,0.0,0.2,7697.0,0.0,
S3_reappro_100,CA007.1,COMPLEMENT_ALIMENTAIRE,Village,Littoral,2026-11-01,11,2026,0.0,1.3,7697.0,0.01,
S3_reappro_100,CA008.1,COMPLEMENT_ALIMENTAIRE,Ndobo,Littoral,2026-11-01,11,2026,0.0,1.6,15140.0,0.02,
S3_reappro_100,CA008.1,COMPLEMENT_ALIMENTAIRE,Nkongsamba,Littoral,2026-11-01,11,2026,0.0,2.1,15140.0,0.03,
S3_reappro_100,CA008.1,COMPLEMENT_ALIMENTAIRE,Pk11,Littoral,2026-11-01,11,2026,0.0,0.0,15140.0,0.0,
S3_reappro_100,CA008.1,COMPLEMENT_ALIMENTAIRE,Village,Littoral,2026-11-01,11,2026,0.0,1.1,15140.0,0.02,
S3_reappro_100,V300,COMPLEMENT_ALIMENTAIRE,Buea,Littoral,2026-11-01,11,2026,0.03,26.4,2700.0,0.07,
S3_reappro_100,V300,COMPLEMENT_ALIMENTAIRE,Ndobo,Littoral,2026-11-01,11,2026,0.04,39.7,2700.0,0.11,
S3_reappro_100,V300,COMPLEMENT_ALIMENTAIRE,Nkongsamba,Littoral,2026-11-01,11,2026,0.03,27.8,2700.0,0.07,
S3_reappro_100,V300,COMPLEMENT_ALIMENTAIRE,Pk11,Littoral,2026-11-01,11,2026,0.01,10.5,2700.0,0.03,
S3_reappro_100,V300,COMPLEMENT_ALIMENTAIRE,Village,Littoral,2026-11-01,11,2026,0.02,19.9,2700.0,0.05,
S3_reappro_100,CA001.1,COMPLEMENT_ALIMENTAIRE,Ndobo,Littoral,2026-12-01,12,2026,0.0,0.5,5067.0,0.0,
S3_reappro_100,CA001.1,COMPLEMENT_ALIMENTAIRE,Nkongsamba,Littoral,2026-12-01,12,2026,0.0,0.7,5067.0,0.0,
S3_reappro_100,CA001.1,COMPLEMENT_ALIMENTAIRE,Pk11,Littoral,2026-12-01,12,2026,0.0,0.0,5067.0,0.0,
S3_reappro_100,CA001.1,COMPLEMENT_ALIMENTAIRE,Village,Littoral,2026-12-01,12,2026,0.0,0.3,5067.0,0.0,
S3_reappro_100,CA002.1,COMPLEMENT_ALIMENTAIRE,Buea,Littoral,2026-12-01,12,2026,0.0,0.0,10248.0,0.0,
S3_reappro_100,CA002.1,COMPLEMENT_ALIMENTAIRE,Ndobo,Littoral,2026-12-01,12,2026,0.01,5.0,10248.0,0.05,
S3_reappro_100,CA002.1,COMPLEMENT_ALIMENTAIRE,Nkongsamba,Littoral,2026-12-01,12,2026,0.01,5.8,10248.0,0.06,
S3_reappro_100,CA002.1,COMPLEMENT_ALIMENTAIRE,Pk11,Littoral,2026-12-01,12,2026,0.0,0.5,10248.0,0.01,
S3_reappro_100,CA002.1,COMPLEMENT_ALIMENTAIRE,Village,Littoral,2026-12-01,12,2026,0.0,1.4,10248.0,0.01,
S3_reappro_100,CA003.1,COMPLEMENT_ALIMENTAIRE,Buea,Littoral,2026-12-01,12,2026,0.0,1.5,8242.0,0.01,
S3_reappro_100,CA003.1,COMPLEMENT_ALIMENTAIRE,Ndobo,Littoral,2026-12-01,12,2026,0.0,4.3,8242.0,0.04,
S3_reappro_100,CA003.1,COMPLEMENT_ALIMENTAIRE,Nkongsamba,Littoral,2026-12-01,12,2026,0.0,3.2,8242.0,0.03,
S3_reappro_100,CA003.1,COMPLEMENT_ALIMENTAIRE,Pk11,Littoral,2026-12-01,12,2026,0.0,0.3,8242.0,0.0,
S3_reappro_100,CA003.1,COMPLEMENT_ALIMENTAIRE,Village,Littoral,2026-12-01,12,2026,0.0,1.7,8242.0,0.01,
S3_reappro_100,CA004.1,COMPLEMENT_ALIMENTAIRE,Buea,Littoral,2026-12-01,12,2026,0.0,0.5,9691.0,0.0,
S3_reappro_100,CA004.1,COMPLEMENT_ALIMENTAIRE,Ndobo,Littoral,2026-12-01,12,2026,0.0,1.1,9691.0,0.01,
S3_reappro_100,CA004.1,COMPLEMENT_ALIMENTAIRE,Nkongsamba,Littoral,2026-12-01,12,2026,0.0,0.8,9691.0,0.01,
S3_reappro_100,CA004.1,COMPLEMENT_ALIMENTAIRE,Pk11,Littoral,2026-12-01,12,2026,0.0,0.1,9691.0,0.0,
S3_reappro_100,CA004.1,COMPLEMENT_ALIMENTAIRE,Village,Littoral,2026-12-01,12,2026,0.0,0.8,9691.0,0.01,
S3_reappro_100,CA005.1,COMPLEMENT_ALIMENTAIRE,Buea,Littoral,2026-12-01,12,2026,0.0,0.1,14771.0,0.0,
S3_reappro_100,CA005.1,COMPLEMENT_ALIMENTAIRE,Ndobo,Littoral,2026-12-01,12,2026,0.0,1.1,14771.0,0.02,
S3_reappro_100,CA005.1,COMPLEMENT_ALIMENTAIRE,Nkongsamba,Littoral,2026-12-01,12,2026,0.0,1.8,14771.0,0.03,
S3_reappro_100,CA005.1,COMPLEMENT_ALIMENTAIRE,Pk11,Littoral,2026-12-01,12,2026,0.0,0.3,14771.0,0.0,
S3_reappro_100,CA005.1,COMPLEMENT_ALIMENTAIRE,Village,Littoral,2026-12-01,12,2026,0.0,1.5,14771.0,0.02,
S3_reappro_100,CA006.1,COMPLEMENT_ALIMENTAIRE,Buea,Littoral,2026-12-01,12,2026,0.0,0.1,6231.0,0.0,
S3_reappro_100,CA006.1,COMPLEMENT_ALIMENTAIRE,Ndobo,Littoral,2026-12-01,12,2026,0.0,1.2,6231.0,0.01,
S3_reappro_100,CA006.1,COMPLEMENT_ALIMENTAIRE,Nkongsamba,Littoral,2026-12-01,12,2026,0.0,0.9,6231.0,0.01,
S3_reappro_100,CA006.1,COMPLEMENT_ALIMENTAIRE,Pk11,Littoral,2026-12-01,12,2026,0.0,0.1,6231.0,0.0,
S3_reappro_100,CA006.1,COMPLEMENT_ALIMENTAIRE,Village,Littoral,2026-12-01,12,2026,0.0,0.5,6231.0,0.0,
S3_reappro_100,CA007.1,COMPLEMENT_ALIMENTAIRE,Buea,Littoral,2026-12-01,12,2026,0.0,0.1,7697.0,0.0,
S3_reappro_100,CA007.1,COMPLEMENT_ALIMENTAIRE,Ndobo,Littoral,2026-12-01,12,2026,0.0,1.5,7697.0,0.01,
S3_reappro_100,CA007.1,COMPLEMENT_ALIMENTAIRE,Nkongsamba,Littoral,2026-12-01,12,2026,0.0,2.0,7697.0,0.02,
S3_reappro_100,CA007.1,COMPLEMENT_ALIMENTAIRE,Pk11,Littoral,2026-12-01,12,2026,0.0,0.1,7697.0,0.0,
S3_reappro_100,CA007.1,COMPLEMENT_ALIMENTAIRE,Village,Littoral,2026-12-01,12,2026,0.0,0.8,7697.0,0.01,
S3_reappro_100,CA008.1,COMPLEMENT_ALIMENTAIRE,Ndobo,Littoral,2026-12-01,12,2026,0.0,0.9,15140.0,0.01,
S3_reappro_100,CA008.1,COMPLEMENT_ALIMENTAIRE,Nkongsamba,Littoral,2026-12-01,12,2026,0.0,1.2,15140.0,0.02,
S3_reappro_100,CA008.1,COMPLEMENT_ALIMENTAIRE,Pk11,Littoral,2026-12-01,12,2026,0.0,0.0,15140.0,0.0,
S3_reappro_100,CA008.1,COMPLEMENT_ALIMENTAIRE,Village,Littoral,2026-12-01,12,2026,0.0,0.6,15140.0,0.01,
S3_reappro_100,V300,COMPLEMENT_ALIMENTAIRE,Buea,Littoral,2026-12-01,12,2026,0.02,15.7,2700.0,0.04,
S3_reappro_100,V300,COMPLEMENT_ALIMENTAIRE,Ndobo,Littoral,2026-12-01,12,2026,0.02,23.5,2700.0,0.06,
S3_reappro_100,V300,COMPLEMENT_ALIMENTAIRE,Nkongsamba,Littoral,2026-12-01,12,2026,0.02,16.5,2700.0,0.04,
S3_reappro_100,V300,COMPLEMENT_ALIMENTAIRE,Pk11,Littoral,2026-12-01,12,2026,0.01,6.2,2700.0,0.02,
S3_reappro_100,V300,COMPLEMENT_ALIMENTAIRE,Village,Littoral,2026-12-01,12,2026,0.01,11.8,2700.0,0.03,
S3_reappro_100,CA001.1,COMPLEMENT_ALIMENTAIRE,Djeleng,Ouest,2026-10-01,10,2026,0.0,0.0,5067.0,0.0,
S3_reappro_100,CA001.1,COMPLEMENT_ALIMENTAIRE,Famla,Ouest,2026-10-01,10,2026,0.0,4.9,5067.0,0.02,
S3_reappro_100,CA002.1,COMPLEMENT_ALIMENTAIRE,Famla,Ouest,2026-10-01,10,2026,0.0,1.7,10248.0,0.02,
S3_reappro_100,CA002.1,COMPLEMENT_ALIMENTAIRE,Mbouda,Ouest,2026-10-01,10,2026,0.0,0.1,10248.0,0.0,
S3_reappro_100,CA003.1,COMPLEMENT_ALIMENTAIRE,Djeleng,Ouest,2026-10-01,10,2026,0.0,0.1,8242.0,0.0,
S3_reappro_100,CA003.1,COMPLEMENT_ALIMENTAIRE,Famla,Ouest,2026-10-01,10,2026,0.01,11.8,8242.0,0.1,
S3_reappro_100,CA003.1,COMPLEMENT_ALIMENTAIRE,Mbouda,Ouest,2026-10-01,10,2026,0.0,0.0,8242.0,0.0,
S3_reappro_100,CA004.1,COMPLEMENT_ALIMENTAIRE,Djeleng,Ouest,2026-10-01,10,2026,0.0,0.1,9691.0,0.0,
S3_reappro_100,CA004.1,COMPLEMENT_ALIMENTAIRE,Famla,Ouest,2026-10-01,10,2026,0.0,3.2,9691.0,0.03,
S3_reappro_100,CA005.1,COMPLEMENT_ALIMENTAIRE,Famla,Ouest,2026-10-01,10,2026,0.0,2.9,14771.0,0.04,
S3_reappro_100,CA005.1,COMPLEMENT_ALIMENTAIRE,Mbouda,Ouest,2026-10-01,10,2026,0.0,0.0,14771.0,0.0,
S3_reappro_100,CA006.1,COMPLEMENT_ALIMENTAIRE,Famla,Ouest,2026-10-01,10,2026,0.0,1.4,6231.0,0.01,
S3_reappro_100,CA006.1,COMPLEMENT_ALIMENTAIRE,Mbouda,Ouest,2026-10-01,10,2026,0.0,0.0,6231.0,0.0,
S3_reappro_100,CA007.1,COMPLEMENT_ALIMENTAIRE,Famla,Ouest,2026-10-01,10,2026,0.0,2.1,7697.0,0.02,
S3_reappro_100,CA008.1,COMPLEMENT_ALIMENTAIRE,Famla,Ouest,2026-10-01,10,2026,0.0,0.1,15140.0,0.0,
S3_reappro_100,V300,COMPLEMENT_ALIMENTAIRE,Djeleng,Ouest,2026-10-01,10,2026,0.03,34.8,2700.0,0.09,
S3_reappro_100,V300,COMPLEMENT_ALIMENTAIRE,Famla,Ouest,2026-10-01,10,2026,0.07,73.0,2700.0,0.2,
S3_reappro_100,V300,COMPLEMENT_ALIMENTAIRE,Mbouda,Ouest,2026-10-01,10,2026,0.03,25.3,2700.0,0.07,
S3_reappro_100,CA001.1,COMPLEMENT_ALIMENTAIRE,Djeleng,Ouest,2026-11-01,11,2026,0.0,0.0,5067.0,0.0,
S3_reappro_100,CA001.1,COMPLEMENT_ALIMENTAIRE,Famla,Ouest,2026-11-01,11,2026,0.0,3.8,5067.0,0.02,
S3_reappro_100,CA002.1,COMPLEMENT_ALIMENTAIRE,Famla,Ouest,2026-11-01,11,2026,0.0,1.3,10248.0,0.01,
S3_reappro_100,CA002.1,COMPLEMENT_ALIMENTAIRE,Mbouda,Ouest,2026-11-01,11,2026,0.0,0.0,10248.0,0.0,
S3_reappro_100,CA003.1,COMPLEMENT_ALIMENTAIRE,Djeleng,Ouest,2026-11-01,11,2026,0.0,0.1,8242.0,0.0,
S3_reappro_100,CA003.1,COMPLEMENT_ALIMENTAIRE,Famla,Ouest,2026-11-01,11,2026,0.01,9.2,8242.0,0.08,
S3_reappro_100,CA003.1,COMPLEMENT_ALIMENTAIRE,Mbouda,Ouest,2026-11-01,11,2026,0.0,0.0,8242.0,0.0,
S3_reappro_100,CA004.1,COMPLEMENT_ALIMENTAIRE,Djeleng,Ouest,2026-11-01,11,2026,0.0,0.0,9691.0,0.0,
S3_reappro_100,CA004.1,COMPLEMENT_ALIMENTAIRE,Famla,Ouest,2026-11-01,11,2026,0.0,2.5,9691.0,0.02,
S3_reappro_100,CA005.1,COMPLEMENT_ALIMENTAIRE,Famla,Ouest,2026-11-01,11,2026,0.0,2.2,14771.0,0.03,
S3_reappro_100,CA005.1,COMPLEMENT_ALIMENTAIRE,Mbouda,Ouest,2026-11-01,11,2026,0.0,0.0,14771.0,0.0,
S3_reappro_100,CA006.1,COMPLEMENT_ALIMENTAIRE,Famla,Ouest,2026-11-01,11,2026,0.0,1.1,6231.0,0.01,
S3_reappro_100,CA006.1,COMPLEMENT_ALIMENTAIRE,Mbouda,Ouest,2026-11-01,11,2026,0.0,0.0,6231.0,0.0,
S3_reappro_100,CA007.1,COMPLEMENT_ALIMENTAIRE,Famla,Ouest,2026-11-01,11,2026,0.0,1.6,7697.0,0.01,
S3_reappro_100,CA008.1,COMPLEMENT_ALIMENTAIRE,Famla,Ouest,2026-11-01,11,2026,0.0,0.1,15140.0,0.0,
S3_reappro_100,V300,COMPLEMENT_ALIMENTAIRE,Djeleng,Ouest,2026-11-01,11,2026,0.03,27.2,2700.0,0.07,
S3_reappro_100,V300,COMPLEMENT_ALIMENTAIRE,Famla,Ouest,2026-11-01,11,2026,0.06,56.9,2700.0,0.15,
S3_reappro_100,V300,COMPLEMENT_ALIMENTAIRE,Mbouda,Ouest,2026-11-01,11,2026,0.02,19.7,2700.0,0.05,
S3_reappro_100,CA001.1,COMPLEMENT_ALIMENTAIRE,Djeleng,Ouest,2026-12-01,12,2026,0.0,0.0,5067.0,0.0,
S3_reappro_100,CA001.1,COMPLEMENT_ALIMENTAIRE,Famla,Ouest,2026-12-01,12,2026,0.0,2.6,5067.0,0.01,
S3_reappro_100,CA002.1,COMPLEMENT_ALIMENTAIRE,Famla,Ouest,2026-12-01,12,2026,0.0,0.9,10248.0,0.01,
S3_reappro_100,CA002.1,COMPLEMENT_ALIMENTAIRE,Mbouda,Ouest,2026-12-01,12,2026,0.0,0.0,10248.0,0.0,
S3_reappro_100,CA003.1,COMPLEMENT_ALIMENTAIRE,Djeleng,Ouest,2026-12-01,12,2026,0.0,0.0,8242.0,0.0,
S3_reappro_100,CA003.1,COMPLEMENT_ALIMENTAIRE,Famla,Ouest,2026-12-01,12,2026,0.01,6.1,8242.0,0.05,
S3_reappro_100,CA003.1,COMPLEMENT_ALIMENTAIRE,Mbouda,Ouest,2026-12-01,12,2026,0.0,0.0,8242.0,0.0,
S3_reappro_100,CA004.1,COMPLEMENT_ALIMENTAIRE,Djeleng,Ouest,2026-12-01,12,2026,0.0,0.0,9691.0,0.0,
S3_reappro_100,CA004.1,COMPLEMENT_ALIMENTAIRE,Famla,Ouest,2026-12-01,12,2026,0.0,1.7,9691.0,0.02,
S3_reappro_100,CA005.1,COMPLEMENT_ALIMENTAIRE,Famla,Ouest,2026-12-01,12,2026,0.0,1.5,14771.0,0.02,
S3_reappro_100,CA005.1,COMPLEMENT_ALIMENTAIRE,Mbouda,Ouest,2026-12-01,12,2026,0.0,0.0,14771.0,0.0,
S3_reappro_100,CA006.1,COMPLEMENT_ALIMENTAIRE,Famla,Ouest,2026-12-01,12,2026,0.0,0.7,6231.0,0.0,
S3_reappro_100,CA006.1,COMPLEMENT_ALIMENTAIRE,Mbouda,Ouest,2026-12-01,12,2026,0.0,0.0,6231.0,0.0,
S3_reappro_100,CA007.1,COMPLEMENT_ALIMENTAIRE,Famla,Ouest,2026-12-01,12,2026,0.0,1.1,7697.0,0.01,
S3_reappro_100,CA008.1,COMPLEMENT_ALIMENTAIRE,Famla,Ouest,2026-12-01,12,2026,0.0,0.1,15140.0,0.0,
S3_reappro_100,V300,COMPLEMENT_ALIMENTAIRE,Djeleng,Ouest,2026-12-01,12,2026,0.02,18.2,2700.0,0.05,
S3_reappro_100,V300,COMPLEMENT_ALIMENTAIRE,Famla,Ouest,2026-12-01,12,2026,0.04,38.0,2700.0,0.1,
S3_reappro_100,V300,COMPLEMENT_ALIMENTAIRE,Mbouda,Ouest,2026-12-01,12,2026,0.01,13.2,2700.0,0.04,
S3_reappro_100,C101,CONCENTRES,Ahala,Centre,2026-10-01,10,2026,20.677763160848578,413.6,36000.0,14.89,
S3_reappro_100,C101,CONCENTRES,Bertoua,Centre,2026-10-01,10,2026,26.89848557638343,538.0,36000.0,19.37,
S3_reappro_100,C101,CONCENTRES,Messassi,Centre,2026-10-01,10,2026,24.882889662139405,497.7,36000.0,17.92,
S3_reappro_100,C101,CONCENTRES,Ngaoundere,Centre,2026-10-01,10,2026,21.22003008193961,424.4,36000.0,15.28,
S3_reappro_100,C101,CONCENTRES,Nkoabang,Centre,2026-10-01,10,2026,8.91159411830733,178.2,36000.0,6.42,
S3_reappro_100,C101,CONCENTRES,Nkolbisson,Centre,2026-10-01,10,2026,14.937918958356715,298.8,36000.0,10.76,
S3_reappro_100,C102,CONCENTRES,Ahala,Centre,2026-10-01,10,2026,0.11254596475474238,2.3,29500.0,0.07,
S3_reappro_100,C102,CONCENTRES,Bertoua,Centre,2026-10-01,10,2026,8.645576383432482,172.9,29500.0,5.1,
S3_reappro_100,C102,CONCENTRES,Messassi,Centre,2026-10-01,10,2026,0.4501838590189695,9.0,29500.0,0.27,
S3_reappro_100,C102,CONCENTRES,Ngaoundere,Centre,2026-10-01,10,2026,0.6650443371871141,13.3,29500.0,0.39,
S3_reappro_100,C102,CONCENTRES,Nkoabang,Centre,2026-10-01,10,2026,0.41948950499494886,8.4,29500.0,0.25,
S3_reappro_100,C1021,CONCENTRES,Ngaoundere,Centre,2026-10-01,10,2026,0.010231451341340217,0.2,0.0,0.0,
S3_reappro_100,C1022,CONCENTRES,Bertoua,Centre,2026-10-01,10,2026,0.0,0.0,3349.0,0.0,
S3_reappro_100,C1022,CONCENTRES,Messassi,Centre,2026-10-01,10,2026,0.020462902682680435,4.1,3349.0,0.01,
S3_reappro_100,C1022,CONCENTRES,Ngaoundere,Centre,2026-10-01,10,2026,0.04092580536536087,8.2,3349.0,0.03,
S3_reappro_100,C103,CONCENTRES,Ahala,Centre,2026-10-01,10,2026,24.68849208665394,493.8,39500.0,19.5,
S3_reappro_100,C103,CONCENTRES,Bertoua,Centre,2026-10-01,10,2026,9.239000561230215,184.8,39500.0,7.3,
S3_reappro_100,C103,CONCENTRES,Messassi,Centre,2026-10-01,10,2026,24.801038051408682,496.0,39500.0,19.59,
S3_reappro_100,C103,CONCENTRES,Ngaoundere,Centre,2026-10-01,10,2026,11.428531148277022,228.6,39500.0,9.03,
S3_reappro_100,C103,CONCENTRES,Nkoabang,Centre,2026-10-01,10,2026,13.505515770569085,270.1,39500.0,10.67,
S3_reappro_100,C103,CONCENTRES,Nkolbisson,Centre,2026-10-01,10,2026,8.226086878437533,164.5,39500.0,6.5,
S3_reappro_100,C104,CONCENTRES,Ahala,Centre,2026-10-01,10,2026,54.07322033898304,1081.5,32100.0,34.72,
S3_reappro_100,C104,CONCENTRES,Bertoua,Centre,2026-10-01,10,2026,71.01650376024244,1420.3,32100.0,45.59,
S3_reappro_100,C104,CONCENTRES,Messassi,Centre,2026-10-01,10,2026,145.88003322482882,2917.6,32100.0,93.65,
S3_reappro_100,C104,CONCENTRES,Ngaoundere,Centre,2026-10-01,10,2026,17.014903580648777,340.3,32100.0,10.92,
S3_reappro_100,C104,CONCENTRES,Nkoabang,Centre,2026-10-01,10,2026,35.35989583567179,707.2,32100.0,22.7,
S3_reappro_100,C104,CONCENTRES,Nkolbisson,Centre,2026-10-01,10,2026,30.387410483780442,607.7,32100.0,19.51,
S3_reappro_100,C1042,CONCENTRES,Bertoua,Centre,2026-10-01,10,2026,0.010231451341340217,10.2,732.0,0.01,
S3_reappro_100,C1042,CONCENTRES,Messassi,Centre,2026-10-01,10,2026,0.0,0.0,732.0,0.0,
S3_reappro_100,C1042,CONCENTRES,Nkoabang,Centre,2026-10-01,10,2026,0.0,0.0,732.0,0.0,
S3_reappro_100,C1043,CONCENTRES,Ahala,Centre,2026-10-01,10,2026,0.08185161073072174,16.4,3458.0,0.06,
S3_reappro_100,C1043,CONCENTRES,Bertoua,Centre,2026-10-01,10,2026,0.378563699629588,75.7,3458.0,0.26,
S3_reappro_100,C1043,CONCENTRES,Messassi,Centre,2026-10-01,10,2026,0.1943975754854641,38.9,3458.0,0.13,
S3_reappro_100,C1043,CONCENTRES,Ngaoundere,Centre,2026-10-01,10,2026,0.4297209563362891,85.9,3458.0,0.3,
S3_reappro_100,C1043,CONCENTRES,Nkoabang,Centre,2026-10-01,10,2026,0.04092580536536087,8.2,3458.0,0.03,
S3_reappro_100,C1043,CONCENTRES,Nkolbisson,Centre,2026-10-01,10,2026,0.11254596475474238,22.5,3458.0,0.08,
S3_reappro_100,C1044,CONCENTRES,Ahala,Centre,2026-10-01,10,2026,0.020462902682680435,0.8,16859.0,0.01,
S3_reappro_100,C1044,CONCENTRES,Bertoua,Centre,2026-10-01,10,2026,0.5524983724323718,22.1,16859.0,0.37,
S3_reappro_100,C1044,CONCENTRES,Messassi,Centre,2026-10-01,10,2026,0.613887080480413,24.6,16859.0,0.41,
S3_reappro_100,C1044,CONCENTRES,Ngaoundere,Centre,2026-10-01,10,2026,0.521804018408351,20.9,16859.0,0.35,
S3_reappro_100,C1044,CONCENTRES,Nkoabang,Centre,2026-10-01,10,2026,0.09208306207206195,3.7,16859.0,0.06,
S3_reappro_100,C1044,CONCENTRES,Nkolbisson,Centre,2026-10-01,10,2026,0.1943975754854641,7.8,16859.0,0.13,
S3_reappro_100,C105,CONCENTRES,Ahala,Centre,2026-10-01,10,2026,15.17324233920754,303.5,27500.0,8.35,
S3_reappro_100,C105,CONCENTRES,Bertoua,Centre,2026-10-01,10,2026,13.290655292400942,265.8,27500.0,7.31,
S3_reappro_100,C105,CONCENTRES,Messassi,Centre,2026-10-01,10,2026,17.465087439667748,349.3,27500.0,9.61,
S3_reappro_100,C105,CONCENTRES,Ngaoundere,Centre,2026-10-01,10,2026,3.8470257043439213,76.9,27500.0,2.12,
S3_reappro_100,C105,CONCENTRES,Nkoabang,Centre,2026-10-01,10,2026,5.125957122011449,102.5,27500.0,2.82,
S3_reappro_100,C105,CONCENTRES,Nkolbisson,Centre,2026-10-01,10,2026,5.0031797059153655,100.1,27500.0,2.75,
S3_reappro_100,C1053,CONCENTRES,Bertoua,Centre,2026-10-01,10,2026,0.010231451341340217,10.2,639.0,0.01,
S3_reappro_100,C1053,CONCENTRES,Messassi,Centre,2026-10-01,10,2026,0.030694354024020647,30.7,639.0,0.02,
S3_reappro_100,C1053,CONCENTRES,Ngaoundere,Centre,2026-10-01,10,2026,0.0,0.0,639.0,0.0,
S3_reappro_100,C1053,CONCENTRES,Nkoabang,Centre,2026-10-01,10,2026,0.0,0.0,639.0,0.0,
S3_reappro_100,C1054,CONCENTRES,Ahala,Centre,2026-10-01,10,2026,0.030694354024020647,6.1,2960.0,0.02,
S3_reappro_100,C1054,CONCENTRES,Bertoua,Centre,2026-10-01,10,2026,0.22509192950948476,45.0,2960.0,0.13,
S3_reappro_100,C1054,CONCENTRES,Messassi,Centre,2026-10-01,10,2026,0.13300886743742282,26.6,2960.0,0.08,
S3_reappro_100,C1054,CONCENTRES,Ngaoundere,Centre,2026-10-01,10,2026,0.051157256706701085,10.2,2960.0,0.03,
S3_reappro_100,C1054,CONCENTRES,Nkoabang,Centre,2026-10-01,10,2026,0.04092580536536087,8.2,2960.0,0.02,
S3_reappro_100,C1054,CONCENTRES,Nkolbisson,Centre,2026-10-01,10,2026,0.10231451341340217,20.5,2960.0,0.06,
S3_reappro_100,C1055,CONCENTRES,Bertoua,Centre,2026-10-01,10,2026,0.1841661241441239,7.4,14813.0,0.11,
S3_reappro_100,C1055,CONCENTRES,Messassi,Centre,2026-10-01,10,2026,0.21486047816814455,8.6,14813.0,0.13,
S3_reappro_100,C1055,CONCENTRES,Ngaoundere,Centre,2026-10-01,10,2026,0.2762491862161859,11.0,14813.0,0.16,
S3_reappro_100,C1055,CONCENTRES,Nkoabang,Centre,2026-10-01,10,2026,0.020462902682680435,0.8,14813.0,0.01,
S3_reappro_100,C1055,CONCENTRES,Nkolbisson,Centre,2026-10-01,10,2026,0.08185161073072174,3.3,14813.0,0.05,
S3_reappro_100,C101,CONCENTRES,Ahala,Centre,2026-11-01,11,2026,20.6,412.1,36000.0,14.83,
S3_reappro_100,C101,CONCENTRES,Bertoua,Centre,2026-11-01,11,2026,26.81,536.1,36000.0,19.3,
S3_reappro_100,C101,CONCENTRES,Messassi,Centre,2026-11-01,11,2026,24.8,496.0,36000.0,17.85,
S3_reappro_100,C101,CONCENTRES,Ngaoundere,Centre,2026-11-01,11,2026,21.14,422.8,36000.0,15.22,
S3_reappro_100,C101,CONCENTRES,Nkoabang,Centre,2026-11-01,11,2026,8.88,177.6,36000.0,6.39,
S3_reappro_100,C101,CONCENTRES,Nkolbisson,Centre,2026-11-01,11,2026,14.88,297.6,36000.0,10.71,
S3_reappro_100,C102,CONCENTRES,Ahala,Centre,2026-11-01,11,2026,0.11,2.3,29500.0,0.07,
S3_reappro_100,C102,CONCENTRES,Bertoua,Centre,2026-11-01,11,2026,8.62,172.4,29500.0,5.08,
S3_reappro_100,C102,CONCENTRES,Messassi,Centre,2026-11-01,11,2026,0.45,9.1,29500.0,0.27,
S3_reappro_100,C102,CONCENTRES,Ngaoundere,Centre,2026-11-01,11,2026,0.66,13.2,29500.0,0.39,
S3_reappro_100,C102,CONCENTRES,Nkoabang,Centre,2026-11-01,11,2026,0.41,8.3,29500.0,0.24,
S3_reappro_100,C1021,CONCENTRES,Ngaoundere,Centre,2026-11-01,11,2026,0.01,0.1,0.0,0.0,
S3_reappro_100,C1022,CONCENTRES,Bertoua,Centre,2026-11-01,11,2026,0.0,0.3,3349.0,0.0,
S3_reappro_100,C1022,CONCENTRES,Messassi,Centre,2026-11-01,11,2026,0.02,4.1,3349.0,0.01,
S3_reappro_100,C1022,CONCENTRES,Ngaoundere,Centre,2026-11-01,11,2026,0.04,7.6,3349.0,0.03,
S3_reappro_100,C103,CONCENTRES,Ahala,Centre,2026-11-01,11,2026,24.6,492.0,39500.0,19.43,
S3_reappro_100,C103,CONCENTRES,Bertoua,Centre,2026-11-01,11,2026,9.21,184.1,39500.0,7.27,
S3_reappro_100,C103,CONCENTRES,Messassi,Centre,2026-11-01,11,2026,24.71,494.2,39500.0,19.52,
S3_reappro_100,C103,CONCENTRES,Ngaoundere,Centre,2026-11-01,11,2026,11.38,227.7,39500.0,8.99,
S3_reappro_100,C103,CONCENTRES,Nkoabang,Centre,2026-11-01,11,2026,13.46,269.1,39500.0,10.63,
S3_reappro_100,C103,CONCENTRES,Nkolbisson,Centre,2026-11-01,11,2026,8.19,163.9,39500.0,6.47,
S3_reappro_100,C104,CONCENTRES,Ahala,Centre,2026-11-01,11,2026,53.89,1077.8,32100.0,34.6,
S3_reappro_100,C104,CONCENTRES,Bertoua,Centre,2026-11-01,11,2026,70.77,1415.4,32100.0,45.44,
S3_reappro_100,C104,CONCENTRES,Messassi,Centre,2026-11-01,11,2026,145.37,2907.5,32100.0,93.33,
S3_reappro_100,C104,CONCENTRES,Ngaoundere,Centre,2026-11-01,11,2026,16.95,339.1,32100.0,10.88,
S3_reappro_100,C104,CONCENTRES,Nkoabang,Centre,2026-11-01,11,2026,35.24,704.8,32100.0,22.62,
S3_reappro_100,C104,CONCENTRES,Nkolbisson,Centre,2026-11-01,11,2026,30.28,605.6,32100.0,19.44,
S3_reappro_100,C1042,CONCENTRES,Bertoua,Centre,2026-11-01,11,2026,0.01,9.6,732.0,0.01,
S3_reappro_100,C1042,CONCENTRES,Messassi,Centre,2026-11-01,11,2026,0.0,3.4,732.0,0.0,
S3_reappro_100,C1042,CONCENTRES,Nkoabang,Centre,2026-11-01,11,2026,0.0,1.3,732.0,0.0,
S3_reappro_100,C1043,CONCENTRES,Ahala,Centre,2026-11-01,11,2026,0.08,16.3,3458.0,0.06,
S3_reappro_100,C1043,CONCENTRES,Bertoua,Centre,2026-11-01,11,2026,0.38,76.1,3458.0,0.26,
S3_reappro_100,C1043,CONCENTRES,Messassi,Centre,2026-11-01,11,2026,0.19,38.3,3458.0,0.13,
S3_reappro_100,C1043,CONCENTRES,Ngaoundere,Centre,2026-11-01,11,2026,0.42,84.7,3458.0,0.29,
S3_reappro_100,C1043,CONCENTRES,Nkoabang,Centre,2026-11-01,11,2026,0.04,7.7,3458.0,0.03,
S3_reappro_100,C1043,CONCENTRES,Nkolbisson,Centre,2026-11-01,11,2026,0.11,22.7,3458.0,0.08,
S3_reappro_100,C1044,CONCENTRES,Ahala,Centre,2026-11-01,11,2026,0.02,0.9,16859.0,0.02,
S3_reappro_100,C1044,CONCENTRES,Bertoua,Centre,2026-11-01,11,2026,0.55,22.1,16859.0,0.37,
S3_reappro_100,C1044,CONCENTRES,Messassi,Centre,2026-11-01,11,2026,0.61,24.6,16859.0,0.41,
S3_reappro_100,C1044,CONCENTRES,Ngaoundere,Centre,2026-11-01,11,2026,0.52,20.9,16859.0,0.35,
S3_reappro_100,C1044,CONCENTRES,Nkoabang,Centre,2026-11-01,11,2026,0.1,3.8,16859.0,0.06,
S3_reappro_100,C1044,CONCENTRES,Nkolbisson,Centre,2026-11-01,11,2026,0.19,7.6,16859.0,0.13,
S3_reappro_100,C105,CONCENTRES,Ahala,Centre,2026-11-01,11,2026,15.12,302.3,27500.0,8.31,
S3_reappro_100,C105,CONCENTRES,Bertoua,Centre,2026-11-01,11,2026,13.25,265.0,27500.0,7.29,
S3_reappro_100,C105,CONCENTRES,Messassi,Centre,2026-11-01,11,2026,17.4,348.1,27500.0,9.57,
S3_reappro_100,C105,CONCENTRES,Ngaoundere,Centre,2026-11-01,11,2026,3.83,76.6,27500.0,2.11,
S3_reappro_100,C105,CONCENTRES,Nkoabang,Centre,2026-11-01,11,2026,5.11,102.1,27500.0,2.81,
S3_reappro_100,C105,CONCENTRES,Nkolbisson,Centre,2026-11-01,11,2026,4.99,99.7,27500.0,2.74,
S3_reappro_100,C1053,CONCENTRES,Bertoua,Centre,2026-11-01,11,2026,0.01,5.4,639.0,0.0,
S3_reappro_100,C1053,CONCENTRES,Messassi,Centre,2026-11-01,11,2026,0.03,30.7,639.0,0.02,
S3_reappro_100,C1053,CONCENTRES,Ngaoundere,Centre,2026-11-01,11,2026,0.0,0.5,639.0,0.0,
S3_reappro_100,C1053,CONCENTRES,Nkoabang,Centre,2026-11-01,11,2026,0.0,3.3,639.0,0.0,
S3_reappro_100,C1054,CONCENTRES,Ahala,Centre,2026-11-01,11,2026,0.03,5.9,2960.0,0.02,
S3_reappro_100,C1054,CONCENTRES,Bertoua,Centre,2026-11-01,11,2026,0.22,44.3,2960.0,0.13,
S3_reappro_100,C1054,CONCENTRES,Messassi,Centre,2026-11-01,11,2026,0.13,25.8,2960.0,0.08,
S3_reappro_100,C1054,CONCENTRES,Ngaoundere,Centre,2026-11-01,11,2026,0.05,10.9,2960.0,0.03,
S3_reappro_100,C1054,CONCENTRES,Nkoabang,Centre,2026-11-01,11,2026,0.04,8.0,2960.0,0.02,
S3_reappro_100,C1054,CONCENTRES,Nkolbisson,Centre,2026-11-01,11,2026,0.1,20.5,2960.0,0.06,
S3_reappro_100,C1055,CONCENTRES,Bertoua,Centre,2026-11-01,11,2026,0.19,7.5,14813.0,0.11,
S3_reappro_100,C1055,CONCENTRES,Messassi,Centre,2026-11-01,11,2026,0.22,8.7,14813.0,0.13,
S3_reappro_100,C1055,CONCENTRES,Ngaoundere,Centre,2026-11-01,11,2026,0.28,11.1,14813.0,0.16,
S3_reappro_100,C1055,CONCENTRES,Nkoabang,Centre,2026-11-01,11,2026,0.02,0.8,14813.0,0.01,
S3_reappro_100,C1055,CONCENTRES,Nkolbisson,Centre,2026-11-01,11,2026,0.08,3.2,14813.0,0.05,
S3_reappro_100,C101,CONCENTRES,Ahala,Centre,2026-12-01,12,2026,21.86,437.1,36000.0,15.74,
S3_reappro_100,C101,CONCENTRES,Bertoua,Centre,2026-12-01,12,2026,28.44,568.7,36000.0,20.47,
S3_reappro_100,C101,CONCENTRES,Messassi,Centre,2026-12-01,12,2026,26.31,526.1,36000.0,18.94,
S3_reappro_100,C101,CONCENTRES,Ngaoundere,Centre,2026-12-01,12,2026,22.43,448.5,36000.0,16.15,
S3_reappro_100,C101,CONCENTRES,Nkoabang,Centre,2026-12-01,12,2026,9.42,188.4,36000.0,6.78,
S3_reappro_100,C101,CONCENTRES,Nkolbisson,Centre,2026-12-01,12,2026,15.79,315.7,36000.0,11.37,
S3_reappro_100,C102,CONCENTRES,Ahala,Centre,2026-12-01,12,2026,0.12,2.4,29500.0,0.07,
S3_reappro_100,C102,CONCENTRES,Bertoua,Centre,2026-12-01,12,2026,9.14,182.8,29500.0,5.39,
S3_reappro_100,C102,CONCENTRES,Messassi,Centre,2026-12-01,12,2026,0.48,9.6,29500.0,0.28,
S3_reappro_100,C102,CONCENTRES,Ngaoundere,Centre,2026-12-01,12,2026,0.7,14.1,29500.0,0.41,
S3_reappro_100,C102,CONCENTRES,Nkoabang,Centre,2026-12-01,12,2026,0.44,8.8,29500.0,0.26,
S3_reappro_100,C1021,CONCENTRES,Ngaoundere,Centre,2026-12-01,12,2026,0.01,0.1,0.0,0.0,
S3_reappro_100,C1022,CONCENTRES,Bertoua,Centre,2026-12-01,12,2026,0.0,0.3,3349.0,0.0,
S3_reappro_100,C1022,CONCENTRES,Messassi,Centre,2026-12-01,12,2026,0.02,4.3,3349.0,0.01,
S3_reappro_100,C1022,CONCENTRES,Ngaoundere,Centre,2026-12-01,12,2026,0.04,8.0,3349.0,0.03,
S3_reappro_100,C103,CONCENTRES,Ahala,Centre,2026-12-01,12,2026,26.09,521.9,39500.0,20.61,
S3_reappro_100,C103,CONCENTRES,Bertoua,Centre,2026-12-01,12,2026,9.77,195.3,39500.0,7.72,
S3_reappro_100,C103,CONCENTRES,Messassi,Centre,2026-12-01,12,2026,26.21,524.2,39500.0,20.71,
S3_reappro_100,C103,CONCENTRES,Ngaoundere,Centre,2026-12-01,12,2026,12.08,241.5,39500.0,9.54,
S3_reappro_100,C103,CONCENTRES,Nkoabang,Centre,2026-12-01,12,2026,14.27,285.5,39500.0,11.28,
S3_reappro_100,C103,CONCENTRES,Nkolbisson,Centre,2026-12-01,12,2026,8.69,173.8,39500.0,6.87,
S3_reappro_100,C104,CONCENTRES,Ahala,Centre,2026-12-01,12,2026,57.17,1143.3,32100.0,36.7,
S3_reappro_100,C104,CONCENTRES,Bertoua,Centre,2026-12-01,12,2026,75.07,1501.5,32100.0,48.2,
S3_reappro_100,C104,CONCENTRES,Messassi,Centre,2026-12-01,12,2026,154.21,3084.3,32100.0,99.01,
S3_reappro_100,C104,CONCENTRES,Ngaoundere,Centre,2026-12-01,12,2026,17.98,359.7,32100.0,11.55,
S3_reappro_100,C104,CONCENTRES,Nkoabang,Centre,2026-12-01,12,2026,37.38,747.6,32100.0,24.0,
S3_reappro_100,C104,CONCENTRES,Nkolbisson,Centre,2026-12-01,12,2026,32.12,642.5,32100.0,20.62,
S3_reappro_100,C1042,CONCENTRES,Bertoua,Centre,2026-12-01,12,2026,0.01,10.2,732.0,0.01,
S3_reappro_100,C1042,CONCENTRES,Messassi,Centre,2026-12-01,12,2026,0.0,3.6,732.0,0.0,
S3_reappro_100,C1042,CONCENTRES,Nkoabang,Centre,2026-12-01,12,2026,0.0,1.4,732.0,0.0,
S3_reappro_100,C1043,CONCENTRES,Ahala,Centre,2026-12-01,12,2026,0.09,17.2,3458.0,0.06,
S3_reappro_100,C1043,CONCENTRES,Bertoua,Centre,2026-12-01,12,2026,0.4,80.7,3458.0,0.28,
S3_reappro_100,C1043,CONCENTRES,Messassi,Centre,2026-12-01,12,2026,0.2,40.7,3458.0,0.14,
S3_reappro_100,C1043,CONCENTRES,Ngaoundere,Centre,2026-12-01,12,2026,0.45,89.8,3458.0,0.31,
S3_reappro_100,C1043,CONCENTRES,Nkoabang,Centre,2026-12-01,12,2026,0.04,8.1,3458.0,0.03,
S3_reappro_100,C1043,CONCENTRES,Nkolbisson,Centre,2026-12-01,12,2026,0.12,24.1,3458.0,0.08,
S3_reappro_100,C1044,CONCENTRES,Ahala,Centre,2026-12-01,12,2026,0.02,1.0,16859.0,0.02,
S3_reappro_100,C1044,CONCENTRES,Bertoua,Centre,2026-12-01,12,2026,0.59,23.5,16859.0,0.4,
S3_reappro_100,C1044,CONCENTRES,Messassi,Centre,2026-12-01,12,2026,0.65,26.1,16859.0,0.44,
S3_reappro_100,C1044,CONCENTRES,Ngaoundere,Centre,2026-12-01,12,2026,0.55,22.1,16859.0,0.37,
S3_reappro_100,C1044,CONCENTRES,Nkoabang,Centre,2026-12-01,12,2026,0.1,4.1,16859.0,0.07,
S3_reappro_100,C1044,CONCENTRES,Nkolbisson,Centre,2026-12-01,12,2026,0.2,8.1,16859.0,0.14,
S3_reappro_100,C105,CONCENTRES,Ahala,Centre,2026-12-01,12,2026,16.04,320.7,27500.0,8.82,
S3_reappro_100,C105,CONCENTRES,Bertoua,Centre,2026-12-01,12,2026,14.05,281.1,27500.0,7.73,
S3_reappro_100,C105,CONCENTRES,Messassi,Centre,2026-12-01,12,2026,18.46,369.2,27500.0,10.15,
S3_reappro_100,C105,CONCENTRES,Ngaoundere,Centre,2026-12-01,12,2026,4.07,81.3,27500.0,2.24,
S3_reappro_100,C105,CONCENTRES,Nkoabang,Centre,2026-12-01,12,2026,5.42,108.3,27500.0,2.98,
S3_reappro_100,C105,CONCENTRES,Nkolbisson,Centre,2026-12-01,12,2026,5.29,105.8,27500.0,2.91,
S3_reappro_100,C1053,CONCENTRES,Bertoua,Centre,2026-12-01,12,2026,0.01,5.7,639.0,0.0,
S3_reappro_100,C1053,CONCENTRES,Messassi,Centre,2026-12-01,12,2026,0.03,32.6,639.0,0.02,
S3_reappro_100,C1053,CONCENTRES,Ngaoundere,Centre,2026-12-01,12,2026,0.0,0.5,639.0,0.0,
S3_reappro_100,C1053,CONCENTRES,Nkoabang,Centre,2026-12-01,12,2026,0.0,3.5,639.0,0.0,
S3_reappro_100,C1054,CONCENTRES,Ahala,Centre,2026-12-01,12,2026,0.03,6.2,2960.0,0.02,
S3_reappro_100,C1054,CONCENTRES,Bertoua,Centre,2026-12-01,12,2026,0.24,47.0,2960.0,0.14,
S3_reappro_100,C1054,CONCENTRES,Messassi,Centre,2026-12-01,12,2026,0.14,27.4,2960.0,0.08,
S3_reappro_100,C1054,CONCENTRES,Ngaoundere,Centre,2026-12-01,12,2026,0.06,11.5,2960.0,0.03,
S3_reappro_100,C1054,CONCENTRES,Nkoabang,Centre,2026-12-01,12,2026,0.04,8.5,2960.0,0.03,
S3_reappro_100,C1054,CONCENTRES,Nkolbisson,Centre,2026-12-01,12,2026,0.11,21.8,2960.0,0.06,
S3_reappro_100,C1055,CONCENTRES,Bertoua,Centre,2026-12-01,12,2026,0.2,7.9,14813.0,0.12,
S3_reappro_100,C1055,CONCENTRES,Messassi,Centre,2026-12-01,12,2026,0.23,9.2,14813.0,0.14,
S3_reappro_100,C1055,CONCENTRES,Ngaoundere,Centre,2026-12-01,12,2026,0.29,11.7,14813.0,0.17,
S3_reappro_100,C1055,CONCENTRES,Nkoabang,Centre,2026-12-01,12,2026,0.02,0.9,14813.0,0.01,
S3_reappro_100,C1055,CONCENTRES,Nkolbisson,Centre,2026-12-01,12,2026,0.09,3.4,14813.0,0.05,
S3_reappro_100,C101,CONCENTRES,Buea,Littoral,2026-10-01,10,2026,3.451453465346534,69.0,36000.0,2.49,
S3_reappro_100,C101,CONCENTRES,Ndobo,Littoral,2026-10-01,10,2026,17.686634743474347,353.7,36000.0,12.73,
S3_reappro_100,C101,CONCENTRES,Nkongsamba,Littoral,2026-10-01,10,2026,4.590928532853285,91.8,36000.0,3.31,
S3_reappro_100,C101,CONCENTRES,Pk11,Littoral,2026-10-01,10,2026,0.6770793879387937,13.5,36000.0,0.49,
S3_reappro_100,C101,CONCENTRES,Village,Littoral,2026-10-01,10,2026,3.930363276327632,78.6,36000.0,2.83,
S3_reappro_100,C102,CONCENTRES,Ndobo,Littoral,2026-10-01,10,2026,1.8165544554455446,36.3,29500.0,1.07,
S3_reappro_100,C102,CONCENTRES,Nkongsamba,Littoral,2026-10-01,10,2026,0.09908478847884787,2.0,29500.0,0.06,
S3_reappro_100,C102,CONCENTRES,Pk11,Littoral,2026-10-01,10,2026,1.5688424842484248,31.4,29500.0,0.93,
S3_reappro_100,C102,CONCENTRES,Village,Littoral,2026-10-01,10,2026,1.948667506750675,39.0,29500.0,1.15,
S3_reappro_100,C1022,CONCENTRES,Ndobo,Littoral,2026-10-01,10,2026,0.0,0.0,3349.0,0.0,
S3_reappro_100,C1022,CONCENTRES,Nkongsamba,Littoral,2026-10-01,10,2026,0.016514131413141314,3.3,3349.0,0.01,
S3_reappro_100,C103,CONCENTRES,Buea,Littoral,2026-10-01,10,2026,10.469959315931593,209.4,39500.0,8.27,
S3_reappro_100,C103,CONCENTRES,Ndobo,Littoral,2026-10-01,10,2026,24.75468298829883,495.1,39500.0,19.56,
S3_reappro_100,C103,CONCENTRES,Nkongsamba,Littoral,2026-10-01,10,2026,2.5927186318631863,51.9,39500.0,2.05,
S3_reappro_100,C103,CONCENTRES,Pk11,Littoral,2026-10-01,10,2026,2.8239164716471645,56.5,39500.0,2.23,
S3_reappro_100,C103,CONCENTRES,Village,Littoral,2026-10-01,10,2026,7.001991719171917,140.0,39500.0,5.53,
S3_reappro_100,C104,CONCENTRES,Buea,Littoral,2026-10-01,10,2026,88.36711719171916,1767.3,32100.0,56.73,
S3_reappro_100,C104,CONCENTRES,Ndobo,Littoral,2026-10-01,10,2026,205.88167632763276,4117.6,32100.0,132.18,
S3_reappro_100,C104,CONCENTRES,Nkongsamba,Littoral,2026-10-01,10,2026,78.14486984698469,1562.9,32100.0,50.17,
S3_reappro_100,C104,CONCENTRES,Pk11,Littoral,2026-10-01,10,2026,49.01394203420342,980.3,32100.0,31.47,
S3_reappro_100,C104,CONCENTRES,Village,Littoral,2026-10-01,10,2026,115.00441116111611,2300.1,32100.0,73.83,
S3_reappro_100,C1042,CONCENTRES,Buea,Littoral,2026-10-01,10,2026,0.016514131413141314,16.5,732.0,0.01,
S3_reappro_100,C1042,CONCENTRES,Ndobo,Littoral,2026-10-01,10,2026,0.049542394239423936,49.5,732.0,0.04,
S3_reappro_100,C1042,CONCENTRES,Nkongsamba,Littoral,2026-10-01,10,2026,0.7101076507650764,710.1,732.0,0.52,
S3_reappro_100,C1042,CONCENTRES,Pk11,Littoral,2026-10-01,10,2026,0.0,0.0,732.0,0.0,
S3_reappro_100,C1042,CONCENTRES,Village,Littoral,2026-10-01,10,2026,0.06605652565256526,66.1,732.0,0.05,
S3_reappro_100,C1043,CONCENTRES,Buea,Littoral,2026-10-01,10,2026,0.08257065706570657,16.5,3458.0,0.06,
S3_reappro_100,C1043,CONCENTRES,Ndobo,Littoral,2026-10-01,10,2026,0.34679675967596757,69.4,3458.0,0.24,
S3_reappro_100,C1043,CONCENTRES,Nkongsamba,Littoral,2026-10-01,10,2026,0.8587348334833483,171.7,3458.0,0.59,
S3_reappro_100,C1043,CONCENTRES,Pk11,Littoral,2026-10-01,10,2026,0.09908478847884787,19.8,3458.0,0.07,
S3_reappro_100,C1043,CONCENTRES,Village,Littoral,2026-10-01,10,2026,0.31376849684968494,62.8,3458.0,0.22,
S3_reappro_100,C1044,CONCENTRES,Buea,Littoral,2026-10-01,10,2026,0.08257065706570657,3.3,16859.0,0.06,
S3_reappro_100,C1044,CONCENTRES,Ndobo,Littoral,2026-10-01,10,2026,0.3302826282628263,13.2,16859.0,0.22,
S3_reappro_100,C1044,CONCENTRES,Nkongsamba,Littoral,2026-10-01,10,2026,0.28074023402340237,11.2,16859.0,0.19,
S3_reappro_100,C1044,CONCENTRES,Pk11,Littoral,2026-10-01,10,2026,0.16514131413141314,6.6,16859.0,0.11,
S3_reappro_100,C1044,CONCENTRES,Village,Littoral,2026-10-01,10,2026,0.5779945994599459,23.1,16859.0,0.39,
S3_reappro_100,C105,CONCENTRES,Buea,Littoral,2026-10-01,10,2026,3.6165947794779476,72.3,27500.0,1.99,
S3_reappro_100,C105,CONCENTRES,Ndobo,Littoral,2026-10-01,10,2026,33.19340414041404,663.9,27500.0,18.26,
S3_reappro_100,C105,CONCENTRES,Nkongsamba,Littoral,2026-10-01,10,2026,30.286917011701167,605.7,27500.0,16.66,
S3_reappro_100,C105,CONCENTRES,Pk11,Littoral,2026-10-01,10,2026,4.491843744374438,89.8,27500.0,2.47,
S3_reappro_100,C105,CONCENTRES,Village,Littoral,2026-10-01,10,2026,32.83009324932493,656.6,27500.0,18.06,
S3_reappro_100,C1051,CONCENTRES,Village,Littoral,2026-10-01,10,2026,0.21468370837083708,4.3,0.0,0.0,
S3_reappro_100,C1053,CONCENTRES,Buea,Littoral,2026-10-01,10,2026,0.1486271827182718,148.6,639.0,0.09,
S3_reappro_100,C1053,CONCENTRES,Ndobo,Littoral,2026-10-01,10,2026,0.1486271827182718,148.6,639.0,0.09,
S3_reappro_100,C1053,CONCENTRES,Nkongsamba,Littoral,2026-10-01,10,2026,1.3211305130513051,1321.1,639.0,0.84,
S3_reappro_100,C1053,CONCENTRES,Pk11,Littoral,2026-10-01,10,2026,0.0,0.0,639.0,0.0,
S3_reappro_100,C1053,CONCENTRES,Village,Littoral,2026-10-01,10,2026,0.09908478847884787,99.1,639.0,0.06,
S3_reappro_100,C1054,CONCENTRES,Buea,Littoral,2026-10-01,10,2026,0.03302826282628263,6.6,2960.0,0.02,
S3_reappro_100,C1054,CONCENTRES,Ndobo,Littoral,2026-10-01,10,2026,0.8257065706570657,165.1,2960.0,0.49,
S3_reappro_100,C1054,CONCENTRES,Nkongsamba,Littoral,2026-10-01,10,2026,1.6514131413141313,330.3,2960.0,0.98,
S3_reappro_100,C1054,CONCENTRES,Pk11,Littoral,2026-10-01,10,2026,0.049542394239423936,9.9,2960.0,0.03,
S3_reappro_100,C1054,CONCENTRES,Village,Littoral,2026-10-01,10,2026,0.28074023402340237,56.1,2960.0,0.17,
S3_reappro_100,C1055,CONCENTRES,Buea,Littoral,2026-10-01,10,2026,0.016514131413141314,0.7,14813.0,0.01,
S3_reappro_100,C1055,CONCENTRES,Ndobo,Littoral,2026-10-01,10,2026,0.1155989198919892,4.6,14813.0,0.07,
S3_reappro_100,C1055,CONCENTRES,Nkongsamba,Littoral,2026-10-01,10,2026,0.264226102610261,10.6,14813.0,0.16,
S3_reappro_100,C1055,CONCENTRES,Pk11,Littoral,2026-10-01,10,2026,0.016514131413141314,0.7,14813.0,0.01,
S3_reappro_100,C1055,CONCENTRES,Village,Littoral,2026-10-01,10,2026,0.4623956795679568,18.5,14813.0,0.27,
S3_reappro_100,C108,CONCENTRES,Ndobo,Littoral,2026-10-01,10,2026,0.0,0.0,30000.0,0.0,
S3_reappro_100,C101,CONCENTRES,Buea,Littoral,2026-11-01,11,2026,4.383220431602886,87.7,36000.0,3.16,
S3_reappro_100,C101,CONCENTRES,Ndobo,Littoral,2026-11-01,11,2026,22.418346165802266,448.4,36000.0,16.14,
S3_reappro_100,C101,CONCENTRES,Nkongsamba,Littoral,2026-11-01,11,2026,5.829074393416339,116.6,36000.0,4.2,
S3_reappro_100,C101,CONCENTRES,Pk11,Littoral,2026-11-01,11,2026,0.8522928617005614,17.0,36000.0,0.61,
S3_reappro_100,C101,CONCENTRES,Village,Littoral,2026-11-01,11,2026,4.976781531715778,99.5,36000.0,3.58,
S3_reappro_100,C102,CONCENTRES,Ndobo,Littoral,2026-11-01,11,2026,2.2981468235140134,46.0,29500.0,1.36,
S3_reappro_100,C102,CONCENTRES,Nkongsamba,Littoral,2026-11-01,11,2026,0.12175612310008019,2.4,29500.0,0.07,
S3_reappro_100,C102,CONCENTRES,Pk11,Littoral,2026-11-01,11,2026,1.993756515763813,39.9,29500.0,1.18,
S3_reappro_100,C102,CONCENTRES,Village,Littoral,2026-11-01,11,2026,2.4807810081641337,49.6,29500.0,1.46,
S3_reappro_100,C1022,CONCENTRES,Ndobo,Littoral,2026-11-01,11,2026,0.015219515387510024,3.0,3349.0,0.01,
S3_reappro_100,C1022,CONCENTRES,Nkongsamba,Littoral,2026-11-01,11,2026,0.015219515387510024,3.0,3349.0,0.01,
S3_reappro_100,C103,CONCENTRES,Buea,Littoral,2026-11-01,11,2026,13.271417417908742,265.4,39500.0,10.48,
S3_reappro_100,C103,CONCENTRES,Ndobo,Littoral,2026-11-01,11,2026,31.38264072904567,627.7,39500.0,24.79,
S3_reappro_100,C103,CONCENTRES,Nkongsamba,Littoral,2026-11-01,11,2026,3.2874153237021653,65.7,39500.0,2.6,
S3_reappro_100,C103,CONCENTRES,Pk11,Littoral,2026-11-01,11,2026,3.5918056314523654,71.8,39500.0,2.84,
S3_reappro_100,C103,CONCENTRES,Village,Littoral,2026-11-01,11,2026,8.872977470918343,177.5,39500.0,7.01,
S3_reappro_100,C104,CONCENTRES,Buea,Littoral,2026-11-01,11,2026,112.01563325207375,2240.3,32100.0,71.91,
S3_reappro_100,C104,CONCENTRES,Ndobo,Littoral,2026-11-01,11,2026,260.96903034963435,5219.4,32100.0,167.54,
S3_reappro_100,C104,CONCENTRES,Nkongsamba,Littoral,2026-11-01,11,2026,99.04860614191523,1981.0,32100.0,63.59,
S3_reappro_100,C104,CONCENTRES,Pk11,Littoral,2026-11-01,11,2026,62.126061811815916,1242.5,32100.0,39.88,
S3_reappro_100,C104,CONCENTRES,Village,Littoral,2026-11-01,11,2026,145.78773789695853,2915.8,32100.0,93.6,
S3_reappro_100,C1042,CONCENTRES,Buea,Littoral,2026-11-01,11,2026,0.015219515387510024,15.2,732.0,0.01,
S3_reappro_100,C1042,CONCENTRES,Ndobo,Littoral,2026-11-01,11,2026,0.04565854616253007,45.7,732.0,0.03,
S3_reappro_100,C1042,CONCENTRES,Nkongsamba,Littoral,2026-11-01,11,2026,0.8979514078630914,898.0,732.0,0.66,
S3_reappro_100,C1042,CONCENTRES,Pk11,Littoral,2026-11-01,11,2026,0.0,0.0,732.0,0.0,
S3_reappro_100,C1042,CONCENTRES,Village,Littoral,2026-11-01,11,2026,0.09131709232506013,91.3,732.0,0.07,
S3_reappro_100,C1043,CONCENTRES,Buea,Littoral,2026-11-01,11,2026,0.10653660771257017,21.3,3458.0,0.07,
S3_reappro_100,C1043,CONCENTRES,Ndobo,Littoral,2026-11-01,11,2026,0.44136594623779063,88.3,3458.0,0.31,
S3_reappro_100,C1043,CONCENTRES,Nkongsamba,Littoral,2026-11-01,11,2026,1.0958051079007216,219.2,3458.0,0.76,
S3_reappro_100,C1043,CONCENTRES,Pk11,Littoral,2026-11-01,11,2026,0.12175612310008019,24.4,3458.0,0.08,
S3_reappro_100,C1043,CONCENTRES,Village,Littoral,2026-11-01,11,2026,0.3957074000752606,79.1,3458.0,0.27,
S3_reappro_100,C1044,CONCENTRES,Buea,Littoral,2026-11-01,11,2026,0.10653660771257017,4.3,16859.0,0.07,
S3_reappro_100,C1044,CONCENTRES,Ndobo,Littoral,2026-11-01,11,2026,0.4261464308502807,17.0,16859.0,0.29,
S3_reappro_100,C1044,CONCENTRES,Nkongsamba,Littoral,2026-11-01,11,2026,0.35004885391273055,14.0,16859.0,0.24,
S3_reappro_100,C1044,CONCENTRES,Pk11,Littoral,2026-11-01,11,2026,0.21307321542514035,8.5,16859.0,0.14,
S3_reappro_100,C1044,CONCENTRES,Village,Littoral,2026-11-01,11,2026,0.7153172232129711,28.6,16859.0,0.48,
S3_reappro_100,C105,CONCENTRES,Buea,Littoral,2026-11-01,11,2026,4.581074131640516,91.6,27500.0,2.52,
S3_reappro_100,C105,CONCENTRES,Ndobo,Littoral,2026-11-01,11,2026,42.08196004646521,841.6,27500.0,23.15,
S3_reappro_100,C105,CONCENTRES,Nkongsamba,Littoral,2026-11-01,11,2026,38.383617807300276,767.7,27500.0,21.11,
S3_reappro_100,C105,CONCENTRES,Pk11,Littoral,2026-11-01,11,2026,5.692098754928749,113.8,27500.0,3.13,
S3_reappro_100,C105,CONCENTRES,Village,Littoral,2026-11-01,11,2026,41.610155069452404,832.2,27500.0,22.89,
S3_reappro_100,C1051,CONCENTRES,Village,Littoral,2026-11-01,11,2026,0.2739512769751804,5.5,0.0,0.0,
S3_reappro_100,C1053,CONCENTRES,Buea,Littoral,2026-11-01,11,2026,0.18263418465012027,182.6,639.0,0.12,
S3_reappro_100,C1053,CONCENTRES,Ndobo,Littoral,2026-11-01,11,2026,0.18263418465012027,182.6,639.0,0.12,
S3_reappro_100,C1053,CONCENTRES,Nkongsamba,Littoral,2026-11-01,11,2026,1.6893662080136127,1689.4,639.0,1.08,
S3_reappro_100,C1053,CONCENTRES,Pk11,Littoral,2026-11-01,11,2026,0.0,0.0,639.0,0.0,
S3_reappro_100,C1053,CONCENTRES,Village,Littoral,2026-11-01,11,2026,0.12175612310008019,121.8,639.0,0.08,
S3_reappro_100,C1054,CONCENTRES,Buea,Littoral,2026-11-01,11,2026,0.030439030775020047,6.1,2960.0,0.02,
S3_reappro_100,C1054,CONCENTRES,Ndobo,Littoral,2026-11-01,11,2026,1.0501465617381915,210.0,2960.0,0.62,
S3_reappro_100,C1054,CONCENTRES,Nkongsamba,Littoral,2026-11-01,11,2026,2.0850736080888734,417.0,2960.0,1.23,
S3_reappro_100,C1054,CONCENTRES,Pk11,Littoral,2026-11-01,11,2026,0.060878061550040094,12.2,2960.0,0.04,
S3_reappro_100,C1054,CONCENTRES,Village,Littoral,2026-11-01,11,2026,0.35004885391273055,70.0,2960.0,0.21,
S3_reappro_100,C1055,CONCENTRES,Buea,Littoral,2026-11-01,11,2026,0.015219515387510024,0.6,14813.0,0.01,
S3_reappro_100,C1055,CONCENTRES,Ndobo,Littoral,2026-11-01,11,2026,0.1369756384875902,5.5,14813.0,0.08,
S3_reappro_100,C1055,CONCENTRES,Nkongsamba,Littoral,2026-11-01,11,2026,0.3348293385252205,13.4,14813.0,0.2,
S3_reappro_100,C1055,CONCENTRES,Pk11,Littoral,2026-11-01,11,2026,0.015219515387510024,0.6,14813.0,0.01,
S3_reappro_100,C1055,CONCENTRES,Village,Littoral,2026-11-01,11,2026,0.5935611001128909,23.7,14813.0,0.35,
S3_reappro_100,C108,CONCENTRES,Ndobo,Littoral,2026-11-01,11,2026,0.0,0.0,30000.0,0.0,
S3_reappro_100,C101,CONCENTRES,Buea,Littoral,2026-12-01,12,2026,3.37004809791361,67.4,36000.0,2.43,
S3_reappro_100,C101,CONCENTRES,Ndobo,Littoral,2026-12-01,12,2026,17.260284364599364,345.2,36000.0,12.43,
S3_reappro_100,C101,CONCENTRES,Nkongsamba,Littoral,2026-12-01,12,2026,4.484854883154994,89.7,36000.0,3.23,
S3_reappro_100,C101,CONCENTRES,Pk11,Littoral,2026-12-01,12,2026,0.6535074258311563,13.1,36000.0,0.47,
S3_reappro_100,C101,CONCENTRES,Village,Littoral,2026-12-01,12,2026,3.8313474573238384,76.6,36000.0,2.76,
S3_reappro_100,C102,CONCENTRES,Ndobo,Littoral,2026-12-01,12,2026,1.7683142110725405,35.4,29500.0,1.04,
S3_reappro_100,C102,CONCENTRES,Nkongsamba,Littoral,2026-12-01,12,2026,0.0896970976630999,1.8,29500.0,0.05,
S3_reappro_100,C102,CONCENTRES,Pk11,Littoral,2026-12-01,12,2026,1.5376645313674266,30.8,29500.0,0.91,
S3_reappro_100,C102,CONCENTRES,Village,Littoral,2026-12-01,12,2026,1.9092667931145546,38.2,29500.0,1.13,
S3_reappro_100,C1022,CONCENTRES,Ndobo,Littoral,2026-12-01,12,2026,0.012813871094728556,2.6,3349.0,0.01,
S3_reappro_100,C1022,CONCENTRES,Nkongsamba,Littoral,2026-12-01,12,2026,0.012813871094728556,2.6,3349.0,0.01,
S3_reappro_100,C103,CONCENTRES,Buea,Littoral,2026-12-01,12,2026,10.212655262498657,204.3,39500.0,8.07,
S3_reappro_100,C103,CONCENTRES,Ndobo,Littoral,2026-12-01,12,2026,24.15414701356333,483.1,39500.0,19.08,
S3_reappro_100,C103,CONCENTRES,Nkongsamba,Littoral,2026-12-01,12,2026,2.524332605661525,50.5,39500.0,1.99,
S3_reappro_100,C103,CONCENTRES,Pk11,Littoral,2026-12-01,12,2026,2.7549822853666392,55.1,39500.0,2.18,
S3_reappro_100,C103,CONCENTRES,Village,Littoral,2026-12-01,12,2026,6.82979329349032,136.6,39500.0,5.4,
S3_reappro_100,C104,CONCENTRES,Buea,Littoral,2026-12-01,12,2026,86.23735246752317,1724.7,32100.0,55.36,
S3_reappro_100,C104,CONCENTRES,Ndobo,Littoral,2026-12-01,12,2026,200.92149876534376,4018.4,32100.0,128.99,
S3_reappro_100,C104,CONCENTRES,Nkongsamba,Littoral,2026-12-01,12,2026,76.25534688472963,1525.1,32100.0,48.96,
S3_reappro_100,C104,CONCENTRES,Pk11,Littoral,2026-12-01,12,2026,47.834180796621695,956.7,32100.0,30.71,
S3_reappro_100,C104,CONCENTRES,Village,Littoral,2026-12-01,12,2026,112.23669691872742,2244.7,32100.0,72.06,
S3_reappro_100,C1042,CONCENTRES,Buea,Littoral,2026-12-01,12,2026,0.012813871094728556,12.8,732.0,0.01,
S3_reappro_100,C1042,CONCENTRES,Ndobo,Littoral,2026-12-01,12,2026,0.03844161328418566,38.4,732.0,0.03,
S3_reappro_100,C1042,CONCENTRES,Nkongsamba,Littoral,2026-12-01,12,2026,0.691949039115342,691.9,732.0,0.51,
S3_reappro_100,C1042,CONCENTRES,Pk11,Littoral,2026-12-01,12,2026,0.0,0.0,732.0,0.0,
S3_reappro_100,C1042,CONCENTRES,Village,Littoral,2026-12-01,12,2026,0.06406935547364277,64.1,732.0,0.05,
S3_reappro_100,C1043,CONCENTRES,Buea,Littoral,2026-12-01,12,2026,0.0896970976630999,17.9,3458.0,0.06,
S3_reappro_100,C1043,CONCENTRES,Ndobo,Littoral,2026-12-01,12,2026,0.33316064846294247,66.6,3458.0,0.23,
S3_reappro_100,C1043,CONCENTRES,Nkongsamba,Littoral,2026-12-01,12,2026,0.8457154922520846,169.1,3458.0,0.58,
S3_reappro_100,C1043,CONCENTRES,Pk11,Littoral,2026-12-01,12,2026,0.0896970976630999,17.9,3458.0,0.06,
S3_reappro_100,C1043,CONCENTRES,Village,Littoral,2026-12-01,12,2026,0.3075329062734853,61.5,3458.0,0.21,
S3_reappro_100,C1044,CONCENTRES,Buea,Littoral,2026-12-01,12,2026,0.07688322656837132,3.1,16859.0,0.05,
S3_reappro_100,C1044,CONCENTRES,Ndobo,Littoral,2026-12-01,12,2026,0.3203467773682139,12.8,16859.0,0.22,
S3_reappro_100,C1044,CONCENTRES,Nkongsamba,Littoral,2026-12-01,12,2026,0.2690912929892996,10.8,16859.0,0.18,
S3_reappro_100,C1044,CONCENTRES,Pk11,Littoral,2026-12-01,12,2026,0.16658032423147123,6.7,16859.0,0.11,
S3_reappro_100,C1044,CONCENTRES,Village,Littoral,2026-12-01,12,2026,0.5509964570733279,22.0,16859.0,0.37,
S3_reappro_100,C105,CONCENTRES,Buea,Littoral,2026-12-01,12,2026,3.5238145510503527,70.5,27500.0,1.94,
S3_reappro_100,C105,CONCENTRES,Ndobo,Littoral,2026-12-01,12,2026,32.393466127473786,647.9,27500.0,17.82,
S3_reappro_100,C105,CONCENTRES,Nkongsamba,Littoral,2026-12-01,12,2026,29.548786744444048,591.0,27500.0,16.25,
S3_reappro_100,C105,CONCENTRES,Pk11,Littoral,2026-12-01,12,2026,4.382343914397166,87.6,27500.0,2.41,
S3_reappro_100,C105,CONCENTRES,Village,Littoral,2026-12-01,12,2026,32.034677736821386,640.7,27500.0,17.62,
S3_reappro_100,C1051,CONCENTRES,Village,Littoral,2026-12-01,12,2026,0.2050219375156569,4.1,0.0,0.0,
S3_reappro_100,C1053,CONCENTRES,Buea,Littoral,2026-12-01,12,2026,0.1409525820420141,141.0,639.0,0.09,
S3_reappro_100,C1053,CONCENTRES,Ndobo,Littoral,2026-12-01,12,2026,0.1409525820420141,141.0,639.0,0.09,
S3_reappro_100,C1053,CONCENTRES,Nkongsamba,Littoral,2026-12-01,12,2026,1.294200980567584,1294.2,639.0,0.83,
S3_reappro_100,C1053,CONCENTRES,Pk11,Littoral,2026-12-01,12,2026,0.0,0.0,639.0,0.0,
S3_reappro_100,C1053,CONCENTRES,Village,Littoral,2026-12-01,12,2026,0.0896970976630999,89.7,639.0,0.06,
S3_reappro_100,C1054,CONCENTRES,Buea,Littoral,2026-12-01,12,2026,0.02562774218945711,5.1,2960.0,0.02,
S3_reappro_100,C1054,CONCENTRES,Ndobo,Littoral,2026-12-01,12,2026,0.8072738789678989,161.5,2960.0,0.48,
S3_reappro_100,C1054,CONCENTRES,Nkongsamba,Littoral,2026-12-01,12,2026,1.6145477579357979,322.9,2960.0,0.96,
S3_reappro_100,C1054,CONCENTRES,Pk11,Littoral,2026-12-01,12,2026,0.05125548437891422,10.3,2960.0,0.03,
S3_reappro_100,C1054,CONCENTRES,Village,Littoral,2026-12-01,12,2026,0.2690912929892996,53.8,2960.0,0.16,
S3_reappro_100,C1055,CONCENTRES,Buea,Littoral,2026-12-01,12,2026,0.012813871094728556,0.5,14813.0,0.01,
S3_reappro_100,C1055,CONCENTRES,Ndobo,Littoral,2026-12-01,12,2026,0.10251096875782845,4.1,14813.0,0.06,
S3_reappro_100,C1055,CONCENTRES,Nkongsamba,Littoral,2026-12-01,12,2026,0.2562774218945711,10.3,14813.0,0.15,
S3_reappro_100,C1055,CONCENTRES,Pk11,Littoral,2026-12-01,12,2026,0.012813871094728556,0.5,14813.0,0.01,
S3_reappro_100,C1055,CONCENTRES,Village,Littoral,2026-12-01,12,2026,0.461299359410228,18.5,14813.0,0.27,
S3_reappro_100,C108,CONCENTRES,Ndobo,Littoral,2026-12-01,12,2026,0.0,0.0,30000.0,0.0,
S3_reappro_100,C101,CONCENTRES,Djeleng,Ouest,2026-10-01,10,2026,58.779402532517885,1175.6,36000.0,42.32,
S3_reappro_100,C101,CONCENTRES,Famla,Ouest,2026-10-01,10,2026,254.59635570103663,5091.9,36000.0,183.31,
S3_reappro_100,C101,CONCENTRES,Mbouda,Ouest,2026-10-01,10,2026,32.42099933959285,648.4,36000.0,23.34,
S3_reappro_100,C102,CONCENTRES,Djeleng,Ouest,2026-10-01,10,2026,0.01634122950584317,0.3,29500.0,0.01,
S3_reappro_100,C102,CONCENTRES,Famla,Ouest,2026-10-01,10,2026,10.981306227926611,219.6,29500.0,6.48,
S3_reappro_100,C102,CONCENTRES,Mbouda,Ouest,2026-10-01,10,2026,0.06536491802337269,1.3,29500.0,0.04,
S3_reappro_100,C1022,CONCENTRES,Famla,Ouest,2026-10-01,10,2026,0.01634122950584317,3.3,3349.0,0.01,
S3_reappro_100,C1022,CONCENTRES,Mbouda,Ouest,2026-10-01,10,2026,0.06536491802337269,13.1,3349.0,0.04,
S3_reappro_100,C103,CONCENTRES,Djeleng,Ouest,2026-10-01,10,2026,43.761812616648015,875.2,39500.0,34.57,
S3_reappro_100,C103,CONCENTRES,Famla,Ouest,2026-10-01,10,2026,182.23739144916303,3644.7,39500.0,143.97,
S3_reappro_100,C103,CONCENTRES,Mbouda,Ouest,2026-10-01,10,2026,22.812356390157067,456.2,39500.0,18.02,
S3_reappro_100,C104,CONCENTRES,Djeleng,Ouest,2026-10-01,10,2026,86.0365733482643,1720.7,32100.0,55.24,
S3_reappro_100,C104,CONCENTRES,Famla,Ouest,2026-10-01,10,2026,191.33945628391768,3826.8,32100.0,122.84,
S3_reappro_100,C104,CONCENTRES,Mbouda,Ouest,2026-10-01,10,2026,35.868998765325756,717.4,32100.0,23.03,
S3_reappro_100,C1042,CONCENTRES,Djeleng,Ouest,2026-10-01,10,2026,0.4248719671519225,424.9,732.0,0.31,
S3_reappro_100,C1042,CONCENTRES,Famla,Ouest,2026-10-01,10,2026,0.7190140982570995,719.0,732.0,0.53,
S3_reappro_100,C1042,CONCENTRES,Mbouda,Ouest,2026-10-01,10,2026,0.22877721308180443,228.8,732.0,0.17,
S3_reappro_100,C1043,CONCENTRES,Djeleng,Ouest,2026-10-01,10,2026,0.849743934303845,169.9,3458.0,0.59,
S3_reappro_100,C1043,CONCENTRES,Famla,Ouest,2026-10-01,10,2026,1.0131562293622767,202.6,3458.0,0.7,
S3_reappro_100,C1043,CONCENTRES,Mbouda,Ouest,2026-10-01,10,2026,1.5850992620667876,317.0,3458.0,1.1,
S3_reappro_100,C1044,CONCENTRES,Djeleng,Ouest,2026-10-01,10,2026,0.06536491802337269,2.6,16859.0,0.04,
S3_reappro_100,C1044,CONCENTRES,Famla,Ouest,2026-10-01,10,2026,0.7843790162804721,31.4,16859.0,0.53,
S3_reappro_100,C1044,CONCENTRES,Mbouda,Ouest,2026-10-01,10,2026,0.6046254917161973,24.2,16859.0,0.41,
S3_reappro_100,C105,CONCENTRES,Djeleng,Ouest,2026-10-01,10,2026,48.451745484825,969.0,27500.0,26.65,
S3_reappro_100,C105,CONCENTRES,Famla,Ouest,2026-10-01,10,2026,115.54883383581705,2311.0,27500.0,63.55,
S3_reappro_100,C105,CONCENTRES,Mbouda,Ouest,2026-10-01,10,2026,34.185852126223914,683.7,27500.0,18.8,
S3_reappro_100,C1053,CONCENTRES,Djeleng,Ouest,2026-10-01,10,2026,1.0131562293622767,1013.2,639.0,0.65,
S3_reappro_100,C1053,CONCENTRES,Famla,Ouest,2026-10-01,10,2026,2.8923976225342414,2892.4,639.0,1.85,
S3_reappro_100,C1053,CONCENTRES,Mbouda,Ouest,2026-10-01,10,2026,0.24511844258764756,245.1,639.0,0.16,
S3_reappro_100,C1054,CONCENTRES,Djeleng,Ouest,2026-10-01,10,2026,2.1570422947712986,431.4,2960.0,1.28,
S3_reappro_100,C1054,CONCENTRES,Famla,Ouest,2026-10-01,10,2026,3.3172695896861635,663.5,2960.0,1.96,
S3_reappro_100,C1054,CONCENTRES,Mbouda,Ouest,2026-10-01,10,2026,3.7094590978263997,741.9,2960.0,2.2,
S3_reappro_100,C1055,CONCENTRES,Djeleng,Ouest,2026-10-01,10,2026,0.13072983604674537,5.2,14813.0,0.08,
S3_reappro_100,C1055,CONCENTRES,Famla,Ouest,2026-10-01,10,2026,0.6536491802337269,26.1,14813.0,0.39,
S3_reappro_100,C1055,CONCENTRES,Mbouda,Ouest,2026-10-01,10,2026,0.6536491802337269,26.1,14813.0,0.39,
S3_reappro_100,C101,CONCENTRES,Djeleng,Ouest,2026-11-01,11,2026,42.31,846.2,36000.0,30.46,
S3_reappro_100,C101,CONCENTRES,Famla,Ouest,2026-11-01,11,2026,183.26,3665.1,36000.0,131.94,
S3_reappro_100,C101,CONCENTRES,Mbouda,Ouest,2026-11-01,11,2026,23.34,466.7,36000.0,16.8,
S3_reappro_100,C102,CONCENTRES,Djeleng,Ouest,2026-11-01,11,2026,0.02,0.3,29500.0,0.01,
S3_reappro_100,C102,CONCENTRES,Famla,Ouest,2026-11-01,11,2026,7.91,158.1,29500.0,4.66,
S3_reappro_100,C102,CONCENTRES,Mbouda,Ouest,2026-11-01,11,2026,0.05,1.0,29500.0,0.03,
S3_reappro_100,C1022,CONCENTRES,Famla,Ouest,2026-11-01,11,2026,0.01,1.5,3349.0,0.0,
S3_reappro_100,C1022,CONCENTRES,Mbouda,Ouest,2026-11-01,11,2026,0.05,10.1,3349.0,0.03,
S3_reappro_100,C103,CONCENTRES,Djeleng,Ouest,2026-11-01,11,2026,31.5,629.9,39500.0,24.88,
S3_reappro_100,C103,CONCENTRES,Famla,Ouest,2026-11-01,11,2026,131.17,2623.5,39500.0,103.63,
S3_reappro_100,C103,CONCENTRES,Mbouda,Ouest,2026-11-01,11,2026,16.42,328.5,39500.0,12.98,
S3_reappro_100,C104,CONCENTRES,Djeleng,Ouest,2026-11-01,11,2026,61.93,1238.6,32100.0,39.76,
S3_reappro_100,C104,CONCENTRES,Famla,Ouest,2026-11-01,11,2026,137.72,2754.4,32100.0,88.42,
S3_reappro_100,C104,CONCENTRES,Mbouda,Ouest,2026-11-01,11,2026,25.82,516.4,32100.0,16.58,
S3_reappro_100,C1042,CONCENTRES,Djeleng,Ouest,2026-11-01,11,2026,0.31,305.3,732.0,0.22,
S3_reappro_100,C1042,CONCENTRES,Famla,Ouest,2026-11-01,11,2026,0.52,516.2,732.0,0.38,
S3_reappro_100,C1042,CONCENTRES,Mbouda,Ouest,2026-11-01,11,2026,0.16,159.0,732.0,0.12,
S3_reappro_100,C1043,CONCENTRES,Djeleng,Ouest,2026-11-01,11,2026,0.61,122.4,3458.0,0.42,
S3_reappro_100,C1043,CONCENTRES,Famla,Ouest,2026-11-01,11,2026,0.73,146.0,3458.0,0.5,
S3_reappro_100,C1043,CONCENTRES,Mbouda,Ouest,2026-11-01,11,2026,1.15,229.3,3458.0,0.79,
S3_reappro_100,C1044,CONCENTRES,Djeleng,Ouest,2026-11-01,11,2026,0.04,1.7,16859.0,0.03,
S3_reappro_100,C1044,CONCENTRES,Famla,Ouest,2026-11-01,11,2026,0.57,22.7,16859.0,0.38,
S3_reappro_100,C1044,CONCENTRES,Mbouda,Ouest,2026-11-01,11,2026,0.44,17.5,16859.0,0.29,
S3_reappro_100,C105,CONCENTRES,Djeleng,Ouest,2026-11-01,11,2026,34.88,697.6,27500.0,19.18,
S3_reappro_100,C105,CONCENTRES,Famla,Ouest,2026-11-01,11,2026,83.17,1663.5,27500.0,45.74,
S3_reappro_100,C105,CONCENTRES,Mbouda,Ouest,2026-11-01,11,2026,24.61,492.2,27500.0,13.53,
S3_reappro_100,C1053,CONCENTRES,Djeleng,Ouest,2026-11-01,11,2026,0.73,727.1,639.0,0.46,
S3_reappro_100,C1053,CONCENTRES,Famla,Ouest,2026-11-01,11,2026,2.08,2083.0,639.0,1.33,
S3_reappro_100,C1053,CONCENTRES,Mbouda,Ouest,2026-11-01,11,2026,0.17,174.5,639.0,0.11,
S3_reappro_100,C1054,CONCENTRES,Djeleng,Ouest,2026-11-01,11,2026,1.55,310.9,2960.0,0.92,
S3_reappro_100,C1054,CONCENTRES,Famla,Ouest,2026-11-01,11,2026,2.39,478.6,2960.0,1.42,
S3_reappro_100,C1054,CONCENTRES,Mbouda,Ouest,2026-11-01,11,2026,2.67,533.2,2960.0,1.58,
S3_reappro_100,C1055,CONCENTRES,Djeleng,Ouest,2026-11-01,11,2026,0.09,3.8,14813.0,0.06,
S3_reappro_100,C1055,CONCENTRES,Famla,Ouest,2026-11-01,11,2026,0.48,19.0,14813.0,0.28,
S3_reappro_100,C1055,CONCENTRES,Mbouda,Ouest,2026-11-01,11,2026,0.47,18.9,14813.0,0.28,
S3_reappro_100,C101,CONCENTRES,Djeleng,Ouest,2026-12-01,12,2026,51.83453369926771,1036.7,36000.0,37.32,
S3_reappro_100,C101,CONCENTRES,Famla,Ouest,2026-12-01,12,2026,224.51475103393324,4490.3,36000.0,161.65,
S3_reappro_100,C101,CONCENTRES,Mbouda,Ouest,2026-12-01,12,2026,28.589608104518952,571.8,36000.0,20.58,
S3_reappro_100,C102,CONCENTRES,Djeleng,Ouest,2026-12-01,12,2026,0.025390415723373846,0.5,29500.0,0.01,
S3_reappro_100,C102,CONCENTRES,Famla,Ouest,2026-12-01,12,2026,9.686443598467122,193.7,29500.0,5.72,
S3_reappro_100,C102,CONCENTRES,Mbouda,Ouest,2026-12-01,12,2026,0.06347603930843462,1.3,29500.0,0.04,
S3_reappro_100,C1022,CONCENTRES,Famla,Ouest,2026-12-01,12,2026,0.012695207861686923,2.5,3349.0,0.01,
S3_reappro_100,C1022,CONCENTRES,Mbouda,Ouest,2026-12-01,12,2026,0.06347603930843462,12.7,3349.0,0.04,
S3_reappro_100,C103,CONCENTRES,Djeleng,Ouest,2026-12-01,12,2026,38.58073669166656,771.6,39500.0,30.48,
S3_reappro_100,C103,CONCENTRES,Famla,Ouest,2026-12-01,12,2026,160.70863632109476,3214.2,39500.0,126.96,
S3_reappro_100,C103,CONCENTRES,Mbouda,Ouest,2026-12-01,12,2026,20.121904460773774,402.4,39500.0,15.9,
S3_reappro_100,C104,CONCENTRES,Djeleng,Ouest,2026-12-01,12,2026,75.87925738930275,1517.6,32100.0,48.71,
S3_reappro_100,C104,CONCENTRES,Famla,Ouest,2026-12-01,12,2026,168.71931248181923,3374.4,32100.0,108.32,
S3_reappro_100,C104,CONCENTRES,Mbouda,Ouest,2026-12-01,12,2026,31.636457991323816,632.7,32100.0,20.31,
S3_reappro_100,C1042,CONCENTRES,Djeleng,Ouest,2026-12-01,12,2026,0.36816102798892075,368.2,732.0,0.27,
S3_reappro_100,C1042,CONCENTRES,Famla,Ouest,2026-12-01,12,2026,0.6347603930843462,634.8,732.0,0.46,
S3_reappro_100,C1042,CONCENTRES,Mbouda,Ouest,2026-12-01,12,2026,0.19042811792530384,190.4,732.0,0.14,
S3_reappro_100,C1043,CONCENTRES,Djeleng,Ouest,2026-12-01,12,2026,0.7490172638395285,149.8,3458.0,0.52,
S3_reappro_100,C1043,CONCENTRES,Famla,Ouest,2026-12-01,12,2026,0.8886645503180846,177.7,3458.0,0.61,
S3_reappro_100,C1043,CONCENTRES,Mbouda,Ouest,2026-12-01,12,2026,1.4091680726472486,281.8,3458.0,0.97,
S3_reappro_100,C1044,CONCENTRES,Djeleng,Ouest,2026-12-01,12,2026,0.05078083144674769,2.0,16859.0,0.03,
S3_reappro_100,C1044,CONCENTRES,Famla,Ouest,2026-12-01,12,2026,0.6982364323927809,27.9,16859.0,0.47,
S3_reappro_100,C1044,CONCENTRES,Mbouda,Ouest,2026-12-01,12,2026,0.5331987301908507,21.3,16859.0,0.36,
S3_reappro_100,C105,CONCENTRES,Djeleng,Ouest,2026-12-01,12,2026,42.73206966243818,854.6,27500.0,23.5,
S3_reappro_100,C105,CONCENTRES,Famla,Ouest,2026-12-01,12,2026,101.89173829789925,2037.8,27500.0,56.04,
S3_reappro_100,C105,CONCENTRES,Mbouda,Ouest,2026-12-01,12,2026,30.151118671506442,603.0,27500.0,16.58,
S3_reappro_100,C1053,CONCENTRES,Djeleng,Ouest,2026-12-01,12,2026,0.8886645503180846,888.7,639.0,0.57,
S3_reappro_100,C1053,CONCENTRES,Famla,Ouest,2026-12-01,12,2026,2.5517367801990716,2551.7,639.0,1.63,
S3_reappro_100,C1053,CONCENTRES,Mbouda,Ouest,2026-12-01,12,2026,0.2158185336486777,215.8,639.0,0.14,
S3_reappro_100,C1054,CONCENTRES,Djeleng,Ouest,2026-12-01,12,2026,1.9042811792530385,380.9,2960.0,1.13,
S3_reappro_100,C1054,CONCENTRES,Famla,Ouest,2026-12-01,12,2026,2.9325930160496796,586.5,2960.0,1.74,
S3_reappro_100,C1054,CONCENTRES,Mbouda,Ouest,2026-12-01,12,2026,3.262668420453539,652.5,2960.0,1.93,
S3_reappro_100,C1055,CONCENTRES,Djeleng,Ouest,2026-12-01,12,2026,0.1142568707551823,4.6,14813.0,0.07,
S3_reappro_100,C1055,CONCENTRES,Famla,Ouest,2026-12-01,12,2026,0.5839795616375985,23.4,14813.0,0.35,
S3_reappro_100,C1055,CONCENTRES,Mbouda,Ouest,2026-12-01,12,2026,0.5839795616375985,23.4,14813.0,0.35,
S3_reappro_100,B100,INGREDIENTS,Ahala,Centre,2026-10-01,10,2026,0.18,7.1,16040.0,0.11,
S3_reappro_100,B100,INGREDIENTS,Bertoua,Centre,2026-10-01,10,2026,0.23,9.3,16040.0,0.15,
S3_reappro_100,B100,INGREDIENTS,Messassi,Centre,2026-10-01,10,2026,0.74,29.5,16040.0,0.47,
S3_reappro_100,B100,INGREDIENTS,Ngaoundere,Centre,2026-10-01,10,2026,0.24,9.4,16040.0,0.15,
S3_reappro_100,B100,INGREDIENTS,Nkoabang,Centre,2026-10-01,10,2026,0.1,3.8,16040.0,0.06,
S3_reappro_100,B100,INGREDIENTS,Nkolbisson,Centre,2026-10-01,10,2026,0.03,1.1,16040.0,0.02,
S3_reappro_100,B1001,INGREDIENTS,Ahala,Centre,2026-10-01,10,2026,0.0,0.5,877.0,0.0,
S3_reappro_100,B1001,INGREDIENTS,Bertoua,Centre,2026-10-01,10,2026,0.38,379.0,877.0,0.33,
S3_reappro_100,B1001,INGREDIENTS,Messassi,Centre,2026-10-01,10,2026,0.13,130.5,877.0,0.11,
S3_reappro_100,B1001,INGREDIENTS,Ngaoundere,Centre,2026-10-01,10,2026,0.33,327.9,877.0,0.29,
S3_reappro_100,B1001,INGREDIENTS,Nkoabang,Centre,2026-10-01,10,2026,0.0,3.6,877.0,0.0,
S3_reappro_100,E101,INGREDIENTS,Ahala,Centre,2026-10-01,10,2026,0.82,32.8,29325.0,0.96,
S3_reappro_100,E101,INGREDIENTS,Bertoua,Centre,2026-10-01,10,2026,0.84,33.5,29325.0,0.98,
S3_reappro_100,E101,INGREDIENTS,Messassi,Centre,2026-10-01,10,2026,1.98,79.4,29325.0,2.33,
S3_reappro_100,E101,INGREDIENTS,Ngaoundere,Centre,2026-10-01,10,2026,0.67,26.7,29325.0,0.78,
S3_reappro_100,E101,INGREDIENTS,Nkoabang,Centre,2026-10-01,10,2026,0.39,15.7,29325.0,0.46,
S3_reappro_100,E101,INGREDIENTS,Nkolbisson,Centre,2026-10-01,10,2026,0.38,15.1,29325.0,0.44,
S3_reappro_100,E1011,INGREDIENTS,Ahala,Centre,2026-10-01,10,2026,0.03,31.5,1247.0,0.04,
S3_reappro_100,E1011,INGREDIENTS,Bertoua,Centre,2026-10-01,10,2026,0.18,181.4,1247.0,0.23,
S3_reappro_100,E1011,INGREDIENTS,Messassi,Centre,2026-10-01,10,2026,0.13,134.3,1247.0,0.17,
S3_reappro_100,E1011,INGREDIENTS,Ngaoundere,Centre,2026-10-01,10,2026,0.15,149.1,1247.0,0.19,
S3_reappro_100,E1011,INGREDIENTS,Nkoabang,Centre,2026-10-01,10,2026,0.06,56.0,1247.0,0.07,
S3_reappro_100,E1011,INGREDIENTS,Nkolbisson,Centre,2026-10-01,10,2026,0.06,61.1,1247.0,0.08,
S3_reappro_100,E1014,INGREDIENTS,Ahala,Centre,2026-10-01,10,2026,0.0,0.4,314.0,0.0,
S3_reappro_100,E1014,INGREDIENTS,Bertoua,Centre,2026-10-01,10,2026,0.0,5.2,314.0,0.0,
S3_reappro_100,E1014,INGREDIENTS,Messassi,Centre,2026-10-01,10,2026,0.01,38.3,314.0,0.01,
S3_reappro_100,E1014,INGREDIENTS,Ngaoundere,Centre,2026-10-01,10,2026,0.0,0.1,314.0,0.0,
S3_reappro_100,E1014,INGREDIENTS,Nkoabang,Centre,2026-10-01,10,2026,0.0,0.7,314.0,0.0,
S3_reappro_100,F114,INGREDIENTS,Ahala,Centre,2026-10-01,10,2026,0.67,13.3,53700.0,0.71,
S3_reappro_100,F114,INGREDIENTS,Bertoua,Centre,2026-10-01,10,2026,1.81,36.1,53700.0,1.94,
S3_reappro_100,F114,INGREDIENTS,Messassi,Centre,2026-10-01,10,2026,1.89,37.9,53700.0,2.03,
S3_reappro_100,F114,INGREDIENTS,Ngaoundere,Centre,2026-10-01,10,2026,0.91,18.2,53700.0,0.98,
S3_reappro_100,F114,INGREDIENTS,Nkoabang,Centre,2026-10-01,10,2026,0.47,9.5,53700.0,0.51,
S3_reappro_100,F114,INGREDIENTS,Nkolbisson,Centre,2026-10-01,10,2026,0.12,2.4,53700.0,0.13,
S3_reappro_100,F1142,INGREDIENTS,Ahala,Centre,2026-10-01,10,2026,0.02,15.4,1176.0,0.02,
S3_reappro_100,F1142,INGREDIENTS,Bertoua,Centre,2026-10-01,10,2026,0.02,23.2,1176.0,0.03,
S3_reappro_100,F1142,INGREDIENTS,Messassi,Centre,2026-10-01,10,2026,0.04,35.9,1176.0,0.04,
S3_reappro_100,F1142,INGREDIENTS,Ngaoundere,Centre,2026-10-01,10,2026,0.03,30.9,1176.0,0.04,
S3_reappro_100,F1142,INGREDIENTS,Nkoabang,Centre,2026-10-01,10,2026,0.01,11.2,1176.0,0.01,
S3_reappro_100,F1142,INGREDIENTS,Nkolbisson,Centre,2026-10-01,10,2026,0.02,19.1,1176.0,0.02,
S3_reappro_100,F1143,INGREDIENTS,Ahala,Centre,2026-10-01,10,2026,0.01,0.5,27727.0,0.01,
S3_reappro_100,F1143,INGREDIENTS,Bertoua,Centre,2026-10-01,10,2026,0.16,6.4,27727.0,0.18,
S3_reappro_100,F1143,INGREDIENTS,Messassi,Centre,2026-10-01,10,2026,0.17,6.9,27727.0,0.19,
S3_reappro_100,F1143,INGREDIENTS,Ngaoundere,Centre,2026-10-01,10,2026,0.09,3.7,27727.0,0.1,
S3_reappro_100,F1143,INGREDIENTS,Nkoabang,Centre,2026-10-01,10,2026,0.12,4.9,27727.0,0.14,
S3_reappro_100,F1143,INGREDIENTS,Nkolbisson,Centre,2026-10-01,10,2026,0.06,2.3,27727.0,0.06,
S3_reappro_100,F1145,INGREDIENTS,Ahala,Centre,2026-10-01,10,2026,0.69,13.7,54209.0,0.74,
S3_reappro_100,F1145,INGREDIENTS,Bertoua,Centre,2026-10-01,10,2026,0.25,5.0,54209.0,0.27,
S3_reappro_100,F1145,INGREDIENTS,Messassi,Centre,2026-10-01,10,2026,0.95,18.9,54209.0,1.03,
S3_reappro_100,F1145,INGREDIENTS,Ngaoundere,Centre,2026-10-01,10,2026,0.51,10.2,54209.0,0.55,
S3_reappro_100,F1145,INGREDIENTS,Nkoabang,Centre,2026-10-01,10,2026,0.39,7.7,54209.0,0.42,
S3_reappro_100,F1145,INGREDIENTS,Nkolbisson,Centre,2026-10-01,10,2026,0.02,0.3,54209.0,0.02,
S3_reappro_100,F1146,INGREDIENTS,Bertoua,Centre,2026-10-01,10,2026,0.02,0.6,27784.0,0.02,
S3_reappro_100,F1146,INGREDIENTS,Messassi,Centre,2026-10-01,10,2026,0.11,4.6,27784.0,0.13,
S3_reappro_100,F1146,INGREDIENTS,Ngaoundere,Centre,2026-10-01,10,2026,0.02,0.9,27784.0,0.02,
S3_reappro_100,F1146,INGREDIENTS,Nkoabang,Centre,2026-10-01,10,2026,0.06,2.2,27784.0,0.06,
S3_reappro_100,F1147,INGREDIENTS,Ahala,Centre,2026-10-01,10,2026,0.01,10.6,1184.0,0.01,
S3_reappro_100,F1147,INGREDIENTS,Bertoua,Centre,2026-10-01,10,2026,0.03,30.3,1184.0,0.04,
S3_reappro_100,F1147,INGREDIENTS,Messassi,Centre,2026-10-01,10,2026,0.02,23.6,1184.0,0.03,
S3_reappro_100,F1147,INGREDIENTS,Ngaoundere,Centre,2026-10-01,10,2026,0.01,11.4,1184.0,0.01,
S3_reappro_100,F1147,INGREDIENTS,Nkoabang,Centre,2026-10-01,10,2026,0.01,12.4,1184.0,0.01,
S3_reappro_100,F1147,INGREDIENTS,Nkolbisson,Centre,2026-10-01,10,2026,0.02,18.7,1184.0,0.02,
S3_reappro_100,I105,INGREDIENTS,Ahala,Centre,2026-10-01,10,2026,0.08,3.4,17869.0,0.06,
S3_reappro_100,I105,INGREDIENTS,Bertoua,Centre,2026-10-01,10,2026,0.07,2.7,17869.0,0.05,
S3_reappro_100,I105,INGREDIENTS,Messassi,Centre,2026-10-01,10,2026,0.14,5.5,17869.0,0.1,
S3_reappro_100,I105,INGREDIENTS,Ngaoundere,Centre,2026-10-01,10,2026,0.09,3.5,17869.0,0.06,
S3_reappro_100,I105,INGREDIENTS,Nkoabang,Centre,2026-10-01,10,2026,0.05,1.8,17869.0,0.03,
S3_reappro_100,I105,INGREDIENTS,Nkolbisson,Centre,2026-10-01,10,2026,0.03,1.1,17869.0,0.02,
S3_reappro_100,I1051,INGREDIENTS,Ahala,Centre,2026-10-01,10,2026,0.03,29.7,842.0,0.03,
S3_reappro_100,I1051,INGREDIENTS,Bertoua,Centre,2026-10-01,10,2026,0.06,64.0,842.0,0.05,
S3_reappro_100,I1051,INGREDIENTS,Messassi,Centre,2026-10-01,10,2026,0.05,52.7,842.0,0.04,
S3_reappro_100,I1051,INGREDIENTS,Ngaoundere,Centre,2026-10-01,10,2026,0.06,61.2,842.0,0.05,
S3_reappro_100,I1051,INGREDIENTS,Nkoabang,Centre,2026-10-01,10,2026,0.03,29.7,842.0,0.03,
S3_reappro_100,I1051,INGREDIENTS,Nkolbisson,Centre,2026-10-01,10,2026,0.02,23.0,842.0,0.02,
S3_reappro_100,I106,INGREDIENTS,Ahala,Centre,2026-10-01,10,2026,0.35,14.1,107150.0,1.51,
S3_reappro_100,I106,INGREDIENTS,Bertoua,Centre,2026-10-01,10,2026,0.19,7.7,107150.0,0.83,
S3_reappro_100,I106,INGREDIENTS,Messassi,Centre,2026-10-01,10,2026,0.65,25.8,107150.0,2.77,
S3_reappro_100,I106,INGREDIENTS,Ngaoundere,Centre,2026-10-01,10,2026,0.17,6.7,107150.0,0.72,
S3_reappro_100,I106,INGREDIENTS,Nkoabang,Centre,2026-10-01,10,2026,0.24,9.7,107150.0,1.03,
S3_reappro_100,I106,INGREDIENTS,Nkolbisson,Centre,2026-10-01,10,2026,0.06,2.4,107150.0,0.26,
S3_reappro_100,I1061,INGREDIENTS,Ahala,Centre,2026-10-01,10,2026,0.01,9.7,4897.0,0.05,
S3_reappro_100,I1061,INGREDIENTS,Bertoua,Centre,2026-10-01,10,2026,0.05,50.1,4897.0,0.25,
S3_reappro_100,I1061,INGREDIENTS,Messassi,Centre,2026-10-01,10,2026,0.06,55.8,4897.0,0.27,
S3_reappro_100,I1061,INGREDIENTS,Ngaoundere,Centre,2026-10-01,10,2026,0.03,30.6,4897.0,0.15,
S3_reappro_100,I1061,INGREDIENTS,Nkoabang,Centre,2026-10-01,10,2026,0.02,25.0,4897.0,0.12,
S3_reappro_100,I1061,INGREDIENTS,Nkolbisson,Centre,2026-10-01,10,2026,0.03,30.6,4897.0,0.15,
S3_reappro_100,I107,INGREDIENTS,Ahala,Centre,2026-10-01,10,2026,0.49,19.5,52556.0,1.03,
S3_reappro_100,I107,INGREDIENTS,Bertoua,Centre,2026-10-01,10,2026,0.2,8.0,52556.0,0.42,
S3_reappro_100,I107,INGREDIENTS,Messassi,Centre,2026-10-01,10,2026,0.68,27.0,52556.0,1.42,
S3_reappro_100,I107,INGREDIENTS,Ngaoundere,Centre,2026-10-01,10,2026,0.27,10.8,52556.0,0.57,
S3_reappro_100,I107,INGREDIENTS,Nkoabang,Centre,2026-10-01,10,2026,0.32,12.9,52556.0,0.68,
S3_reappro_100,I107,INGREDIENTS,Nkolbisson,Centre,2026-10-01,10,2026,0.09,3.8,52556.0,0.2,
S3_reappro_100,I1071,INGREDIENTS,Ahala,Centre,2026-10-01,10,2026,0.01,9.0,3255.0,0.03,
S3_reappro_100,I1071,INGREDIENTS,Bertoua,Centre,2026-10-01,10,2026,0.04,40.1,3255.0,0.13,
S3_reappro_100,I1071,INGREDIENTS,Messassi,Centre,2026-10-01,10,2026,0.05,51.4,3255.0,0.17,
S3_reappro_100,I1071,INGREDIENTS,Ngaoundere,Centre,2026-10-01,10,2026,0.03,31.7,3255.0,0.1,
S3_reappro_100,I1071,INGREDIENTS,Nkoabang,Centre,2026-10-01,10,2026,0.02,24.5,3255.0,0.08,
S3_reappro_100,I1071,INGREDIENTS,Nkolbisson,Centre,2026-10-01,10,2026,0.03,31.2,3255.0,0.1,
S3_reappro_100,P105,INGREDIENTS,Ahala,Centre,2026-10-01,10,2026,1.94,77.6,34391.0,2.67,
S3_reappro_100,P105,INGREDIENTS,Bertoua,Centre,2026-10-01,10,2026,1.75,70.0,34391.0,2.41,
S3_reappro_100,P105,INGREDIENTS,Messassi,Centre,2026-10-01,10,2026,4.67,186.7,34391.0,6.42,
S3_reappro_100,P105,INGREDIENTS,Ngaoundere,Centre,2026-10-01,10,2026,1.84,73.8,34391.0,2.54,
S3_reappro_100,P105,INGREDIENTS,Nkoabang,Centre,2026-10-01,10,2026,1.34,53.7,34391.0,1.85,
S3_reappro_100,P105,INGREDIENTS,Nkolbisson,Centre,2026-10-01,10,2026,1.23,49.3,34391.0,1.69,
S3_reappro_100,P1051,INGREDIENTS,Ahala,Centre,2026-10-01,10,2026,0.04,40.9,1415.0,0.06,
S3_reappro_100,P1051,INGREDIENTS,Bertoua,Centre,2026-10-01,10,2026,0.17,166.5,1415.0,0.24,
S3_reappro_100,P1051,INGREDIENTS,Messassi,Centre,2026-10-01,10,2026,0.13,132.9,1415.0,0.19,
S3_reappro_100,P1051,INGREDIENTS,Ngaoundere,Centre,2026-10-01,10,2026,0.12,121.9,1415.0,0.17,
S3_reappro_100,P1051,INGREDIENTS,Nkoabang,Centre,2026-10-01,10,2026,0.06,57.3,1415.0,0.08,
S3_reappro_100,P1051,INGREDIENTS,Nkolbisson,Centre,2026-10-01,10,2026,0.08,80.0,1415.0,0.11,
S3_reappro_100,P1053,INGREDIENTS,Ahala,Centre,2026-10-01,10,2026,0.1,20.2,7065.0,0.14,
S3_reappro_100,P1053,INGREDIENTS,Bertoua,Centre,2026-10-01,10,2026,0.28,55.7,7065.0,0.39,
S3_reappro_100,P1053,INGREDIENTS,Messassi,Centre,2026-10-01,10,2026,0.34,67.8,7065.0,0.48,
S3_reappro_100,P1053,INGREDIENTS,Ngaoundere,Centre,2026-10-01,10,2026,0.18,35.1,7065.0,0.25,
S3_reappro_100,P1053,INGREDIENTS,Nkoabang,Centre,2026-10-01,10,2026,0.08,15.7,7065.0,0.11,
S3_reappro_100,P1053,INGREDIENTS,Nkolbisson,Centre,2026-10-01,10,2026,0.15,30.7,7065.0,0.22,
S3_reappro_100,B100,INGREDIENTS,Ahala,Centre,2026-11-01,11,2026,0.16,6.2,16040.0,0.1,
S3_reappro_100,B100,INGREDIENTS,Bertoua,Centre,2026-11-01,11,2026,0.2,8.2,16040.0,0.13,
S3_reappro_100,B100,INGREDIENTS,Messassi,Centre,2026-11-01,11,2026,0.65,26.0,16040.0,0.42,
S3_reappro_100,B100,INGREDIENTS,Ngaoundere,Centre,2026-11-01,11,2026,0.21,8.3,16040.0,0.13,
S3_reappro_100,B100,INGREDIENTS,Nkoabang,Centre,2026-11-01,11,2026,0.08,3.4,16040.0,0.05,
S3_reappro_100,B100,INGREDIENTS,Nkolbisson,Centre,2026-11-01,11,2026,0.02,1.0,16040.0,0.02,
S3_reappro_100,B1001,INGREDIENTS,Ahala,Centre,2026-11-01,11,2026,0.0,0.4,877.0,0.0,
S3_reappro_100,B1001,INGREDIENTS,Bertoua,Centre,2026-11-01,11,2026,0.33,333.9,877.0,0.29,
S3_reappro_100,B1001,INGREDIENTS,Messassi,Centre,2026-11-01,11,2026,0.11,115.0,877.0,0.1,
S3_reappro_100,B1001,INGREDIENTS,Ngaoundere,Centre,2026-11-01,11,2026,0.29,288.9,877.0,0.25,
S3_reappro_100,B1001,INGREDIENTS,Nkoabang,Centre,2026-11-01,11,2026,0.0,3.2,877.0,0.0,
S3_reappro_100,E101,INGREDIENTS,Ahala,Centre,2026-11-01,11,2026,0.72,28.9,29325.0,0.85,
S3_reappro_100,E101,INGREDIENTS,Bertoua,Centre,2026-11-01,11,2026,0.74,29.5,29325.0,0.86,
S3_reappro_100,E101,INGREDIENTS,Messassi,Centre,2026-11-01,11,2026,1.75,69.9,29325.0,2.05,
S3_reappro_100,E101,INGREDIENTS,Ngaoundere,Centre,2026-11-01,11,2026,0.59,23.6,29325.0,0.69,
S3_reappro_100,E101,INGREDIENTS,Nkoabang,Centre,2026-11-01,11,2026,0.34,13.8,29325.0,0.4,
S3_reappro_100,E101,INGREDIENTS,Nkolbisson,Centre,2026-11-01,11,2026,0.33,13.3,29325.0,0.39,
S3_reappro_100,E1011,INGREDIENTS,Ahala,Centre,2026-11-01,11,2026,0.03,27.7,1247.0,0.03,
S3_reappro_100,E1011,INGREDIENTS,Bertoua,Centre,2026-11-01,11,2026,0.16,159.8,1247.0,0.2,
S3_reappro_100,E1011,INGREDIENTS,Messassi,Centre,2026-11-01,11,2026,0.12,118.3,1247.0,0.15,
S3_reappro_100,E1011,INGREDIENTS,Ngaoundere,Centre,2026-11-01,11,2026,0.13,131.4,1247.0,0.16,
S3_reappro_100,E1011,INGREDIENTS,Nkoabang,Centre,2026-11-01,11,2026,0.05,49.3,1247.0,0.06,
S3_reappro_100,E1011,INGREDIENTS,Nkolbisson,Centre,2026-11-01,11,2026,0.05,53.8,1247.0,0.07,
S3_reappro_100,E1014,INGREDIENTS,Ahala,Centre,2026-11-01,11,2026,0.0,0.3,314.0,0.0,
S3_reappro_100,E1014,INGREDIENTS,Bertoua,Centre,2026-11-01,11,2026,0.0,4.6,314.0,0.0,
S3_reappro_100,E1014,INGREDIENTS,Messassi,Centre,2026-11-01,11,2026,0.01,33.7,314.0,0.01,
S3_reappro_100,E1014,INGREDIENTS,Ngaoundere,Centre,2026-11-01,11,2026,0.0,0.1,314.0,0.0,
S3_reappro_100,E1014,INGREDIENTS,Nkoabang,Centre,2026-11-01,11,2026,0.0,0.6,314.0,0.0,
S3_reappro_100,F114,INGREDIENTS,Ahala,Centre,2026-11-01,11,2026,0.59,11.7,53700.0,0.63,
S3_reappro_100,F114,INGREDIENTS,Bertoua,Centre,2026-11-01,11,2026,1.59,31.8,53700.0,1.71,
S3_reappro_100,F114,INGREDIENTS,Messassi,Centre,2026-11-01,11,2026,1.67,33.4,53700.0,1.79,
S3_reappro_100,F114,INGREDIENTS,Ngaoundere,Centre,2026-11-01,11,2026,0.8,16.0,53700.0,0.86,
S3_reappro_100,F114,INGREDIENTS,Nkoabang,Centre,2026-11-01,11,2026,0.42,8.4,53700.0,0.45,
S3_reappro_100,F114,INGREDIENTS,Nkolbisson,Centre,2026-11-01,11,2026,0.11,2.2,53700.0,0.12,
S3_reappro_100,F1142,INGREDIENTS,Ahala,Centre,2026-11-01,11,2026,0.01,13.6,1176.0,0.02,
S3_reappro_100,F1142,INGREDIENTS,Bertoua,Centre,2026-11-01,11,2026,0.02,20.4,1176.0,0.02,
S3_reappro_100,F1142,INGREDIENTS,Messassi,Centre,2026-11-01,11,2026,0.03,31.7,1176.0,0.04,
S3_reappro_100,F1142,INGREDIENTS,Ngaoundere,Centre,2026-11-01,11,2026,0.03,27.2,1176.0,0.03,
S3_reappro_100,F1142,INGREDIENTS,Nkoabang,Centre,2026-11-01,11,2026,0.01,9.9,1176.0,0.01,
S3_reappro_100,F1142,INGREDIENTS,Nkolbisson,Centre,2026-11-01,11,2026,0.02,16.9,1176.0,0.02,
S3_reappro_100,F1143,INGREDIENTS,Ahala,Centre,2026-11-01,11,2026,0.01,0.5,27727.0,0.01,
S3_reappro_100,F1143,INGREDIENTS,Bertoua,Centre,2026-11-01,11,2026,0.14,5.6,27727.0,0.16,
S3_reappro_100,F1143,INGREDIENTS,Messassi,Centre,2026-11-01,11,2026,0.15,6.1,27727.0,0.17,
S3_reappro_100,F1143,INGREDIENTS,Ngaoundere,Centre,2026-11-01,11,2026,0.08,3.2,27727.0,0.09,
S3_reappro_100,F1143,INGREDIENTS,Nkoabang,Centre,2026-11-01,11,2026,0.11,4.3,27727.0,0.12,
S3_reappro_100,F1143,INGREDIENTS,Nkolbisson,Centre,2026-11-01,11,2026,0.05,2.0,27727.0,0.06,
S3_reappro_100,F1145,INGREDIENTS,Ahala,Centre,2026-11-01,11,2026,0.6,12.1,54209.0,0.65,
S3_reappro_100,F1145,INGREDIENTS,Bertoua,Centre,2026-11-01,11,2026,0.22,4.4,54209.0,0.24,
S3_reappro_100,F1145,INGREDIENTS,Messassi,Centre,2026-11-01,11,2026,0.83,16.7,54209.0,0.9,
S3_reappro_100,F1145,INGREDIENTS,Ngaoundere,Centre,2026-11-01,11,2026,0.45,9.0,54209.0,0.49,
S3_reappro_100,F1145,INGREDIENTS,Nkoabang,Centre,2026-11-01,11,2026,0.34,6.8,54209.0,0.37,
S3_reappro_100,F1145,INGREDIENTS,Nkolbisson,Centre,2026-11-01,11,2026,0.01,0.3,54209.0,0.02,
S3_reappro_100,F1146,INGREDIENTS,Bertoua,Centre,2026-11-01,11,2026,0.01,0.6,27784.0,0.02,
S3_reappro_100,F1146,INGREDIENTS,Messassi,Centre,2026-11-01,11,2026,0.1,4.0,27784.0,0.11,
S3_reappro_100,F1146,INGREDIENTS,Ngaoundere,Centre,2026-11-01,11,2026,0.02,0.8,27784.0,0.02,
S3_reappro_100,F1146,INGREDIENTS,Nkoabang,Centre,2026-11-01,11,2026,0.05,1.9,27784.0,0.05,
S3_reappro_100,F1147,INGREDIENTS,Ahala,Centre,2026-11-01,11,2026,0.01,9.3,1184.0,0.01,
S3_reappro_100,F1147,INGREDIENTS,Bertoua,Centre,2026-11-01,11,2026,0.03,26.7,1184.0,0.03,
S3_reappro_100,F1147,INGREDIENTS,Messassi,Centre,2026-11-01,11,2026,0.02,20.8,1184.0,0.02,
S3_reappro_100,F1147,INGREDIENTS,Ngaoundere,Centre,2026-11-01,11,2026,0.01,10.0,1184.0,0.01,
S3_reappro_100,F1147,INGREDIENTS,Nkoabang,Centre,2026-11-01,11,2026,0.01,10.9,1184.0,0.01,
S3_reappro_100,F1147,INGREDIENTS,Nkolbisson,Centre,2026-11-01,11,2026,0.02,16.5,1184.0,0.02,
S3_reappro_100,I105,INGREDIENTS,Ahala,Centre,2026-11-01,11,2026,0.07,3.0,17869.0,0.05,
S3_reappro_100,I105,INGREDIENTS,Bertoua,Centre,2026-11-01,11,2026,0.06,2.4,17869.0,0.04,
S3_reappro_100,I105,INGREDIENTS,Messassi,Centre,2026-11-01,11,2026,0.12,4.8,17869.0,0.09,
S3_reappro_100,I105,INGREDIENTS,Ngaoundere,Centre,2026-11-01,11,2026,0.08,3.1,17869.0,0.06,
S3_reappro_100,I105,INGREDIENTS,Nkoabang,Centre,2026-11-01,11,2026,0.04,1.6,17869.0,0.03,
S3_reappro_100,I105,INGREDIENTS,Nkolbisson,Centre,2026-11-01,11,2026,0.03,1.0,17869.0,0.02,
S3_reappro_100,I1051,INGREDIENTS,Ahala,Centre,2026-11-01,11,2026,0.03,26.2,842.0,0.02,
S3_reappro_100,I1051,INGREDIENTS,Bertoua,Centre,2026-11-01,11,2026,0.06,56.4,842.0,0.05,
S3_reappro_100,I1051,INGREDIENTS,Messassi,Centre,2026-11-01,11,2026,0.05,46.4,842.0,0.04,
S3_reappro_100,I1051,INGREDIENTS,Ngaoundere,Centre,2026-11-01,11,2026,0.05,53.9,842.0,0.05,
S3_reappro_100,I1051,INGREDIENTS,Nkoabang,Centre,2026-11-01,11,2026,0.03,26.2,842.0,0.02,
S3_reappro_100,I1051,INGREDIENTS,Nkolbisson,Centre,2026-11-01,11,2026,0.02,20.3,842.0,0.02,
S3_reappro_100,I106,INGREDIENTS,Ahala,Centre,2026-11-01,11,2026,0.31,12.4,107150.0,1.33,
S3_reappro_100,I106,INGREDIENTS,Bertoua,Centre,2026-11-01,11,2026,0.17,6.8,107150.0,0.73,
S3_reappro_100,I106,INGREDIENTS,Messassi,Centre,2026-11-01,11,2026,0.57,22.7,107150.0,2.44,
S3_reappro_100,I106,INGREDIENTS,Ngaoundere,Centre,2026-11-01,11,2026,0.15,5.9,107150.0,0.64,
S3_reappro_100,I106,INGREDIENTS,Nkoabang,Centre,2026-11-01,11,2026,0.21,8.5,107150.0,0.91,
S3_reappro_100,I106,INGREDIENTS,Nkolbisson,Centre,2026-11-01,11,2026,0.05,2.1,107150.0,0.23,
S3_reappro_100,I1061,INGREDIENTS,Ahala,Centre,2026-11-01,11,2026,0.01,8.6,4897.0,0.04,
S3_reappro_100,I1061,INGREDIENTS,Bertoua,Centre,2026-11-01,11,2026,0.04,44.1,4897.0,0.22,
S3_reappro_100,I1061,INGREDIENTS,Messassi,Centre,2026-11-01,11,2026,0.05,49.2,4897.0,0.24,
S3_reappro_100,I1061,INGREDIENTS,Ngaoundere,Centre,2026-11-01,11,2026,0.03,27.0,4897.0,0.13,
S3_reappro_100,I1061,INGREDIENTS,Nkoabang,Centre,2026-11-01,11,2026,0.02,22.0,4897.0,0.11,
S3_reappro_100,I1061,INGREDIENTS,Nkolbisson,Centre,2026-11-01,11,2026,0.03,27.0,4897.0,0.13,
S3_reappro_100,I107,INGREDIENTS,Ahala,Centre,2026-11-01,11,2026,0.43,17.2,52556.0,0.9,
S3_reappro_100,I107,INGREDIENTS,Bertoua,Centre,2026-11-01,11,2026,0.18,7.0,52556.0,0.37,
S3_reappro_100,I107,INGREDIENTS,Messassi,Centre,2026-11-01,11,2026,0.6,23.8,52556.0,1.25,
S3_reappro_100,I107,INGREDIENTS,Ngaoundere,Centre,2026-11-01,11,2026,0.24,9.5,52556.0,0.5,
S3_reappro_100,I107,INGREDIENTS,Nkoabang,Centre,2026-11-01,11,2026,0.28,11.4,52556.0,0.6,
S3_reappro_100,I107,INGREDIENTS,Nkolbisson,Centre,2026-11-01,11,2026,0.08,3.3,52556.0,0.18,
S3_reappro_100,I1071,INGREDIENTS,Ahala,Centre,2026-11-01,11,2026,0.01,7.9,3255.0,0.03,
S3_reappro_100,I1071,INGREDIENTS,Bertoua,Centre,2026-11-01,11,2026,0.04,35.3,3255.0,0.12,
S3_reappro_100,I1071,INGREDIENTS,Messassi,Centre,2026-11-01,11,2026,0.05,45.3,3255.0,0.15,
S3_reappro_100,I1071,INGREDIENTS,Ngaoundere,Centre,2026-11-01,11,2026,0.03,27.9,3255.0,0.09,
S3_reappro_100,I1071,INGREDIENTS,Nkoabang,Centre,2026-11-01,11,2026,0.02,21.6,3255.0,0.07,
S3_reappro_100,I1071,INGREDIENTS,Nkolbisson,Centre,2026-11-01,11,2026,0.03,27.5,3255.0,0.09,
S3_reappro_100,P105,INGREDIENTS,Ahala,Centre,2026-11-01,11,2026,1.71,68.3,34391.0,2.35,
S3_reappro_100,P105,INGREDIENTS,Bertoua,Centre,2026-11-01,11,2026,1.54,61.6,34391.0,2.12,
S3_reappro_100,P105,INGREDIENTS,Messassi,Centre,2026-11-01,11,2026,4.11,164.5,34391.0,5.66,
S3_reappro_100,P105,INGREDIENTS,Ngaoundere,Centre,2026-11-01,11,2026,1.62,65.0,34391.0,2.24,
S3_reappro_100,P105,INGREDIENTS,Nkoabang,Centre,2026-11-01,11,2026,1.18,47.4,34391.0,1.63,
S3_reappro_100,P105,INGREDIENTS,Nkolbisson,Centre,2026-11-01,11,2026,1.09,43.4,34391.0,1.49,
S3_reappro_100,P1051,INGREDIENTS,Ahala,Centre,2026-11-01,11,2026,0.04,36.1,1415.0,0.05,
S3_reappro_100,P1051,INGREDIENTS,Bertoua,Centre,2026-11-01,11,2026,0.15,146.7,1415.0,0.21,
S3_reappro_100,P1051,INGREDIENTS,Messassi,Centre,2026-11-01,11,2026,0.12,117.1,1415.0,0.17,
S3_reappro_100,P1051,INGREDIENTS,Ngaoundere,Centre,2026-11-01,11,2026,0.11,107.4,1415.0,0.15,
S3_reappro_100,P1051,INGREDIENTS,Nkoabang,Centre,2026-11-01,11,2026,0.05,50.5,1415.0,0.07,
S3_reappro_100,P1051,INGREDIENTS,Nkolbisson,Centre,2026-11-01,11,2026,0.07,70.5,1415.0,0.1,
S3_reappro_100,P1053,INGREDIENTS,Ahala,Centre,2026-11-01,11,2026,0.09,17.8,7065.0,0.13,
S3_reappro_100,P1053,INGREDIENTS,Bertoua,Centre,2026-11-01,11,2026,0.25,49.1,7065.0,0.35,
S3_reappro_100,P1053,INGREDIENTS,Messassi,Centre,2026-11-01,11,2026,0.3,59.7,7065.0,0.42,
S3_reappro_100,P1053,INGREDIENTS,Ngaoundere,Centre,2026-11-01,11,2026,0.15,30.9,7065.0,0.22,
S3_reappro_100,P1053,INGREDIENTS,Nkoabang,Centre,2026-11-01,11,2026,0.07,13.8,7065.0,0.1,
S3_reappro_100,P1053,INGREDIENTS,Nkolbisson,Centre,2026-11-01,11,2026,0.14,27.0,7065.0,0.19,
S3_reappro_100,B100,INGREDIENTS,Ahala,Centre,2026-12-01,12,2026,0.15,6.1,16040.0,0.1,
S3_reappro_100,B100,INGREDIENTS,Bertoua,Centre,2026-12-01,12,2026,0.2,8.0,16040.0,0.13,
S3_reappro_100,B100,INGREDIENTS,Messassi,Centre,2026-12-01,12,2026,0.64,25.5,16040.0,0.41,
S3_reappro_100,B100,INGREDIENTS,Ngaoundere,Centre,2026-12-01,12,2026,0.2,8.2,16040.0,0.13,
S3_reappro_100,B100,INGREDIENTS,Nkoabang,Centre,2026-12-01,12,2026,0.08,3.3,16040.0,0.05,
S3_reappro_100,B100,INGREDIENTS,Nkolbisson,Centre,2026-12-01,12,2026,0.02,1.0,16040.0,0.02,
S3_reappro_100,B1001,INGREDIENTS,Ahala,Centre,2026-12-01,12,2026,0.0,0.4,877.0,0.0,
S3_reappro_100,B1001,INGREDIENTS,Bertoua,Centre,2026-12-01,12,2026,0.33,328.6,877.0,0.29,
S3_reappro_100,B1001,INGREDIENTS,Messassi,Centre,2026-12-01,12,2026,0.11,113.2,877.0,0.1,
S3_reappro_100,B1001,INGREDIENTS,Ngaoundere,Centre,2026-12-01,12,2026,0.28,284.4,877.0,0.25,
S3_reappro_100,B1001,INGREDIENTS,Nkoabang,Centre,2026-12-01,12,2026,0.0,3.1,877.0,0.0,
S3_reappro_100,E101,INGREDIENTS,Ahala,Centre,2026-12-01,12,2026,0.71,28.4,29325.0,0.83,
S3_reappro_100,E101,INGREDIENTS,Bertoua,Centre,2026-12-01,12,2026,0.73,29.0,29325.0,0.85,
S3_reappro_100,E101,INGREDIENTS,Messassi,Centre,2026-12-01,12,2026,1.72,68.8,29325.0,2.02,
S3_reappro_100,E101,INGREDIENTS,Ngaoundere,Centre,2026-12-01,12,2026,0.58,23.2,29325.0,0.68,
S3_reappro_100,E101,INGREDIENTS,Nkoabang,Centre,2026-12-01,12,2026,0.34,13.6,29325.0,0.4,
S3_reappro_100,E101,INGREDIENTS,Nkolbisson,Centre,2026-12-01,12,2026,0.33,13.1,29325.0,0.38,
S3_reappro_100,E1011,INGREDIENTS,Ahala,Centre,2026-12-01,12,2026,0.03,27.3,1247.0,0.03,
S3_reappro_100,E1011,INGREDIENTS,Bertoua,Centre,2026-12-01,12,2026,0.16,157.3,1247.0,0.2,
S3_reappro_100,E1011,INGREDIENTS,Messassi,Centre,2026-12-01,12,2026,0.12,116.5,1247.0,0.15,
S3_reappro_100,E1011,INGREDIENTS,Ngaoundere,Centre,2026-12-01,12,2026,0.13,129.3,1247.0,0.16,
S3_reappro_100,E1011,INGREDIENTS,Nkoabang,Centre,2026-12-01,12,2026,0.05,48.5,1247.0,0.06,
S3_reappro_100,E1011,INGREDIENTS,Nkolbisson,Centre,2026-12-01,12,2026,0.05,53.0,1247.0,0.07,
S3_reappro_100,E1014,INGREDIENTS,Ahala,Centre,2026-12-01,12,2026,0.0,0.3,314.0,0.0,
S3_reappro_100,E1014,INGREDIENTS,Bertoua,Centre,2026-12-01,12,2026,0.0,4.5,314.0,0.0,
S3_reappro_100,E1014,INGREDIENTS,Messassi,Centre,2026-12-01,12,2026,0.01,33.2,314.0,0.01,
S3_reappro_100,E1014,INGREDIENTS,Ngaoundere,Centre,2026-12-01,12,2026,0.0,0.1,314.0,0.0,
S3_reappro_100,E1014,INGREDIENTS,Nkoabang,Centre,2026-12-01,12,2026,0.0,0.6,314.0,0.0,
S3_reappro_100,F114,INGREDIENTS,Ahala,Centre,2026-12-01,12,2026,0.58,11.5,53700.0,0.62,
S3_reappro_100,F114,INGREDIENTS,Bertoua,Centre,2026-12-01,12,2026,1.57,31.3,53700.0,1.68,
S3_reappro_100,F114,INGREDIENTS,Messassi,Centre,2026-12-01,12,2026,1.64,32.8,53700.0,1.76,
S3_reappro_100,F114,INGREDIENTS,Ngaoundere,Centre,2026-12-01,12,2026,0.79,15.8,53700.0,0.85,
S3_reappro_100,F114,INGREDIENTS,Nkoabang,Centre,2026-12-01,12,2026,0.41,8.2,53700.0,0.44,
S3_reappro_100,F114,INGREDIENTS,Nkolbisson,Centre,2026-12-01,12,2026,0.11,2.1,53700.0,0.11,
S3_reappro_100,F1142,INGREDIENTS,Ahala,Centre,2026-12-01,12,2026,0.01,13.4,1176.0,0.02,
S3_reappro_100,F1142,INGREDIENTS,Bertoua,Centre,2026-12-01,12,2026,0.02,20.1,1176.0,0.02,
S3_reappro_100,F1142,INGREDIENTS,Messassi,Centre,2026-12-01,12,2026,0.03,31.2,1176.0,0.04,
S3_reappro_100,F1142,INGREDIENTS,Ngaoundere,Centre,2026-12-01,12,2026,0.03,26.8,1176.0,0.03,
S3_reappro_100,F1142,INGREDIENTS,Nkoabang,Centre,2026-12-01,12,2026,0.01,9.7,1176.0,0.01,
S3_reappro_100,F1142,INGREDIENTS,Nkolbisson,Centre,2026-12-01,12,2026,0.02,16.6,1176.0,0.02,
S3_reappro_100,F1143,INGREDIENTS,Ahala,Centre,2026-12-01,12,2026,0.01,0.5,27727.0,0.01,
S3_reappro_100,F1143,INGREDIENTS,Bertoua,Centre,2026-12-01,12,2026,0.14,5.5,27727.0,0.15,
S3_reappro_100,F1143,INGREDIENTS,Messassi,Centre,2026-12-01,12,2026,0.15,6.0,27727.0,0.17,
S3_reappro_100,F1143,INGREDIENTS,Ngaoundere,Centre,2026-12-01,12,2026,0.08,3.2,27727.0,0.09,
S3_reappro_100,F1143,INGREDIENTS,Nkoabang,Centre,2026-12-01,12,2026,0.11,4.2,27727.0,0.12,
S3_reappro_100,F1143,INGREDIENTS,Nkolbisson,Centre,2026-12-01,12,2026,0.05,2.0,27727.0,0.05,
S3_reappro_100,F1145,INGREDIENTS,Ahala,Centre,2026-12-01,12,2026,0.59,11.9,54209.0,0.64,
S3_reappro_100,F1145,INGREDIENTS,Bertoua,Centre,2026-12-01,12,2026,0.22,4.3,54209.0,0.24,
S3_reappro_100,F1145,INGREDIENTS,Messassi,Centre,2026-12-01,12,2026,0.82,16.4,54209.0,0.89,
S3_reappro_100,F1145,INGREDIENTS,Ngaoundere,Centre,2026-12-01,12,2026,0.44,8.9,54209.0,0.48,
S3_reappro_100,F1145,INGREDIENTS,Nkoabang,Centre,2026-12-01,12,2026,0.33,6.7,54209.0,0.36,
S3_reappro_100,F1145,INGREDIENTS,Nkolbisson,Centre,2026-12-01,12,2026,0.01,0.3,54209.0,0.02,
S3_reappro_100,F1146,INGREDIENTS,Bertoua,Centre,2026-12-01,12,2026,0.01,0.6,27784.0,0.02,
S3_reappro_100,F1146,INGREDIENTS,Messassi,Centre,2026-12-01,12,2026,0.1,4.0,27784.0,0.11,
S3_reappro_100,F1146,INGREDIENTS,Ngaoundere,Centre,2026-12-01,12,2026,0.02,0.8,27784.0,0.02,
S3_reappro_100,F1146,INGREDIENTS,Nkoabang,Centre,2026-12-01,12,2026,0.05,1.9,27784.0,0.05,
S3_reappro_100,F1147,INGREDIENTS,Ahala,Centre,2026-12-01,12,2026,0.01,9.2,1184.0,0.01,
S3_reappro_100,F1147,INGREDIENTS,Bertoua,Centre,2026-12-01,12,2026,0.03,26.3,1184.0,0.03,
S3_reappro_100,F1147,INGREDIENTS,Messassi,Centre,2026-12-01,12,2026,0.02,20.5,1184.0,0.02,
S3_reappro_100,F1147,INGREDIENTS,Ngaoundere,Centre,2026-12-01,12,2026,0.01,9.8,1184.0,0.01,
S3_reappro_100,F1147,INGREDIENTS,Nkoabang,Centre,2026-12-01,12,2026,0.01,10.7,1184.0,0.01,
S3_reappro_100,F1147,INGREDIENTS,Nkolbisson,Centre,2026-12-01,12,2026,0.02,16.3,1184.0,0.02,
S3_reappro_100,I105,INGREDIENTS,Ahala,Centre,2026-12-01,12,2026,0.07,2.9,17869.0,0.05,
S3_reappro_100,I105,INGREDIENTS,Bertoua,Centre,2026-12-01,12,2026,0.06,2.4,17869.0,0.04,
S3_reappro_100,I105,INGREDIENTS,Messassi,Centre,2026-12-01,12,2026,0.12,4.7,17869.0,0.08,
S3_reappro_100,I105,INGREDIENTS,Ngaoundere,Centre,2026-12-01,12,2026,0.08,3.0,17869.0,0.05,
S3_reappro_100,I105,INGREDIENTS,Nkoabang,Centre,2026-12-01,12,2026,0.04,1.6,17869.0,0.03,
S3_reappro_100,I105,INGREDIENTS,Nkolbisson,Centre,2026-12-01,12,2026,0.02,1.0,17869.0,0.02,
S3_reappro_100,I1051,INGREDIENTS,Ahala,Centre,2026-12-01,12,2026,0.03,25.8,842.0,0.02,
S3_reappro_100,I1051,INGREDIENTS,Bertoua,Centre,2026-12-01,12,2026,0.06,55.5,842.0,0.05,
S3_reappro_100,I1051,INGREDIENTS,Messassi,Centre,2026-12-01,12,2026,0.05,45.7,842.0,0.04,
S3_reappro_100,I1051,INGREDIENTS,Ngaoundere,Centre,2026-12-01,12,2026,0.05,53.1,842.0,0.04,
S3_reappro_100,I1051,INGREDIENTS,Nkoabang,Centre,2026-12-01,12,2026,0.03,25.8,842.0,0.02,
S3_reappro_100,I1051,INGREDIENTS,Nkolbisson,Centre,2026-12-01,12,2026,0.02,19.9,842.0,0.02,
S3_reappro_100,I106,INGREDIENTS,Ahala,Centre,2026-12-01,12,2026,0.31,12.2,107150.0,1.31,
S3_reappro_100,I106,INGREDIENTS,Bertoua,Centre,2026-12-01,12,2026,0.17,6.7,107150.0,0.72,
S3_reappro_100,I106,INGREDIENTS,Messassi,Centre,2026-12-01,12,2026,0.56,22.4,107150.0,2.4,
S3_reappro_100,I106,INGREDIENTS,Ngaoundere,Centre,2026-12-01,12,2026,0.15,5.8,107150.0,0.63,
S3_reappro_100,I106,INGREDIENTS,Nkoabang,Centre,2026-12-01,12,2026,0.21,8.4,107150.0,0.9,
S3_reappro_100,I106,INGREDIENTS,Nkolbisson,Centre,2026-12-01,12,2026,0.05,2.1,107150.0,0.22,
S3_reappro_100,I1061,INGREDIENTS,Ahala,Centre,2026-12-01,12,2026,0.01,8.4,4897.0,0.04,
S3_reappro_100,I1061,INGREDIENTS,Bertoua,Centre,2026-12-01,12,2026,0.04,43.4,4897.0,0.21,
S3_reappro_100,I1061,INGREDIENTS,Messassi,Centre,2026-12-01,12,2026,0.05,48.4,4897.0,0.24,
S3_reappro_100,I1061,INGREDIENTS,Ngaoundere,Centre,2026-12-01,12,2026,0.03,26.5,4897.0,0.13,
S3_reappro_100,I1061,INGREDIENTS,Nkoabang,Centre,2026-12-01,12,2026,0.02,21.6,4897.0,0.11,
S3_reappro_100,I1061,INGREDIENTS,Nkolbisson,Centre,2026-12-01,12,2026,0.03,26.6,4897.0,0.13,
S3_reappro_100,I107,INGREDIENTS,Ahala,Centre,2026-12-01,12,2026,0.42,16.9,52556.0,0.89,
S3_reappro_100,I107,INGREDIENTS,Bertoua,Centre,2026-12-01,12,2026,0.17,6.9,52556.0,0.36,
S3_reappro_100,I107,INGREDIENTS,Messassi,Centre,2026-12-01,12,2026,0.59,23.5,52556.0,1.23,
S3_reappro_100,I107,INGREDIENTS,Ngaoundere,Centre,2026-12-01,12,2026,0.23,9.4,52556.0,0.49,
S3_reappro_100,I107,INGREDIENTS,Nkoabang,Centre,2026-12-01,12,2026,0.28,11.2,52556.0,0.59,
S3_reappro_100,I107,INGREDIENTS,Nkolbisson,Centre,2026-12-01,12,2026,0.08,3.3,52556.0,0.17,
S3_reappro_100,I1071,INGREDIENTS,Ahala,Centre,2026-12-01,12,2026,0.01,7.8,3255.0,0.03,
S3_reappro_100,I1071,INGREDIENTS,Bertoua,Centre,2026-12-01,12,2026,0.03,34.8,3255.0,0.11,
S3_reappro_100,I1071,INGREDIENTS,Messassi,Centre,2026-12-01,12,2026,0.04,44.6,3255.0,0.15,
S3_reappro_100,I1071,INGREDIENTS,Ngaoundere,Centre,2026-12-01,12,2026,0.03,27.5,3255.0,0.09,
S3_reappro_100,I1071,INGREDIENTS,Nkoabang,Centre,2026-12-01,12,2026,0.02,21.3,3255.0,0.07,
S3_reappro_100,I1071,INGREDIENTS,Nkolbisson,Centre,2026-12-01,12,2026,0.03,27.1,3255.0,0.09,
S3_reappro_100,P105,INGREDIENTS,Ahala,Centre,2026-12-01,12,2026,1.68,67.3,34391.0,2.31,
S3_reappro_100,P105,INGREDIENTS,Bertoua,Centre,2026-12-01,12,2026,1.52,60.7,34391.0,2.09,
S3_reappro_100,P105,INGREDIENTS,Messassi,Centre,2026-12-01,12,2026,4.05,161.9,34391.0,5.57,
S3_reappro_100,P105,INGREDIENTS,Ngaoundere,Centre,2026-12-01,12,2026,1.6,64.0,34391.0,2.2,
S3_reappro_100,P105,INGREDIENTS,Nkoabang,Centre,2026-12-01,12,2026,1.17,46.6,34391.0,1.6,
S3_reappro_100,P105,INGREDIENTS,Nkolbisson,Centre,2026-12-01,12,2026,1.07,42.7,34391.0,1.47,
S3_reappro_100,P1051,INGREDIENTS,Ahala,Centre,2026-12-01,12,2026,0.04,35.5,1415.0,0.05,
S3_reappro_100,P1051,INGREDIENTS,Bertoua,Centre,2026-12-01,12,2026,0.14,144.4,1415.0,0.2,
S3_reappro_100,P1051,INGREDIENTS,Messassi,Centre,2026-12-01,12,2026,0.12,115.3,1415.0,0.16,
S3_reappro_100,P1051,INGREDIENTS,Ngaoundere,Centre,2026-12-01,12,2026,0.11,105.7,1415.0,0.15,
S3_reappro_100,P1051,INGREDIENTS,Nkoabang,Centre,2026-12-01,12,2026,0.05,49.7,1415.0,0.07,
S3_reappro_100,P1051,INGREDIENTS,Nkolbisson,Centre,2026-12-01,12,2026,0.07,69.4,1415.0,0.1,
S3_reappro_100,P1053,INGREDIENTS,Ahala,Centre,2026-12-01,12,2026,0.09,17.5,7065.0,0.12,
S3_reappro_100,P1053,INGREDIENTS,Bertoua,Centre,2026-12-01,12,2026,0.24,48.3,7065.0,0.34,
S3_reappro_100,P1053,INGREDIENTS,Messassi,Centre,2026-12-01,12,2026,0.29,58.8,7065.0,0.42,
S3_reappro_100,P1053,INGREDIENTS,Ngaoundere,Centre,2026-12-01,12,2026,0.15,30.4,7065.0,0.22,
S3_reappro_100,P1053,INGREDIENTS,Nkoabang,Centre,2026-12-01,12,2026,0.07,13.6,7065.0,0.1,
S3_reappro_100,P1053,INGREDIENTS,Nkolbisson,Centre,2026-12-01,12,2026,0.13,26.6,7065.0,0.19,
S3_reappro_100,B100,INGREDIENTS,Buea,Littoral,2026-10-01,10,2026,0.0,0.1,16040.0,0.0,
S3_reappro_100,B100,INGREDIENTS,Ndobo,Littoral,2026-10-01,10,2026,3.47,138.6,16040.0,2.22,
S3_reappro_100,B100,INGREDIENTS,Nkongsamba,Littoral,2026-10-01,10,2026,0.07,2.8,16040.0,0.04,
S3_reappro_100,B100,INGREDIENTS,Pk11,Littoral,2026-10-01,10,2026,0.05,2.1,16040.0,0.03,
S3_reappro_100,B100,INGREDIENTS,Village,Littoral,2026-10-01,10,2026,0.05,1.9,16040.0,0.03,
S3_reappro_100,B1001,INGREDIENTS,Buea,Littoral,2026-10-01,10,2026,0.0,3.3,877.0,0.0,
S3_reappro_100,B1001,INGREDIENTS,Ndobo,Littoral,2026-10-01,10,2026,0.03,27.8,877.0,0.02,
S3_reappro_100,B1001,INGREDIENTS,Pk11,Littoral,2026-10-01,10,2026,0.0,0.5,877.0,0.0,
S3_reappro_100,B1001,INGREDIENTS,Village,Littoral,2026-10-01,10,2026,0.05,47.3,877.0,0.04,
S3_reappro_100,E101,INGREDIENTS,Buea,Littoral,2026-10-01,10,2026,0.16,6.3,29325.0,0.19,
S3_reappro_100,E101,INGREDIENTS,Ndobo,Littoral,2026-10-01,10,2026,1.68,67.2,29325.0,1.97,
S3_reappro_100,E101,INGREDIENTS,Nkongsamba,Littoral,2026-10-01,10,2026,0.33,13.2,29325.0,0.39,
S3_reappro_100,E101,INGREDIENTS,Pk11,Littoral,2026-10-01,10,2026,0.24,9.7,29325.0,0.29,
S3_reappro_100,E101,INGREDIENTS,Village,Littoral,2026-10-01,10,2026,0.49,19.6,29325.0,0.57,
S3_reappro_100,E1011,INGREDIENTS,Buea,Littoral,2026-10-01,10,2026,0.02,18.5,1247.0,0.02,
S3_reappro_100,E1011,INGREDIENTS,Ndobo,Littoral,2026-10-01,10,2026,0.15,151.9,1247.0,0.19,
S3_reappro_100,E1011,INGREDIENTS,Nkongsamba,Littoral,2026-10-01,10,2026,0.08,83.0,1247.0,0.1,
S3_reappro_100,E1011,INGREDIENTS,Pk11,Littoral,2026-10-01,10,2026,0.03,30.4,1247.0,0.04,
S3_reappro_100,E1011,INGREDIENTS,Village,Littoral,2026-10-01,10,2026,0.09,90.9,1247.0,0.11,
S3_reappro_100,E1014,INGREDIENTS,Buea,Littoral,2026-10-01,10,2026,0.0,0.1,314.0,0.0,
S3_reappro_100,E1014,INGREDIENTS,Ndobo,Littoral,2026-10-01,10,2026,0.0,21.5,314.0,0.01,
S3_reappro_100,E1014,INGREDIENTS,Pk11,Littoral,2026-10-01,10,2026,0.0,0.1,314.0,0.0,
S3_reappro_100,E1014,INGREDIENTS,Village,Littoral,2026-10-01,10,2026,0.0,14.5,314.0,0.0,
S3_reappro_100,F114,INGREDIENTS,Buea,Littoral,2026-10-01,10,2026,0.15,3.1,53700.0,0.16,
S3_reappro_100,F114,INGREDIENTS,Ndobo,Littoral,2026-10-01,10,2026,2.02,40.4,53700.0,2.17,
S3_reappro_100,F114,INGREDIENTS,Nkongsamba,Littoral,2026-10-01,10,2026,0.58,11.6,53700.0,0.62,
S3_reappro_100,F114,INGREDIENTS,Pk11,Littoral,2026-10-01,10,2026,0.19,3.9,53700.0,0.21,
S3_reappro_100,F114,INGREDIENTS,Village,Littoral,2026-10-01,10,2026,0.61,12.2,53700.0,0.66,
S3_reappro_100,F1142,INGREDIENTS,Buea,Littoral,2026-10-01,10,2026,0.04,44.0,1176.0,0.05,
S3_reappro_100,F1142,INGREDIENTS,Ndobo,Littoral,2026-10-01,10,2026,0.05,53.8,1176.0,0.06,
S3_reappro_100,F1142,INGREDIENTS,Nkongsamba,Littoral,2026-10-01,10,2026,0.1,95.9,1176.0,0.11,
S3_reappro_100,F1142,INGREDIENTS,Pk11,Littoral,2026-10-01,10,2026,0.01,10.9,1176.0,0.01,
S3_reappro_100,F1142,INGREDIENTS,Village,Littoral,2026-10-01,10,2026,0.08,76.4,1176.0,0.09,
S3_reappro_100,F1143,INGREDIENTS,Ndobo,Littoral,2026-10-01,10,2026,0.07,3.0,27727.0,0.08,
S3_reappro_100,F1143,INGREDIENTS,Nkongsamba,Littoral,2026-10-01,10,2026,0.01,0.3,27727.0,0.01,
S3_reappro_100,F1143,INGREDIENTS,Pk11,Littoral,2026-10-01,10,2026,0.01,0.3,27727.0,0.01,
S3_reappro_100,F1143,INGREDIENTS,Village,Littoral,2026-10-01,10,2026,0.07,2.8,27727.0,0.08,
S3_reappro_100,F1145,INGREDIENTS,Buea,Littoral,2026-10-01,10,2026,0.02,0.4,54209.0,0.02,
S3_reappro_100,F1145,INGREDIENTS,Ndobo,Littoral,2026-10-01,10,2026,0.62,12.4,54209.0,0.67,
S3_reappro_100,F1145,INGREDIENTS,Nkongsamba,Littoral,2026-10-01,10,2026,0.35,7.1,54209.0,0.38,
S3_reappro_100,F1145,INGREDIENTS,Pk11,Littoral,2026-10-01,10,2026,0.19,3.7,54209.0,0.2,
S3_reappro_100,F1145,INGREDIENTS,Village,Littoral,2026-10-01,10,2026,0.37,7.4,54209.0,0.4,
S3_reappro_100,F1146,INGREDIENTS,Ndobo,Littoral,2026-10-01,10,2026,0.01,0.3,27784.0,0.01,
S3_reappro_100,F1146,INGREDIENTS,Pk11,Littoral,2026-10-01,10,2026,0.0,0.2,27784.0,0.0,
S3_reappro_100,F1147,INGREDIENTS,Buea,Littoral,2026-10-01,10,2026,0.01,14.9,1184.0,0.02,
S3_reappro_100,F1147,INGREDIENTS,Ndobo,Littoral,2026-10-01,10,2026,0.03,33.6,1184.0,0.04,
S3_reappro_100,F1147,INGREDIENTS,Nkongsamba,Littoral,2026-10-01,10,2026,0.11,105.8,1184.0,0.13,
S3_reappro_100,F1147,INGREDIENTS,Pk11,Littoral,2026-10-01,10,2026,0.03,27.3,1184.0,0.03,
S3_reappro_100,F1147,INGREDIENTS,Village,Littoral,2026-10-01,10,2026,0.03,33.1,1184.0,0.04,
S3_reappro_100,I105,INGREDIENTS,Ndobo,Littoral,2026-10-01,10,2026,0.02,0.9,17869.0,0.02,
S3_reappro_100,I105,INGREDIENTS,Nkongsamba,Littoral,2026-10-01,10,2026,0.09,3.5,17869.0,0.06,
S3_reappro_100,I105,INGREDIENTS,Pk11,Littoral,2026-10-01,10,2026,0.03,1.1,17869.0,0.02,
S3_reappro_100,I105,INGREDIENTS,Village,Littoral,2026-10-01,10,2026,0.04,1.8,17869.0,0.03,
S3_reappro_100,I1051,INGREDIENTS,Buea,Littoral,2026-10-01,10,2026,0.0,4.2,842.0,0.0,
S3_reappro_100,I1051,INGREDIENTS,Ndobo,Littoral,2026-10-01,10,2026,0.08,81.9,842.0,0.07,
S3_reappro_100,I1051,INGREDIENTS,Nkongsamba,Littoral,2026-10-01,10,2026,0.11,113.2,842.0,0.1,
S3_reappro_100,I1051,INGREDIENTS,Pk11,Littoral,2026-10-01,10,2026,0.01,11.8,842.0,0.01,
S3_reappro_100,I1051,INGREDIENTS,Village,Littoral,2026-10-01,10,2026,0.06,56.9,842.0,0.05,
S3_reappro_100,I106,INGREDIENTS,Buea,Littoral,2026-10-01,10,2026,0.02,0.7,107150.0,0.07,
S3_reappro_100,I106,INGREDIENTS,Ndobo,Littoral,2026-10-01,10,2026,1.8,72.2,107150.0,7.73,
S3_reappro_100,I106,INGREDIENTS,Nkongsamba,Littoral,2026-10-01,10,2026,0.05,1.9,107150.0,0.2,
S3_reappro_100,I106,INGREDIENTS,Pk11,Littoral,2026-10-01,10,2026,0.04,1.5,107150.0,0.16,
S3_reappro_100,I106,INGREDIENTS,Village,Littoral,2026-10-01,10,2026,0.14,5.7,107150.0,0.61,
S3_reappro_100,I1061,INGREDIENTS,Buea,Littoral,2026-10-01,10,2026,0.01,13.2,4897.0,0.06,
S3_reappro_100,I1061,INGREDIENTS,Ndobo,Littoral,2026-10-01,10,2026,0.04,44.8,4897.0,0.22,
S3_reappro_100,I1061,INGREDIENTS,Nkongsamba,Littoral,2026-10-01,10,2026,0.02,18.4,4897.0,0.09,
S3_reappro_100,I1061,INGREDIENTS,Pk11,Littoral,2026-10-01,10,2026,0.01,13.8,4897.0,0.07,
S3_reappro_100,I1061,INGREDIENTS,Village,Littoral,2026-10-01,10,2026,0.03,32.0,4897.0,0.16,
S3_reappro_100,I1063,INGREDIENTS,Ndobo,Littoral,2026-10-01,10,2026,0.01,1.6,17500.0,0.03,
S3_reappro_100,I107,INGREDIENTS,Buea,Littoral,2026-10-01,10,2026,0.02,0.7,52556.0,0.04,
S3_reappro_100,I107,INGREDIENTS,Ndobo,Littoral,2026-10-01,10,2026,3.01,120.4,52556.0,6.33,
S3_reappro_100,I107,INGREDIENTS,Nkongsamba,Littoral,2026-10-01,10,2026,0.07,2.9,52556.0,0.15,
S3_reappro_100,I107,INGREDIENTS,Pk11,Littoral,2026-10-01,10,2026,0.08,3.2,52556.0,0.17,
S3_reappro_100,I107,INGREDIENTS,Village,Littoral,2026-10-01,10,2026,0.22,9.0,52556.0,0.47,
S3_reappro_100,I1071,INGREDIENTS,Buea,Littoral,2026-10-01,10,2026,0.01,14.0,3255.0,0.05,
S3_reappro_100,I1071,INGREDIENTS,Ndobo,Littoral,2026-10-01,10,2026,0.04,37.5,3255.0,0.12,
S3_reappro_100,I1071,INGREDIENTS,Nkongsamba,Littoral,2026-10-01,10,2026,0.01,12.2,3255.0,0.04,
S3_reappro_100,I1071,INGREDIENTS,Pk11,Littoral,2026-10-01,10,2026,0.01,12.8,3255.0,0.04,
S3_reappro_100,I1071,INGREDIENTS,Village,Littoral,2026-10-01,10,2026,0.03,31.6,3255.0,0.1,
S3_reappro_100,I10711,INGREDIENTS,Ndobo,Littoral,2026-10-01,10,2026,0.0,1.9,52115.0,0.1,
S3_reappro_100,P105,INGREDIENTS,Buea,Littoral,2026-10-01,10,2026,2.25,89.8,34391.0,3.09,
S3_reappro_100,P105,INGREDIENTS,Ndobo,Littoral,2026-10-01,10,2026,6.35,253.8,34391.0,8.73,
S3_reappro_100,P105,INGREDIENTS,Nkongsamba,Littoral,2026-10-01,10,2026,3.29,131.5,34391.0,4.52,
S3_reappro_100,P105,INGREDIENTS,Pk11,Littoral,2026-10-01,10,2026,0.82,32.8,34391.0,1.13,
S3_reappro_100,P105,INGREDIENTS,Village,Littoral,2026-10-01,10,2026,1.98,79.2,34391.0,2.72,
S3_reappro_100,P1051,INGREDIENTS,Buea,Littoral,2026-10-01,10,2026,0.36,364.3,1415.0,0.52,
S3_reappro_100,P1051,INGREDIENTS,Ndobo,Littoral,2026-10-01,10,2026,0.33,333.1,1415.0,0.47,
S3_reappro_100,P1051,INGREDIENTS,Nkongsamba,Littoral,2026-10-01,10,2026,0.5,502.6,1415.0,0.71,
S3_reappro_100,P1051,INGREDIENTS,Pk11,Littoral,2026-10-01,10,2026,0.04,43.6,1415.0,0.06,
S3_reappro_100,P1051,INGREDIENTS,Village,Littoral,2026-10-01,10,2026,0.13,127.8,1415.0,0.18,
S3_reappro_100,P1053,INGREDIENTS,Buea,Littoral,2026-10-01,10,2026,0.0,0.4,7065.0,0.0,
S3_reappro_100,P1053,INGREDIENTS,Ndobo,Littoral,2026-10-01,10,2026,0.28,56.5,7065.0,0.4,
S3_reappro_100,P1053,INGREDIENTS,Nkongsamba,Littoral,2026-10-01,10,2026,0.09,18.6,7065.0,0.13,
S3_reappro_100,P1053,INGREDIENTS,Pk11,Littoral,2026-10-01,10,2026,0.08,15.5,7065.0,0.11,
S3_reappro_100,P1053,INGREDIENTS,Village,Littoral,2026-10-01,10,2026,0.16,31.8,7065.0,0.22,
S3_reappro_100,B100,INGREDIENTS,Buea,Littoral,2026-11-01,11,2026,0.0,0.1,16040.0,0.0,
S3_reappro_100,B100,INGREDIENTS,Ndobo,Littoral,2026-11-01,11,2026,3.88,155.2,16040.0,2.49,
S3_reappro_100,B100,INGREDIENTS,Nkongsamba,Littoral,2026-11-01,11,2026,0.08,3.1,16040.0,0.05,
S3_reappro_100,B100,INGREDIENTS,Pk11,Littoral,2026-11-01,11,2026,0.06,2.4,16040.0,0.04,
S3_reappro_100,B100,INGREDIENTS,Village,Littoral,2026-11-01,11,2026,0.05,2.1,16040.0,0.03,
S3_reappro_100,B1001,INGREDIENTS,Buea,Littoral,2026-11-01,11,2026,0.0,3.6,877.0,0.0,
S3_reappro_100,B1001,INGREDIENTS,Ndobo,Littoral,2026-11-01,11,2026,0.03,31.2,877.0,0.03,
S3_reappro_100,B1001,INGREDIENTS,Pk11,Littoral,2026-11-01,11,2026,0.0,0.6,877.0,0.0,
S3_reappro_100,B1001,INGREDIENTS,Village,Littoral,2026-11-01,11,2026,0.05,53.0,877.0,0.05,
S3_reappro_100,E101,INGREDIENTS,Buea,Littoral,2026-11-01,11,2026,0.18,7.1,29325.0,0.21,
S3_reappro_100,E101,INGREDIENTS,Ndobo,Littoral,2026-11-01,11,2026,1.88,75.3,29325.0,2.21,
S3_reappro_100,E101,INGREDIENTS,Nkongsamba,Littoral,2026-11-01,11,2026,0.37,14.7,29325.0,0.43,
S3_reappro_100,E101,INGREDIENTS,Pk11,Littoral,2026-11-01,11,2026,0.27,10.9,29325.0,0.32,
S3_reappro_100,E101,INGREDIENTS,Village,Littoral,2026-11-01,11,2026,0.55,21.9,29325.0,0.64,
S3_reappro_100,E1011,INGREDIENTS,Buea,Littoral,2026-11-01,11,2026,0.02,20.7,1247.0,0.03,
S3_reappro_100,E1011,INGREDIENTS,Ndobo,Littoral,2026-11-01,11,2026,0.17,170.1,1247.0,0.21,
S3_reappro_100,E1011,INGREDIENTS,Nkongsamba,Littoral,2026-11-01,11,2026,0.09,93.0,1247.0,0.12,
S3_reappro_100,E1011,INGREDIENTS,Pk11,Littoral,2026-11-01,11,2026,0.03,34.1,1247.0,0.04,
S3_reappro_100,E1011,INGREDIENTS,Village,Littoral,2026-11-01,11,2026,0.1,101.8,1247.0,0.13,
S3_reappro_100,E1014,INGREDIENTS,Buea,Littoral,2026-11-01,11,2026,0.0,0.1,314.0,0.0,
S3_reappro_100,E1014,INGREDIENTS,Ndobo,Littoral,2026-11-01,11,2026,0.0,24.1,314.0,0.01,
S3_reappro_100,E1014,INGREDIENTS,Pk11,Littoral,2026-11-01,11,2026,0.0,0.1,314.0,0.0,
S3_reappro_100,E1014,INGREDIENTS,Village,Littoral,2026-11-01,11,2026,0.0,16.2,314.0,0.01,
S3_reappro_100,F114,INGREDIENTS,Buea,Littoral,2026-11-01,11,2026,0.17,3.4,53700.0,0.18,
S3_reappro_100,F114,INGREDIENTS,Ndobo,Littoral,2026-11-01,11,2026,2.26,45.2,53700.0,2.43,
S3_reappro_100,F114,INGREDIENTS,Nkongsamba,Littoral,2026-11-01,11,2026,0.65,13.0,53700.0,0.7,
S3_reappro_100,F114,INGREDIENTS,Pk11,Littoral,2026-11-01,11,2026,0.22,4.3,53700.0,0.23,
S3_reappro_100,F114,INGREDIENTS,Village,Littoral,2026-11-01,11,2026,0.68,13.7,53700.0,0.73,
S3_reappro_100,F1142,INGREDIENTS,Buea,Littoral,2026-11-01,11,2026,0.05,49.3,1176.0,0.06,
S3_reappro_100,F1142,INGREDIENTS,Ndobo,Littoral,2026-11-01,11,2026,0.06,60.2,1176.0,0.07,
S3_reappro_100,F1142,INGREDIENTS,Nkongsamba,Littoral,2026-11-01,11,2026,0.11,107.4,1176.0,0.13,
S3_reappro_100,F1142,INGREDIENTS,Pk11,Littoral,2026-11-01,11,2026,0.01,12.3,1176.0,0.01,
S3_reappro_100,F1142,INGREDIENTS,Village,Littoral,2026-11-01,11,2026,0.09,85.5,1176.0,0.1,
S3_reappro_100,F1143,INGREDIENTS,Ndobo,Littoral,2026-11-01,11,2026,0.08,3.3,27727.0,0.09,
S3_reappro_100,F1143,INGREDIENTS,Nkongsamba,Littoral,2026-11-01,11,2026,0.01,0.3,27727.0,0.01,
S3_reappro_100,F1143,INGREDIENTS,Pk11,Littoral,2026-11-01,11,2026,0.01,0.4,27727.0,0.01,
S3_reappro_100,F1143,INGREDIENTS,Village,Littoral,2026-11-01,11,2026,0.08,3.1,27727.0,0.09,
S3_reappro_100,F1145,INGREDIENTS,Buea,Littoral,2026-11-01,11,2026,0.02,0.4,54209.0,0.02,
S3_reappro_100,F1145,INGREDIENTS,Ndobo,Littoral,2026-11-01,11,2026,0.7,13.9,54209.0,0.75,
S3_reappro_100,F1145,INGREDIENTS,Nkongsamba,Littoral,2026-11-01,11,2026,0.4,7.9,54209.0,0.43,
S3_reappro_100,F1145,INGREDIENTS,Pk11,Littoral,2026-11-01,11,2026,0.21,4.2,54209.0,0.23,
S3_reappro_100,F1145,INGREDIENTS,Village,Littoral,2026-11-01,11,2026,0.42,8.3,54209.0,0.45,
S3_reappro_100,F1146,INGREDIENTS,Ndobo,Littoral,2026-11-01,11,2026,0.01,0.4,27784.0,0.01,
S3_reappro_100,F1146,INGREDIENTS,Pk11,Littoral,2026-11-01,11,2026,0.0,0.2,27784.0,0.01,
S3_reappro_100,F1147,INGREDIENTS,Buea,Littoral,2026-11-01,11,2026,0.02,16.7,1184.0,0.02,
S3_reappro_100,F1147,INGREDIENTS,Ndobo,Littoral,2026-11-01,11,2026,0.04,37.7,1184.0,0.04,
S3_reappro_100,F1147,INGREDIENTS,Nkongsamba,Littoral,2026-11-01,11,2026,0.12,118.5,1184.0,0.14,
S3_reappro_100,F1147,INGREDIENTS,Pk11,Littoral,2026-11-01,11,2026,0.03,30.6,1184.0,0.04,
S3_reappro_100,F1147,INGREDIENTS,Village,Littoral,2026-11-01,11,2026,0.04,37.0,1184.0,0.04,
S3_reappro_100,I105,INGREDIENTS,Ndobo,Littoral,2026-11-01,11,2026,0.03,1.1,17869.0,0.02,
S3_reappro_100,I105,INGREDIENTS,Nkongsamba,Littoral,2026-11-01,11,2026,0.1,3.9,17869.0,0.07,
S3_reappro_100,I105,INGREDIENTS,Pk11,Littoral,2026-11-01,11,2026,0.03,1.3,17869.0,0.02,
S3_reappro_100,I105,INGREDIENTS,Village,Littoral,2026-11-01,11,2026,0.05,2.0,17869.0,0.04,
S3_reappro_100,I1051,INGREDIENTS,Buea,Littoral,2026-11-01,11,2026,0.0,4.7,842.0,0.0,
S3_reappro_100,I1051,INGREDIENTS,Ndobo,Littoral,2026-11-01,11,2026,0.09,91.7,842.0,0.08,
S3_reappro_100,I1051,INGREDIENTS,Nkongsamba,Littoral,2026-11-01,11,2026,0.13,126.7,842.0,0.11,
S3_reappro_100,I1051,INGREDIENTS,Pk11,Littoral,2026-11-01,11,2026,0.01,13.2,842.0,0.01,
S3_reappro_100,I1051,INGREDIENTS,Village,Littoral,2026-11-01,11,2026,0.06,63.7,842.0,0.05,
S3_reappro_100,I106,INGREDIENTS,Buea,Littoral,2026-11-01,11,2026,0.02,0.7,107150.0,0.08,
S3_reappro_100,I106,INGREDIENTS,Ndobo,Littoral,2026-11-01,11,2026,2.02,80.8,107150.0,8.66,
S3_reappro_100,I106,INGREDIENTS,Nkongsamba,Littoral,2026-11-01,11,2026,0.05,2.1,107150.0,0.22,
S3_reappro_100,I106,INGREDIENTS,Pk11,Littoral,2026-11-01,11,2026,0.04,1.7,107150.0,0.18,
S3_reappro_100,I106,INGREDIENTS,Village,Littoral,2026-11-01,11,2026,0.16,6.4,107150.0,0.68,
S3_reappro_100,I1061,INGREDIENTS,Buea,Littoral,2026-11-01,11,2026,0.01,14.8,4897.0,0.07,
S3_reappro_100,I1061,INGREDIENTS,Ndobo,Littoral,2026-11-01,11,2026,0.05,50.1,4897.0,0.25,
S3_reappro_100,I1061,INGREDIENTS,Nkongsamba,Littoral,2026-11-01,11,2026,0.02,20.6,4897.0,0.1,
S3_reappro_100,I1061,INGREDIENTS,Pk11,Littoral,2026-11-01,11,2026,0.02,15.5,4897.0,0.08,
S3_reappro_100,I1061,INGREDIENTS,Village,Littoral,2026-11-01,11,2026,0.04,35.8,4897.0,0.18,
S3_reappro_100,I1063,INGREDIENTS,Ndobo,Littoral,2026-11-01,11,2026,0.01,1.8,17500.0,0.03,
S3_reappro_100,I107,INGREDIENTS,Buea,Littoral,2026-11-01,11,2026,0.02,0.8,52556.0,0.04,
S3_reappro_100,I107,INGREDIENTS,Ndobo,Littoral,2026-11-01,11,2026,3.37,134.8,52556.0,7.08,
S3_reappro_100,I107,INGREDIENTS,Nkongsamba,Littoral,2026-11-01,11,2026,0.08,3.2,52556.0,0.17,
S3_reappro_100,I107,INGREDIENTS,Pk11,Littoral,2026-11-01,11,2026,0.09,3.6,52556.0,0.19,
S3_reappro_100,I107,INGREDIENTS,Village,Littoral,2026-11-01,11,2026,0.25,10.1,52556.0,0.53,
S3_reappro_100,I1071,INGREDIENTS,Buea,Littoral,2026-11-01,11,2026,0.02,15.7,3255.0,0.05,
S3_reappro_100,I1071,INGREDIENTS,Ndobo,Littoral,2026-11-01,11,2026,0.04,42.0,3255.0,0.14,
S3_reappro_100,I1071,INGREDIENTS,Nkongsamba,Littoral,2026-11-01,11,2026,0.01,13.7,3255.0,0.04,
S3_reappro_100,I1071,INGREDIENTS,Pk11,Littoral,2026-11-01,11,2026,0.01,14.4,3255.0,0.05,
S3_reappro_100,I1071,INGREDIENTS,Village,Littoral,2026-11-01,11,2026,0.04,35.3,3255.0,0.11,
S3_reappro_100,I10711,INGREDIENTS,Ndobo,Littoral,2026-11-01,11,2026,0.0,2.1,52115.0,0.11,
S3_reappro_100,P105,INGREDIENTS,Buea,Littoral,2026-11-01,11,2026,2.51,100.6,34391.0,3.46,
S3_reappro_100,P105,INGREDIENTS,Ndobo,Littoral,2026-11-01,11,2026,7.1,284.2,34391.0,9.77,
S3_reappro_100,P105,INGREDIENTS,Nkongsamba,Littoral,2026-11-01,11,2026,3.68,147.2,34391.0,5.06,
S3_reappro_100,P105,INGREDIENTS,Pk11,Littoral,2026-11-01,11,2026,0.92,36.8,34391.0,1.26,
S3_reappro_100,P105,INGREDIENTS,Village,Littoral,2026-11-01,11,2026,2.22,88.7,34391.0,3.05,
S3_reappro_100,P1051,INGREDIENTS,Buea,Littoral,2026-11-01,11,2026,0.41,407.9,1415.0,0.58,
S3_reappro_100,P1051,INGREDIENTS,Ndobo,Littoral,2026-11-01,11,2026,0.37,373.0,1415.0,0.53,
S3_reappro_100,P1051,INGREDIENTS,Nkongsamba,Littoral,2026-11-01,11,2026,0.56,562.8,1415.0,0.8,
S3_reappro_100,P1051,INGREDIENTS,Pk11,Littoral,2026-11-01,11,2026,0.05,48.8,1415.0,0.07,
S3_reappro_100,P1051,INGREDIENTS,Village,Littoral,2026-11-01,11,2026,0.14,143.1,1415.0,0.2,
S3_reappro_100,P1053,INGREDIENTS,Buea,Littoral,2026-11-01,11,2026,0.0,0.4,7065.0,0.0,
S3_reappro_100,P1053,INGREDIENTS,Ndobo,Littoral,2026-11-01,11,2026,0.32,63.2,7065.0,0.45,
S3_reappro_100,P1053,INGREDIENTS,Nkongsamba,Littoral,2026-11-01,11,2026,0.1,20.8,7065.0,0.15,
S3_reappro_100,P1053,INGREDIENTS,Pk11,Littoral,2026-11-01,11,2026,0.09,17.4,7065.0,0.12,
S3_reappro_100,P1053,INGREDIENTS,Village,Littoral,2026-11-01,11,2026,0.18,35.6,7065.0,0.25,
S3_reappro_100,B100,INGREDIENTS,Buea,Littoral,2026-12-01,12,2026,0.0,0.1,16040.0,0.0,
S3_reappro_100,B100,INGREDIENTS,Ndobo,Littoral,2026-12-01,12,2026,3.88,155.3,16040.0,2.49,
S3_reappro_100,B100,INGREDIENTS,Nkongsamba,Littoral,2026-12-01,12,2026,0.08,3.1,16040.0,0.05,
S3_reappro_100,B100,INGREDIENTS,Pk11,Littoral,2026-12-01,12,2026,0.06,2.4,16040.0,0.04,
S3_reappro_100,B100,INGREDIENTS,Village,Littoral,2026-12-01,12,2026,0.05,2.1,16040.0,0.03,
S3_reappro_100,B1001,INGREDIENTS,Buea,Littoral,2026-12-01,12,2026,0.0,3.6,877.0,0.0,
S3_reappro_100,B1001,INGREDIENTS,Ndobo,Littoral,2026-12-01,12,2026,0.03,31.2,877.0,0.03,
S3_reappro_100,B1001,INGREDIENTS,Pk11,Littoral,2026-12-01,12,2026,0.0,0.6,877.0,0.0,
S3_reappro_100,B1001,INGREDIENTS,Village,Littoral,2026-12-01,12,2026,0.05,53.0,877.0,0.05,
S3_reappro_100,E101,INGREDIENTS,Buea,Littoral,2026-12-01,12,2026,0.18,7.1,29325.0,0.21,
S3_reappro_100,E101,INGREDIENTS,Ndobo,Littoral,2026-12-01,12,2026,1.88,75.3,29325.0,2.21,
S3_reappro_100,E101,INGREDIENTS,Nkongsamba,Littoral,2026-12-01,12,2026,0.37,14.7,29325.0,0.43,
S3_reappro_100,E101,INGREDIENTS,Pk11,Littoral,2026-12-01,12,2026,0.27,10.9,29325.0,0.32,
S3_reappro_100,E101,INGREDIENTS,Village,Littoral,2026-12-01,12,2026,0.55,22.0,29325.0,0.64,
S3_reappro_100,E1011,INGREDIENTS,Buea,Littoral,2026-12-01,12,2026,0.02,20.7,1247.0,0.03,
S3_reappro_100,E1011,INGREDIENTS,Ndobo,Littoral,2026-12-01,12,2026,0.17,170.1,1247.0,0.21,
S3_reappro_100,E1011,INGREDIENTS,Nkongsamba,Littoral,2026-12-01,12,2026,0.09,93.0,1247.0,0.12,
S3_reappro_100,E1011,INGREDIENTS,Pk11,Littoral,2026-12-01,12,2026,0.03,34.1,1247.0,0.04,
S3_reappro_100,E1011,INGREDIENTS,Village,Littoral,2026-12-01,12,2026,0.1,101.8,1247.0,0.13,
S3_reappro_100,E1014,INGREDIENTS,Buea,Littoral,2026-12-01,12,2026,0.0,0.1,314.0,0.0,
S3_reappro_100,E1014,INGREDIENTS,Ndobo,Littoral,2026-12-01,12,2026,0.0,24.1,314.0,0.01,
S3_reappro_100,E1014,INGREDIENTS,Pk11,Littoral,2026-12-01,12,2026,0.0,0.1,314.0,0.0,
S3_reappro_100,E1014,INGREDIENTS,Village,Littoral,2026-12-01,12,2026,0.0,16.2,314.0,0.01,
S3_reappro_100,F114,INGREDIENTS,Buea,Littoral,2026-12-01,12,2026,0.17,3.4,53700.0,0.18,
S3_reappro_100,F114,INGREDIENTS,Ndobo,Littoral,2026-12-01,12,2026,2.26,45.2,53700.0,2.43,
S3_reappro_100,F114,INGREDIENTS,Nkongsamba,Littoral,2026-12-01,12,2026,0.65,13.0,53700.0,0.7,
S3_reappro_100,F114,INGREDIENTS,Pk11,Littoral,2026-12-01,12,2026,0.22,4.3,53700.0,0.23,
S3_reappro_100,F114,INGREDIENTS,Village,Littoral,2026-12-01,12,2026,0.68,13.7,53700.0,0.73,
S3_reappro_100,F1142,INGREDIENTS,Buea,Littoral,2026-12-01,12,2026,0.05,49.3,1176.0,0.06,
S3_reappro_100,F1142,INGREDIENTS,Ndobo,Littoral,2026-12-01,12,2026,0.06,60.2,1176.0,0.07,
S3_reappro_100,F1142,INGREDIENTS,Nkongsamba,Littoral,2026-12-01,12,2026,0.11,107.4,1176.0,0.13,
S3_reappro_100,F1142,INGREDIENTS,Pk11,Littoral,2026-12-01,12,2026,0.01,12.3,1176.0,0.01,
S3_reappro_100,F1142,INGREDIENTS,Village,Littoral,2026-12-01,12,2026,0.09,85.5,1176.0,0.1,
S3_reappro_100,F1143,INGREDIENTS,Ndobo,Littoral,2026-12-01,12,2026,0.08,3.3,27727.0,0.09,
S3_reappro_100,F1143,INGREDIENTS,Nkongsamba,Littoral,2026-12-01,12,2026,0.01,0.3,27727.0,0.01,
S3_reappro_100,F1143,INGREDIENTS,Pk11,Littoral,2026-12-01,12,2026,0.01,0.4,27727.0,0.01,
S3_reappro_100,F1143,INGREDIENTS,Village,Littoral,2026-12-01,12,2026,0.08,3.1,27727.0,0.09,
S3_reappro_100,F1145,INGREDIENTS,Buea,Littoral,2026-12-01,12,2026,0.02,0.4,54209.0,0.02,
S3_reappro_100,F1145,INGREDIENTS,Ndobo,Littoral,2026-12-01,12,2026,0.7,13.9,54209.0,0.76,
S3_reappro_100,F1145,INGREDIENTS,Nkongsamba,Littoral,2026-12-01,12,2026,0.4,7.9,54209.0,0.43,
S3_reappro_100,F1145,INGREDIENTS,Pk11,Littoral,2026-12-01,12,2026,0.21,4.2,54209.0,0.23,
S3_reappro_100,F1145,INGREDIENTS,Village,Littoral,2026-12-01,12,2026,0.42,8.3,54209.0,0.45,
S3_reappro_100,F1146,INGREDIENTS,Ndobo,Littoral,2026-12-01,12,2026,0.01,0.4,27784.0,0.01,
S3_reappro_100,F1146,INGREDIENTS,Pk11,Littoral,2026-12-01,12,2026,0.0,0.2,27784.0,0.01,
S3_reappro_100,F1147,INGREDIENTS,Buea,Littoral,2026-12-01,12,2026,0.02,16.7,1184.0,0.02,
S3_reappro_100,F1147,INGREDIENTS,Ndobo,Littoral,2026-12-01,12,2026,0.04,37.7,1184.0,0.04,
S3_reappro_100,F1147,INGREDIENTS,Nkongsamba,Littoral,2026-12-01,12,2026,0.12,118.5,1184.0,0.14,
S3_reappro_100,F1147,INGREDIENTS,Pk11,Littoral,2026-12-01,12,2026,0.03,30.6,1184.0,0.04,
S3_reappro_100,F1147,INGREDIENTS,Village,Littoral,2026-12-01,12,2026,0.04,37.0,1184.0,0.04,
S3_reappro_100,I105,INGREDIENTS,Ndobo,Littoral,2026-12-01,12,2026,0.03,1.1,17869.0,0.02,
S3_reappro_100,I105,INGREDIENTS,Nkongsamba,Littoral,2026-12-01,12,2026,0.1,3.9,17869.0,0.07,
S3_reappro_100,I105,INGREDIENTS,Pk11,Littoral,2026-12-01,12,2026,0.03,1.3,17869.0,0.02,
S3_reappro_100,I105,INGREDIENTS,Village,Littoral,2026-12-01,12,2026,0.05,2.0,17869.0,0.04,
S3_reappro_100,I1051,INGREDIENTS,Buea,Littoral,2026-12-01,12,2026,0.0,4.7,842.0,0.0,
S3_reappro_100,I1051,INGREDIENTS,Ndobo,Littoral,2026-12-01,12,2026,0.09,91.7,842.0,0.08,
S3_reappro_100,I1051,INGREDIENTS,Nkongsamba,Littoral,2026-12-01,12,2026,0.13,126.7,842.0,0.11,
S3_reappro_100,I1051,INGREDIENTS,Pk11,Littoral,2026-12-01,12,2026,0.01,13.2,842.0,0.01,
S3_reappro_100,I1051,INGREDIENTS,Village,Littoral,2026-12-01,12,2026,0.06,63.7,842.0,0.05,
S3_reappro_100,I106,INGREDIENTS,Buea,Littoral,2026-12-01,12,2026,0.02,0.7,107150.0,0.08,
S3_reappro_100,I106,INGREDIENTS,Ndobo,Littoral,2026-12-01,12,2026,2.02,80.8,107150.0,8.66,
S3_reappro_100,I106,INGREDIENTS,Nkongsamba,Littoral,2026-12-01,12,2026,0.05,2.1,107150.0,0.22,
S3_reappro_100,I106,INGREDIENTS,Pk11,Littoral,2026-12-01,12,2026,0.04,1.7,107150.0,0.18,
S3_reappro_100,I106,INGREDIENTS,Village,Littoral,2026-12-01,12,2026,0.16,6.4,107150.0,0.68,
S3_reappro_100,I1061,INGREDIENTS,Buea,Littoral,2026-12-01,12,2026,0.01,14.8,4897.0,0.07,
S3_reappro_100,I1061,INGREDIENTS,Ndobo,Littoral,2026-12-01,12,2026,0.05,50.1,4897.0,0.25,
S3_reappro_100,I1061,INGREDIENTS,Nkongsamba,Littoral,2026-12-01,12,2026,0.02,20.6,4897.0,0.1,
S3_reappro_100,I1061,INGREDIENTS,Pk11,Littoral,2026-12-01,12,2026,0.02,15.5,4897.0,0.08,
S3_reappro_100,I1061,INGREDIENTS,Village,Littoral,2026-12-01,12,2026,0.04,35.8,4897.0,0.18,
S3_reappro_100,I1063,INGREDIENTS,Ndobo,Littoral,2026-12-01,12,2026,0.01,1.8,17500.0,0.03,
S3_reappro_100,I107,INGREDIENTS,Buea,Littoral,2026-12-01,12,2026,0.02,0.8,52556.0,0.04,
S3_reappro_100,I107,INGREDIENTS,Ndobo,Littoral,2026-12-01,12,2026,3.37,134.8,52556.0,7.08,
S3_reappro_100,I107,INGREDIENTS,Nkongsamba,Littoral,2026-12-01,12,2026,0.08,3.2,52556.0,0.17,
S3_reappro_100,I107,INGREDIENTS,Pk11,Littoral,2026-12-01,12,2026,0.09,3.6,52556.0,0.19,
S3_reappro_100,I107,INGREDIENTS,Village,Littoral,2026-12-01,12,2026,0.25,10.1,52556.0,0.53,
S3_reappro_100,I1071,INGREDIENTS,Buea,Littoral,2026-12-01,12,2026,0.02,15.7,3255.0,0.05,
S3_reappro_100,I1071,INGREDIENTS,Ndobo,Littoral,2026-12-01,12,2026,0.04,42.0,3255.0,0.14,
S3_reappro_100,I1071,INGREDIENTS,Nkongsamba,Littoral,2026-12-01,12,2026,0.01,13.7,3255.0,0.04,
S3_reappro_100,I1071,INGREDIENTS,Pk11,Littoral,2026-12-01,12,2026,0.01,14.4,3255.0,0.05,
S3_reappro_100,I1071,INGREDIENTS,Village,Littoral,2026-12-01,12,2026,0.04,35.3,3255.0,0.12,
S3_reappro_100,I10711,INGREDIENTS,Ndobo,Littoral,2026-12-01,12,2026,0.0,2.1,52115.0,0.11,
S3_reappro_100,P105,INGREDIENTS,Buea,Littoral,2026-12-01,12,2026,2.51,100.6,34391.0,3.46,
S3_reappro_100,P105,INGREDIENTS,Ndobo,Littoral,2026-12-01,12,2026,7.11,284.2,34391.0,9.77,
S3_reappro_100,P105,INGREDIENTS,Nkongsamba,Littoral,2026-12-01,12,2026,3.68,147.2,34391.0,5.06,
S3_reappro_100,P105,INGREDIENTS,Pk11,Littoral,2026-12-01,12,2026,0.92,36.8,34391.0,1.26,
S3_reappro_100,P105,INGREDIENTS,Village,Littoral,2026-12-01,12,2026,2.22,88.7,34391.0,3.05,
S3_reappro_100,P1051,INGREDIENTS,Buea,Littoral,2026-12-01,12,2026,0.41,408.0,1415.0,0.58,
S3_reappro_100,P1051,INGREDIENTS,Ndobo,Littoral,2026-12-01,12,2026,0.37,373.0,1415.0,0.53,
S3_reappro_100,P1051,INGREDIENTS,Nkongsamba,Littoral,2026-12-01,12,2026,0.56,562.8,1415.0,0.8,
S3_reappro_100,P1051,INGREDIENTS,Pk11,Littoral,2026-12-01,12,2026,0.05,48.8,1415.0,0.07,
S3_reappro_100,P1051,INGREDIENTS,Village,Littoral,2026-12-01,12,2026,0.14,143.1,1415.0,0.2,
S3_reappro_100,P1053,INGREDIENTS,Buea,Littoral,2026-12-01,12,2026,0.0,0.4,7065.0,0.0,
S3_reappro_100,P1053,INGREDIENTS,Ndobo,Littoral,2026-12-01,12,2026,0.32,63.2,7065.0,0.45,
S3_reappro_100,P1053,INGREDIENTS,Nkongsamba,Littoral,2026-12-01,12,2026,0.1,20.8,7065.0,0.15,
S3_reappro_100,P1053,INGREDIENTS,Pk11,Littoral,2026-12-01,12,2026,0.09,17.4,7065.0,0.12,
S3_reappro_100,P1053,INGREDIENTS,Village,Littoral,2026-12-01,12,2026,0.18,35.6,7065.0,0.25,
S3_reappro_100,B100,INGREDIENTS,Djeleng,Ouest,2026-10-01,10,2026,0.01,0.5,16040.0,0.01,
S3_reappro_100,B100,INGREDIENTS,Famla,Ouest,2026-10-01,10,2026,2.11,84.5,16040.0,1.36,
S3_reappro_100,B100,INGREDIENTS,Mbouda,Ouest,2026-10-01,10,2026,0.03,1.3,16040.0,0.02,
S3_reappro_100,B1001,INGREDIENTS,Djeleng,Ouest,2026-10-01,10,2026,0.0,0.0,877.0,0.0,
S3_reappro_100,B1001,INGREDIENTS,Famla,Ouest,2026-10-01,10,2026,0.17,165.5,877.0,0.15,
S3_reappro_100,B1001,INGREDIENTS,Mbouda,Ouest,2026-10-01,10,2026,0.03,29.3,877.0,0.03,
S3_reappro_100,E101,INGREDIENTS,Djeleng,Ouest,2026-10-01,10,2026,0.34,13.7,29325.0,0.4,
S3_reappro_100,E101,INGREDIENTS,Famla,Ouest,2026-10-01,10,2026,2.65,106.2,29325.0,3.11,
S3_reappro_100,E101,INGREDIENTS,Mbouda,Ouest,2026-10-01,10,2026,0.27,10.8,29325.0,0.32,
S3_reappro_100,E1011,INGREDIENTS,Djeleng,Ouest,2026-10-01,10,2026,0.14,144.2,1247.0,0.18,
S3_reappro_100,E1011,INGREDIENTS,Famla,Ouest,2026-10-01,10,2026,0.26,257.5,1247.0,0.32,
S3_reappro_100,E1011,INGREDIENTS,Mbouda,Ouest,2026-10-01,10,2026,0.15,153.2,1247.0,0.19,
S3_reappro_100,E1014,INGREDIENTS,Famla,Ouest,2026-10-01,10,2026,0.0,15.1,314.0,0.0,
S3_reappro_100,E1014,INGREDIENTS,Mbouda,Ouest,2026-10-01,10,2026,0.01,55.9,314.0,0.02,
S3_reappro_100,F114,INGREDIENTS,Djeleng,Ouest,2026-10-01,10,2026,0.36,7.2,53700.0,0.39,
S3_reappro_100,F114,INGREDIENTS,Famla,Ouest,2026-10-01,10,2026,2.9,58.0,53700.0,3.12,
S3_reappro_100,F114,INGREDIENTS,Mbouda,Ouest,2026-10-01,10,2026,0.52,10.3,53700.0,0.55,
S3_reappro_100,F1142,INGREDIENTS,Djeleng,Ouest,2026-10-01,10,2026,0.06,62.7,1176.0,0.07,
S3_reappro_100,F1142,INGREDIENTS,Famla,Ouest,2026-10-01,10,2026,0.11,108.1,1176.0,0.13,
S3_reappro_100,F1142,INGREDIENTS,Mbouda,Ouest,2026-10-01,10,2026,0.12,120.6,1176.0,0.14,
S3_reappro_100,F1143,INGREDIENTS,Djeleng,Ouest,2026-10-01,10,2026,0.02,0.6,27727.0,0.02,
S3_reappro_100,F1143,INGREDIENTS,Famla,Ouest,2026-10-01,10,2026,0.13,5.3,27727.0,0.15,
S3_reappro_100,F1143,INGREDIENTS,Mbouda,Ouest,2026-10-01,10,2026,0.04,1.6,27727.0,0.04,
S3_reappro_100,F1145,INGREDIENTS,Djeleng,Ouest,2026-10-01,10,2026,0.09,1.8,54209.0,0.1,
S3_reappro_100,F1145,INGREDIENTS,Famla,Ouest,2026-10-01,10,2026,0.53,10.5,54209.0,0.57,
S3_reappro_100,F1145,INGREDIENTS,Mbouda,Ouest,2026-10-01,10,2026,0.27,5.4,54209.0,0.29,
S3_reappro_100,F1146,INGREDIENTS,Famla,Ouest,2026-10-01,10,2026,0.05,2.2,27784.0,0.06,
S3_reappro_100,F1147,INGREDIENTS,Famla,Ouest,2026-10-01,10,2026,0.01,10.6,1184.0,0.01,
S3_reappro_100,F1147,INGREDIENTS,Mbouda,Ouest,2026-10-01,10,2026,0.02,21.3,1184.0,0.03,
S3_reappro_100,I105,INGREDIENTS,Djeleng,Ouest,2026-10-01,10,2026,0.04,1.4,17869.0,0.03,
S3_reappro_100,I105,INGREDIENTS,Famla,Ouest,2026-10-01,10,2026,0.24,9.8,17869.0,0.17,
S3_reappro_100,I105,INGREDIENTS,Mbouda,Ouest,2026-10-01,10,2026,0.01,0.3,17869.0,0.01,
S3_reappro_100,I1051,INGREDIENTS,Djeleng,Ouest,2026-10-01,10,2026,0.09,86.5,842.0,0.07,
S3_reappro_100,I1051,INGREDIENTS,Famla,Ouest,2026-10-01,10,2026,0.14,139.1,842.0,0.12,
S3_reappro_100,I1051,INGREDIENTS,Mbouda,Ouest,2026-10-01,10,2026,0.08,76.4,842.0,0.06,
S3_reappro_100,I106,INGREDIENTS,Djeleng,Ouest,2026-10-01,10,2026,0.07,2.8,107150.0,0.3,
S3_reappro_100,I106,INGREDIENTS,Famla,Ouest,2026-10-01,10,2026,0.94,37.5,107150.0,4.02,
S3_reappro_100,I1061,INGREDIENTS,Djeleng,Ouest,2026-10-01,10,2026,0.0,0.9,4897.0,0.0,
S3_reappro_100,I1061,INGREDIENTS,Famla,Ouest,2026-10-01,10,2026,0.02,15.8,4897.0,0.08,
S3_reappro_100,I1061,INGREDIENTS,Mbouda,Ouest,2026-10-01,10,2026,0.0,2.0,4897.0,0.01,
S3_reappro_100,I107,INGREDIENTS,Djeleng,Ouest,2026-10-01,10,2026,0.08,3.2,52556.0,0.17,
S3_reappro_100,I107,INGREDIENTS,Famla,Ouest,2026-10-01,10,2026,1.33,53.0,52556.0,2.79,
S3_reappro_100,I1071,INGREDIENTS,Djeleng,Ouest,2026-10-01,10,2026,0.0,1.0,3255.0,0.0,
S3_reappro_100,I1071,INGREDIENTS,Famla,Ouest,2026-10-01,10,2026,0.01,9.3,3255.0,0.03,
S3_reappro_100,I1071,INGREDIENTS,Mbouda,Ouest,2026-10-01,10,2026,0.0,2.3,3255.0,0.01,
S3_reappro_100,P105,INGREDIENTS,Djeleng,Ouest,2026-10-01,10,2026,1.83,73.3,34391.0,2.52,
S3_reappro_100,P105,INGREDIENTS,Famla,Ouest,2026-10-01,10,2026,8.01,320.5,34391.0,11.02,
S3_reappro_100,P105,INGREDIENTS,Mbouda,Ouest,2026-10-01,10,2026,1.27,50.9,34391.0,1.75,
S3_reappro_100,P1051,INGREDIENTS,Djeleng,Ouest,2026-10-01,10,2026,0.26,262.3,1415.0,0.37,
S3_reappro_100,P1051,INGREDIENTS,Famla,Ouest,2026-10-01,10,2026,0.59,592.6,1415.0,0.84,
S3_reappro_100,P1051,INGREDIENTS,Mbouda,Ouest,2026-10-01,10,2026,0.33,329.8,1415.0,0.47,
S3_reappro_100,P1053,INGREDIENTS,Djeleng,Ouest,2026-10-01,10,2026,0.02,4.5,7065.0,0.03,
S3_reappro_100,P1053,INGREDIENTS,Famla,Ouest,2026-10-01,10,2026,0.1,20.5,7065.0,0.15,
S3_reappro_100,P1053,INGREDIENTS,Mbouda,Ouest,2026-10-01,10,2026,0.09,17.9,7065.0,0.13,
S3_reappro_100,B100,INGREDIENTS,Djeleng,Ouest,2026-11-01,11,2026,0.02,0.7,16040.0,0.01,
S3_reappro_100,B100,INGREDIENTS,Famla,Ouest,2026-11-01,11,2026,3.33,133.1,16040.0,2.13,
S3_reappro_100,B100,INGREDIENTS,Mbouda,Ouest,2026-11-01,11,2026,0.05,2.0,16040.0,0.03,
S3_reappro_100,B1001,INGREDIENTS,Djeleng,Ouest,2026-11-01,11,2026,0.0,0.0,877.0,0.0,
S3_reappro_100,B1001,INGREDIENTS,Famla,Ouest,2026-11-01,11,2026,0.26,260.6,877.0,0.23,
S3_reappro_100,B1001,INGREDIENTS,Mbouda,Ouest,2026-11-01,11,2026,0.05,46.1,877.0,0.04,
S3_reappro_100,E101,INGREDIENTS,Djeleng,Ouest,2026-11-01,11,2026,0.54,21.5,29325.0,0.63,
S3_reappro_100,E101,INGREDIENTS,Famla,Ouest,2026-11-01,11,2026,4.18,167.2,29325.0,4.9,
S3_reappro_100,E101,INGREDIENTS,Mbouda,Ouest,2026-11-01,11,2026,0.43,17.0,29325.0,0.5,
S3_reappro_100,E1011,INGREDIENTS,Djeleng,Ouest,2026-11-01,11,2026,0.23,227.1,1247.0,0.28,
S3_reappro_100,E1011,INGREDIENTS,Famla,Ouest,2026-11-01,11,2026,0.41,405.5,1247.0,0.51,
S3_reappro_100,E1011,INGREDIENTS,Mbouda,Ouest,2026-11-01,11,2026,0.24,241.3,1247.0,0.3,
S3_reappro_100,E1014,INGREDIENTS,Famla,Ouest,2026-11-01,11,2026,0.0,23.7,314.0,0.01,
S3_reappro_100,E1014,INGREDIENTS,Mbouda,Ouest,2026-11-01,11,2026,0.02,88.0,314.0,0.03,
S3_reappro_100,F114,INGREDIENTS,Djeleng,Ouest,2026-11-01,11,2026,0.56,11.3,53700.0,0.61,
S3_reappro_100,F114,INGREDIENTS,Famla,Ouest,2026-11-01,11,2026,4.57,91.4,53700.0,4.91,
S3_reappro_100,F114,INGREDIENTS,Mbouda,Ouest,2026-11-01,11,2026,0.81,16.3,53700.0,0.87,
S3_reappro_100,F1142,INGREDIENTS,Djeleng,Ouest,2026-11-01,11,2026,0.1,98.8,1176.0,0.12,
S3_reappro_100,F1142,INGREDIENTS,Famla,Ouest,2026-11-01,11,2026,0.17,170.3,1176.0,0.2,
S3_reappro_100,F1142,INGREDIENTS,Mbouda,Ouest,2026-11-01,11,2026,0.19,189.9,1176.0,0.22,
S3_reappro_100,F1143,INGREDIENTS,Djeleng,Ouest,2026-11-01,11,2026,0.03,1.0,27727.0,0.03,
S3_reappro_100,F1143,INGREDIENTS,Famla,Ouest,2026-11-01,11,2026,0.21,8.4,27727.0,0.23,
S3_reappro_100,F1143,INGREDIENTS,Mbouda,Ouest,2026-11-01,11,2026,0.06,2.4,27727.0,0.07,
S3_reappro_100,F1145,INGREDIENTS,Djeleng,Ouest,2026-11-01,11,2026,0.14,2.8,54209.0,0.15,
S3_reappro_100,F1145,INGREDIENTS,Famla,Ouest,2026-11-01,11,2026,0.83,16.6,54209.0,0.9,
S3_reappro_100,F1145,INGREDIENTS,Mbouda,Ouest,2026-11-01,11,2026,0.43,8.5,54209.0,0.46,
S3_reappro_100,F1146,INGREDIENTS,Famla,Ouest,2026-11-01,11,2026,0.08,3.4,27784.0,0.09,
S3_reappro_100,F1147,INGREDIENTS,Famla,Ouest,2026-11-01,11,2026,0.02,16.8,1184.0,0.02,
S3_reappro_100,F1147,INGREDIENTS,Mbouda,Ouest,2026-11-01,11,2026,0.03,33.5,1184.0,0.04,
S3_reappro_100,I105,INGREDIENTS,Djeleng,Ouest,2026-11-01,11,2026,0.06,2.3,17869.0,0.04,
S3_reappro_100,I105,INGREDIENTS,Famla,Ouest,2026-11-01,11,2026,0.38,15.4,17869.0,0.27,
S3_reappro_100,I105,INGREDIENTS,Mbouda,Ouest,2026-11-01,11,2026,0.01,0.5,17869.0,0.01,
S3_reappro_100,I1051,INGREDIENTS,Djeleng,Ouest,2026-11-01,11,2026,0.14,136.1,842.0,0.11,
S3_reappro_100,I1051,INGREDIENTS,Famla,Ouest,2026-11-01,11,2026,0.22,219.0,842.0,0.18,
S3_reappro_100,I1051,INGREDIENTS,Mbouda,Ouest,2026-11-01,11,2026,0.12,120.3,842.0,0.1,
S3_reappro_100,I106,INGREDIENTS,Djeleng,Ouest,2026-11-01,11,2026,0.11,4.4,107150.0,0.47,
S3_reappro_100,I106,INGREDIENTS,Famla,Ouest,2026-11-01,11,2026,1.48,59.0,107150.0,6.32,
S3_reappro_100,I1061,INGREDIENTS,Djeleng,Ouest,2026-11-01,11,2026,0.0,1.5,4897.0,0.01,
S3_reappro_100,I1061,INGREDIENTS,Famla,Ouest,2026-11-01,11,2026,0.02,24.9,4897.0,0.12,
S3_reappro_100,I1061,INGREDIENTS,Mbouda,Ouest,2026-11-01,11,2026,0.0,3.2,4897.0,0.02,
S3_reappro_100,I107,INGREDIENTS,Djeleng,Ouest,2026-11-01,11,2026,0.13,5.1,52556.0,0.27,
S3_reappro_100,I107,INGREDIENTS,Famla,Ouest,2026-11-01,11,2026,2.09,83.5,52556.0,4.39,
S3_reappro_100,I1071,INGREDIENTS,Djeleng,Ouest,2026-11-01,11,2026,0.0,1.5,3255.0,0.01,
S3_reappro_100,I1071,INGREDIENTS,Famla,Ouest,2026-11-01,11,2026,0.01,14.6,3255.0,0.05,
S3_reappro_100,I1071,INGREDIENTS,Mbouda,Ouest,2026-11-01,11,2026,0.0,3.6,3255.0,0.01,
S3_reappro_100,P105,INGREDIENTS,Djeleng,Ouest,2026-11-01,11,2026,2.89,115.5,34391.0,3.97,
S3_reappro_100,P105,INGREDIENTS,Famla,Ouest,2026-11-01,11,2026,12.61,504.6,34391.0,17.35,
S3_reappro_100,P105,INGREDIENTS,Mbouda,Ouest,2026-11-01,11,2026,2.0,80.2,34391.0,2.76,
S3_reappro_100,P1051,INGREDIENTS,Djeleng,Ouest,2026-11-01,11,2026,0.41,412.9,1415.0,0.58,
S3_reappro_100,P1051,INGREDIENTS,Famla,Ouest,2026-11-01,11,2026,0.93,933.0,1415.0,1.32,
S3_reappro_100,P1051,INGREDIENTS,Mbouda,Ouest,2026-11-01,11,2026,0.52,519.3,1415.0,0.73,
S3_reappro_100,P1053,INGREDIENTS,Djeleng,Ouest,2026-11-01,11,2026,0.04,7.0,7065.0,0.05,
S3_reappro_100,P1053,INGREDIENTS,Famla,Ouest,2026-11-01,11,2026,0.16,32.3,7065.0,0.23,
S3_reappro_100,P1053,INGREDIENTS,Mbouda,Ouest,2026-11-01,11,2026,0.14,28.3,7065.0,0.2,
S3_reappro_100,B100,INGREDIENTS,Djeleng,Ouest,2026-12-01,12,2026,0.01,0.5,16040.0,0.01,
S3_reappro_100,B100,INGREDIENTS,Famla,Ouest,2026-12-01,12,2026,2.18,87.2,16040.0,1.4,
S3_reappro_100,B100,INGREDIENTS,Mbouda,Ouest,2026-12-01,12,2026,0.03,1.3,16040.0,0.02,
S3_reappro_100,B1001,INGREDIENTS,Djeleng,Ouest,2026-12-01,12,2026,0.0,0.0,877.0,0.0,
S3_reappro_100,B1001,INGREDIENTS,Famla,Ouest,2026-12-01,12,2026,0.17,170.8,877.0,0.15,
S3_reappro_100,B1001,INGREDIENTS,Mbouda,Ouest,2026-12-01,12,2026,0.03,30.2,877.0,0.03,
S3_reappro_100,E101,INGREDIENTS,Djeleng,Ouest,2026-12-01,12,2026,0.35,14.1,29325.0,0.41,
S3_reappro_100,E101,INGREDIENTS,Famla,Ouest,2026-12-01,12,2026,2.74,109.5,29325.0,3.21,
S3_reappro_100,E101,INGREDIENTS,Mbouda,Ouest,2026-12-01,12,2026,0.28,11.2,29325.0,0.33,
S3_reappro_100,E1011,INGREDIENTS,Djeleng,Ouest,2026-12-01,12,2026,0.15,148.8,1247.0,0.19,
S3_reappro_100,E1011,INGREDIENTS,Famla,Ouest,2026-12-01,12,2026,0.27,265.7,1247.0,0.33,
S3_reappro_100,E1011,INGREDIENTS,Mbouda,Ouest,2026-12-01,12,2026,0.16,158.1,1247.0,0.2,
S3_reappro_100,E1014,INGREDIENTS,Famla,Ouest,2026-12-01,12,2026,0.0,15.5,314.0,0.0,
S3_reappro_100,E1014,INGREDIENTS,Mbouda,Ouest,2026-12-01,12,2026,0.01,57.6,314.0,0.02,
S3_reappro_100,F114,INGREDIENTS,Djeleng,Ouest,2026-12-01,12,2026,0.37,7.4,53700.0,0.4,
S3_reappro_100,F114,INGREDIENTS,Famla,Ouest,2026-12-01,12,2026,2.99,59.9,53700.0,3.21,
S3_reappro_100,F114,INGREDIENTS,Mbouda,Ouest,2026-12-01,12,2026,0.53,10.7,53700.0,0.57,
S3_reappro_100,F1142,INGREDIENTS,Djeleng,Ouest,2026-12-01,12,2026,0.06,64.7,1176.0,0.08,
S3_reappro_100,F1142,INGREDIENTS,Famla,Ouest,2026-12-01,12,2026,0.11,111.5,1176.0,0.13,
S3_reappro_100,F1142,INGREDIENTS,Mbouda,Ouest,2026-12-01,12,2026,0.12,124.4,1176.0,0.15,
S3_reappro_100,F1143,INGREDIENTS,Djeleng,Ouest,2026-12-01,12,2026,0.02,0.7,27727.0,0.02,
S3_reappro_100,F1143,INGREDIENTS,Famla,Ouest,2026-12-01,12,2026,0.14,5.5,27727.0,0.15,
S3_reappro_100,F1143,INGREDIENTS,Mbouda,Ouest,2026-12-01,12,2026,0.04,1.6,27727.0,0.04,
S3_reappro_100,F1145,INGREDIENTS,Djeleng,Ouest,2026-12-01,12,2026,0.09,1.8,54209.0,0.1,
S3_reappro_100,F1145,INGREDIENTS,Famla,Ouest,2026-12-01,12,2026,0.54,10.9,54209.0,0.59,
S3_reappro_100,F1145,INGREDIENTS,Mbouda,Ouest,2026-12-01,12,2026,0.28,5.6,54209.0,0.3,
S3_reappro_100,F1146,INGREDIENTS,Famla,Ouest,2026-12-01,12,2026,0.06,2.2,27784.0,0.06,
S3_reappro_100,F1147,INGREDIENTS,Famla,Ouest,2026-12-01,12,2026,0.01,11.0,1184.0,0.01,
S3_reappro_100,F1147,INGREDIENTS,Mbouda,Ouest,2026-12-01,12,2026,0.02,22.0,1184.0,0.03,
S3_reappro_100,I105,INGREDIENTS,Djeleng,Ouest,2026-12-01,12,2026,0.04,1.5,17869.0,0.03,
S3_reappro_100,I105,INGREDIENTS,Famla,Ouest,2026-12-01,12,2026,0.25,10.1,17869.0,0.18,
S3_reappro_100,I105,INGREDIENTS,Mbouda,Ouest,2026-12-01,12,2026,0.01,0.4,17869.0,0.01,
S3_reappro_100,I1051,INGREDIENTS,Djeleng,Ouest,2026-12-01,12,2026,0.09,89.2,842.0,0.08,
S3_reappro_100,I1051,INGREDIENTS,Famla,Ouest,2026-12-01,12,2026,0.14,143.5,842.0,0.12,
S3_reappro_100,I1051,INGREDIENTS,Mbouda,Ouest,2026-12-01,12,2026,0.08,78.8,842.0,0.07,
S3_reappro_100,I106,INGREDIENTS,Djeleng,Ouest,2026-12-01,12,2026,0.07,2.9,107150.0,0.31,
S3_reappro_100,I106,INGREDIENTS,Famla,Ouest,2026-12-01,12,2026,0.97,38.7,107150.0,4.14,
S3_reappro_100,I1061,INGREDIENTS,Djeleng,Ouest,2026-12-01,12,2026,0.0,1.0,4897.0,0.0,
S3_reappro_100,I1061,INGREDIENTS,Famla,Ouest,2026-12-01,12,2026,0.02,16.3,4897.0,0.08,
S3_reappro_100,I1061,INGREDIENTS,Mbouda,Ouest,2026-12-01,12,2026,0.0,2.1,4897.0,0.01,
S3_reappro_100,I107,INGREDIENTS,Djeleng,Ouest,2026-12-01,12,2026,0.08,3.3,52556.0,0.18,
S3_reappro_100,I107,INGREDIENTS,Famla,Ouest,2026-12-01,12,2026,1.37,54.7,52556.0,2.88,
S3_reappro_100,I1071,INGREDIENTS,Djeleng,Ouest,2026-12-01,12,2026,0.0,1.0,3255.0,0.0,
S3_reappro_100,I1071,INGREDIENTS,Famla,Ouest,2026-12-01,12,2026,0.01,9.6,3255.0,0.03,
S3_reappro_100,I1071,INGREDIENTS,Mbouda,Ouest,2026-12-01,12,2026,0.0,2.3,3255.0,0.01,
S3_reappro_100,P105,INGREDIENTS,Djeleng,Ouest,2026-12-01,12,2026,1.89,75.6,34391.0,2.6,
S3_reappro_100,P105,INGREDIENTS,Famla,Ouest,2026-12-01,12,2026,8.26,330.6,34391.0,11.37,
S3_reappro_100,P105,INGREDIENTS,Mbouda,Ouest,2026-12-01,12,2026,1.31,52.5,34391.0,1.81,
S3_reappro_100,P1051,INGREDIENTS,Djeleng,Ouest,2026-12-01,12,2026,0.27,270.5,1415.0,0.38,
S3_reappro_100,P1051,INGREDIENTS,Famla,Ouest,2026-12-01,12,2026,0.61,611.2,1415.0,0.86,
S3_reappro_100,P1051,INGREDIENTS,Mbouda,Ouest,2026-12-01,12,2026,0.34,340.2,1415.0,0.48,
S3_reappro_100,P1053,INGREDIENTS,Djeleng,Ouest,2026-12-01,12,2026,0.02,4.6,7065.0,0.03,
S3_reappro_100,P1053,INGREDIENTS,Famla,Ouest,2026-12-01,12,2026,0.11,21.2,7065.0,0.15,
S3_reappro_100,P1053,INGREDIENTS,Mbouda,Ouest,2026-12-01,12,2026,0.09,18.5,7065.0,0.13,
S3_reappro_100,MAT003,MATERIEL_ELEVAGE,Ahala,Centre,2026-10-01,10,2026,0.0,0.0,0.0,0.85,
S3_reappro_100,MAT003,MATERIEL_ELEVAGE,Bertoua,Centre,2026-10-01,10,2026,0.0,0.0,0.0,0.76,
S3_reappro_100,MAT003,MATERIEL_ELEVAGE,Messassi,Centre,2026-10-01,10,2026,0.0,0.0,0.0,1.05,
S3_reappro_100,MAT003,MATERIEL_ELEVAGE,Ngaoundere,Centre,2026-10-01,10,2026,0.0,0.0,0.0,0.43,
S3_reappro_100,MAT003,MATERIEL_ELEVAGE,Nkoabang,Centre,2026-10-01,10,2026,0.0,0.0,0.0,0.26,
S3_reappro_100,MAT003,MATERIEL_ELEVAGE,Nkolbisson,Centre,2026-10-01,10,2026,0.0,0.0,0.0,0.02,
S3_reappro_100,MAT004,MATERIEL_ELEVAGE,Ahala,Centre,2026-10-01,10,2026,0.0,0.0,0.0,0.02,
S3_reappro_100,MAT004,MATERIEL_ELEVAGE,Bertoua,Centre,2026-10-01,10,2026,0.0,0.0,0.0,0.01,
S3_reappro_100,MAT004,MATERIEL_ELEVAGE,Messassi,Centre,2026-10-01,10,2026,0.0,0.0,0.0,0.03,
S3_reappro_100,MAT004,MATERIEL_ELEVAGE,Nkoabang,Centre,2026-10-01,10,2026,0.0,0.0,0.0,0.0,
S3_reappro_100,MAT005,MATERIEL_ELEVAGE,Ahala,Centre,2026-10-01,10,2026,0.0,0.0,0.0,0.0,
S3_reappro_100,MAT005,MATERIEL_ELEVAGE,Nkolbisson,Centre,2026-10-01,10,2026,0.0,0.0,0.0,0.0,
S3_reappro_100,MAT006,MATERIEL_ELEVAGE,Ahala,Centre,2026-10-01,10,2026,0.0,0.0,0.0,0.02,
S3_reappro_100,MAT006,MATERIEL_ELEVAGE,Bertoua,Centre,2026-10-01,10,2026,0.0,0.0,0.0,0.01,
S3_reappro_100,MAT006,MATERIEL_ELEVAGE,Messassi,Centre,2026-10-01,10,2026,0.0,0.0,0.0,0.05,
S3_reappro_100,MAT006,MATERIEL_ELEVAGE,Ngaoundere,Centre,2026-10-01,10,2026,0.0,0.0,0.0,0.01,
S3_reappro_100,MAT006,MATERIEL_ELEVAGE,Nkoabang,Centre,2026-10-01,10,2026,0.0,0.0,0.0,0.0,
S3_reappro_100,MAT006,MATERIEL_ELEVAGE,Nkolbisson,Centre,2026-10-01,10,2026,0.0,0.0,0.0,0.01,
S3_reappro_100,MAT007,MATERIEL_ELEVAGE,Ahala,Centre,2026-10-01,10,2026,0.0,0.0,0.0,0.0,
S3_reappro_100,MAT007,MATERIEL_ELEVAGE,Bertoua,Centre,2026-10-01,10,2026,0.0,0.0,0.0,0.0,
S3_reappro_100,MAT007,MATERIEL_ELEVAGE,Messassi,Centre,2026-10-01,10,2026,0.0,0.0,0.0,0.0,
S3_reappro_100,MAT007,MATERIEL_ELEVAGE,Ngaoundere,Centre,2026-10-01,10,2026,0.0,0.0,0.0,0.0,
S3_reappro_100,MAT008,MATERIEL_ELEVAGE,Ahala,Centre,2026-10-01,10,2026,0.0,0.0,0.0,0.0,
S3_reappro_100,MAT008,MATERIEL_ELEVAGE,Messassi,Centre,2026-10-01,10,2026,0.0,0.0,0.0,0.03,
S3_reappro_100,MAT008,MATERIEL_ELEVAGE,Nkoabang,Centre,2026-10-01,10,2026,0.0,0.0,0.0,0.0,
S3_reappro_100,MAT009,MATERIEL_ELEVAGE,Ahala,Centre,2026-10-01,10,2026,0.0,0.0,0.0,0.0,
S3_reappro_100,MAT009,MATERIEL_ELEVAGE,Bertoua,Centre,2026-10-01,10,2026,0.0,0.0,0.0,0.0,
S3_reappro_100,MAT009,MATERIEL_ELEVAGE,Messassi,Centre,2026-10-01,10,2026,0.0,0.0,0.0,0.01,
S3_reappro_100,MAT009,MATERIEL_ELEVAGE,Nkoabang,Centre,2026-10-01,10,2026,0.0,0.0,0.0,0.0,
S3_reappro_100,MAT011-80010002,MATERIEL_ELEVAGE,Ahala,Centre,2026-10-01,10,2026,0.0,0.0,0.0,0.3,
S3_reappro_100,MAT011-80010002,MATERIEL_ELEVAGE,Bertoua,Centre,2026-10-01,10,2026,0.0,0.0,0.0,0.34,
S3_reappro_100,MAT011-80010002,MATERIEL_ELEVAGE,Messassi,Centre,2026-10-01,10,2026,0.0,0.0,0.0,1.12,
S3_reappro_100,MAT011-80010002,MATERIEL_ELEVAGE,Ngaoundere,Centre,2026-10-01,10,2026,0.0,0.0,0.0,0.37,
S3_reappro_100,MAT011-80010002,MATERIEL_ELEVAGE,Nkoabang,Centre,2026-10-01,10,2026,0.0,0.0,0.0,0.2,
S3_reappro_100,MAT011-80010002,MATERIEL_ELEVAGE,Nkolbisson,Centre,2026-10-01,10,2026,0.0,0.0,0.0,0.09,
S3_reappro_100,MAT014-80010003,MATERIEL_ELEVAGE,Ahala,Centre,2026-10-01,10,2026,0.0,0.0,0.0,0.62,
S3_reappro_100,MAT014-80010003,MATERIEL_ELEVAGE,Bertoua,Centre,2026-10-01,10,2026,0.0,0.0,0.0,2.09,
S3_reappro_100,MAT014-80010003,MATERIEL_ELEVAGE,Messassi,Centre,2026-10-01,10,2026,0.0,0.0,0.0,2.07,
S3_reappro_100,MAT014-80010003,MATERIEL_ELEVAGE,Ngaoundere,Centre,2026-10-01,10,2026,0.0,0.0,0.0,0.45,
S3_reappro_100,MAT014-80010003,MATERIEL_ELEVAGE,Nkoabang,Centre,2026-10-01,10,2026,0.0,0.0,0.0,0.53,
S3_reappro_100,MAT014-80010003,MATERIEL_ELEVAGE,Nkolbisson,Centre,2026-10-01,10,2026,0.0,0.0,0.0,0.33,
S3_reappro_100,MAT017,MATERIEL_ELEVAGE,Ahala,Centre,2026-10-01,10,2026,0.0,0.0,0.0,0.33,
S3_reappro_100,MAT017,MATERIEL_ELEVAGE,Bertoua,Centre,2026-10-01,10,2026,0.0,0.0,0.0,0.0,
S3_reappro_100,MAT017,MATERIEL_ELEVAGE,Messassi,Centre,2026-10-01,10,2026,0.0,0.0,0.0,0.57,
S3_reappro_100,MAT017,MATERIEL_ELEVAGE,Ngaoundere,Centre,2026-10-01,10,2026,0.0,0.0,0.0,0.66,
S3_reappro_100,MAT017,MATERIEL_ELEVAGE,Nkoabang,Centre,2026-10-01,10,2026,0.0,0.0,0.0,0.24,
S3_reappro_100,MAT020,MATERIEL_ELEVAGE,Ahala,Centre,2026-10-01,10,2026,0.0,0.0,0.0,0.03,
S3_reappro_100,MAT020,MATERIEL_ELEVAGE,Bertoua,Centre,2026-10-01,10,2026,0.0,0.0,0.0,0.03,
S3_reappro_100,MAT020,MATERIEL_ELEVAGE,Messassi,Centre,2026-10-01,10,2026,0.0,0.0,0.0,0.12,
S3_reappro_100,MAT020,MATERIEL_ELEVAGE,Ngaoundere,Centre,2026-10-01,10,2026,0.0,0.0,0.0,0.05,
S3_reappro_100,MAT020,MATERIEL_ELEVAGE,Nkoabang,Centre,2026-10-01,10,2026,0.0,0.0,0.0,0.02,
S3_reappro_100,MAT020,MATERIEL_ELEVAGE,Nkolbisson,Centre,2026-10-01,10,2026,0.0,0.0,0.0,0.01,
S3_reappro_100,MAT023,MATERIEL_ELEVAGE,Messassi,Centre,2026-10-01,10,2026,0.0,0.0,0.0,0.01,
S3_reappro_100,MAT029,MATERIEL_ELEVAGE,Messassi,Centre,2026-10-01,10,2026,0.0,0.0,0.0,0.05,
S3_reappro_100,MAT030,MATERIEL_ELEVAGE,Nkoabang,Centre,2026-10-01,10,2026,0.0,0.0,0.0,0.02,
S3_reappro_100,MAT033,MATERIEL_ELEVAGE,Ahala,Centre,2026-10-01,10,2026,0.0,0.0,0.0,0.0,
S3_reappro_100,MAT033,MATERIEL_ELEVAGE,Bertoua,Centre,2026-10-01,10,2026,0.0,0.0,0.0,0.0,
S3_reappro_100,MAT033,MATERIEL_ELEVAGE,Messassi,Centre,2026-10-01,10,2026,0.0,0.0,0.0,0.01,
S3_reappro_100,MAT039,MATERIEL_ELEVAGE,Ahala,Centre,2026-10-01,10,2026,0.0,0.0,0.0,0.38,
S3_reappro_100,MAT039,MATERIEL_ELEVAGE,Bertoua,Centre,2026-10-01,10,2026,0.0,0.0,0.0,0.52,
S3_reappro_100,MAT039,MATERIEL_ELEVAGE,Messassi,Centre,2026-10-01,10,2026,0.0,0.0,0.0,0.71,
S3_reappro_100,MAT039,MATERIEL_ELEVAGE,Ngaoundere,Centre,2026-10-01,10,2026,0.0,0.0,0.0,0.1,
S3_reappro_100,MAT039,MATERIEL_ELEVAGE,Nkoabang,Centre,2026-10-01,10,2026,0.0,0.0,0.0,0.25,
S3_reappro_100,MAT039,MATERIEL_ELEVAGE,Nkolbisson,Centre,2026-10-01,10,2026,0.0,0.0,0.0,0.06,
S3_reappro_100,MAT040,MATERIEL_ELEVAGE,Ahala,Centre,2026-10-01,10,2026,0.0,0.0,0.0,0.02,
S3_reappro_100,MAT040,MATERIEL_ELEVAGE,Bertoua,Centre,2026-10-01,10,2026,0.0,0.0,0.0,0.0,
S3_reappro_100,MAT040,MATERIEL_ELEVAGE,Messassi,Centre,2026-10-01,10,2026,0.0,0.0,0.0,0.08,
S3_reappro_100,MAT040,MATERIEL_ELEVAGE,Ngaoundere,Centre,2026-10-01,10,2026,0.0,0.0,0.0,0.01,
S3_reappro_100,MAT040,MATERIEL_ELEVAGE,Nkolbisson,Centre,2026-10-01,10,2026,0.0,0.0,0.0,0.0,
S3_reappro_100,MAT042,MATERIEL_ELEVAGE,Ahala,Centre,2026-10-01,10,2026,0.0,0.0,0.0,0.1,
S3_reappro_100,MAT042,MATERIEL_ELEVAGE,Bertoua,Centre,2026-10-01,10,2026,0.0,0.0,0.0,0.15,
S3_reappro_100,MAT042,MATERIEL_ELEVAGE,Messassi,Centre,2026-10-01,10,2026,0.0,0.0,0.0,0.23,
S3_reappro_100,MAT042,MATERIEL_ELEVAGE,Ngaoundere,Centre,2026-10-01,10,2026,0.0,0.0,0.0,0.05,
S3_reappro_100,MAT042,MATERIEL_ELEVAGE,Nkolbisson,Centre,2026-10-01,10,2026,0.0,0.0,0.0,0.16,
S3_reappro_100,MAT047,MATERIEL_ELEVAGE,Ahala,Centre,2026-10-01,10,2026,0.0,0.0,0.0,0.05,
S3_reappro_100,MAT049,MATERIEL_ELEVAGE,Ahala,Centre,2026-10-01,10,2026,0.0,0.0,0.0,0.12,
S3_reappro_100,MAT049,MATERIEL_ELEVAGE,Bertoua,Centre,2026-10-01,10,2026,0.0,0.0,0.0,0.1,
S3_reappro_100,MAT049,MATERIEL_ELEVAGE,Messassi,Centre,2026-10-01,10,2026,0.0,0.0,0.0,0.14,
S3_reappro_100,MAT049,MATERIEL_ELEVAGE,Ngaoundere,Centre,2026-10-01,10,2026,0.0,0.0,0.0,0.05,
S3_reappro_100,MAT049,MATERIEL_ELEVAGE,Nkoabang,Centre,2026-10-01,10,2026,0.0,0.0,0.0,0.06,
S3_reappro_100,MAT049,MATERIEL_ELEVAGE,Nkolbisson,Centre,2026-10-01,10,2026,0.0,0.0,0.0,0.02,
S3_reappro_100,MAT050,MATERIEL_ELEVAGE,Ahala,Centre,2026-10-01,10,2026,0.0,0.0,0.0,0.03,
S3_reappro_100,MAT050,MATERIEL_ELEVAGE,Bertoua,Centre,2026-10-01,10,2026,0.0,0.0,0.0,0.02,
S3_reappro_100,MAT050,MATERIEL_ELEVAGE,Messassi,Centre,2026-10-01,10,2026,0.0,0.0,0.0,0.06,
S3_reappro_100,MAT050,MATERIEL_ELEVAGE,Nkoabang,Centre,2026-10-01,10,2026,0.0,0.0,0.0,0.02,
S3_reappro_100,MAT053,MATERIEL_ELEVAGE,Ahala,Centre,2026-10-01,10,2026,0.0,0.0,0.0,0.01,
S3_reappro_100,MAT053,MATERIEL_ELEVAGE,Bertoua,Centre,2026-10-01,10,2026,0.0,0.0,0.0,0.01,
S3_reappro_100,MAT054,MATERIEL_ELEVAGE,Ahala,Centre,2026-10-01,10,2026,0.0,0.0,0.0,0.01,
S3_reappro_100,MAT054,MATERIEL_ELEVAGE,Messassi,Centre,2026-10-01,10,2026,0.0,0.0,0.0,0.01,
S3_reappro_100,MAT055,MATERIEL_ELEVAGE,Ahala,Centre,2026-10-01,10,2026,0.0,0.0,0.0,0.0,
S3_reappro_100,MAT055,MATERIEL_ELEVAGE,Bertoua,Centre,2026-10-01,10,2026,0.0,0.0,0.0,0.0,
S3_reappro_100,MAT055,MATERIEL_ELEVAGE,Messassi,Centre,2026-10-01,10,2026,0.0,0.0,0.0,0.0,
S3_reappro_100,MAT060,MATERIEL_ELEVAGE,Ahala,Centre,2026-10-01,10,2026,0.0,0.0,0.0,0.0,
S3_reappro_100,MAT060,MATERIEL_ELEVAGE,Bertoua,Centre,2026-10-01,10,2026,0.0,0.0,0.0,0.01,
S3_reappro_100,MAT073,MATERIEL_ELEVAGE,Ahala,Centre,2026-10-01,10,2026,0.0,0.0,0.0,0.05,
S3_reappro_100,MAT073,MATERIEL_ELEVAGE,Messassi,Centre,2026-10-01,10,2026,0.0,0.0,0.0,0.18,
S3_reappro_100,ME100,MATERIEL_ELEVAGE,Bertoua,Centre,2026-10-01,10,2026,0.0,0.0,0.0,0.11,
S3_reappro_100,ME100,MATERIEL_ELEVAGE,Messassi,Centre,2026-10-01,10,2026,0.0,0.0,0.0,0.04,
S3_reappro_100,ME100,MATERIEL_ELEVAGE,Nkoabang,Centre,2026-10-01,10,2026,0.0,0.0,0.0,0.03,
S3_reappro_100,ME1001,MATERIEL_ELEVAGE,Bertoua,Centre,2026-10-01,10,2026,0.0,0.0,0.0,0.02,
S3_reappro_100,ME1001,MATERIEL_ELEVAGE,Messassi,Centre,2026-10-01,10,2026,0.0,0.0,0.0,0.0,
S3_reappro_100,ME101,MATERIEL_ELEVAGE,Bertoua,Centre,2026-10-01,10,2026,0.0,0.0,0.0,0.0,
S3_reappro_100,ME104,MATERIEL_ELEVAGE,Bertoua,Centre,2026-10-01,10,2026,0.0,0.0,0.0,0.0,
S3_reappro_100,ME104,MATERIEL_ELEVAGE,Messassi,Centre,2026-10-01,10,2026,0.0,0.0,0.0,0.0,
S3_reappro_100,ME1041,MATERIEL_ELEVAGE,Bertoua,Centre,2026-10-01,10,2026,0.0,0.0,0.0,0.0,
S3_reappro_100,ME1041,MATERIEL_ELEVAGE,Messassi,Centre,2026-10-01,10,2026,0.0,0.0,0.0,0.0,
S3_reappro_100,ME105,MATERIEL_ELEVAGE,Ahala,Centre,2026-10-01,10,2026,0.0,0.0,0.0,0.01,
S3_reappro_100,ME105,MATERIEL_ELEVAGE,Bertoua,Centre,2026-10-01,10,2026,0.0,0.0,0.0,0.11,
S3_reappro_100,ME105,MATERIEL_ELEVAGE,Messassi,Centre,2026-10-01,10,2026,0.0,0.0,0.0,0.08,
S3_reappro_100,ME105,MATERIEL_ELEVAGE,Ngaoundere,Centre,2026-10-01,10,2026,0.0,0.0,0.0,0.01,
S3_reappro_100,ME105,MATERIEL_ELEVAGE,Nkolbisson,Centre,2026-10-01,10,2026,0.0,0.0,0.0,0.07,
S3_reappro_100,ME107,MATERIEL_ELEVAGE,Bertoua,Centre,2026-10-01,10,2026,0.0,0.0,0.0,0.0,
S3_reappro_100,MAT003,MATERIEL_ELEVAGE,Ahala,Centre,2026-11-01,11,2026,0.0,0.0,0.0,0.85,
S3_reappro_100,MAT003,MATERIEL_ELEVAGE,Bertoua,Centre,2026-11-01,11,2026,0.0,0.0,0.0,0.76,
S3_reappro_100,MAT003,MATERIEL_ELEVAGE,Messassi,Centre,2026-11-01,11,2026,0.0,0.0,0.0,1.05,
S3_reappro_100,MAT003,MATERIEL_ELEVAGE,Ngaoundere,Centre,2026-11-01,11,2026,0.0,0.0,0.0,0.43,
S3_reappro_100,MAT003,MATERIEL_ELEVAGE,Nkoabang,Centre,2026-11-01,11,2026,0.0,0.0,0.0,0.26,
S3_reappro_100,MAT003,MATERIEL_ELEVAGE,Nkolbisson,Centre,2026-11-01,11,2026,0.0,0.0,0.0,0.02,
S3_reappro_100,MAT004,MATERIEL_ELEVAGE,Ahala,Centre,2026-11-01,11,2026,0.0,0.0,0.0,0.02,
S3_reappro_100,MAT004,MATERIEL_ELEVAGE,Bertoua,Centre,2026-11-01,11,2026,0.0,0.0,0.0,0.01,
S3_reappro_100,MAT004,MATERIEL_ELEVAGE,Messassi,Centre,2026-11-01,11,2026,0.0,0.0,0.0,0.03,
S3_reappro_100,MAT004,MATERIEL_ELEVAGE,Nkoabang,Centre,2026-11-01,11,2026,0.0,0.0,0.0,0.0,
S3_reappro_100,MAT005,MATERIEL_ELEVAGE,Ahala,Centre,2026-11-01,11,2026,0.0,0.0,0.0,0.0,
S3_reappro_100,MAT005,MATERIEL_ELEVAGE,Nkolbisson,Centre,2026-11-01,11,2026,0.0,0.0,0.0,0.0,
S3_reappro_100,MAT006,MATERIEL_ELEVAGE,Ahala,Centre,2026-11-01,11,2026,0.0,0.0,0.0,0.02,
S3_reappro_100,MAT006,MATERIEL_ELEVAGE,Bertoua,Centre,2026-11-01,11,2026,0.0,0.0,0.0,0.01,
S3_reappro_100,MAT006,MATERIEL_ELEVAGE,Messassi,Centre,2026-11-01,11,2026,0.0,0.0,0.0,0.05,
S3_reappro_100,MAT006,MATERIEL_ELEVAGE,Ngaoundere,Centre,2026-11-01,11,2026,0.0,0.0,0.0,0.01,
S3_reappro_100,MAT006,MATERIEL_ELEVAGE,Nkoabang,Centre,2026-11-01,11,2026,0.0,0.0,0.0,0.0,
S3_reappro_100,MAT006,MATERIEL_ELEVAGE,Nkolbisson,Centre,2026-11-01,11,2026,0.0,0.0,0.0,0.01,
S3_reappro_100,MAT007,MATERIEL_ELEVAGE,Ahala,Centre,2026-11-01,11,2026,0.0,0.0,0.0,0.0,
S3_reappro_100,MAT007,MATERIEL_ELEVAGE,Bertoua,Centre,2026-11-01,11,2026,0.0,0.0,0.0,0.0,
S3_reappro_100,MAT007,MATERIEL_ELEVAGE,Messassi,Centre,2026-11-01,11,2026,0.0,0.0,0.0,0.0,
S3_reappro_100,MAT007,MATERIEL_ELEVAGE,Ngaoundere,Centre,2026-11-01,11,2026,0.0,0.0,0.0,0.0,
S3_reappro_100,MAT008,MATERIEL_ELEVAGE,Ahala,Centre,2026-11-01,11,2026,0.0,0.0,0.0,0.0,
S3_reappro_100,MAT008,MATERIEL_ELEVAGE,Messassi,Centre,2026-11-01,11,2026,0.0,0.0,0.0,0.03,
S3_reappro_100,MAT008,MATERIEL_ELEVAGE,Nkoabang,Centre,2026-11-01,11,2026,0.0,0.0,0.0,0.0,
S3_reappro_100,MAT009,MATERIEL_ELEVAGE,Ahala,Centre,2026-11-01,11,2026,0.0,0.0,0.0,0.0,
S3_reappro_100,MAT009,MATERIEL_ELEVAGE,Bertoua,Centre,2026-11-01,11,2026,0.0,0.0,0.0,0.0,
S3_reappro_100,MAT009,MATERIEL_ELEVAGE,Messassi,Centre,2026-11-01,11,2026,0.0,0.0,0.0,0.01,
S3_reappro_100,MAT009,MATERIEL_ELEVAGE,Nkoabang,Centre,2026-11-01,11,2026,0.0,0.0,0.0,0.0,
S3_reappro_100,MAT011-80010002,MATERIEL_ELEVAGE,Ahala,Centre,2026-11-01,11,2026,0.0,0.0,0.0,0.3,
S3_reappro_100,MAT011-80010002,MATERIEL_ELEVAGE,Bertoua,Centre,2026-11-01,11,2026,0.0,0.0,0.0,0.34,
S3_reappro_100,MAT011-80010002,MATERIEL_ELEVAGE,Messassi,Centre,2026-11-01,11,2026,0.0,0.0,0.0,1.12,
S3_reappro_100,MAT011-80010002,MATERIEL_ELEVAGE,Ngaoundere,Centre,2026-11-01,11,2026,0.0,0.0,0.0,0.37,
S3_reappro_100,MAT011-80010002,MATERIEL_ELEVAGE,Nkoabang,Centre,2026-11-01,11,2026,0.0,0.0,0.0,0.2,
S3_reappro_100,MAT011-80010002,MATERIEL_ELEVAGE,Nkolbisson,Centre,2026-11-01,11,2026,0.0,0.0,0.0,0.09,
S3_reappro_100,MAT014-80010003,MATERIEL_ELEVAGE,Ahala,Centre,2026-11-01,11,2026,0.0,0.0,0.0,0.62,
S3_reappro_100,MAT014-80010003,MATERIEL_ELEVAGE,Bertoua,Centre,2026-11-01,11,2026,0.0,0.0,0.0,2.09,
S3_reappro_100,MAT014-80010003,MATERIEL_ELEVAGE,Messassi,Centre,2026-11-01,11,2026,0.0,0.0,0.0,2.07,
S3_reappro_100,MAT014-80010003,MATERIEL_ELEVAGE,Ngaoundere,Centre,2026-11-01,11,2026,0.0,0.0,0.0,0.45,
S3_reappro_100,MAT014-80010003,MATERIEL_ELEVAGE,Nkoabang,Centre,2026-11-01,11,2026,0.0,0.0,0.0,0.53,
S3_reappro_100,MAT014-80010003,MATERIEL_ELEVAGE,Nkolbisson,Centre,2026-11-01,11,2026,0.0,0.0,0.0,0.33,
S3_reappro_100,MAT017,MATERIEL_ELEVAGE,Ahala,Centre,2026-11-01,11,2026,0.0,0.0,0.0,0.33,
S3_reappro_100,MAT017,MATERIEL_ELEVAGE,Bertoua,Centre,2026-11-01,11,2026,0.0,0.0,0.0,0.0,
S3_reappro_100,MAT017,MATERIEL_ELEVAGE,Messassi,Centre,2026-11-01,11,2026,0.0,0.0,0.0,0.57,
S3_reappro_100,MAT017,MATERIEL_ELEVAGE,Ngaoundere,Centre,2026-11-01,11,2026,0.0,0.0,0.0,0.66,
S3_reappro_100,MAT017,MATERIEL_ELEVAGE,Nkoabang,Centre,2026-11-01,11,2026,0.0,0.0,0.0,0.24,
S3_reappro_100,MAT020,MATERIEL_ELEVAGE,Ahala,Centre,2026-11-01,11,2026,0.0,0.0,0.0,0.03,
S3_reappro_100,MAT020,MATERIEL_ELEVAGE,Bertoua,Centre,2026-11-01,11,2026,0.0,0.0,0.0,0.03,
S3_reappro_100,MAT020,MATERIEL_ELEVAGE,Messassi,Centre,2026-11-01,11,2026,0.0,0.0,0.0,0.12,
S3_reappro_100,MAT020,MATERIEL_ELEVAGE,Ngaoundere,Centre,2026-11-01,11,2026,0.0,0.0,0.0,0.05,
S3_reappro_100,MAT020,MATERIEL_ELEVAGE,Nkoabang,Centre,2026-11-01,11,2026,0.0,0.0,0.0,0.02,
S3_reappro_100,MAT020,MATERIEL_ELEVAGE,Nkolbisson,Centre,2026-11-01,11,2026,0.0,0.0,0.0,0.01,
S3_reappro_100,MAT023,MATERIEL_ELEVAGE,Messassi,Centre,2026-11-01,11,2026,0.0,0.0,0.0,0.01,
S3_reappro_100,MAT029,MATERIEL_ELEVAGE,Messassi,Centre,2026-11-01,11,2026,0.0,0.0,0.0,0.05,
S3_reappro_100,MAT030,MATERIEL_ELEVAGE,Nkoabang,Centre,2026-11-01,11,2026,0.0,0.0,0.0,0.02,
S3_reappro_100,MAT033,MATERIEL_ELEVAGE,Ahala,Centre,2026-11-01,11,2026,0.0,0.0,0.0,0.0,
S3_reappro_100,MAT033,MATERIEL_ELEVAGE,Bertoua,Centre,2026-11-01,11,2026,0.0,0.0,0.0,0.0,
S3_reappro_100,MAT033,MATERIEL_ELEVAGE,Messassi,Centre,2026-11-01,11,2026,0.0,0.0,0.0,0.01,
S3_reappro_100,MAT039,MATERIEL_ELEVAGE,Ahala,Centre,2026-11-01,11,2026,0.0,0.0,0.0,0.38,
S3_reappro_100,MAT039,MATERIEL_ELEVAGE,Bertoua,Centre,2026-11-01,11,2026,0.0,0.0,0.0,0.52,
S3_reappro_100,MAT039,MATERIEL_ELEVAGE,Messassi,Centre,2026-11-01,11,2026,0.0,0.0,0.0,0.71,
S3_reappro_100,MAT039,MATERIEL_ELEVAGE,Ngaoundere,Centre,2026-11-01,11,2026,0.0,0.0,0.0,0.1,
S3_reappro_100,MAT039,MATERIEL_ELEVAGE,Nkoabang,Centre,2026-11-01,11,2026,0.0,0.0,0.0,0.25,
S3_reappro_100,MAT039,MATERIEL_ELEVAGE,Nkolbisson,Centre,2026-11-01,11,2026,0.0,0.0,0.0,0.06,
S3_reappro_100,MAT040,MATERIEL_ELEVAGE,Ahala,Centre,2026-11-01,11,2026,0.0,0.0,0.0,0.02,
S3_reappro_100,MAT040,MATERIEL_ELEVAGE,Bertoua,Centre,2026-11-01,11,2026,0.0,0.0,0.0,0.0,
S3_reappro_100,MAT040,MATERIEL_ELEVAGE,Messassi,Centre,2026-11-01,11,2026,0.0,0.0,0.0,0.08,
S3_reappro_100,MAT040,MATERIEL_ELEVAGE,Ngaoundere,Centre,2026-11-01,11,2026,0.0,0.0,0.0,0.01,
S3_reappro_100,MAT040,MATERIEL_ELEVAGE,Nkolbisson,Centre,2026-11-01,11,2026,0.0,0.0,0.0,0.0,
S3_reappro_100,MAT042,MATERIEL_ELEVAGE,Ahala,Centre,2026-11-01,11,2026,0.0,0.0,0.0,0.1,
S3_reappro_100,MAT042,MATERIEL_ELEVAGE,Bertoua,Centre,2026-11-01,11,2026,0.0,0.0,0.0,0.15,
S3_reappro_100,MAT042,MATERIEL_ELEVAGE,Messassi,Centre,2026-11-01,11,2026,0.0,0.0,0.0,0.23,
S3_reappro_100,MAT042,MATERIEL_ELEVAGE,Ngaoundere,Centre,2026-11-01,11,2026,0.0,0.0,0.0,0.05,
S3_reappro_100,MAT042,MATERIEL_ELEVAGE,Nkolbisson,Centre,2026-11-01,11,2026,0.0,0.0,0.0,0.16,
S3_reappro_100,MAT047,MATERIEL_ELEVAGE,Ahala,Centre,2026-11-01,11,2026,0.0,0.0,0.0,0.05,
S3_reappro_100,MAT049,MATERIEL_ELEVAGE,Ahala,Centre,2026-11-01,11,2026,0.0,0.0,0.0,0.12,
S3_reappro_100,MAT049,MATERIEL_ELEVAGE,Bertoua,Centre,2026-11-01,11,2026,0.0,0.0,0.0,0.1,
S3_reappro_100,MAT049,MATERIEL_ELEVAGE,Messassi,Centre,2026-11-01,11,2026,0.0,0.0,0.0,0.14,
S3_reappro_100,MAT049,MATERIEL_ELEVAGE,Ngaoundere,Centre,2026-11-01,11,2026,0.0,0.0,0.0,0.05,
S3_reappro_100,MAT049,MATERIEL_ELEVAGE,Nkoabang,Centre,2026-11-01,11,2026,0.0,0.0,0.0,0.06,
S3_reappro_100,MAT049,MATERIEL_ELEVAGE,Nkolbisson,Centre,2026-11-01,11,2026,0.0,0.0,0.0,0.02,
S3_reappro_100,MAT050,MATERIEL_ELEVAGE,Ahala,Centre,2026-11-01,11,2026,0.0,0.0,0.0,0.03,
S3_reappro_100,MAT050,MATERIEL_ELEVAGE,Bertoua,Centre,2026-11-01,11,2026,0.0,0.0,0.0,0.02,
S3_reappro_100,MAT050,MATERIEL_ELEVAGE,Messassi,Centre,2026-11-01,11,2026,0.0,0.0,0.0,0.06,
S3_reappro_100,MAT050,MATERIEL_ELEVAGE,Nkoabang,Centre,2026-11-01,11,2026,0.0,0.0,0.0,0.02,
S3_reappro_100,MAT053,MATERIEL_ELEVAGE,Ahala,Centre,2026-11-01,11,2026,0.0,0.0,0.0,0.01,
S3_reappro_100,MAT053,MATERIEL_ELEVAGE,Bertoua,Centre,2026-11-01,11,2026,0.0,0.0,0.0,0.01,
S3_reappro_100,MAT054,MATERIEL_ELEVAGE,Ahala,Centre,2026-11-01,11,2026,0.0,0.0,0.0,0.01,
S3_reappro_100,MAT054,MATERIEL_ELEVAGE,Messassi,Centre,2026-11-01,11,2026,0.0,0.0,0.0,0.01,
S3_reappro_100,MAT055,MATERIEL_ELEVAGE,Ahala,Centre,2026-11-01,11,2026,0.0,0.0,0.0,0.0,
S3_reappro_100,MAT055,MATERIEL_ELEVAGE,Bertoua,Centre,2026-11-01,11,2026,0.0,0.0,0.0,0.0,
S3_reappro_100,MAT055,MATERIEL_ELEVAGE,Messassi,Centre,2026-11-01,11,2026,0.0,0.0,0.0,0.0,
S3_reappro_100,MAT060,MATERIEL_ELEVAGE,Ahala,Centre,2026-11-01,11,2026,0.0,0.0,0.0,0.0,
S3_reappro_100,MAT060,MATERIEL_ELEVAGE,Bertoua,Centre,2026-11-01,11,2026,0.0,0.0,0.0,0.01,
S3_reappro_100,MAT073,MATERIEL_ELEVAGE,Ahala,Centre,2026-11-01,11,2026,0.0,0.0,0.0,0.05,
S3_reappro_100,MAT073,MATERIEL_ELEVAGE,Messassi,Centre,2026-11-01,11,2026,0.0,0.0,0.0,0.18,
S3_reappro_100,ME100,MATERIEL_ELEVAGE,Bertoua,Centre,2026-11-01,11,2026,0.0,0.0,0.0,0.11,
S3_reappro_100,ME100,MATERIEL_ELEVAGE,Messassi,Centre,2026-11-01,11,2026,0.0,0.0,0.0,0.04,
S3_reappro_100,ME100,MATERIEL_ELEVAGE,Nkoabang,Centre,2026-11-01,11,2026,0.0,0.0,0.0,0.03,
S3_reappro_100,ME1001,MATERIEL_ELEVAGE,Bertoua,Centre,2026-11-01,11,2026,0.0,0.0,0.0,0.02,
S3_reappro_100,ME1001,MATERIEL_ELEVAGE,Messassi,Centre,2026-11-01,11,2026,0.0,0.0,0.0,0.0,
S3_reappro_100,ME101,MATERIEL_ELEVAGE,Bertoua,Centre,2026-11-01,11,2026,0.0,0.0,0.0,0.0,
S3_reappro_100,ME104,MATERIEL_ELEVAGE,Bertoua,Centre,2026-11-01,11,2026,0.0,0.0,0.0,0.0,
S3_reappro_100,ME104,MATERIEL_ELEVAGE,Messassi,Centre,2026-11-01,11,2026,0.0,0.0,0.0,0.0,
S3_reappro_100,ME1041,MATERIEL_ELEVAGE,Bertoua,Centre,2026-11-01,11,2026,0.0,0.0,0.0,0.0,
S3_reappro_100,ME1041,MATERIEL_ELEVAGE,Messassi,Centre,2026-11-01,11,2026,0.0,0.0,0.0,0.0,
S3_reappro_100,ME105,MATERIEL_ELEVAGE,Ahala,Centre,2026-11-01,11,2026,0.0,0.0,0.0,0.01,
S3_reappro_100,ME105,MATERIEL_ELEVAGE,Bertoua,Centre,2026-11-01,11,2026,0.0,0.0,0.0,0.11,
S3_reappro_100,ME105,MATERIEL_ELEVAGE,Messassi,Centre,2026-11-01,11,2026,0.0,0.0,0.0,0.08,
S3_reappro_100,ME105,MATERIEL_ELEVAGE,Ngaoundere,Centre,2026-11-01,11,2026,0.0,0.0,0.0,0.01,
S3_reappro_100,ME105,MATERIEL_ELEVAGE,Nkolbisson,Centre,2026-11-01,11,2026,0.0,0.0,0.0,0.07,
S3_reappro_100,ME107,MATERIEL_ELEVAGE,Bertoua,Centre,2026-11-01,11,2026,0.0,0.0,0.0,0.0,
S3_reappro_100,MAT003,MATERIEL_ELEVAGE,Ahala,Centre,2026-12-01,12,2026,0.0,0.0,0.0,0.85,
S3_reappro_100,MAT003,MATERIEL_ELEVAGE,Bertoua,Centre,2026-12-01,12,2026,0.0,0.0,0.0,0.76,
S3_reappro_100,MAT003,MATERIEL_ELEVAGE,Messassi,Centre,2026-12-01,12,2026,0.0,0.0,0.0,1.05,
S3_reappro_100,MAT003,MATERIEL_ELEVAGE,Ngaoundere,Centre,2026-12-01,12,2026,0.0,0.0,0.0,0.43,
S3_reappro_100,MAT003,MATERIEL_ELEVAGE,Nkoabang,Centre,2026-12-01,12,2026,0.0,0.0,0.0,0.26,
S3_reappro_100,MAT003,MATERIEL_ELEVAGE,Nkolbisson,Centre,2026-12-01,12,2026,0.0,0.0,0.0,0.02,
S3_reappro_100,MAT004,MATERIEL_ELEVAGE,Ahala,Centre,2026-12-01,12,2026,0.0,0.0,0.0,0.02,
S3_reappro_100,MAT004,MATERIEL_ELEVAGE,Bertoua,Centre,2026-12-01,12,2026,0.0,0.0,0.0,0.01,
S3_reappro_100,MAT004,MATERIEL_ELEVAGE,Messassi,Centre,2026-12-01,12,2026,0.0,0.0,0.0,0.03,
S3_reappro_100,MAT004,MATERIEL_ELEVAGE,Nkoabang,Centre,2026-12-01,12,2026,0.0,0.0,0.0,0.0,
S3_reappro_100,MAT005,MATERIEL_ELEVAGE,Ahala,Centre,2026-12-01,12,2026,0.0,0.0,0.0,0.0,
S3_reappro_100,MAT005,MATERIEL_ELEVAGE,Nkolbisson,Centre,2026-12-01,12,2026,0.0,0.0,0.0,0.0,
S3_reappro_100,MAT006,MATERIEL_ELEVAGE,Ahala,Centre,2026-12-01,12,2026,0.0,0.0,0.0,0.02,
S3_reappro_100,MAT006,MATERIEL_ELEVAGE,Bertoua,Centre,2026-12-01,12,2026,0.0,0.0,0.0,0.01,
S3_reappro_100,MAT006,MATERIEL_ELEVAGE,Messassi,Centre,2026-12-01,12,2026,0.0,0.0,0.0,0.05,
S3_reappro_100,MAT006,MATERIEL_ELEVAGE,Ngaoundere,Centre,2026-12-01,12,2026,0.0,0.0,0.0,0.01,
S3_reappro_100,MAT006,MATERIEL_ELEVAGE,Nkoabang,Centre,2026-12-01,12,2026,0.0,0.0,0.0,0.0,
S3_reappro_100,MAT006,MATERIEL_ELEVAGE,Nkolbisson,Centre,2026-12-01,12,2026,0.0,0.0,0.0,0.01,
S3_reappro_100,MAT007,MATERIEL_ELEVAGE,Ahala,Centre,2026-12-01,12,2026,0.0,0.0,0.0,0.0,
S3_reappro_100,MAT007,MATERIEL_ELEVAGE,Bertoua,Centre,2026-12-01,12,2026,0.0,0.0,0.0,0.0,
S3_reappro_100,MAT007,MATERIEL_ELEVAGE,Messassi,Centre,2026-12-01,12,2026,0.0,0.0,0.0,0.0,
S3_reappro_100,MAT007,MATERIEL_ELEVAGE,Ngaoundere,Centre,2026-12-01,12,2026,0.0,0.0,0.0,0.0,
S3_reappro_100,MAT008,MATERIEL_ELEVAGE,Ahala,Centre,2026-12-01,12,2026,0.0,0.0,0.0,0.0,
S3_reappro_100,MAT008,MATERIEL_ELEVAGE,Messassi,Centre,2026-12-01,12,2026,0.0,0.0,0.0,0.03,
S3_reappro_100,MAT008,MATERIEL_ELEVAGE,Nkoabang,Centre,2026-12-01,12,2026,0.0,0.0,0.0,0.0,
S3_reappro_100,MAT009,MATERIEL_ELEVAGE,Ahala,Centre,2026-12-01,12,2026,0.0,0.0,0.0,0.0,
S3_reappro_100,MAT009,MATERIEL_ELEVAGE,Bertoua,Centre,2026-12-01,12,2026,0.0,0.0,0.0,0.0,
S3_reappro_100,MAT009,MATERIEL_ELEVAGE,Messassi,Centre,2026-12-01,12,2026,0.0,0.0,0.0,0.01,
S3_reappro_100,MAT009,MATERIEL_ELEVAGE,Nkoabang,Centre,2026-12-01,12,2026,0.0,0.0,0.0,0.0,
S3_reappro_100,MAT011-80010002,MATERIEL_ELEVAGE,Ahala,Centre,2026-12-01,12,2026,0.0,0.0,0.0,0.3,
S3_reappro_100,MAT011-80010002,MATERIEL_ELEVAGE,Bertoua,Centre,2026-12-01,12,2026,0.0,0.0,0.0,0.34,
S3_reappro_100,MAT011-80010002,MATERIEL_ELEVAGE,Messassi,Centre,2026-12-01,12,2026,0.0,0.0,0.0,1.12,
S3_reappro_100,MAT011-80010002,MATERIEL_ELEVAGE,Ngaoundere,Centre,2026-12-01,12,2026,0.0,0.0,0.0,0.37,
S3_reappro_100,MAT011-80010002,MATERIEL_ELEVAGE,Nkoabang,Centre,2026-12-01,12,2026,0.0,0.0,0.0,0.2,
S3_reappro_100,MAT011-80010002,MATERIEL_ELEVAGE,Nkolbisson,Centre,2026-12-01,12,2026,0.0,0.0,0.0,0.09,
S3_reappro_100,MAT014-80010003,MATERIEL_ELEVAGE,Ahala,Centre,2026-12-01,12,2026,0.0,0.0,0.0,0.62,
S3_reappro_100,MAT014-80010003,MATERIEL_ELEVAGE,Bertoua,Centre,2026-12-01,12,2026,0.0,0.0,0.0,2.09,
S3_reappro_100,MAT014-80010003,MATERIEL_ELEVAGE,Messassi,Centre,2026-12-01,12,2026,0.0,0.0,0.0,2.07,
S3_reappro_100,MAT014-80010003,MATERIEL_ELEVAGE,Ngaoundere,Centre,2026-12-01,12,2026,0.0,0.0,0.0,0.45,
S3_reappro_100,MAT014-80010003,MATERIEL_ELEVAGE,Nkoabang,Centre,2026-12-01,12,2026,0.0,0.0,0.0,0.53,
S3_reappro_100,MAT014-80010003,MATERIEL_ELEVAGE,Nkolbisson,Centre,2026-12-01,12,2026,0.0,0.0,0.0,0.33,
S3_reappro_100,MAT017,MATERIEL_ELEVAGE,Ahala,Centre,2026-12-01,12,2026,0.0,0.0,0.0,0.33,
S3_reappro_100,MAT017,MATERIEL_ELEVAGE,Bertoua,Centre,2026-12-01,12,2026,0.0,0.0,0.0,0.0,
S3_reappro_100,MAT017,MATERIEL_ELEVAGE,Messassi,Centre,2026-12-01,12,2026,0.0,0.0,0.0,0.57,
S3_reappro_100,MAT017,MATERIEL_ELEVAGE,Ngaoundere,Centre,2026-12-01,12,2026,0.0,0.0,0.0,0.66,
S3_reappro_100,MAT017,MATERIEL_ELEVAGE,Nkoabang,Centre,2026-12-01,12,2026,0.0,0.0,0.0,0.24,
S3_reappro_100,MAT020,MATERIEL_ELEVAGE,Ahala,Centre,2026-12-01,12,2026,0.0,0.0,0.0,0.03,
S3_reappro_100,MAT020,MATERIEL_ELEVAGE,Bertoua,Centre,2026-12-01,12,2026,0.0,0.0,0.0,0.03,
S3_reappro_100,MAT020,MATERIEL_ELEVAGE,Messassi,Centre,2026-12-01,12,2026,0.0,0.0,0.0,0.12,
S3_reappro_100,MAT020,MATERIEL_ELEVAGE,Ngaoundere,Centre,2026-12-01,12,2026,0.0,0.0,0.0,0.05,
S3_reappro_100,MAT020,MATERIEL_ELEVAGE,Nkoabang,Centre,2026-12-01,12,2026,0.0,0.0,0.0,0.02,
S3_reappro_100,MAT020,MATERIEL_ELEVAGE,Nkolbisson,Centre,2026-12-01,12,2026,0.0,0.0,0.0,0.01,
S3_reappro_100,MAT023,MATERIEL_ELEVAGE,Messassi,Centre,2026-12-01,12,2026,0.0,0.0,0.0,0.01,
S3_reappro_100,MAT029,MATERIEL_ELEVAGE,Messassi,Centre,2026-12-01,12,2026,0.0,0.0,0.0,0.05,
S3_reappro_100,MAT030,MATERIEL_ELEVAGE,Nkoabang,Centre,2026-12-01,12,2026,0.0,0.0,0.0,0.02,
S3_reappro_100,MAT033,MATERIEL_ELEVAGE,Ahala,Centre,2026-12-01,12,2026,0.0,0.0,0.0,0.0,
S3_reappro_100,MAT033,MATERIEL_ELEVAGE,Bertoua,Centre,2026-12-01,12,2026,0.0,0.0,0.0,0.0,
S3_reappro_100,MAT033,MATERIEL_ELEVAGE,Messassi,Centre,2026-12-01,12,2026,0.0,0.0,0.0,0.01,
S3_reappro_100,MAT039,MATERIEL_ELEVAGE,Ahala,Centre,2026-12-01,12,2026,0.0,0.0,0.0,0.38,
S3_reappro_100,MAT039,MATERIEL_ELEVAGE,Bertoua,Centre,2026-12-01,12,2026,0.0,0.0,0.0,0.52,
S3_reappro_100,MAT039,MATERIEL_ELEVAGE,Messassi,Centre,2026-12-01,12,2026,0.0,0.0,0.0,0.71,
S3_reappro_100,MAT039,MATERIEL_ELEVAGE,Ngaoundere,Centre,2026-12-01,12,2026,0.0,0.0,0.0,0.1,
S3_reappro_100,MAT039,MATERIEL_ELEVAGE,Nkoabang,Centre,2026-12-01,12,2026,0.0,0.0,0.0,0.25,
S3_reappro_100,MAT039,MATERIEL_ELEVAGE,Nkolbisson,Centre,2026-12-01,12,2026,0.0,0.0,0.0,0.06,
S3_reappro_100,MAT040,MATERIEL_ELEVAGE,Ahala,Centre,2026-12-01,12,2026,0.0,0.0,0.0,0.02,
S3_reappro_100,MAT040,MATERIEL_ELEVAGE,Bertoua,Centre,2026-12-01,12,2026,0.0,0.0,0.0,0.0,
S3_reappro_100,MAT040,MATERIEL_ELEVAGE,Messassi,Centre,2026-12-01,12,2026,0.0,0.0,0.0,0.08,
S3_reappro_100,MAT040,MATERIEL_ELEVAGE,Ngaoundere,Centre,2026-12-01,12,2026,0.0,0.0,0.0,0.01,
S3_reappro_100,MAT040,MATERIEL_ELEVAGE,Nkolbisson,Centre,2026-12-01,12,2026,0.0,0.0,0.0,0.0,
S3_reappro_100,MAT042,MATERIEL_ELEVAGE,Ahala,Centre,2026-12-01,12,2026,0.0,0.0,0.0,0.1,
S3_reappro_100,MAT042,MATERIEL_ELEVAGE,Bertoua,Centre,2026-12-01,12,2026,0.0,0.0,0.0,0.15,
S3_reappro_100,MAT042,MATERIEL_ELEVAGE,Messassi,Centre,2026-12-01,12,2026,0.0,0.0,0.0,0.23,
S3_reappro_100,MAT042,MATERIEL_ELEVAGE,Ngaoundere,Centre,2026-12-01,12,2026,0.0,0.0,0.0,0.05,
S3_reappro_100,MAT042,MATERIEL_ELEVAGE,Nkolbisson,Centre,2026-12-01,12,2026,0.0,0.0,0.0,0.16,
S3_reappro_100,MAT047,MATERIEL_ELEVAGE,Ahala,Centre,2026-12-01,12,2026,0.0,0.0,0.0,0.05,
S3_reappro_100,MAT049,MATERIEL_ELEVAGE,Ahala,Centre,2026-12-01,12,2026,0.0,0.0,0.0,0.12,
S3_reappro_100,MAT049,MATERIEL_ELEVAGE,Bertoua,Centre,2026-12-01,12,2026,0.0,0.0,0.0,0.1,
S3_reappro_100,MAT049,MATERIEL_ELEVAGE,Messassi,Centre,2026-12-01,12,2026,0.0,0.0,0.0,0.14,
S3_reappro_100,MAT049,MATERIEL_ELEVAGE,Ngaoundere,Centre,2026-12-01,12,2026,0.0,0.0,0.0,0.05,
S3_reappro_100,MAT049,MATERIEL_ELEVAGE,Nkoabang,Centre,2026-12-01,12,2026,0.0,0.0,0.0,0.06,
S3_reappro_100,MAT049,MATERIEL_ELEVAGE,Nkolbisson,Centre,2026-12-01,12,2026,0.0,0.0,0.0,0.02,
S3_reappro_100,MAT050,MATERIEL_ELEVAGE,Ahala,Centre,2026-12-01,12,2026,0.0,0.0,0.0,0.03,
S3_reappro_100,MAT050,MATERIEL_ELEVAGE,Bertoua,Centre,2026-12-01,12,2026,0.0,0.0,0.0,0.02,
S3_reappro_100,MAT050,MATERIEL_ELEVAGE,Messassi,Centre,2026-12-01,12,2026,0.0,0.0,0.0,0.06,
S3_reappro_100,MAT050,MATERIEL_ELEVAGE,Nkoabang,Centre,2026-12-01,12,2026,0.0,0.0,0.0,0.02,
S3_reappro_100,MAT053,MATERIEL_ELEVAGE,Ahala,Centre,2026-12-01,12,2026,0.0,0.0,0.0,0.01,
S3_reappro_100,MAT053,MATERIEL_ELEVAGE,Bertoua,Centre,2026-12-01,12,2026,0.0,0.0,0.0,0.01,
S3_reappro_100,MAT054,MATERIEL_ELEVAGE,Ahala,Centre,2026-12-01,12,2026,0.0,0.0,0.0,0.01,
S3_reappro_100,MAT054,MATERIEL_ELEVAGE,Messassi,Centre,2026-12-01,12,2026,0.0,0.0,0.0,0.01,
S3_reappro_100,MAT055,MATERIEL_ELEVAGE,Ahala,Centre,2026-12-01,12,2026,0.0,0.0,0.0,0.0,
S3_reappro_100,MAT055,MATERIEL_ELEVAGE,Bertoua,Centre,2026-12-01,12,2026,0.0,0.0,0.0,0.0,
S3_reappro_100,MAT055,MATERIEL_ELEVAGE,Messassi,Centre,2026-12-01,12,2026,0.0,0.0,0.0,0.0,
S3_reappro_100,MAT060,MATERIEL_ELEVAGE,Ahala,Centre,2026-12-01,12,2026,0.0,0.0,0.0,0.0,
S3_reappro_100,MAT060,MATERIEL_ELEVAGE,Bertoua,Centre,2026-12-01,12,2026,0.0,0.0,0.0,0.01,
S3_reappro_100,MAT073,MATERIEL_ELEVAGE,Ahala,Centre,2026-12-01,12,2026,0.0,0.0,0.0,0.05,
S3_reappro_100,MAT073,MATERIEL_ELEVAGE,Messassi,Centre,2026-12-01,12,2026,0.0,0.0,0.0,0.18,
S3_reappro_100,ME100,MATERIEL_ELEVAGE,Bertoua,Centre,2026-12-01,12,2026,0.0,0.0,0.0,0.11,
S3_reappro_100,ME100,MATERIEL_ELEVAGE,Messassi,Centre,2026-12-01,12,2026,0.0,0.0,0.0,0.04,
S3_reappro_100,ME100,MATERIEL_ELEVAGE,Nkoabang,Centre,2026-12-01,12,2026,0.0,0.0,0.0,0.03,
S3_reappro_100,ME1001,MATERIEL_ELEVAGE,Bertoua,Centre,2026-12-01,12,2026,0.0,0.0,0.0,0.02,
S3_reappro_100,ME1001,MATERIEL_ELEVAGE,Messassi,Centre,2026-12-01,12,2026,0.0,0.0,0.0,0.0,
S3_reappro_100,ME101,MATERIEL_ELEVAGE,Bertoua,Centre,2026-12-01,12,2026,0.0,0.0,0.0,0.0,
S3_reappro_100,ME104,MATERIEL_ELEVAGE,Bertoua,Centre,2026-12-01,12,2026,0.0,0.0,0.0,0.0,
S3_reappro_100,ME104,MATERIEL_ELEVAGE,Messassi,Centre,2026-12-01,12,2026,0.0,0.0,0.0,0.0,
S3_reappro_100,ME1041,MATERIEL_ELEVAGE,Bertoua,Centre,2026-12-01,12,2026,0.0,0.0,0.0,0.0,
S3_reappro_100,ME1041,MATERIEL_ELEVAGE,Messassi,Centre,2026-12-01,12,2026,0.0,0.0,0.0,0.0,
S3_reappro_100,ME105,MATERIEL_ELEVAGE,Ahala,Centre,2026-12-01,12,2026,0.0,0.0,0.0,0.01,
S3_reappro_100,ME105,MATERIEL_ELEVAGE,Bertoua,Centre,2026-12-01,12,2026,0.0,0.0,0.0,0.11,
S3_reappro_100,ME105,MATERIEL_ELEVAGE,Messassi,Centre,2026-12-01,12,2026,0.0,0.0,0.0,0.08,
S3_reappro_100,ME105,MATERIEL_ELEVAGE,Ngaoundere,Centre,2026-12-01,12,2026,0.0,0.0,0.0,0.01,
S3_reappro_100,ME105,MATERIEL_ELEVAGE,Nkolbisson,Centre,2026-12-01,12,2026,0.0,0.0,0.0,0.07,
S3_reappro_100,ME107,MATERIEL_ELEVAGE,Bertoua,Centre,2026-12-01,12,2026,0.0,0.0,0.0,0.0,
S3_reappro_100,MAT001,MATERIEL_ELEVAGE,Ndobo,Littoral,2026-10-01,10,2026,0.0,0.0,0.0,0.09,
S3_reappro_100,MAT003,MATERIEL_ELEVAGE,Buea,Littoral,2026-10-01,10,2026,0.0,0.0,0.0,0.32,
S3_reappro_100,MAT003,MATERIEL_ELEVAGE,Ndobo,Littoral,2026-10-01,10,2026,0.0,0.0,0.0,0.35,
S3_reappro_100,MAT003,MATERIEL_ELEVAGE,Nkongsamba,Littoral,2026-10-01,10,2026,0.0,0.0,0.0,0.24,
S3_reappro_100,MAT003,MATERIEL_ELEVAGE,Pk11,Littoral,2026-10-01,10,2026,0.0,0.0,0.0,0.11,
S3_reappro_100,MAT003,MATERIEL_ELEVAGE,Village,Littoral,2026-10-01,10,2026,0.0,0.0,0.0,0.24,
S3_reappro_100,MAT004,MATERIEL_ELEVAGE,Buea,Littoral,2026-10-01,10,2026,0.0,0.0,0.0,0.01,
S3_reappro_100,MAT004,MATERIEL_ELEVAGE,Pk11,Littoral,2026-10-01,10,2026,0.0,0.0,0.0,0.0,
S3_reappro_100,MAT004,MATERIEL_ELEVAGE,Village,Littoral,2026-10-01,10,2026,0.0,0.0,0.0,0.01,
S3_reappro_100,MAT005,MATERIEL_ELEVAGE,Buea,Littoral,2026-10-01,10,2026,0.0,0.0,0.0,0.0,
S3_reappro_100,MAT006,MATERIEL_ELEVAGE,Buea,Littoral,2026-10-01,10,2026,0.0,0.0,0.0,0.01,
S3_reappro_100,MAT006,MATERIEL_ELEVAGE,Ndobo,Littoral,2026-10-01,10,2026,0.0,0.0,0.0,0.01,
S3_reappro_100,MAT006,MATERIEL_ELEVAGE,Nkongsamba,Littoral,2026-10-01,10,2026,0.0,0.0,0.0,0.01,
S3_reappro_100,MAT006,MATERIEL_ELEVAGE,Pk11,Littoral,2026-10-01,10,2026,0.0,0.0,0.0,0.0,
S3_reappro_100,MAT006,MATERIEL_ELEVAGE,Village,Littoral,2026-10-01,10,2026,0.0,0.0,0.0,0.01,
S3_reappro_100,MAT007,MATERIEL_ELEVAGE,Village,Littoral,2026-10-01,10,2026,0.0,0.0,0.0,0.0,
S3_reappro_100,MAT009,MATERIEL_ELEVAGE,Buea,Littoral,2026-10-01,10,2026,0.0,0.0,0.0,0.0,
S3_reappro_100,MAT009,MATERIEL_ELEVAGE,Ndobo,Littoral,2026-10-01,10,2026,0.0,0.0,0.0,0.0,
S3_reappro_100,MAT011-80010002,MATERIEL_ELEVAGE,Buea,Littoral,2026-10-01,10,2026,0.0,0.0,0.0,0.11,
S3_reappro_100,MAT011-80010002,MATERIEL_ELEVAGE,Ndobo,Littoral,2026-10-01,10,2026,0.0,0.0,0.0,3.61,
S3_reappro_100,MAT011-80010002,MATERIEL_ELEVAGE,Village,Littoral,2026-10-01,10,2026,0.0,0.0,0.0,0.01,
S3_reappro_100,MAT014-80010003,MATERIEL_ELEVAGE,Buea,Littoral,2026-10-01,10,2026,0.0,0.0,0.0,0.18,
S3_reappro_100,MAT014-80010003,MATERIEL_ELEVAGE,Ndobo,Littoral,2026-10-01,10,2026,0.0,0.0,0.0,2.63,
S3_reappro_100,MAT014-80010003,MATERIEL_ELEVAGE,Nkongsamba,Littoral,2026-10-01,10,2026,0.0,0.0,0.0,0.15,
S3_reappro_100,MAT014-80010003,MATERIEL_ELEVAGE,Village,Littoral,2026-10-01,10,2026,0.0,0.0,0.0,0.02,
S3_reappro_100,MAT015,MATERIEL_ELEVAGE,Village,Littoral,2026-10-01,10,2026,0.0,0.0,0.0,0.01,
S3_reappro_100,MAT020,MATERIEL_ELEVAGE,Buea,Littoral,2026-10-01,10,2026,0.0,0.0,0.0,0.06,
S3_reappro_100,MAT020,MATERIEL_ELEVAGE,Ndobo,Littoral,2026-10-01,10,2026,0.0,0.0,0.0,0.1,
S3_reappro_100,MAT020,MATERIEL_ELEVAGE,Nkongsamba,Littoral,2026-10-01,10,2026,0.0,0.0,0.0,0.14,
S3_reappro_100,MAT020,MATERIEL_ELEVAGE,Pk11,Littoral,2026-10-01,10,2026,0.0,0.0,0.0,0.03,
S3_reappro_100,MAT020,MATERIEL_ELEVAGE,Village,Littoral,2026-10-01,10,2026,0.0,0.0,0.0,0.1,
S3_reappro_100,MAT023,MATERIEL_ELEVAGE,Ndobo,Littoral,2026-10-01,10,2026,0.0,0.0,0.0,0.0,
S3_reappro_100,MAT023,MATERIEL_ELEVAGE,Nkongsamba,Littoral,2026-10-01,10,2026,0.0,0.0,0.0,0.0,
S3_reappro_100,MAT029,MATERIEL_ELEVAGE,Ndobo,Littoral,2026-10-01,10,2026,0.0,0.0,0.0,0.05,
S3_reappro_100,MAT030,MATERIEL_ELEVAGE,Ndobo,Littoral,2026-10-01,10,2026,0.0,0.0,0.0,0.06,
S3_reappro_100,MAT039,MATERIEL_ELEVAGE,Buea,Littoral,2026-10-01,10,2026,0.0,0.0,0.0,0.16,
S3_reappro_100,MAT039,MATERIEL_ELEVAGE,Ndobo,Littoral,2026-10-01,10,2026,0.0,0.0,0.0,0.79,
S3_reappro_100,MAT039,MATERIEL_ELEVAGE,Nkongsamba,Littoral,2026-10-01,10,2026,0.0,0.0,0.0,0.15,
S3_reappro_100,MAT039,MATERIEL_ELEVAGE,Pk11,Littoral,2026-10-01,10,2026,0.0,0.0,0.0,0.25,
S3_reappro_100,MAT039,MATERIEL_ELEVAGE,Village,Littoral,2026-10-01,10,2026,0.0,0.0,0.0,0.21,
S3_reappro_100,MAT040,MATERIEL_ELEVAGE,Buea,Littoral,2026-10-01,10,2026,0.0,0.0,0.0,0.0,
S3_reappro_100,MAT040,MATERIEL_ELEVAGE,Ndobo,Littoral,2026-10-01,10,2026,0.0,0.0,0.0,0.02,
S3_reappro_100,MAT040,MATERIEL_ELEVAGE,Nkongsamba,Littoral,2026-10-01,10,2026,0.0,0.0,0.0,0.01,
S3_reappro_100,MAT040,MATERIEL_ELEVAGE,Village,Littoral,2026-10-01,10,2026,0.0,0.0,0.0,0.08,
S3_reappro_100,MAT042,MATERIEL_ELEVAGE,Buea,Littoral,2026-10-01,10,2026,0.0,0.0,0.0,0.04,
S3_reappro_100,MAT042,MATERIEL_ELEVAGE,Ndobo,Littoral,2026-10-01,10,2026,0.0,0.0,0.0,0.12,
S3_reappro_100,MAT042,MATERIEL_ELEVAGE,Nkongsamba,Littoral,2026-10-01,10,2026,0.0,0.0,0.0,0.08,
S3_reappro_100,MAT042,MATERIEL_ELEVAGE,Pk11,Littoral,2026-10-01,10,2026,0.0,0.0,0.0,0.01,
S3_reappro_100,MAT042,MATERIEL_ELEVAGE,Village,Littoral,2026-10-01,10,2026,0.0,0.0,0.0,0.07,
S3_reappro_100,MAT048,MATERIEL_ELEVAGE,Village,Littoral,2026-10-01,10,2026,0.0,0.0,0.0,0.01,
S3_reappro_100,MAT049,MATERIEL_ELEVAGE,Buea,Littoral,2026-10-01,10,2026,0.0,0.0,0.0,0.04,
S3_reappro_100,MAT049,MATERIEL_ELEVAGE,Ndobo,Littoral,2026-10-01,10,2026,0.0,0.0,0.0,0.1,
S3_reappro_100,MAT049,MATERIEL_ELEVAGE,Nkongsamba,Littoral,2026-10-01,10,2026,0.0,0.0,0.0,0.01,
S3_reappro_100,MAT049,MATERIEL_ELEVAGE,Pk11,Littoral,2026-10-01,10,2026,0.0,0.0,0.0,0.04,
S3_reappro_100,MAT049,MATERIEL_ELEVAGE,Village,Littoral,2026-10-01,10,2026,0.0,0.0,0.0,0.05,
S3_reappro_100,MAT050,MATERIEL_ELEVAGE,Ndobo,Littoral,2026-10-01,10,2026,0.0,0.0,0.0,0.19,
S3_reappro_100,MAT054,MATERIEL_ELEVAGE,Ndobo,Littoral,2026-10-01,10,2026,0.0,0.0,0.0,0.01,
S3_reappro_100,MAT054,MATERIEL_ELEVAGE,Nkongsamba,Littoral,2026-10-01,10,2026,0.0,0.0,0.0,0.0,
S3_reappro_100,MAT054,MATERIEL_ELEVAGE,Village,Littoral,2026-10-01,10,2026,0.0,0.0,0.0,0.0,
S3_reappro_100,MAT055,MATERIEL_ELEVAGE,Ndobo,Littoral,2026-10-01,10,2026,0.0,0.0,0.0,0.0,
S3_reappro_100,MAT055,MATERIEL_ELEVAGE,Village,Littoral,2026-10-01,10,2026,0.0,0.0,0.0,0.0,
S3_reappro_100,MAT073,MATERIEL_ELEVAGE,Ndobo,Littoral,2026-10-01,10,2026,0.0,0.0,0.0,0.75,
S3_reappro_100,MAT073,MATERIEL_ELEVAGE,Nkongsamba,Littoral,2026-10-01,10,2026,0.0,0.0,0.0,0.01,
S3_reappro_100,ME100,MATERIEL_ELEVAGE,Buea,Littoral,2026-10-01,10,2026,0.0,0.0,0.0,0.02,
S3_reappro_100,ME100,MATERIEL_ELEVAGE,Ndobo,Littoral,2026-10-01,10,2026,0.0,0.0,0.0,0.11,
S3_reappro_100,ME100,MATERIEL_ELEVAGE,Pk11,Littoral,2026-10-01,10,2026,0.0,0.0,0.0,0.0,
S3_reappro_100,ME100,MATERIEL_ELEVAGE,Village,Littoral,2026-10-01,10,2026,0.0,0.0,0.0,0.05,
S3_reappro_100,ME1001,MATERIEL_ELEVAGE,Ndobo,Littoral,2026-10-01,10,2026,0.0,0.0,0.0,0.01,
S3_reappro_100,ME1001,MATERIEL_ELEVAGE,Pk11,Littoral,2026-10-01,10,2026,0.0,0.0,0.0,0.0,
S3_reappro_100,ME1001,MATERIEL_ELEVAGE,Village,Littoral,2026-10-01,10,2026,0.0,0.0,0.0,0.0,
S3_reappro_100,ME101,MATERIEL_ELEVAGE,Ndobo,Littoral,2026-10-01,10,2026,0.0,0.0,0.0,0.07,
S3_reappro_100,ME102,MATERIEL_ELEVAGE,Ndobo,Littoral,2026-10-01,10,2026,0.0,0.0,0.0,0.03,
S3_reappro_100,ME102,MATERIEL_ELEVAGE,Village,Littoral,2026-10-01,10,2026,0.0,0.0,0.0,0.14,
S3_reappro_100,ME103,MATERIEL_ELEVAGE,Ndobo,Littoral,2026-10-01,10,2026,0.0,0.0,0.0,0.0,
S3_reappro_100,ME104,MATERIEL_ELEVAGE,Buea,Littoral,2026-10-01,10,2026,0.0,0.0,0.0,0.0,
S3_reappro_100,ME104,MATERIEL_ELEVAGE,Ndobo,Littoral,2026-10-01,10,2026,0.0,0.0,0.0,0.0,
S3_reappro_100,ME104,MATERIEL_ELEVAGE,Nkongsamba,Littoral,2026-10-01,10,2026,0.0,0.0,0.0,0.0,
S3_reappro_100,ME1041,MATERIEL_ELEVAGE,Ndobo,Littoral,2026-10-01,10,2026,0.0,0.0,0.0,0.0,
S3_reappro_100,ME1041,MATERIEL_ELEVAGE,Nkongsamba,Littoral,2026-10-01,10,2026,0.0,0.0,0.0,0.0,
S3_reappro_100,ME105,MATERIEL_ELEVAGE,Buea,Littoral,2026-10-01,10,2026,0.0,0.0,0.0,0.05,
S3_reappro_100,ME105,MATERIEL_ELEVAGE,Ndobo,Littoral,2026-10-01,10,2026,0.0,0.0,0.0,0.22,
S3_reappro_100,MAT001,MATERIEL_ELEVAGE,Ndobo,Littoral,2026-11-01,11,2026,0.0,0.0,0.0,0.09,
S3_reappro_100,MAT003,MATERIEL_ELEVAGE,Buea,Littoral,2026-11-01,11,2026,0.0,0.0,0.0,0.32,
S3_reappro_100,MAT003,MATERIEL_ELEVAGE,Ndobo,Littoral,2026-11-01,11,2026,0.0,0.0,0.0,0.35,
S3_reappro_100,MAT003,MATERIEL_ELEVAGE,Nkongsamba,Littoral,2026-11-01,11,2026,0.0,0.0,0.0,0.24,
S3_reappro_100,MAT003,MATERIEL_ELEVAGE,Pk11,Littoral,2026-11-01,11,2026,0.0,0.0,0.0,0.11,
S3_reappro_100,MAT003,MATERIEL_ELEVAGE,Village,Littoral,2026-11-01,11,2026,0.0,0.0,0.0,0.24,
S3_reappro_100,MAT004,MATERIEL_ELEVAGE,Buea,Littoral,2026-11-01,11,2026,0.0,0.0,0.0,0.01,
S3_reappro_100,MAT004,MATERIEL_ELEVAGE,Pk11,Littoral,2026-11-01,11,2026,0.0,0.0,0.0,0.0,
S3_reappro_100,MAT004,MATERIEL_ELEVAGE,Village,Littoral,2026-11-01,11,2026,0.0,0.0,0.0,0.01,
S3_reappro_100,MAT005,MATERIEL_ELEVAGE,Buea,Littoral,2026-11-01,11,2026,0.0,0.0,0.0,0.0,
S3_reappro_100,MAT006,MATERIEL_ELEVAGE,Buea,Littoral,2026-11-01,11,2026,0.0,0.0,0.0,0.01,
S3_reappro_100,MAT006,MATERIEL_ELEVAGE,Ndobo,Littoral,2026-11-01,11,2026,0.0,0.0,0.0,0.01,
S3_reappro_100,MAT006,MATERIEL_ELEVAGE,Nkongsamba,Littoral,2026-11-01,11,2026,0.0,0.0,0.0,0.01,
S3_reappro_100,MAT006,MATERIEL_ELEVAGE,Pk11,Littoral,2026-11-01,11,2026,0.0,0.0,0.0,0.0,
S3_reappro_100,MAT006,MATERIEL_ELEVAGE,Village,Littoral,2026-11-01,11,2026,0.0,0.0,0.0,0.01,
S3_reappro_100,MAT007,MATERIEL_ELEVAGE,Village,Littoral,2026-11-01,11,2026,0.0,0.0,0.0,0.0,
S3_reappro_100,MAT009,MATERIEL_ELEVAGE,Buea,Littoral,2026-11-01,11,2026,0.0,0.0,0.0,0.0,
S3_reappro_100,MAT009,MATERIEL_ELEVAGE,Ndobo,Littoral,2026-11-01,11,2026,0.0,0.0,0.0,0.0,
S3_reappro_100,MAT011-80010002,MATERIEL_ELEVAGE,Buea,Littoral,2026-11-01,11,2026,0.0,0.0,0.0,0.11,
S3_reappro_100,MAT011-80010002,MATERIEL_ELEVAGE,Ndobo,Littoral,2026-11-01,11,2026,0.0,0.0,0.0,3.61,
S3_reappro_100,MAT011-80010002,MATERIEL_ELEVAGE,Village,Littoral,2026-11-01,11,2026,0.0,0.0,0.0,0.01,
S3_reappro_100,MAT014-80010003,MATERIEL_ELEVAGE,Buea,Littoral,2026-11-01,11,2026,0.0,0.0,0.0,0.18,
S3_reappro_100,MAT014-80010003,MATERIEL_ELEVAGE,Ndobo,Littoral,2026-11-01,11,2026,0.0,0.0,0.0,2.63,
S3_reappro_100,MAT014-80010003,MATERIEL_ELEVAGE,Nkongsamba,Littoral,2026-11-01,11,2026,0.0,0.0,0.0,0.15,
S3_reappro_100,MAT014-80010003,MATERIEL_ELEVAGE,Village,Littoral,2026-11-01,11,2026,0.0,0.0,0.0,0.02,
S3_reappro_100,MAT015,MATERIEL_ELEVAGE,Village,Littoral,2026-11-01,11,2026,0.0,0.0,0.0,0.01,
S3_reappro_100,MAT020,MATERIEL_ELEVAGE,Buea,Littoral,2026-11-01,11,2026,0.0,0.0,0.0,0.06,
S3_reappro_100,MAT020,MATERIEL_ELEVAGE,Ndobo,Littoral,2026-11-01,11,2026,0.0,0.0,0.0,0.1,
S3_reappro_100,MAT020,MATERIEL_ELEVAGE,Nkongsamba,Littoral,2026-11-01,11,2026,0.0,0.0,0.0,0.14,
S3_reappro_100,MAT020,MATERIEL_ELEVAGE,Pk11,Littoral,2026-11-01,11,2026,0.0,0.0,0.0,0.03,
S3_reappro_100,MAT020,MATERIEL_ELEVAGE,Village,Littoral,2026-11-01,11,2026,0.0,0.0,0.0,0.1,
S3_reappro_100,MAT023,MATERIEL_ELEVAGE,Ndobo,Littoral,2026-11-01,11,2026,0.0,0.0,0.0,0.0,
S3_reappro_100,MAT023,MATERIEL_ELEVAGE,Nkongsamba,Littoral,2026-11-01,11,2026,0.0,0.0,0.0,0.0,
S3_reappro_100,MAT029,MATERIEL_ELEVAGE,Ndobo,Littoral,2026-11-01,11,2026,0.0,0.0,0.0,0.05,
S3_reappro_100,MAT030,MATERIEL_ELEVAGE,Ndobo,Littoral,2026-11-01,11,2026,0.0,0.0,0.0,0.06,
S3_reappro_100,MAT039,MATERIEL_ELEVAGE,Buea,Littoral,2026-11-01,11,2026,0.0,0.0,0.0,0.16,
S3_reappro_100,MAT039,MATERIEL_ELEVAGE,Ndobo,Littoral,2026-11-01,11,2026,0.0,0.0,0.0,0.79,
S3_reappro_100,MAT039,MATERIEL_ELEVAGE,Nkongsamba,Littoral,2026-11-01,11,2026,0.0,0.0,0.0,0.15,
S3_reappro_100,MAT039,MATERIEL_ELEVAGE,Pk11,Littoral,2026-11-01,11,2026,0.0,0.0,0.0,0.25,
S3_reappro_100,MAT039,MATERIEL_ELEVAGE,Village,Littoral,2026-11-01,11,2026,0.0,0.0,0.0,0.21,
S3_reappro_100,MAT040,MATERIEL_ELEVAGE,Buea,Littoral,2026-11-01,11,2026,0.0,0.0,0.0,0.0,
S3_reappro_100,MAT040,MATERIEL_ELEVAGE,Ndobo,Littoral,2026-11-01,11,2026,0.0,0.0,0.0,0.02,
S3_reappro_100,MAT040,MATERIEL_ELEVAGE,Nkongsamba,Littoral,2026-11-01,11,2026,0.0,0.0,0.0,0.01,
S3_reappro_100,MAT040,MATERIEL_ELEVAGE,Village,Littoral,2026-11-01,11,2026,0.0,0.0,0.0,0.08,
S3_reappro_100,MAT042,MATERIEL_ELEVAGE,Buea,Littoral,2026-11-01,11,2026,0.0,0.0,0.0,0.04,
S3_reappro_100,MAT042,MATERIEL_ELEVAGE,Ndobo,Littoral,2026-11-01,11,2026,0.0,0.0,0.0,0.12,
S3_reappro_100,MAT042,MATERIEL_ELEVAGE,Nkongsamba,Littoral,2026-11-01,11,2026,0.0,0.0,0.0,0.08,
S3_reappro_100,MAT042,MATERIEL_ELEVAGE,Pk11,Littoral,2026-11-01,11,2026,0.0,0.0,0.0,0.01,
S3_reappro_100,MAT042,MATERIEL_ELEVAGE,Village,Littoral,2026-11-01,11,2026,0.0,0.0,0.0,0.07,
S3_reappro_100,MAT048,MATERIEL_ELEVAGE,Village,Littoral,2026-11-01,11,2026,0.0,0.0,0.0,0.01,
S3_reappro_100,MAT049,MATERIEL_ELEVAGE,Buea,Littoral,2026-11-01,11,2026,0.0,0.0,0.0,0.04,
S3_reappro_100,MAT049,MATERIEL_ELEVAGE,Ndobo,Littoral,2026-11-01,11,2026,0.0,0.0,0.0,0.1,
S3_reappro_100,MAT049,MATERIEL_ELEVAGE,Nkongsamba,Littoral,2026-11-01,11,2026,0.0,0.0,0.0,0.01,
S3_reappro_100,MAT049,MATERIEL_ELEVAGE,Pk11,Littoral,2026-11-01,11,2026,0.0,0.0,0.0,0.04,
S3_reappro_100,MAT049,MATERIEL_ELEVAGE,Village,Littoral,2026-11-01,11,2026,0.0,0.0,0.0,0.05,
S3_reappro_100,MAT050,MATERIEL_ELEVAGE,Ndobo,Littoral,2026-11-01,11,2026,0.0,0.0,0.0,0.19,
S3_reappro_100,MAT054,MATERIEL_ELEVAGE,Ndobo,Littoral,2026-11-01,11,2026,0.0,0.0,0.0,0.01,
S3_reappro_100,MAT054,MATERIEL_ELEVAGE,Nkongsamba,Littoral,2026-11-01,11,2026,0.0,0.0,0.0,0.0,
S3_reappro_100,MAT054,MATERIEL_ELEVAGE,Village,Littoral,2026-11-01,11,2026,0.0,0.0,0.0,0.0,
S3_reappro_100,MAT055,MATERIEL_ELEVAGE,Ndobo,Littoral,2026-11-01,11,2026,0.0,0.0,0.0,0.0,
S3_reappro_100,MAT055,MATERIEL_ELEVAGE,Village,Littoral,2026-11-01,11,2026,0.0,0.0,0.0,0.0,
S3_reappro_100,MAT073,MATERIEL_ELEVAGE,Ndobo,Littoral,2026-11-01,11,2026,0.0,0.0,0.0,0.75,
S3_reappro_100,MAT073,MATERIEL_ELEVAGE,Nkongsamba,Littoral,2026-11-01,11,2026,0.0,0.0,0.0,0.01,
S3_reappro_100,ME100,MATERIEL_ELEVAGE,Buea,Littoral,2026-11-01,11,2026,0.0,0.0,0.0,0.02,
S3_reappro_100,ME100,MATERIEL_ELEVAGE,Ndobo,Littoral,2026-11-01,11,2026,0.0,0.0,0.0,0.11,
S3_reappro_100,ME100,MATERIEL_ELEVAGE,Pk11,Littoral,2026-11-01,11,2026,0.0,0.0,0.0,0.0,
S3_reappro_100,ME100,MATERIEL_ELEVAGE,Village,Littoral,2026-11-01,11,2026,0.0,0.0,0.0,0.05,
S3_reappro_100,ME1001,MATERIEL_ELEVAGE,Ndobo,Littoral,2026-11-01,11,2026,0.0,0.0,0.0,0.01,
S3_reappro_100,ME1001,MATERIEL_ELEVAGE,Pk11,Littoral,2026-11-01,11,2026,0.0,0.0,0.0,0.0,
S3_reappro_100,ME1001,MATERIEL_ELEVAGE,Village,Littoral,2026-11-01,11,2026,0.0,0.0,0.0,0.0,
S3_reappro_100,ME101,MATERIEL_ELEVAGE,Ndobo,Littoral,2026-11-01,11,2026,0.0,0.0,0.0,0.07,
S3_reappro_100,ME102,MATERIEL_ELEVAGE,Ndobo,Littoral,2026-11-01,11,2026,0.0,0.0,0.0,0.03,
S3_reappro_100,ME102,MATERIEL_ELEVAGE,Village,Littoral,2026-11-01,11,2026,0.0,0.0,0.0,0.14,
S3_reappro_100,ME103,MATERIEL_ELEVAGE,Ndobo,Littoral,2026-11-01,11,2026,0.0,0.0,0.0,0.0,
S3_reappro_100,ME104,MATERIEL_ELEVAGE,Buea,Littoral,2026-11-01,11,2026,0.0,0.0,0.0,0.0,
S3_reappro_100,ME104,MATERIEL_ELEVAGE,Ndobo,Littoral,2026-11-01,11,2026,0.0,0.0,0.0,0.0,
S3_reappro_100,ME104,MATERIEL_ELEVAGE,Nkongsamba,Littoral,2026-11-01,11,2026,0.0,0.0,0.0,0.0,
S3_reappro_100,ME1041,MATERIEL_ELEVAGE,Ndobo,Littoral,2026-11-01,11,2026,0.0,0.0,0.0,0.0,
S3_reappro_100,ME1041,MATERIEL_ELEVAGE,Nkongsamba,Littoral,2026-11-01,11,2026,0.0,0.0,0.0,0.0,
S3_reappro_100,ME105,MATERIEL_ELEVAGE,Buea,Littoral,2026-11-01,11,2026,0.0,0.0,0.0,0.05,
S3_reappro_100,ME105,MATERIEL_ELEVAGE,Ndobo,Littoral,2026-11-01,11,2026,0.0,0.0,0.0,0.22,
S3_reappro_100,MAT001,MATERIEL_ELEVAGE,Ndobo,Littoral,2026-12-01,12,2026,0.0,0.0,0.0,0.09,
S3_reappro_100,MAT003,MATERIEL_ELEVAGE,Buea,Littoral,2026-12-01,12,2026,0.0,0.0,0.0,0.32,
S3_reappro_100,MAT003,MATERIEL_ELEVAGE,Ndobo,Littoral,2026-12-01,12,2026,0.0,0.0,0.0,0.35,
S3_reappro_100,MAT003,MATERIEL_ELEVAGE,Nkongsamba,Littoral,2026-12-01,12,2026,0.0,0.0,0.0,0.24,
S3_reappro_100,MAT003,MATERIEL_ELEVAGE,Pk11,Littoral,2026-12-01,12,2026,0.0,0.0,0.0,0.11,
S3_reappro_100,MAT003,MATERIEL_ELEVAGE,Village,Littoral,2026-12-01,12,2026,0.0,0.0,0.0,0.24,
S3_reappro_100,MAT004,MATERIEL_ELEVAGE,Buea,Littoral,2026-12-01,12,2026,0.0,0.0,0.0,0.01,
S3_reappro_100,MAT004,MATERIEL_ELEVAGE,Pk11,Littoral,2026-12-01,12,2026,0.0,0.0,0.0,0.0,
S3_reappro_100,MAT004,MATERIEL_ELEVAGE,Village,Littoral,2026-12-01,12,2026,0.0,0.0,0.0,0.01,
S3_reappro_100,MAT005,MATERIEL_ELEVAGE,Buea,Littoral,2026-12-01,12,2026,0.0,0.0,0.0,0.0,
S3_reappro_100,MAT006,MATERIEL_ELEVAGE,Buea,Littoral,2026-12-01,12,2026,0.0,0.0,0.0,0.01,
S3_reappro_100,MAT006,MATERIEL_ELEVAGE,Ndobo,Littoral,2026-12-01,12,2026,0.0,0.0,0.0,0.01,
S3_reappro_100,MAT006,MATERIEL_ELEVAGE,Nkongsamba,Littoral,2026-12-01,12,2026,0.0,0.0,0.0,0.01,
S3_reappro_100,MAT006,MATERIEL_ELEVAGE,Pk11,Littoral,2026-12-01,12,2026,0.0,0.0,0.0,0.0,
S3_reappro_100,MAT006,MATERIEL_ELEVAGE,Village,Littoral,2026-12-01,12,2026,0.0,0.0,0.0,0.01,
S3_reappro_100,MAT007,MATERIEL_ELEVAGE,Village,Littoral,2026-12-01,12,2026,0.0,0.0,0.0,0.0,
S3_reappro_100,MAT009,MATERIEL_ELEVAGE,Buea,Littoral,2026-12-01,12,2026,0.0,0.0,0.0,0.0,
S3_reappro_100,MAT009,MATERIEL_ELEVAGE,Ndobo,Littoral,2026-12-01,12,2026,0.0,0.0,0.0,0.0,
S3_reappro_100,MAT011-80010002,MATERIEL_ELEVAGE,Buea,Littoral,2026-12-01,12,2026,0.0,0.0,0.0,0.11,
S3_reappro_100,MAT011-80010002,MATERIEL_ELEVAGE,Ndobo,Littoral,2026-12-01,12,2026,0.0,0.0,0.0,3.61,
S3_reappro_100,MAT011-80010002,MATERIEL_ELEVAGE,Village,Littoral,2026-12-01,12,2026,0.0,0.0,0.0,0.01,
S3_reappro_100,MAT014-80010003,MATERIEL_ELEVAGE,Buea,Littoral,2026-12-01,12,2026,0.0,0.0,0.0,0.18,
S3_reappro_100,MAT014-80010003,MATERIEL_ELEVAGE,Ndobo,Littoral,2026-12-01,12,2026,0.0,0.0,0.0,2.63,
S3_reappro_100,MAT014-80010003,MATERIEL_ELEVAGE,Nkongsamba,Littoral,2026-12-01,12,2026,0.0,0.0,0.0,0.15,
S3_reappro_100,MAT014-80010003,MATERIEL_ELEVAGE,Village,Littoral,2026-12-01,12,2026,0.0,0.0,0.0,0.02,
S3_reappro_100,MAT015,MATERIEL_ELEVAGE,Village,Littoral,2026-12-01,12,2026,0.0,0.0,0.0,0.01,
S3_reappro_100,MAT020,MATERIEL_ELEVAGE,Buea,Littoral,2026-12-01,12,2026,0.0,0.0,0.0,0.06,
S3_reappro_100,MAT020,MATERIEL_ELEVAGE,Ndobo,Littoral,2026-12-01,12,2026,0.0,0.0,0.0,0.1,
S3_reappro_100,MAT020,MATERIEL_ELEVAGE,Nkongsamba,Littoral,2026-12-01,12,2026,0.0,0.0,0.0,0.14,
S3_reappro_100,MAT020,MATERIEL_ELEVAGE,Pk11,Littoral,2026-12-01,12,2026,0.0,0.0,0.0,0.03,
S3_reappro_100,MAT020,MATERIEL_ELEVAGE,Village,Littoral,2026-12-01,12,2026,0.0,0.0,0.0,0.1,
S3_reappro_100,MAT023,MATERIEL_ELEVAGE,Ndobo,Littoral,2026-12-01,12,2026,0.0,0.0,0.0,0.0,
S3_reappro_100,MAT023,MATERIEL_ELEVAGE,Nkongsamba,Littoral,2026-12-01,12,2026,0.0,0.0,0.0,0.0,
S3_reappro_100,MAT029,MATERIEL_ELEVAGE,Ndobo,Littoral,2026-12-01,12,2026,0.0,0.0,0.0,0.05,
S3_reappro_100,MAT030,MATERIEL_ELEVAGE,Ndobo,Littoral,2026-12-01,12,2026,0.0,0.0,0.0,0.06,
S3_reappro_100,MAT039,MATERIEL_ELEVAGE,Buea,Littoral,2026-12-01,12,2026,0.0,0.0,0.0,0.16,
S3_reappro_100,MAT039,MATERIEL_ELEVAGE,Ndobo,Littoral,2026-12-01,12,2026,0.0,0.0,0.0,0.79,
S3_reappro_100,MAT039,MATERIEL_ELEVAGE,Nkongsamba,Littoral,2026-12-01,12,2026,0.0,0.0,0.0,0.15,
S3_reappro_100,MAT039,MATERIEL_ELEVAGE,Pk11,Littoral,2026-12-01,12,2026,0.0,0.0,0.0,0.25,
S3_reappro_100,MAT039,MATERIEL_ELEVAGE,Village,Littoral,2026-12-01,12,2026,0.0,0.0,0.0,0.21,
S3_reappro_100,MAT040,MATERIEL_ELEVAGE,Buea,Littoral,2026-12-01,12,2026,0.0,0.0,0.0,0.0,
S3_reappro_100,MAT040,MATERIEL_ELEVAGE,Ndobo,Littoral,2026-12-01,12,2026,0.0,0.0,0.0,0.02,
S3_reappro_100,MAT040,MATERIEL_ELEVAGE,Nkongsamba,Littoral,2026-12-01,12,2026,0.0,0.0,0.0,0.01,
S3_reappro_100,MAT040,MATERIEL_ELEVAGE,Village,Littoral,2026-12-01,12,2026,0.0,0.0,0.0,0.08,
S3_reappro_100,MAT042,MATERIEL_ELEVAGE,Buea,Littoral,2026-12-01,12,2026,0.0,0.0,0.0,0.04,
S3_reappro_100,MAT042,MATERIEL_ELEVAGE,Ndobo,Littoral,2026-12-01,12,2026,0.0,0.0,0.0,0.12,
S3_reappro_100,MAT042,MATERIEL_ELEVAGE,Nkongsamba,Littoral,2026-12-01,12,2026,0.0,0.0,0.0,0.08,
S3_reappro_100,MAT042,MATERIEL_ELEVAGE,Pk11,Littoral,2026-12-01,12,2026,0.0,0.0,0.0,0.01,
S3_reappro_100,MAT042,MATERIEL_ELEVAGE,Village,Littoral,2026-12-01,12,2026,0.0,0.0,0.0,0.07,
S3_reappro_100,MAT048,MATERIEL_ELEVAGE,Village,Littoral,2026-12-01,12,2026,0.0,0.0,0.0,0.01,
S3_reappro_100,MAT049,MATERIEL_ELEVAGE,Buea,Littoral,2026-12-01,12,2026,0.0,0.0,0.0,0.04,
S3_reappro_100,MAT049,MATERIEL_ELEVAGE,Ndobo,Littoral,2026-12-01,12,2026,0.0,0.0,0.0,0.1,
S3_reappro_100,MAT049,MATERIEL_ELEVAGE,Nkongsamba,Littoral,2026-12-01,12,2026,0.0,0.0,0.0,0.01,
S3_reappro_100,MAT049,MATERIEL_ELEVAGE,Pk11,Littoral,2026-12-01,12,2026,0.0,0.0,0.0,0.04,
S3_reappro_100,MAT049,MATERIEL_ELEVAGE,Village,Littoral,2026-12-01,12,2026,0.0,0.0,0.0,0.05,
S3_reappro_100,MAT050,MATERIEL_ELEVAGE,Ndobo,Littoral,2026-12-01,12,2026,0.0,0.0,0.0,0.19,
S3_reappro_100,MAT054,MATERIEL_ELEVAGE,Ndobo,Littoral,2026-12-01,12,2026,0.0,0.0,0.0,0.01,
S3_reappro_100,MAT054,MATERIEL_ELEVAGE,Nkongsamba,Littoral,2026-12-01,12,2026,0.0,0.0,0.0,0.0,
S3_reappro_100,MAT054,MATERIEL_ELEVAGE,Village,Littoral,2026-12-01,12,2026,0.0,0.0,0.0,0.0,
S3_reappro_100,MAT055,MATERIEL_ELEVAGE,Ndobo,Littoral,2026-12-01,12,2026,0.0,0.0,0.0,0.0,
S3_reappro_100,MAT055,MATERIEL_ELEVAGE,Village,Littoral,2026-12-01,12,2026,0.0,0.0,0.0,0.0,
S3_reappro_100,MAT073,MATERIEL_ELEVAGE,Ndobo,Littoral,2026-12-01,12,2026,0.0,0.0,0.0,0.75,
S3_reappro_100,MAT073,MATERIEL_ELEVAGE,Nkongsamba,Littoral,2026-12-01,12,2026,0.0,0.0,0.0,0.01,
S3_reappro_100,ME100,MATERIEL_ELEVAGE,Buea,Littoral,2026-12-01,12,2026,0.0,0.0,0.0,0.02,
S3_reappro_100,ME100,MATERIEL_ELEVAGE,Ndobo,Littoral,2026-12-01,12,2026,0.0,0.0,0.0,0.11,
S3_reappro_100,ME100,MATERIEL_ELEVAGE,Pk11,Littoral,2026-12-01,12,2026,0.0,0.0,0.0,0.0,
S3_reappro_100,ME100,MATERIEL_ELEVAGE,Village,Littoral,2026-12-01,12,2026,0.0,0.0,0.0,0.05,
S3_reappro_100,ME1001,MATERIEL_ELEVAGE,Ndobo,Littoral,2026-12-01,12,2026,0.0,0.0,0.0,0.01,
S3_reappro_100,ME1001,MATERIEL_ELEVAGE,Pk11,Littoral,2026-12-01,12,2026,0.0,0.0,0.0,0.0,
S3_reappro_100,ME1001,MATERIEL_ELEVAGE,Village,Littoral,2026-12-01,12,2026,0.0,0.0,0.0,0.0,
S3_reappro_100,ME101,MATERIEL_ELEVAGE,Ndobo,Littoral,2026-12-01,12,2026,0.0,0.0,0.0,0.07,
S3_reappro_100,ME102,MATERIEL_ELEVAGE,Ndobo,Littoral,2026-12-01,12,2026,0.0,0.0,0.0,0.03,
S3_reappro_100,ME102,MATERIEL_ELEVAGE,Village,Littoral,2026-12-01,12,2026,0.0,0.0,0.0,0.14,
S3_reappro_100,ME103,MATERIEL_ELEVAGE,Ndobo,Littoral,2026-12-01,12,2026,0.0,0.0,0.0,0.0,
S3_reappro_100,ME104,MATERIEL_ELEVAGE,Buea,Littoral,2026-12-01,12,2026,0.0,0.0,0.0,0.0,
S3_reappro_100,ME104,MATERIEL_ELEVAGE,Ndobo,Littoral,2026-12-01,12,2026,0.0,0.0,0.0,0.0,
S3_reappro_100,ME104,MATERIEL_ELEVAGE,Nkongsamba,Littoral,2026-12-01,12,2026,0.0,0.0,0.0,0.0,
S3_reappro_100,ME1041,MATERIEL_ELEVAGE,Ndobo,Littoral,2026-12-01,12,2026,0.0,0.0,0.0,0.0,
S3_reappro_100,ME1041,MATERIEL_ELEVAGE,Nkongsamba,Littoral,2026-12-01,12,2026,0.0,0.0,0.0,0.0,
S3_reappro_100,ME105,MATERIEL_ELEVAGE,Buea,Littoral,2026-12-01,12,2026,0.0,0.0,0.0,0.05,
S3_reappro_100,ME105,MATERIEL_ELEVAGE,Ndobo,Littoral,2026-12-01,12,2026,0.0,0.0,0.0,0.22,
S3_reappro_100,MAT003,MATERIEL_ELEVAGE,Djeleng,Ouest,2026-10-01,10,2026,0.0,0.0,0.0,1.56,
S3_reappro_100,MAT003,MATERIEL_ELEVAGE,Famla,Ouest,2026-10-01,10,2026,0.0,0.0,0.0,0.5,
S3_reappro_100,MAT003,MATERIEL_ELEVAGE,Mbouda,Ouest,2026-10-01,10,2026,0.0,0.0,0.0,0.22,
S3_reappro_100,MAT004,MATERIEL_ELEVAGE,Djeleng,Ouest,2026-10-01,10,2026,0.0,0.0,0.0,0.0,
S3_reappro_100,MAT005,MATERIEL_ELEVAGE,Djeleng,Ouest,2026-10-01,10,2026,0.0,0.0,0.0,0.0,
S3_reappro_100,MAT005,MATERIEL_ELEVAGE,Famla,Ouest,2026-10-01,10,2026,0.0,0.0,0.0,0.0,
S3_reappro_100,MAT006,MATERIEL_ELEVAGE,Famla,Ouest,2026-10-01,10,2026,0.0,0.0,0.0,0.05,
S3_reappro_100,MAT006,MATERIEL_ELEVAGE,Mbouda,Ouest,2026-10-01,10,2026,0.0,0.0,0.0,0.01,
S3_reappro_100,MAT007,MATERIEL_ELEVAGE,Djeleng,Ouest,2026-10-01,10,2026,0.0,0.0,0.0,0.0,
S3_reappro_100,MAT008,MATERIEL_ELEVAGE,Djeleng,Ouest,2026-10-01,10,2026,0.0,0.0,0.0,0.0,
S3_reappro_100,MAT009,MATERIEL_ELEVAGE,Mbouda,Ouest,2026-10-01,10,2026,0.0,0.0,0.0,0.0,
S3_reappro_100,MAT011-80010002,MATERIEL_ELEVAGE,Djeleng,Ouest,2026-10-01,10,2026,0.0,0.0,0.0,1.8,
S3_reappro_100,MAT011-80010002,MATERIEL_ELEVAGE,Famla,Ouest,2026-10-01,10,2026,0.0,0.0,0.0,4.39,
S3_reappro_100,MAT011-80010002,MATERIEL_ELEVAGE,Mbouda,Ouest,2026-10-01,10,2026,0.0,0.0,0.0,0.04,
S3_reappro_100,MAT014-80010003,MATERIEL_ELEVAGE,Djeleng,Ouest,2026-10-01,10,2026,0.0,0.0,0.0,1.71,
S3_reappro_100,MAT014-80010003,MATERIEL_ELEVAGE,Famla,Ouest,2026-10-01,10,2026,0.0,0.0,0.0,5.1,
S3_reappro_100,MAT014-80010003,MATERIEL_ELEVAGE,Mbouda,Ouest,2026-10-01,10,2026,0.0,0.0,0.0,0.35,
S3_reappro_100,MAT017,MATERIEL_ELEVAGE,Famla,Ouest,2026-10-01,10,2026,0.0,0.0,0.0,0.32,
S3_reappro_100,MAT020,MATERIEL_ELEVAGE,Djeleng,Ouest,2026-10-01,10,2026,0.0,0.0,0.0,0.0,
S3_reappro_100,MAT020,MATERIEL_ELEVAGE,Famla,Ouest,2026-10-01,10,2026,0.0,0.0,0.0,0.95,
S3_reappro_100,MAT020,MATERIEL_ELEVAGE,Mbouda,Ouest,2026-10-01,10,2026,0.0,0.0,0.0,0.02,
S3_reappro_100,MAT030,MATERIEL_ELEVAGE,Djeleng,Ouest,2026-10-01,10,2026,0.0,0.0,0.0,0.03,
S3_reappro_100,MAT039,MATERIEL_ELEVAGE,Djeleng,Ouest,2026-10-01,10,2026,0.0,0.0,0.0,0.12,
S3_reappro_100,MAT039,MATERIEL_ELEVAGE,Mbouda,Ouest,2026-10-01,10,2026,0.0,0.0,0.0,0.08,
S3_reappro_100,MAT042,MATERIEL_ELEVAGE,Djeleng,Ouest,2026-10-01,10,2026,0.0,0.0,0.0,0.04,
S3_reappro_100,MAT042,MATERIEL_ELEVAGE,Famla,Ouest,2026-10-01,10,2026,0.0,0.0,0.0,0.28,
S3_reappro_100,MAT042,MATERIEL_ELEVAGE,Mbouda,Ouest,2026-10-01,10,2026,0.0,0.0,0.0,0.02,
S3_reappro_100,MAT049,MATERIEL_ELEVAGE,Djeleng,Ouest,2026-10-01,10,2026,0.0,0.0,0.0,0.11,
S3_reappro_100,MAT054,MATERIEL_ELEVAGE,Djeleng,Ouest,2026-10-01,10,2026,0.0,0.0,0.0,0.0,
S3_reappro_100,MAT054,MATERIEL_ELEVAGE,Famla,Ouest,2026-10-01,10,2026,0.0,0.0,0.0,0.05,
S3_reappro_100,MAT054,MATERIEL_ELEVAGE,Mbouda,Ouest,2026-10-01,10,2026,0.0,0.0,0.0,0.01,
S3_reappro_100,MAT055,MATERIEL_ELEVAGE,Djeleng,Ouest,2026-10-01,10,2026,0.0,0.0,0.0,0.0,
S3_reappro_100,MAT055,MATERIEL_ELEVAGE,Famla,Ouest,2026-10-01,10,2026,0.0,0.0,0.0,0.02,
S3_reappro_100,MAT055,MATERIEL_ELEVAGE,Mbouda,Ouest,2026-10-01,10,2026,0.0,0.0,0.0,0.0,
S3_reappro_100,MAT073,MATERIEL_ELEVAGE,Djeleng,Ouest,2026-10-01,10,2026,0.0,0.0,0.0,0.0,
S3_reappro_100,MAT073,MATERIEL_ELEVAGE,Famla,Ouest,2026-10-01,10,2026,0.0,0.0,0.0,0.0,
S3_reappro_100,ME100,MATERIEL_ELEVAGE,Mbouda,Ouest,2026-10-01,10,2026,0.0,0.0,0.0,0.09,
S3_reappro_100,ME1001,MATERIEL_ELEVAGE,Mbouda,Ouest,2026-10-01,10,2026,0.0,0.0,0.0,0.01,
S3_reappro_100,ME101,MATERIEL_ELEVAGE,Mbouda,Ouest,2026-10-01,10,2026,0.0,0.0,0.0,0.01,
S3_reappro_100,ME102,MATERIEL_ELEVAGE,Mbouda,Ouest,2026-10-01,10,2026,0.0,0.0,0.0,0.0,
S3_reappro_100,ME103,MATERIEL_ELEVAGE,Famla,Ouest,2026-10-01,10,2026,0.0,0.0,0.0,0.0,
S3_reappro_100,ME104,MATERIEL_ELEVAGE,Djeleng,Ouest,2026-10-01,10,2026,0.0,0.0,0.0,0.0,
S3_reappro_100,ME104,MATERIEL_ELEVAGE,Famla,Ouest,2026-10-01,10,2026,0.0,0.0,0.0,0.0,
S3_reappro_100,ME104,MATERIEL_ELEVAGE,Mbouda,Ouest,2026-10-01,10,2026,0.0,0.0,0.0,0.0,
S3_reappro_100,ME1041,MATERIEL_ELEVAGE,Famla,Ouest,2026-10-01,10,2026,0.0,0.0,0.0,0.02,
S3_reappro_100,ME1041,MATERIEL_ELEVAGE,Mbouda,Ouest,2026-10-01,10,2026,0.0,0.0,0.0,0.0,
S3_reappro_100,ME106,MATERIEL_ELEVAGE,Famla,Ouest,2026-10-01,10,2026,0.0,0.0,0.0,0.0,
S3_reappro_100,MAT003,MATERIEL_ELEVAGE,Djeleng,Ouest,2026-11-01,11,2026,0.0,0.0,0.0,1.56,
S3_reappro_100,MAT003,MATERIEL_ELEVAGE,Famla,Ouest,2026-11-01,11,2026,0.0,0.0,0.0,0.5,
S3_reappro_100,MAT003,MATERIEL_ELEVAGE,Mbouda,Ouest,2026-11-01,11,2026,0.0,0.0,0.0,0.22,
S3_reappro_100,MAT004,MATERIEL_ELEVAGE,Djeleng,Ouest,2026-11-01,11,2026,0.0,0.0,0.0,0.0,
S3_reappro_100,MAT005,MATERIEL_ELEVAGE,Djeleng,Ouest,2026-11-01,11,2026,0.0,0.0,0.0,0.0,
S3_reappro_100,MAT005,MATERIEL_ELEVAGE,Famla,Ouest,2026-11-01,11,2026,0.0,0.0,0.0,0.0,
S3_reappro_100,MAT006,MATERIEL_ELEVAGE,Famla,Ouest,2026-11-01,11,2026,0.0,0.0,0.0,0.05,
S3_reappro_100,MAT006,MATERIEL_ELEVAGE,Mbouda,Ouest,2026-11-01,11,2026,0.0,0.0,0.0,0.01,
S3_reappro_100,MAT007,MATERIEL_ELEVAGE,Djeleng,Ouest,2026-11-01,11,2026,0.0,0.0,0.0,0.0,
S3_reappro_100,MAT008,MATERIEL_ELEVAGE,Djeleng,Ouest,2026-11-01,11,2026,0.0,0.0,0.0,0.0,
S3_reappro_100,MAT009,MATERIEL_ELEVAGE,Mbouda,Ouest,2026-11-01,11,2026,0.0,0.0,0.0,0.0,
S3_reappro_100,MAT011-80010002,MATERIEL_ELEVAGE,Djeleng,Ouest,2026-11-01,11,2026,0.0,0.0,0.0,1.8,
S3_reappro_100,MAT011-80010002,MATERIEL_ELEVAGE,Famla,Ouest,2026-11-01,11,2026,0.0,0.0,0.0,4.39,
S3_reappro_100,MAT011-80010002,MATERIEL_ELEVAGE,Mbouda,Ouest,2026-11-01,11,2026,0.0,0.0,0.0,0.04,
S3_reappro_100,MAT014-80010003,MATERIEL_ELEVAGE,Djeleng,Ouest,2026-11-01,11,2026,0.0,0.0,0.0,1.71,
S3_reappro_100,MAT014-80010003,MATERIEL_ELEVAGE,Famla,Ouest,2026-11-01,11,2026,0.0,0.0,0.0,5.1,
S3_reappro_100,MAT014-80010003,MATERIEL_ELEVAGE,Mbouda,Ouest,2026-11-01,11,2026,0.0,0.0,0.0,0.35,
S3_reappro_100,MAT017,MATERIEL_ELEVAGE,Famla,Ouest,2026-11-01,11,2026,0.0,0.0,0.0,0.32,
S3_reappro_100,MAT020,MATERIEL_ELEVAGE,Djeleng,Ouest,2026-11-01,11,2026,0.0,0.0,0.0,0.0,
S3_reappro_100,MAT020,MATERIEL_ELEVAGE,Famla,Ouest,2026-11-01,11,2026,0.0,0.0,0.0,0.95,
S3_reappro_100,MAT020,MATERIEL_ELEVAGE,Mbouda,Ouest,2026-11-01,11,2026,0.0,0.0,0.0,0.02,
S3_reappro_100,MAT030,MATERIEL_ELEVAGE,Djeleng,Ouest,2026-11-01,11,2026,0.0,0.0,0.0,0.03,
S3_reappro_100,MAT039,MATERIEL_ELEVAGE,Djeleng,Ouest,2026-11-01,11,2026,0.0,0.0,0.0,0.12,
S3_reappro_100,MAT039,MATERIEL_ELEVAGE,Mbouda,Ouest,2026-11-01,11,2026,0.0,0.0,0.0,0.08,
S3_reappro_100,MAT042,MATERIEL_ELEVAGE,Djeleng,Ouest,2026-11-01,11,2026,0.0,0.0,0.0,0.04,
S3_reappro_100,MAT042,MATERIEL_ELEVAGE,Famla,Ouest,2026-11-01,11,2026,0.0,0.0,0.0,0.28,
S3_reappro_100,MAT042,MATERIEL_ELEVAGE,Mbouda,Ouest,2026-11-01,11,2026,0.0,0.0,0.0,0.02,
S3_reappro_100,MAT049,MATERIEL_ELEVAGE,Djeleng,Ouest,2026-11-01,11,2026,0.0,0.0,0.0,0.11,
S3_reappro_100,MAT054,MATERIEL_ELEVAGE,Djeleng,Ouest,2026-11-01,11,2026,0.0,0.0,0.0,0.0,
S3_reappro_100,MAT054,MATERIEL_ELEVAGE,Famla,Ouest,2026-11-01,11,2026,0.0,0.0,0.0,0.05,
S3_reappro_100,MAT054,MATERIEL_ELEVAGE,Mbouda,Ouest,2026-11-01,11,2026,0.0,0.0,0.0,0.01,
S3_reappro_100,MAT055,MATERIEL_ELEVAGE,Djeleng,Ouest,2026-11-01,11,2026,0.0,0.0,0.0,0.0,
S3_reappro_100,MAT055,MATERIEL_ELEVAGE,Famla,Ouest,2026-11-01,11,2026,0.0,0.0,0.0,0.02,
S3_reappro_100,MAT055,MATERIEL_ELEVAGE,Mbouda,Ouest,2026-11-01,11,2026,0.0,0.0,0.0,0.0,
S3_reappro_100,MAT073,MATERIEL_ELEVAGE,Djeleng,Ouest,2026-11-01,11,2026,0.0,0.0,0.0,0.0,
S3_reappro_100,MAT073,MATERIEL_ELEVAGE,Famla,Ouest,2026-11-01,11,2026,0.0,0.0,0.0,0.0,
S3_reappro_100,ME100,MATERIEL_ELEVAGE,Mbouda,Ouest,2026-11-01,11,2026,0.0,0.0,0.0,0.09,
S3_reappro_100,ME1001,MATERIEL_ELEVAGE,Mbouda,Ouest,2026-11-01,11,2026,0.0,0.0,0.0,0.01,
S3_reappro_100,ME101,MATERIEL_ELEVAGE,Mbouda,Ouest,2026-11-01,11,2026,0.0,0.0,0.0,0.01,
S3_reappro_100,ME102,MATERIEL_ELEVAGE,Mbouda,Ouest,2026-11-01,11,2026,0.0,0.0,0.0,0.0,
S3_reappro_100,ME103,MATERIEL_ELEVAGE,Famla,Ouest,2026-11-01,11,2026,0.0,0.0,0.0,0.0,
S3_reappro_100,ME104,MATERIEL_ELEVAGE,Djeleng,Ouest,2026-11-01,11,2026,0.0,0.0,0.0,0.0,
S3_reappro_100,ME104,MATERIEL_ELEVAGE,Famla,Ouest,2026-11-01,11,2026,0.0,0.0,0.0,0.0,
S3_reappro_100,ME104,MATERIEL_ELEVAGE,Mbouda,Ouest,2026-11-01,11,2026,0.0,0.0,0.0,0.0,
S3_reappro_100,ME1041,MATERIEL_ELEVAGE,Famla,Ouest,2026-11-01,11,2026,0.0,0.0,0.0,0.02,
S3_reappro_100,ME1041,MATERIEL_ELEVAGE,Mbouda,Ouest,2026-11-01,11,2026,0.0,0.0,0.0,0.0,
S3_reappro_100,ME106,MATERIEL_ELEVAGE,Famla,Ouest,2026-11-01,11,2026,0.0,0.0,0.0,0.0,
S3_reappro_100,MAT003,MATERIEL_ELEVAGE,Djeleng,Ouest,2026-12-01,12,2026,0.0,0.0,0.0,1.56,
S3_reappro_100,MAT003,MATERIEL_ELEVAGE,Famla,Ouest,2026-12-01,12,2026,0.0,0.0,0.0,0.5,
S3_reappro_100,MAT003,MATERIEL_ELEVAGE,Mbouda,Ouest,2026-12-01,12,2026,0.0,0.0,0.0,0.22,
S3_reappro_100,MAT004,MATERIEL_ELEVAGE,Djeleng,Ouest,2026-12-01,12,2026,0.0,0.0,0.0,0.0,
S3_reappro_100,MAT005,MATERIEL_ELEVAGE,Djeleng,Ouest,2026-12-01,12,2026,0.0,0.0,0.0,0.0,
S3_reappro_100,MAT005,MATERIEL_ELEVAGE,Famla,Ouest,2026-12-01,12,2026,0.0,0.0,0.0,0.0,
S3_reappro_100,MAT006,MATERIEL_ELEVAGE,Famla,Ouest,2026-12-01,12,2026,0.0,0.0,0.0,0.05,
S3_reappro_100,MAT006,MATERIEL_ELEVAGE,Mbouda,Ouest,2026-12-01,12,2026,0.0,0.0,0.0,0.01,
S3_reappro_100,MAT007,MATERIEL_ELEVAGE,Djeleng,Ouest,2026-12-01,12,2026,0.0,0.0,0.0,0.0,
S3_reappro_100,MAT008,MATERIEL_ELEVAGE,Djeleng,Ouest,2026-12-01,12,2026,0.0,0.0,0.0,0.0,
S3_reappro_100,MAT009,MATERIEL_ELEVAGE,Mbouda,Ouest,2026-12-01,12,2026,0.0,0.0,0.0,0.0,
S3_reappro_100,MAT011-80010002,MATERIEL_ELEVAGE,Djeleng,Ouest,2026-12-01,12,2026,0.0,0.0,0.0,1.8,
S3_reappro_100,MAT011-80010002,MATERIEL_ELEVAGE,Famla,Ouest,2026-12-01,12,2026,0.0,0.0,0.0,4.39,
S3_reappro_100,MAT011-80010002,MATERIEL_ELEVAGE,Mbouda,Ouest,2026-12-01,12,2026,0.0,0.0,0.0,0.04,
S3_reappro_100,MAT014-80010003,MATERIEL_ELEVAGE,Djeleng,Ouest,2026-12-01,12,2026,0.0,0.0,0.0,1.71,
S3_reappro_100,MAT014-80010003,MATERIEL_ELEVAGE,Famla,Ouest,2026-12-01,12,2026,0.0,0.0,0.0,5.1,
S3_reappro_100,MAT014-80010003,MATERIEL_ELEVAGE,Mbouda,Ouest,2026-12-01,12,2026,0.0,0.0,0.0,0.35,
S3_reappro_100,MAT017,MATERIEL_ELEVAGE,Famla,Ouest,2026-12-01,12,2026,0.0,0.0,0.0,0.32,
S3_reappro_100,MAT020,MATERIEL_ELEVAGE,Djeleng,Ouest,2026-12-01,12,2026,0.0,0.0,0.0,0.0,
S3_reappro_100,MAT020,MATERIEL_ELEVAGE,Famla,Ouest,2026-12-01,12,2026,0.0,0.0,0.0,0.95,
S3_reappro_100,MAT020,MATERIEL_ELEVAGE,Mbouda,Ouest,2026-12-01,12,2026,0.0,0.0,0.0,0.02,
S3_reappro_100,MAT030,MATERIEL_ELEVAGE,Djeleng,Ouest,2026-12-01,12,2026,0.0,0.0,0.0,0.03,
S3_reappro_100,MAT039,MATERIEL_ELEVAGE,Djeleng,Ouest,2026-12-01,12,2026,0.0,0.0,0.0,0.12,
S3_reappro_100,MAT039,MATERIEL_ELEVAGE,Mbouda,Ouest,2026-12-01,12,2026,0.0,0.0,0.0,0.08,
S3_reappro_100,MAT042,MATERIEL_ELEVAGE,Djeleng,Ouest,2026-12-01,12,2026,0.0,0.0,0.0,0.04,
S3_reappro_100,MAT042,MATERIEL_ELEVAGE,Famla,Ouest,2026-12-01,12,2026,0.0,0.0,0.0,0.28,
S3_reappro_100,MAT042,MATERIEL_ELEVAGE,Mbouda,Ouest,2026-12-01,12,2026,0.0,0.0,0.0,0.02,
S3_reappro_100,MAT049,MATERIEL_ELEVAGE,Djeleng,Ouest,2026-12-01,12,2026,0.0,0.0,0.0,0.11,
S3_reappro_100,MAT054,MATERIEL_ELEVAGE,Djeleng,Ouest,2026-12-01,12,2026,0.0,0.0,0.0,0.0,
S3_reappro_100,MAT054,MATERIEL_ELEVAGE,Famla,Ouest,2026-12-01,12,2026,0.0,0.0,0.0,0.05,
S3_reappro_100,MAT054,MATERIEL_ELEVAGE,Mbouda,Ouest,2026-12-01,12,2026,0.0,0.0,0.0,0.01,
S3_reappro_100,MAT055,MATERIEL_ELEVAGE,Djeleng,Ouest,2026-12-01,12,2026,0.0,0.0,0.0,0.0,
S3_reappro_100,MAT055,MATERIEL_ELEVAGE,Famla,Ouest,2026-12-01,12,2026,0.0,0.0,0.0,0.02,
S3_reappro_100,MAT055,MATERIEL_ELEVAGE,Mbouda,Ouest,2026-12-01,12,2026,0.0,0.0,0.0,0.0,
S3_reappro_100,MAT073,MATERIEL_ELEVAGE,Djeleng,Ouest,2026-12-01,12,2026,0.0,0.0,0.0,0.0,
S3_reappro_100,MAT073,MATERIEL_ELEVAGE,Famla,Ouest,2026-12-01,12,2026,0.0,0.0,0.0,0.0,
S3_reappro_100,ME100,MATERIEL_ELEVAGE,Mbouda,Ouest,2026-12-01,12,2026,0.0,0.0,0.0,0.09,
S3_reappro_100,ME1001,MATERIEL_ELEVAGE,Mbouda,Ouest,2026-12-01,12,2026,0.0,0.0,0.0,0.01,
S3_reappro_100,ME101,MATERIEL_ELEVAGE,Mbouda,Ouest,2026-12-01,12,2026,0.0,0.0,0.0,0.01,
S3_reappro_100,ME102,MATERIEL_ELEVAGE,Mbouda,Ouest,2026-12-01,12,2026,0.0,0.0,0.0,0.0,
S3_reappro_100,ME103,MATERIEL_ELEVAGE,Famla,Ouest,2026-12-01,12,2026,0.0,0.0,0.0,0.0,
S3_reappro_100,ME104,MATERIEL_ELEVAGE,Djeleng,Ouest,2026-12-01,12,2026,0.0,0.0,0.0,0.0,
S3_reappro_100,ME104,MATERIEL_ELEVAGE,Famla,Ouest,2026-12-01,12,2026,0.0,0.0,0.0,0.0,
S3_reappro_100,ME104,MATERIEL_ELEVAGE,Mbouda,Ouest,2026-12-01,12,2026,0.0,0.0,0.0,0.0,
S3_reappro_100,ME1041,MATERIEL_ELEVAGE,Famla,Ouest,2026-12-01,12,2026,0.0,0.0,0.0,0.02,
S3_reappro_100,ME1041,MATERIEL_ELEVAGE,Mbouda,Ouest,2026-12-01,12,2026,0.0,0.0,0.0,0.0,
S3_reappro_100,ME106,MATERIEL_ELEVAGE,Famla,Ouest,2026-12-01,12,2026,0.0,0.0,0.0,0.0,
S3_reappro_100,P102,PREMIX,Ahala,Centre,2026-10-01,10,2026,0.07,2.7,48000.0,0.13,
S3_reappro_100,P102,PREMIX,Messassi,Centre,2026-10-01,10,2026,0.01,0.5,48000.0,0.02,
S3_reappro_100,P102N2,PREMIX,Ahala,Centre,2026-10-01,10,2026,0.26,10.3,48959.0,0.5,
S3_reappro_100,P102N2,PREMIX,Bertoua,Centre,2026-10-01,10,2026,0.52,20.9,48959.0,1.02,
S3_reappro_100,P102N2,PREMIX,Messassi,Centre,2026-10-01,10,2026,0.64,25.6,48959.0,1.25,
S3_reappro_100,P102N2,PREMIX,Ngaoundere,Centre,2026-10-01,10,2026,0.22,8.8,48959.0,0.43,
S3_reappro_100,P102N2,PREMIX,Nkoabang,Centre,2026-10-01,10,2026,0.29,11.6,48959.0,0.57,
S3_reappro_100,P102N2,PREMIX,Nkolbisson,Centre,2026-10-01,10,2026,0.02,0.7,48959.0,0.04,
S3_reappro_100,P104,PREMIX,Messassi,Centre,2026-10-01,10,2026,0.0,0.2,47000.0,0.01,
S3_reappro_100,P104N2,PREMIX,Ahala,Centre,2026-10-01,10,2026,0.07,2.9,47391.0,0.14,
S3_reappro_100,P104N2,PREMIX,Bertoua,Centre,2026-10-01,10,2026,0.29,11.7,47391.0,0.55,
S3_reappro_100,P104N2,PREMIX,Messassi,Centre,2026-10-01,10,2026,0.14,5.5,47391.0,0.26,
S3_reappro_100,P104N2,PREMIX,Ngaoundere,Centre,2026-10-01,10,2026,0.12,4.9,47391.0,0.23,
S3_reappro_100,P104N2,PREMIX,Nkoabang,Centre,2026-10-01,10,2026,0.04,1.6,47391.0,0.08,
S3_reappro_100,P102,PREMIX,Ahala,Centre,2026-11-01,11,2026,0.06,2.2,48000.0,0.11,
S3_reappro_100,P102,PREMIX,Messassi,Centre,2026-11-01,11,2026,0.01,0.4,48000.0,0.02,
S3_reappro_100,P102N2,PREMIX,Ahala,Centre,2026-11-01,11,2026,0.21,8.6,48959.0,0.42,
S3_reappro_100,P102N2,PREMIX,Bertoua,Centre,2026-11-01,11,2026,0.44,17.4,48959.0,0.85,
S3_reappro_100,P102N2,PREMIX,Messassi,Centre,2026-11-01,11,2026,0.53,21.4,48959.0,1.05,
S3_reappro_100,P102N2,PREMIX,Ngaoundere,Centre,2026-11-01,11,2026,0.18,7.3,48959.0,0.36,
S3_reappro_100,P102N2,PREMIX,Nkoabang,Centre,2026-11-01,11,2026,0.24,9.7,48959.0,0.47,
S3_reappro_100,P102N2,PREMIX,Nkolbisson,Centre,2026-11-01,11,2026,0.02,0.6,48959.0,0.03,
S3_reappro_100,P104,PREMIX,Messassi,Centre,2026-11-01,11,2026,0.0,0.1,47000.0,0.01,
S3_reappro_100,P104N2,PREMIX,Ahala,Centre,2026-11-01,11,2026,0.06,2.4,47391.0,0.11,
S3_reappro_100,P104N2,PREMIX,Bertoua,Centre,2026-11-01,11,2026,0.24,9.8,47391.0,0.46,
S3_reappro_100,P104N2,PREMIX,Messassi,Centre,2026-11-01,11,2026,0.11,4.6,47391.0,0.22,
S3_reappro_100,P104N2,PREMIX,Ngaoundere,Centre,2026-11-01,11,2026,0.1,4.1,47391.0,0.19,
S3_reappro_100,P104N2,PREMIX,Nkoabang,Centre,2026-11-01,11,2026,0.03,1.3,47391.0,0.06,
S3_reappro_100,P102,PREMIX,Ahala,Centre,2026-12-01,12,2026,0.05,2.0,48000.0,0.1,
S3_reappro_100,P102,PREMIX,Messassi,Centre,2026-12-01,12,2026,0.01,0.3,48000.0,0.02,
S3_reappro_100,P102N2,PREMIX,Ahala,Centre,2026-12-01,12,2026,0.19,7.7,48959.0,0.38,
S3_reappro_100,P102N2,PREMIX,Bertoua,Centre,2026-12-01,12,2026,0.39,15.7,48959.0,0.77,
S3_reappro_100,P102N2,PREMIX,Messassi,Centre,2026-12-01,12,2026,0.48,19.2,48959.0,0.94,
S3_reappro_100,P102N2,PREMIX,Ngaoundere,Centre,2026-12-01,12,2026,0.16,6.6,48959.0,0.32,
S3_reappro_100,P102N2,PREMIX,Nkoabang,Centre,2026-12-01,12,2026,0.22,8.7,48959.0,0.43,
S3_reappro_100,P102N2,PREMIX,Nkolbisson,Centre,2026-12-01,12,2026,0.01,0.6,48959.0,0.03,
S3_reappro_100,P104,PREMIX,Messassi,Centre,2026-12-01,12,2026,0.0,0.1,47000.0,0.01,
S3_reappro_100,P104N2,PREMIX,Ahala,Centre,2026-12-01,12,2026,0.05,2.2,47391.0,0.1,
S3_reappro_100,P104N2,PREMIX,Bertoua,Centre,2026-12-01,12,2026,0.22,8.8,47391.0,0.42,
S3_reappro_100,P104N2,PREMIX,Messassi,Centre,2026-12-01,12,2026,0.1,4.1,47391.0,0.19,
S3_reappro_100,P104N2,PREMIX,Ngaoundere,Centre,2026-12-01,12,2026,0.09,3.7,47391.0,0.17,
S3_reappro_100,P104N2,PREMIX,Nkoabang,Centre,2026-12-01,12,2026,0.03,1.2,47391.0,0.06,
S3_reappro_100,P102N2,PREMIX,Buea,Littoral,2026-10-01,10,2026,0.0,0.0,48959.0,0.0,
S3_reappro_100,P102N2,PREMIX,Ndobo,Littoral,2026-10-01,10,2026,0.0,0.0,48959.0,0.0,
S3_reappro_100,P102N2,PREMIX,Nkongsamba,Littoral,2026-10-01,10,2026,0.0,0.0,48959.0,0.0,
S3_reappro_100,P102N2,PREMIX,Pk11,Littoral,2026-10-01,10,2026,0.0,0.0,48959.0,0.0,
S3_reappro_100,P102N2,PREMIX,Village,Littoral,2026-10-01,10,2026,0.0,0.0,48959.0,0.0,
S3_reappro_100,P104N2,PREMIX,Ndobo,Littoral,2026-10-01,10,2026,0.0,0.0,47391.0,0.0,
S3_reappro_100,P104N2,PREMIX,Nkongsamba,Littoral,2026-10-01,10,2026,0.0,0.0,47391.0,0.0,
S3_reappro_100,P104N2,PREMIX,Pk11,Littoral,2026-10-01,10,2026,0.0,0.0,47391.0,0.0,
S3_reappro_100,P104N2,PREMIX,Village,Littoral,2026-10-01,10,2026,0.0,0.0,47391.0,0.0,
S3_reappro_100,P102N2,PREMIX,Buea,Littoral,2026-11-01,11,2026,0.01,0.2,48959.0,0.01,
S3_reappro_100,P102N2,PREMIX,Ndobo,Littoral,2026-11-01,11,2026,5.81,232.6,48959.0,11.39,
S3_reappro_100,P102N2,PREMIX,Nkongsamba,Littoral,2026-11-01,11,2026,0.29,11.7,48959.0,0.57,
S3_reappro_100,P102N2,PREMIX,Pk11,Littoral,2026-11-01,11,2026,0.13,5.3,48959.0,0.26,
S3_reappro_100,P102N2,PREMIX,Village,Littoral,2026-11-01,11,2026,0.88,35.1,48959.0,1.72,
S3_reappro_100,P104N2,PREMIX,Ndobo,Littoral,2026-11-01,11,2026,4.11,164.2,47391.0,7.78,
S3_reappro_100,P104N2,PREMIX,Nkongsamba,Littoral,2026-11-01,11,2026,0.24,9.6,47391.0,0.46,
S3_reappro_100,P104N2,PREMIX,Pk11,Littoral,2026-11-01,11,2026,0.24,9.6,47391.0,0.46,
S3_reappro_100,P104N2,PREMIX,Village,Littoral,2026-11-01,11,2026,0.73,29.4,47391.0,1.39,
S3_reappro_100,P102N2,PREMIX,Buea,Littoral,2026-12-01,12,2026,0.01,0.4,48959.0,0.02,
S3_reappro_100,P102N2,PREMIX,Ndobo,Littoral,2026-12-01,12,2026,11.54,461.6,48959.0,22.6,
S3_reappro_100,P102N2,PREMIX,Nkongsamba,Littoral,2026-12-01,12,2026,0.58,23.1,48959.0,1.13,
S3_reappro_100,P102N2,PREMIX,Pk11,Littoral,2026-12-01,12,2026,0.26,10.6,48959.0,0.52,
S3_reappro_100,P102N2,PREMIX,Village,Littoral,2026-12-01,12,2026,1.74,69.6,48959.0,3.41,
S3_reappro_100,P104N2,PREMIX,Ndobo,Littoral,2026-12-01,12,2026,8.15,326.0,47391.0,15.45,
S3_reappro_100,P104N2,PREMIX,Nkongsamba,Littoral,2026-12-01,12,2026,0.48,19.1,47391.0,0.9,
S3_reappro_100,P104N2,PREMIX,Pk11,Littoral,2026-12-01,12,2026,0.48,19.1,47391.0,0.9,
S3_reappro_100,P104N2,PREMIX,Village,Littoral,2026-12-01,12,2026,1.46,58.3,47391.0,2.76,
S3_reappro_100,P102N2,PREMIX,Djeleng,Ouest,2026-10-01,10,2026,0.0,0.0,48959.0,0.0,
S3_reappro_100,P102N2,PREMIX,Famla,Ouest,2026-10-01,10,2026,0.41,16.3,48959.0,0.8,
S3_reappro_100,P102N2,PREMIX,Mbouda,Ouest,2026-10-01,10,2026,0.04,1.4,48959.0,0.07,
S3_reappro_100,P104N2,PREMIX,Djeleng,Ouest,2026-10-01,10,2026,0.03,1.0,47391.0,0.05,
S3_reappro_100,P104N2,PREMIX,Famla,Ouest,2026-10-01,10,2026,1.37,54.6,47391.0,2.59,
S3_reappro_100,P104N2,PREMIX,Mbouda,Ouest,2026-10-01,10,2026,0.0,0.1,47391.0,0.0,
S3_reappro_100,P109,PREMIX,Famla,Ouest,2026-10-01,10,2026,0.05,2.1,17000.0,0.03,
S3_reappro_100,P102N2,PREMIX,Djeleng,Ouest,2026-11-01,11,2026,0.0,0.0,48959.0,0.0,
S3_reappro_100,P102N2,PREMIX,Famla,Ouest,2026-11-01,11,2026,0.52,21.0,48959.0,1.03,
S3_reappro_100,P102N2,PREMIX,Mbouda,Ouest,2026-11-01,11,2026,0.05,1.8,48959.0,0.09,
S3_reappro_100,P104N2,PREMIX,Djeleng,Ouest,2026-11-01,11,2026,0.03,1.3,47391.0,0.06,
S3_reappro_100,P104N2,PREMIX,Famla,Ouest,2026-11-01,11,2026,1.75,70.2,47391.0,3.33,
S3_reappro_100,P104N2,PREMIX,Mbouda,Ouest,2026-11-01,11,2026,0.0,0.1,47391.0,0.01,
S3_reappro_100,P109,PREMIX,Famla,Ouest,2026-11-01,11,2026,0.07,2.6,17000.0,0.04,
S3_reappro_100,P102N2,PREMIX,Djeleng,Ouest,2026-12-01,12,2026,0.0,0.1,48959.0,0.0,
S3_reappro_100,P102N2,PREMIX,Famla,Ouest,2026-12-01,12,2026,0.76,30.2,48959.0,1.48,
S3_reappro_100,P102N2,PREMIX,Mbouda,Ouest,2026-12-01,12,2026,0.07,2.6,48959.0,0.13,
S3_reappro_100,P104N2,PREMIX,Djeleng,Ouest,2026-12-01,12,2026,0.05,1.9,47391.0,0.09,
S3_reappro_100,P104N2,PREMIX,Famla,Ouest,2026-12-01,12,2026,2.53,101.1,47391.0,4.79,
S3_reappro_100,P104N2,PREMIX,Mbouda,Ouest,2026-12-01,12,2026,0.0,0.2,47391.0,0.01,
S3_reappro_100,P109,PREMIX,Famla,Ouest,2026-12-01,12,2026,0.1,3.8,17000.0,0.06,
S3_reappro_100,T102,TOURTEAUX,Ahala,Centre,2026-10-01,10,2026,266.44,5328.8,17869.0,95.22,
S3_reappro_100,T102,TOURTEAUX,Bertoua,Centre,2026-10-01,10,2026,285.59,5711.9,17869.0,102.07,
S3_reappro_100,T102,TOURTEAUX,Messassi,Centre,2026-10-01,10,2026,629.17,12583.5,17869.0,224.85,
S3_reappro_100,T102,TOURTEAUX,Ngaoundere,Centre,2026-10-01,10,2026,131.94,2638.8,17869.0,47.15,
S3_reappro_100,T102,TOURTEAUX,Nkoabang,Centre,2026-10-01,10,2026,191.19,3823.7,17869.0,68.33,
S3_reappro_100,T102,TOURTEAUX,Nkolbisson,Centre,2026-10-01,10,2026,87.77,1755.4,17869.0,31.37,
S3_reappro_100,T1021,TOURTEAUX,Bertoua,Centre,2026-10-01,10,2026,0.03,29.1,434.0,0.01,
S3_reappro_100,T1021,TOURTEAUX,Messassi,Centre,2026-10-01,10,2026,0.02,16.9,434.0,0.01,
S3_reappro_100,T1021,TOURTEAUX,Nkoabang,Centre,2026-10-01,10,2026,0.01,10.8,434.0,0.0,
S3_reappro_100,T1023,TOURTEAUX,Ahala,Centre,2026-10-01,10,2026,0.06,11.5,2060.0,0.02,
S3_reappro_100,T1023,TOURTEAUX,Bertoua,Centre,2026-10-01,10,2026,0.35,70.1,2060.0,0.14,
S3_reappro_100,T1023,TOURTEAUX,Messassi,Centre,2026-10-01,10,2026,0.24,48.4,2060.0,0.1,
S3_reappro_100,T1023,TOURTEAUX,Ngaoundere,Centre,2026-10-01,10,2026,0.37,73.5,2060.0,0.15,
S3_reappro_100,T1023,TOURTEAUX,Nkoabang,Centre,2026-10-01,10,2026,0.05,9.8,2060.0,0.02,
S3_reappro_100,T1023,TOURTEAUX,Nkolbisson,Centre,2026-10-01,10,2026,0.16,31.2,2060.0,0.06,
S3_reappro_100,T1024,TOURTEAUX,Ahala,Centre,2026-10-01,10,2026,0.02,0.9,9884.0,0.01,
S3_reappro_100,T1024,TOURTEAUX,Bertoua,Centre,2026-10-01,10,2026,0.44,17.5,9884.0,0.17,
S3_reappro_100,T1024,TOURTEAUX,Messassi,Centre,2026-10-01,10,2026,0.41,16.5,9884.0,0.16,
S3_reappro_100,T1024,TOURTEAUX,Ngaoundere,Centre,2026-10-01,10,2026,0.6,24.0,9884.0,0.24,
S3_reappro_100,T1024,TOURTEAUX,Nkoabang,Centre,2026-10-01,10,2026,0.05,2.0,9884.0,0.02,
S3_reappro_100,T1024,TOURTEAUX,Nkolbisson,Centre,2026-10-01,10,2026,0.25,9.9,9884.0,0.1,
S3_reappro_100,T102,TOURTEAUX,Ahala,Centre,2026-11-01,11,2026,196.01,3920.2,17869.0,70.05,
S3_reappro_100,T102,TOURTEAUX,Bertoua,Centre,2026-11-01,11,2026,210.1,4202.0,17869.0,75.09,
S3_reappro_100,T102,TOURTEAUX,Messassi,Centre,2026-11-01,11,2026,462.86,9257.2,17869.0,165.42,
S3_reappro_100,T102,TOURTEAUX,Ngaoundere,Centre,2026-11-01,11,2026,97.06,1941.3,17869.0,34.69,
S3_reappro_100,T102,TOURTEAUX,Nkoabang,Centre,2026-11-01,11,2026,140.65,2813.0,17869.0,50.26,
S3_reappro_100,T102,TOURTEAUX,Nkolbisson,Centre,2026-11-01,11,2026,64.57,1291.4,17869.0,23.08,
S3_reappro_100,T1021,TOURTEAUX,Bertoua,Centre,2026-11-01,11,2026,0.02,21.4,434.0,0.01,
S3_reappro_100,T1021,TOURTEAUX,Messassi,Centre,2026-11-01,11,2026,0.01,12.5,434.0,0.01,
S3_reappro_100,T1021,TOURTEAUX,Nkoabang,Centre,2026-11-01,11,2026,0.01,7.9,434.0,0.0,
S3_reappro_100,T1023,TOURTEAUX,Ahala,Centre,2026-11-01,11,2026,0.04,8.5,2060.0,0.02,
S3_reappro_100,T1023,TOURTEAUX,Bertoua,Centre,2026-11-01,11,2026,0.26,51.6,2060.0,0.11,
S3_reappro_100,T1023,TOURTEAUX,Messassi,Centre,2026-11-01,11,2026,0.18,35.6,2060.0,0.07,
S3_reappro_100,T1023,TOURTEAUX,Ngaoundere,Centre,2026-11-01,11,2026,0.27,54.1,2060.0,0.11,
S3_reappro_100,T1023,TOURTEAUX,Nkoabang,Centre,2026-11-01,11,2026,0.04,7.2,2060.0,0.01,
S3_reappro_100,T1023,TOURTEAUX,Nkolbisson,Centre,2026-11-01,11,2026,0.11,23.0,2060.0,0.05,
S3_reappro_100,T1024,TOURTEAUX,Ahala,Centre,2026-11-01,11,2026,0.02,0.6,9884.0,0.01,
S3_reappro_100,T1024,TOURTEAUX,Bertoua,Centre,2026-11-01,11,2026,0.32,12.9,9884.0,0.13,
S3_reappro_100,T1024,TOURTEAUX,Messassi,Centre,2026-11-01,11,2026,0.3,12.1,9884.0,0.12,
S3_reappro_100,T1024,TOURTEAUX,Ngaoundere,Centre,2026-11-01,11,2026,0.44,17.7,9884.0,0.17,
S3_reappro_100,T1024,TOURTEAUX,Nkoabang,Centre,2026-11-01,11,2026,0.04,1.5,9884.0,0.01,
S3_reappro_100,T1024,TOURTEAUX,Nkolbisson,Centre,2026-11-01,11,2026,0.18,7.3,9884.0,0.07,
S3_reappro_100,T102,TOURTEAUX,Ahala,Centre,2026-12-01,12,2026,260.22,5204.4,17869.0,93.0,
S3_reappro_100,T102,TOURTEAUX,Bertoua,Centre,2026-12-01,12,2026,278.93,5578.5,17869.0,99.68,
S3_reappro_100,T102,TOURTEAUX,Messassi,Centre,2026-12-01,12,2026,614.48,12289.7,17869.0,219.6,
S3_reappro_100,T102,TOURTEAUX,Ngaoundere,Centre,2026-12-01,12,2026,128.86,2577.2,17869.0,46.05,
S3_reappro_100,T102,TOURTEAUX,Nkoabang,Centre,2026-12-01,12,2026,186.72,3734.4,17869.0,66.73,
S3_reappro_100,T102,TOURTEAUX,Nkolbisson,Centre,2026-12-01,12,2026,85.72,1714.5,17869.0,30.64,
S3_reappro_100,T1021,TOURTEAUX,Bertoua,Centre,2026-12-01,12,2026,0.03,28.4,434.0,0.01,
S3_reappro_100,T1021,TOURTEAUX,Messassi,Centre,2026-12-01,12,2026,0.02,16.5,434.0,0.01,
S3_reappro_100,T1021,TOURTEAUX,Nkoabang,Centre,2026-12-01,12,2026,0.01,10.5,434.0,0.0,
S3_reappro_100,T1023,TOURTEAUX,Ahala,Centre,2026-12-01,12,2026,0.06,11.3,2060.0,0.02,
S3_reappro_100,T1023,TOURTEAUX,Bertoua,Centre,2026-12-01,12,2026,0.34,68.5,2060.0,0.14,
S3_reappro_100,T1023,TOURTEAUX,Messassi,Centre,2026-12-01,12,2026,0.24,47.3,2060.0,0.1,
S3_reappro_100,T1023,TOURTEAUX,Ngaoundere,Centre,2026-12-01,12,2026,0.36,71.8,2060.0,0.15,
S3_reappro_100,T1023,TOURTEAUX,Nkoabang,Centre,2026-12-01,12,2026,0.05,9.6,2060.0,0.02,
S3_reappro_100,T1023,TOURTEAUX,Nkolbisson,Centre,2026-12-01,12,2026,0.15,30.5,2060.0,0.06,
S3_reappro_100,T1024,TOURTEAUX,Ahala,Centre,2026-12-01,12,2026,0.02,0.8,9884.0,0.01,
S3_reappro_100,T1024,TOURTEAUX,Bertoua,Centre,2026-12-01,12,2026,0.43,17.1,9884.0,0.17,
S3_reappro_100,T1024,TOURTEAUX,Messassi,Centre,2026-12-01,12,2026,0.4,16.1,9884.0,0.16,
S3_reappro_100,T1024,TOURTEAUX,Ngaoundere,Centre,2026-12-01,12,2026,0.59,23.5,9884.0,0.23,
S3_reappro_100,T1024,TOURTEAUX,Nkoabang,Centre,2026-12-01,12,2026,0.05,2.0,9884.0,0.02,
S3_reappro_100,T1024,TOURTEAUX,Nkolbisson,Centre,2026-12-01,12,2026,0.24,9.7,9884.0,0.1,
S3_reappro_100,T102,TOURTEAUX,Buea,Littoral,2026-10-01,10,2026,234.0,4679.9,17869.0,83.63,
S3_reappro_100,T102,TOURTEAUX,Ndobo,Littoral,2026-10-01,10,2026,963.26,19265.2,17869.0,344.25,
S3_reappro_100,T102,TOURTEAUX,Nkongsamba,Littoral,2026-10-01,10,2026,231.88,4637.6,17869.0,82.87,
S3_reappro_100,T102,TOURTEAUX,Pk11,Littoral,2026-10-01,10,2026,139.48,2789.7,17869.0,49.85,
S3_reappro_100,T102,TOURTEAUX,Village,Littoral,2026-10-01,10,2026,263.64,5272.8,17869.0,94.22,
S3_reappro_100,T1021,TOURTEAUX,Buea,Littoral,2026-10-01,10,2026,0.01,13.6,434.0,0.01,
S3_reappro_100,T1021,TOURTEAUX,Ndobo,Littoral,2026-10-01,10,2026,0.14,135.3,434.0,0.06,
S3_reappro_100,T1021,TOURTEAUX,Nkongsamba,Littoral,2026-10-01,10,2026,0.01,9.2,434.0,0.0,
S3_reappro_100,T1021,TOURTEAUX,Pk11,Littoral,2026-10-01,10,2026,0.0,2.1,434.0,0.0,
S3_reappro_100,T1021,TOURTEAUX,Village,Littoral,2026-10-01,10,2026,0.24,235.4,434.0,0.1,
S3_reappro_100,T1023,TOURTEAUX,Buea,Littoral,2026-10-01,10,2026,0.04,8.4,2060.0,0.02,
S3_reappro_100,T1023,TOURTEAUX,Ndobo,Littoral,2026-10-01,10,2026,0.43,86.3,2060.0,0.18,
S3_reappro_100,T1023,TOURTEAUX,Nkongsamba,Littoral,2026-10-01,10,2026,0.15,30.0,2060.0,0.06,
S3_reappro_100,T1023,TOURTEAUX,Pk11,Littoral,2026-10-01,10,2026,0.07,13.0,2060.0,0.03,
S3_reappro_100,T1023,TOURTEAUX,Village,Littoral,2026-10-01,10,2026,0.32,63.6,2060.0,0.13,
S3_reappro_100,T1024,TOURTEAUX,Ndobo,Littoral,2026-10-01,10,2026,0.18,7.1,9884.0,0.07,
S3_reappro_100,T1024,TOURTEAUX,Nkongsamba,Littoral,2026-10-01,10,2026,0.24,9.6,9884.0,0.09,
S3_reappro_100,T1024,TOURTEAUX,Pk11,Littoral,2026-10-01,10,2026,0.1,4.0,9884.0,0.04,
S3_reappro_100,T1024,TOURTEAUX,Village,Littoral,2026-10-01,10,2026,0.53,21.2,9884.0,0.21,
S3_reappro_100,T102,TOURTEAUX,Buea,Littoral,2026-11-01,11,2026,296.6,5932.1,17869.0,106.0,
S3_reappro_100,T102,TOURTEAUX,Ndobo,Littoral,2026-11-01,11,2026,1220.99,24419.7,17869.0,436.36,
S3_reappro_100,T102,TOURTEAUX,Nkongsamba,Littoral,2026-11-01,11,2026,293.92,5878.5,17869.0,105.04,
S3_reappro_100,T102,TOURTEAUX,Pk11,Littoral,2026-11-01,11,2026,176.8,3536.1,17869.0,63.19,
S3_reappro_100,T102,TOURTEAUX,Village,Littoral,2026-11-01,11,2026,334.18,6683.6,17869.0,119.43,
S3_reappro_100,T1021,TOURTEAUX,Buea,Littoral,2026-11-01,11,2026,0.02,17.2,434.0,0.01,
S3_reappro_100,T1021,TOURTEAUX,Ndobo,Littoral,2026-11-01,11,2026,0.17,171.5,434.0,0.07,
S3_reappro_100,T1021,TOURTEAUX,Nkongsamba,Littoral,2026-11-01,11,2026,0.01,11.7,434.0,0.01,
S3_reappro_100,T1021,TOURTEAUX,Pk11,Littoral,2026-11-01,11,2026,0.0,2.7,434.0,0.0,
S3_reappro_100,T1021,TOURTEAUX,Village,Littoral,2026-11-01,11,2026,0.3,298.4,434.0,0.13,
S3_reappro_100,T1023,TOURTEAUX,Buea,Littoral,2026-11-01,11,2026,0.05,10.6,2060.0,0.02,
S3_reappro_100,T1023,TOURTEAUX,Ndobo,Littoral,2026-11-01,11,2026,0.55,109.3,2060.0,0.23,
S3_reappro_100,T1023,TOURTEAUX,Nkongsamba,Littoral,2026-11-01,11,2026,0.19,38.1,2060.0,0.08,
S3_reappro_100,T1023,TOURTEAUX,Pk11,Littoral,2026-11-01,11,2026,0.08,16.5,2060.0,0.03,
S3_reappro_100,T1023,TOURTEAUX,Village,Littoral,2026-11-01,11,2026,0.4,80.7,2060.0,0.17,
S3_reappro_100,T1024,TOURTEAUX,Ndobo,Littoral,2026-11-01,11,2026,0.22,8.9,9884.0,0.09,
S3_reappro_100,T1024,TOURTEAUX,Nkongsamba,Littoral,2026-11-01,11,2026,0.3,12.2,9884.0,0.12,
S3_reappro_100,T1024,TOURTEAUX,Pk11,Littoral,2026-11-01,11,2026,0.13,5.1,9884.0,0.05,
S3_reappro_100,T1024,TOURTEAUX,Village,Littoral,2026-11-01,11,2026,0.67,26.9,9884.0,0.27,
S3_reappro_100,T102,TOURTEAUX,Buea,Littoral,2026-12-01,12,2026,228.33,4566.6,17869.0,81.6,
S3_reappro_100,T102,TOURTEAUX,Ndobo,Littoral,2026-12-01,12,2026,939.94,18798.9,17869.0,335.92,
S3_reappro_100,T102,TOURTEAUX,Nkongsamba,Littoral,2026-12-01,12,2026,226.27,4525.4,17869.0,80.86,
S3_reappro_100,T102,TOURTEAUX,Pk11,Littoral,2026-12-01,12,2026,136.11,2722.1,17869.0,48.64,
S3_reappro_100,T102,TOURTEAUX,Village,Littoral,2026-12-01,12,2026,257.26,5145.2,17869.0,91.94,
S3_reappro_100,T1021,TOURTEAUX,Buea,Littoral,2026-12-01,12,2026,0.01,13.2,434.0,0.01,
S3_reappro_100,T1021,TOURTEAUX,Ndobo,Littoral,2026-12-01,12,2026,0.13,132.1,434.0,0.06,
S3_reappro_100,T1021,TOURTEAUX,Nkongsamba,Littoral,2026-12-01,12,2026,0.01,9.0,434.0,0.0,
S3_reappro_100,T1021,TOURTEAUX,Pk11,Littoral,2026-12-01,12,2026,0.0,2.0,434.0,0.0,
S3_reappro_100,T1021,TOURTEAUX,Village,Littoral,2026-12-01,12,2026,0.23,229.7,434.0,0.1,
S3_reappro_100,T1023,TOURTEAUX,Buea,Littoral,2026-12-01,12,2026,0.04,8.2,2060.0,0.02,
S3_reappro_100,T1023,TOURTEAUX,Ndobo,Littoral,2026-12-01,12,2026,0.42,84.2,2060.0,0.17,
S3_reappro_100,T1023,TOURTEAUX,Nkongsamba,Littoral,2026-12-01,12,2026,0.15,29.3,2060.0,0.06,
S3_reappro_100,T1023,TOURTEAUX,Pk11,Littoral,2026-12-01,12,2026,0.06,12.7,2060.0,0.03,
S3_reappro_100,T1023,TOURTEAUX,Village,Littoral,2026-12-01,12,2026,0.31,62.1,2060.0,0.13,
S3_reappro_100,T1024,TOURTEAUX,Ndobo,Littoral,2026-12-01,12,2026,0.17,6.9,9884.0,0.07,
S3_reappro_100,T1024,TOURTEAUX,Nkongsamba,Littoral,2026-12-01,12,2026,0.23,9.4,9884.0,0.09,
S3_reappro_100,T1024,TOURTEAUX,Pk11,Littoral,2026-12-01,12,2026,0.1,3.9,9884.0,0.04,
S3_reappro_100,T1024,TOURTEAUX,Village,Littoral,2026-12-01,12,2026,0.52,20.7,9884.0,0.2,
S3_reappro_100,T102,TOURTEAUX,Djeleng,Ouest,2026-10-01,10,2026,530.57,10611.4,17869.0,189.61,
S3_reappro_100,T102,TOURTEAUX,Famla,Ouest,2026-10-01,10,2026,2040.31,40806.2,17869.0,729.17,
S3_reappro_100,T102,TOURTEAUX,Mbouda,Ouest,2026-10-01,10,2026,271.07,5421.4,17869.0,96.88,
S3_reappro_100,T1021,TOURTEAUX,Mbouda,Ouest,2026-10-01,10,2026,0.08,75.1,434.0,0.03,
S3_reappro_100,T1023,TOURTEAUX,Djeleng,Ouest,2026-10-01,10,2026,0.5,100.7,2060.0,0.21,
S3_reappro_100,T1023,TOURTEAUX,Famla,Ouest,2026-10-01,10,2026,0.66,132.0,2060.0,0.27,
S3_reappro_100,T1023,TOURTEAUX,Mbouda,Ouest,2026-10-01,10,2026,0.72,144.1,2060.0,0.3,
S3_reappro_100,T1024,TOURTEAUX,Djeleng,Ouest,2026-10-01,10,2026,0.14,5.4,9884.0,0.05,
S3_reappro_100,T1024,TOURTEAUX,Famla,Ouest,2026-10-01,10,2026,0.82,32.8,9884.0,0.32,
S3_reappro_100,T1024,TOURTEAUX,Mbouda,Ouest,2026-10-01,10,2026,0.23,9.4,9884.0,0.09,
S3_reappro_100,T1025,TOURTEAUX,Mbouda,Ouest,2026-10-01,10,2026,0.48,9.6,0.0,0.0,
S3_reappro_100,T102,TOURTEAUX,Djeleng,Ouest,2026-11-01,11,2026,311.67,6233.4,17869.0,111.38,
S3_reappro_100,T102,TOURTEAUX,Famla,Ouest,2026-11-01,11,2026,1198.53,23970.5,17869.0,428.33,
S3_reappro_100,T102,TOURTEAUX,Mbouda,Ouest,2026-11-01,11,2026,159.23,3184.7,17869.0,56.91,
S3_reappro_100,T1021,TOURTEAUX,Mbouda,Ouest,2026-11-01,11,2026,0.04,44.1,434.0,0.02,
S3_reappro_100,T1023,TOURTEAUX,Djeleng,Ouest,2026-11-01,11,2026,0.3,59.1,2060.0,0.12,
S3_reappro_100,T1023,TOURTEAUX,Famla,Ouest,2026-11-01,11,2026,0.39,77.6,2060.0,0.16,
S3_reappro_100,T1023,TOURTEAUX,Mbouda,Ouest,2026-11-01,11,2026,0.42,84.6,2060.0,0.17,
S3_reappro_100,T1024,TOURTEAUX,Djeleng,Ouest,2026-11-01,11,2026,0.08,3.2,9884.0,0.03,
S3_reappro_100,T1024,TOURTEAUX,Famla,Ouest,2026-11-01,11,2026,0.48,19.3,9884.0,0.19,
S3_reappro_100,T1024,TOURTEAUX,Mbouda,Ouest,2026-11-01,11,2026,0.14,5.5,9884.0,0.05,
S3_reappro_100,T1025,TOURTEAUX,Mbouda,Ouest,2026-11-01,11,2026,0.28,5.7,0.0,0.0,
S3_reappro_100,T102,TOURTEAUX,Djeleng,Ouest,2026-12-01,12,2026,467.89,9357.8,17869.0,167.22,
S3_reappro_100,T102,TOURTEAUX,Famla,Ouest,2026-12-01,12,2026,1799.28,35985.6,17869.0,643.03,
S3_reappro_100,T102,TOURTEAUX,Mbouda,Ouest,2026-12-01,12,2026,239.05,4781.0,17869.0,85.43,
S3_reappro_100,T1021,TOURTEAUX,Mbouda,Ouest,2026-12-01,12,2026,0.07,66.2,434.0,0.03,
S3_reappro_100,T1023,TOURTEAUX,Djeleng,Ouest,2026-12-01,12,2026,0.44,88.8,2060.0,0.18,
S3_reappro_100,T1023,TOURTEAUX,Famla,Ouest,2026-12-01,12,2026,0.58,116.4,2060.0,0.24,
S3_reappro_100,T1023,TOURTEAUX,Mbouda,Ouest,2026-12-01,12,2026,0.64,127.1,2060.0,0.26,
S3_reappro_100,T1024,TOURTEAUX,Djeleng,Ouest,2026-12-01,12,2026,0.12,4.8,9884.0,0.05,
S3_reappro_100,T1024,TOURTEAUX,Famla,Ouest,2026-12-01,12,2026,0.72,28.9,9884.0,0.29,
S3_reappro_100,T1024,TOURTEAUX,Mbouda,Ouest,2026-12-01,12,2026,0.21,8.3,9884.0,0.08,
S3_reappro_100,T1025,TOURTEAUX,Mbouda,Ouest,2026-12-01,12,2026,0.43,8.5,0.0,0.0,
S3_reappro_100,APCL2,ALIMENT_COMPLET,Ahala,Centre,2026-09-01,9,2026,0.27,18.0,19885.0,0.36,
S3_reappro_100,APCL2,ALIMENT_COMPLET,Bertoua,Centre,2026-09-01,9,2026,0.1,7.0,20490.0,0.14,
S3_reappro_100,APCL2,ALIMENT_COMPLET,Djeleng,Ouest,2026-09-01,9,2026,0.03,2.0,19500.0,0.04,
S3_reappro_100,APCL2,ALIMENT_COMPLET,Famla,Ouest,2026-09-01,9,2026,0.07,5.0,19500.0,0.1,
S3_reappro_100,APCL2,ALIMENT_COMPLET,Messassi,Centre,2026-09-01,9,2026,0.24,16.0,20119.0,0.32,
S3_reappro_100,APCL2,ALIMENT_COMPLET,Ndobo,Littoral,2026-09-01,9,2026,0.03,2.0,20490.0,0.04,
S3_reappro_100,APCL2,ALIMENT_COMPLET,Nkoabang,Centre,2026-09-01,9,2026,0.03,2.0,19500.0,0.04,
S3_reappro_100,APCL2,ALIMENT_COMPLET,Nkolbisson,Centre,2026-09-01,9,2026,0.09,6.0,20490.0,0.12,
S3_reappro_100,APCL2,ALIMENT_COMPLET,Nkongsamba,Littoral,2026-09-01,9,2026,0.04,3.0,20490.0,0.06,
S3_reappro_100,APCL25,ALIMENT_COMPLET,Pk11,Littoral,2026-09-01,9,2026,0.01,1.0,6997.0,0.01,
S3_reappro_100,APCL3,ALIMENT_COMPLET,Ahala,Centre,2026-09-01,9,2026,0.84,56.0,18765.0,1.05,
S3_reappro_100,APCL3,ALIMENT_COMPLET,Bertoua,Centre,2026-09-01,9,2026,0.12,8.0,19490.0,0.16,
S3_reappro_100,APCL3,ALIMENT_COMPLET,Buea,Littoral,2026-09-01,9,2026,0.01,1.0,18500.0,0.02,
S3_reappro_100,APCL3,ALIMENT_COMPLET,Djeleng,Ouest,2026-09-01,9,2026,0.03,2.0,18995.0,0.04,
S3_reappro_100,APCL3,ALIMENT_COMPLET,Famla,Ouest,2026-09-01,9,2026,0.27,18.0,18500.0,0.33,
S3_reappro_100,APCL3,ALIMENT_COMPLET,Messassi,Centre,2026-09-01,9,2026,0.57,38.0,18917.0,0.72,
S3_reappro_100,APCL3,ALIMENT_COMPLET,Ndobo,Littoral,2026-09-01,9,2026,0.09,6.0,19160.0,0.11,
S3_reappro_100,APCL3,ALIMENT_COMPLET,Ngaoundere,Centre,2026-09-01,9,2026,0.03,2.0,19490.0,0.04,
S3_reappro_100,APCL3,ALIMENT_COMPLET,Nkoabang,Centre,2026-09-01,9,2026,0.1,7.0,19066.0,0.13,
S3_reappro_100,APCL3,ALIMENT_COMPLET,Nkolbisson,Centre,2026-09-01,9,2026,0.09,6.0,19490.0,0.12,
S3_reappro_100,APCL3,ALIMENT_COMPLET,Nkongsamba,Littoral,2026-09-01,9,2026,0.15,10.0,19094.0,0.19,
S3_reappro_100,APCL3,ALIMENT_COMPLET,Pk11,Littoral,2026-09-01,9,2026,0.03,2.0,19490.0,0.04,
S3_reappro_100,APCL3,ALIMENT_COMPLET,Village,Littoral,2026-09-01,9,2026,0.07,5.0,18500.0,0.09,
S3_reappro_100,APCL4.5,ALIMENT_COMPLET,Ahala,Centre,2026-09-01,9,2026,0.63,42.0,18594.0,0.78,
S3_reappro_100,APCL4.5,ALIMENT_COMPLET,Bertoua,Centre,2026-09-01,9,2026,0.18,12.0,19490.0,0.23,
S3_reappro_100,APCL4.5,ALIMENT_COMPLET,Buea,Littoral,2026-09-01,9,2026,0.04,3.0,18500.0,0.06,
S3_reappro_100,APCL4.5,ALIMENT_COMPLET,Djeleng,Ouest,2026-09-01,9,2026,0.04,3.0,18830.0,0.06,
S3_reappro_100,APCL4.5,ALIMENT_COMPLET,Famla,Ouest,2026-09-01,9,2026,0.07,5.0,18500.0,0.09,
S3_reappro_100,APCL4.5,ALIMENT_COMPLET,Messassi,Centre,2026-09-01,9,2026,0.48,32.0,19242.0,0.62,
S3_reappro_100,APCL4.5,ALIMENT_COMPLET,Ndobo,Littoral,2026-09-01,9,2026,0.14,9.0,19270.0,0.17,
S3_reappro_100,APCL4.5,ALIMENT_COMPLET,Ngaoundere,Centre,2026-09-01,9,2026,0.21,14.0,19490.0,0.27,
S3_reappro_100,APCL4.5,ALIMENT_COMPLET,Nkoabang,Centre,2026-09-01,9,2026,0.26,17.0,18791.0,0.32,
S3_reappro_100,APCL4.5,ALIMENT_COMPLET,Nkolbisson,Centre,2026-09-01,9,2026,0.06,4.0,19490.0,0.08,
S3_reappro_100,APCL4.5,ALIMENT_COMPLET,Nkongsamba,Littoral,2026-09-01,9,2026,0.12,8.0,18748.0,0.15,
S3_reappro_100,APCL4.5,ALIMENT_COMPLET,Village,Littoral,2026-09-01,9,2026,0.07,5.0,18500.0,0.09,
S3_reappro_100,APCL6,ALIMENT_COMPLET,Bertoua,Centre,2026-09-01,9,2026,0.16,11.0,18490.0,0.2,
S3_reappro_100,APCL6,ALIMENT_COMPLET,Buea,Littoral,2026-09-01,9,2026,0.07,5.0,18094.0,0.09,
S3_reappro_100,APCL6,ALIMENT_COMPLET,Ndobo,Littoral,2026-09-01,9,2026,0.09,6.0,18490.0,0.11,
S3_reappro_100,APCL6,ALIMENT_COMPLET,Ngaoundere,Centre,2026-09-01,9,2026,0.14,9.0,18490.0,0.17,
S3_reappro_100,APCL6,ALIMENT_COMPLET,Nkoabang,Centre,2026-09-01,9,2026,0.14,9.0,17500.0,0.16,
S3_reappro_100,APCL6,ALIMENT_COMPLET,Nkolbisson,Centre,2026-09-01,9,2026,0.03,2.0,18490.0,0.04,
S3_reappro_100,APCL6,ALIMENT_COMPLET,Nkongsamba,Littoral,2026-09-01,9,2026,0.01,1.0,18490.0,0.02,
S3_reappro_100,APCL6,ALIMENT_COMPLET,Pk11,Littoral,2026-09-01,9,2026,0.04,3.0,18490.0,0.06,
S3_reappro_100,APCL6,ALIMENT_COMPLET,Village,Littoral,2026-09-01,9,2026,0.03,2.0,18490.0,0.04,
S3_reappro_100,APCL65,ALIMENT_COMPLET,Pk11,Littoral,2026-09-01,9,2026,0.01,1.0,6330.0,0.01,
S3_reappro_100,APCL8,ALIMENT_COMPLET,Ahala,Centre,2026-09-01,9,2026,0.06,4.0,18490.0,0.07,
S3_reappro_100,APCL8,ALIMENT_COMPLET,Bertoua,Centre,2026-09-01,9,2026,0.26,17.0,18490.0,0.31,
S3_reappro_100,APCL8,ALIMENT_COMPLET,Djeleng,Ouest,2026-09-01,9,2026,0.12,8.0,17624.0,0.14,
S3_reappro_100,APCL8,ALIMENT_COMPLET,Famla,Ouest,2026-09-01,9,2026,0.04,3.0,17500.0,0.05,
S3_reappro_100,APCL8,ALIMENT_COMPLET,Messassi,Centre,2026-09-01,9,2026,1.03,69.0,17773.0,1.23,
S3_reappro_100,APCL8,ALIMENT_COMPLET,Ndobo,Littoral,2026-09-01,9,2026,0.09,6.0,18160.0,0.11,
S3_reappro_100,APCL8,ALIMENT_COMPLET,Ngaoundere,Centre,2026-09-01,9,2026,0.07,5.0,18490.0,0.09,
S3_reappro_100,APCL8,ALIMENT_COMPLET,Nkoabang,Centre,2026-09-01,9,2026,0.09,6.0,17500.0,0.1,
S3_reappro_100,APCL8,ALIMENT_COMPLET,Nkolbisson,Centre,2026-09-01,9,2026,0.01,1.0,18490.0,0.02,
S3_reappro_100,APCL8,ALIMENT_COMPLET,Nkongsamba,Littoral,2026-09-01,9,2026,0.01,1.0,17500.0,0.02,
S3_reappro_100,B100,INGREDIENTS,Ahala,Centre,2026-09-01,9,2026,0.2,8.0,17500.0,0.14,
S3_reappro_100,B100,INGREDIENTS,Bertoua,Centre,2026-09-01,9,2026,0.25,10.0,17250.0,0.17,
S3_reappro_100,B100,INGREDIENTS,Djeleng,Ouest,2026-09-01,9,2026,0.03,1.0,16800.0,0.02,
S3_reappro_100,B100,INGREDIENTS,Famla,Ouest,2026-09-01,9,2026,0.53,21.0,16800.0,0.35,
S3_reappro_100,B100,INGREDIENTS,Mbouda,Ouest,2026-09-01,9,2026,0.03,1.0,16800.0,0.02,
S3_reappro_100,B100,INGREDIENTS,Messassi,Centre,2026-09-01,9,2026,0.83,33.0,17023.0,0.56,
S3_reappro_100,B100,INGREDIENTS,Ndobo,Littoral,2026-09-01,9,2026,0.03,1.0,19000.0,0.02,
S3_reappro_100,B100,INGREDIENTS,Ngaoundere,Centre,2026-09-01,9,2026,0.18,7.0,19000.0,0.13,
S3_reappro_100,B100,INGREDIENTS,Nkoabang,Centre,2026-09-01,9,2026,0.03,1.0,19750.0,0.02,
S3_reappro_100,B100,INGREDIENTS,Nkolbisson,Centre,2026-09-01,9,2026,0.05,2.0,18250.0,0.04,
S3_reappro_100,B100,INGREDIENTS,Pk11,Littoral,2026-09-01,9,2026,0.15,6.0,16500.0,0.1,
S3_reappro_100,B100,INGREDIENTS,Village,Littoral,2026-09-01,9,2026,0.25,10.0,16500.0,0.17,
S3_reappro_100,B1001,INGREDIENTS,Bertoua,Centre,2026-09-01,9,2026,0.0,3.0,890.0,0.0,
S3_reappro_100,B1001,INGREDIENTS,Messassi,Centre,2026-09-01,9,2026,0.01,8.0,919.0,0.01,
S3_reappro_100,B1001,INGREDIENTS,Ngaoundere,Centre,2026-09-01,9,2026,0.03,26.0,885.0,0.02,
S3_reappro_100,B1001,INGREDIENTS,Nkoabang,Centre,2026-09-01,9,2026,0.0,2.0,876.0,0.0,
S3_reappro_100,B1001,INGREDIENTS,Village,Littoral,2026-09-01,9,2026,0.01,6.0,840.0,0.01,
S3_reappro_100,C101,CONCENTRES,Ahala,Centre,2026-09-01,9,2026,25.9,518.0,36036.0,18.67,
S3_reappro_100,C101,CONCENTRES,Bertoua,Centre,2026-09-01,9,2026,38.05,761.0,36627.0,27.87,
S3_reappro_100,C101,CONCENTRES,Buea,Littoral,2026-09-01,9,2026,1.2,24.0,35896.0,0.86,
S3_reappro_100,C101,CONCENTRES,Djeleng,Ouest,2026-09-01,9,2026,45.8,916.0,36011.0,32.99,
S3_reappro_100,C101,CONCENTRES,Famla,Ouest,2026-09-01,9,2026,216.15,4323.0,36017.0,155.7,
S3_reappro_100,C101,CONCENTRES,Mbouda,Ouest,2026-09-01,9,2026,39.85,797.0,36000.0,28.69,
S3_reappro_100,C101,CONCENTRES,Messassi,Centre,2026-09-01,9,2026,16.25,325.0,36058.0,11.72,
S3_reappro_100,C101,CONCENTRES,Ndobo,Littoral,2026-09-01,9,2026,15.95,319.0,35602.0,11.36,
S3_reappro_100,C101,CONCENTRES,Ngaoundere,Centre,2026-09-01,9,2026,21.3,426.0,37542.0,15.99,
S3_reappro_100,C101,CONCENTRES,Nkoabang,Centre,2026-09-01,9,2026,9.8,196.0,36056.0,7.07,
S3_reappro_100,C101,CONCENTRES,Nkolbisson,Centre,2026-09-01,9,2026,10.15,203.0,36185.0,7.35,
S3_reappro_100,C101,CONCENTRES,Nkongsamba,Littoral,2026-09-01,9,2026,5.25,105.0,36009.0,3.78,
S3_reappro_100,C101,CONCENTRES,Pk11,Littoral,2026-09-01,9,2026,0.55,11.0,35680.0,0.39,
S3_reappro_100,C101,CONCENTRES,Village,Littoral,2026-09-01,9,2026,3.7,74.0,35540.0,2.63,
S3_reappro_100,C102,CONCENTRES,Bertoua,Centre,2026-09-01,9,2026,1.3,26.0,29881.0,0.78,
S3_reappro_100,C102,CONCENTRES,Ndobo,Littoral,2026-09-01,9,2026,2.35,47.0,28647.0,1.35,
S3_reappro_100,C102,CONCENTRES,Ngaoundere,Centre,2026-09-01,9,2026,0.5,10.0,30797.0,0.31,
S3_reappro_100,C102,CONCENTRES,Pk11,Littoral,2026-09-01,9,2026,7.3,146.0,28500.0,4.16,
S3_reappro_100,C102,CONCENTRES,Village,Littoral,2026-09-01,9,2026,0.65,13.0,28576.0,0.37,
S3_reappro_100,C1022,CONCENTRES,Ngaoundere,Centre,2026-09-01,9,2026,0.01,1.0,3349.0,0.0,
S3_reappro_100,C103,CONCENTRES,Ahala,Centre,2026-09-01,9,2026,29.95,599.0,39556.0,23.69,
S3_reappro_100,C103,CONCENTRES,Bertoua,Centre,2026-09-01,9,2026,7.7,154.0,40411.0,6.22,
S3_reappro_100,C103,CONCENTRES,Buea,Littoral,2026-09-01,9,2026,6.55,131.0,39553.0,5.18,
S3_reappro_100,C103,CONCENTRES,Djeleng,Ouest,2026-09-01,9,2026,35.4,708.0,39534.0,27.99,
S3_reappro_100,C103,CONCENTRES,Famla,Ouest,2026-09-01,9,2026,125.85,2517.0,39536.0,99.51,
S3_reappro_100,C103,CONCENTRES,Mbouda,Ouest,2026-09-01,9,2026,24.0,480.0,39500.0,18.96,
S3_reappro_100,C103,CONCENTRES,Messassi,Centre,2026-09-01,9,2026,24.35,487.0,39612.0,19.29,
S3_reappro_100,C103,CONCENTRES,Ndobo,Littoral,2026-09-01,9,2026,17.75,355.0,39578.0,14.05,
S3_reappro_100,C103,CONCENTRES,Ngaoundere,Centre,2026-09-01,9,2026,9.2,184.0,41124.0,7.57,
S3_reappro_100,C103,CONCENTRES,Nkoabang,Centre,2026-09-01,9,2026,15.0,300.0,39540.0,11.86,
S3_reappro_100,C103,CONCENTRES,Nkolbisson,Centre,2026-09-01,9,2026,6.25,125.0,39714.0,4.96,
S3_reappro_100,C103,CONCENTRES,Nkongsamba,Littoral,2026-09-01,9,2026,1.95,39.0,39551.0,1.54,
S3_reappro_100,C103,CONCENTRES,Pk11,Littoral,2026-09-01,9,2026,4.35,87.0,39739.0,3.46,
S3_reappro_100,C103,CONCENTRES,Village,Littoral,2026-09-01,9,2026,5.35,107.0,39685.0,4.25,
S3_reappro_100,C104,CONCENTRES,Ahala,Centre,2026-09-01,9,2026,58.7,1174.0,32097.0,37.68,
S3_reappro_100,C104,CONCENTRES,Bertoua,Centre,2026-09-01,9,2026,53.4,1068.0,32901.0,35.14,
S3_reappro_100,C104,CONCENTRES,Buea,Littoral,2026-09-01,9,2026,56.6,1132.0,31703.0,35.89,
S3_reappro_100,C104,CONCENTRES,Djeleng,Ouest,2026-09-01,9,2026,44.35,887.0,32141.0,28.51,
S3_reappro_100,C104,CONCENTRES,Famla,Ouest,2026-09-01,9,2026,102.3,2046.0,32149.0,65.78,
S3_reappro_100,C104,CONCENTRES,Mbouda,Ouest,2026-09-01,9,2026,39.0,780.0,32100.0,25.04,
S3_reappro_100,C104,CONCENTRES,Messassi,Centre,2026-09-01,9,2026,125.85,2517.0,32079.0,80.74,
S3_reappro_100,C104,CONCENTRES,Ndobo,Littoral,2026-09-01,9,2026,118.45,2369.0,31531.0,74.7,
S3_reappro_100,C104,CONCENTRES,Ngaoundere,Centre,2026-09-01,9,2026,17.75,355.0,33600.0,11.93,
S3_reappro_100,C104,CONCENTRES,Nkoabang,Centre,2026-09-01,9,2026,39.9,798.0,32103.0,25.62,
S3_reappro_100,C104,CONCENTRES,Nkolbisson,Centre,2026-09-01,9,2026,23.2,464.0,32194.0,14.94,
S3_reappro_100,C104,CONCENTRES,Nkongsamba,Littoral,2026-09-01,9,2026,46.3,926.0,31910.0,29.55,
S3_reappro_100,C104,CONCENTRES,Pk11,Littoral,2026-09-01,9,2026,49.9,998.0,31618.0,31.55,
S3_reappro_100,C104,CONCENTRES,Village,Littoral,2026-09-01,9,2026,64.25,1285.0,31588.0,40.59,
S3_reappro_100,C1042,CONCENTRES,Djeleng,Ouest,2026-09-01,9,2026,0.1,100.0,732.0,0.07,
S3_reappro_100,C1042,CONCENTRES,Famla,Ouest,2026-09-01,9,2026,0.4,400.0,730.0,0.29,
S3_reappro_100,C1042,CONCENTRES,Nkongsamba,Littoral,2026-09-01,9,2026,0.11,108.0,729.0,0.08,
S3_reappro_100,C1042,CONCENTRES,Village,Littoral,2026-09-01,9,2026,0.01,6.0,740.0,0.0,
S3_reappro_100,C1043,CONCENTRES,Bertoua,Centre,2026-09-01,9,2026,0.19,38.0,3574.0,0.14,
S3_reappro_100,C1043,CONCENTRES,Buea,Littoral,2026-09-01,9,2026,0.15,30.0,3373.0,0.1,
S3_reappro_100,C1043,CONCENTRES,Famla,Ouest,2026-09-01,9,2026,0.55,111.0,3401.0,0.38,
S3_reappro_100,C1043,CONCENTRES,Mbouda,Ouest,2026-09-01,9,2026,0.75,150.0,3400.0,0.51,
S3_reappro_100,C1043,CONCENTRES,Messassi,Centre,2026-09-01,9,2026,0.08,16.0,3499.0,0.06,
S3_reappro_100,C1043,CONCENTRES,Ndobo,Littoral,2026-09-01,9,2026,0.18,35.0,3449.0,0.12,
S3_reappro_100,C1043,CONCENTRES,Ngaoundere,Centre,2026-09-01,9,2026,0.19,38.0,3649.0,0.14,
S3_reappro_100,C1043,CONCENTRES,Nkoabang,Centre,2026-09-01,9,2026,0.06,11.0,3499.0,0.04,
S3_reappro_100,C1043,CONCENTRES,Nkolbisson,Centre,2026-09-01,9,2026,0.01,2.0,3499.0,0.01,
S3_reappro_100,C1043,CONCENTRES,Nkongsamba,Littoral,2026-09-01,9,2026,0.36,72.0,3412.0,0.25,
S3_reappro_100,C1043,CONCENTRES,Pk11,Littoral,2026-09-01,9,2026,0.06,11.0,3449.0,0.04,
S3_reappro_100,C1043,CONCENTRES,Village,Littoral,2026-09-01,9,2026,0.1,19.0,3449.0,0.07,
S3_reappro_100,C1044,CONCENTRES,Famla,Ouest,2026-09-01,9,2026,0.18,7.0,16850.0,0.12,
S3_reappro_100,C1044,CONCENTRES,Messassi,Centre,2026-09-01,9,2026,0.43,17.0,16995.0,0.29,
S3_reappro_100,C1044,CONCENTRES,Ngaoundere,Centre,2026-09-01,9,2026,0.3,12.0,17745.0,0.21,
S3_reappro_100,C1044,CONCENTRES,Nkoabang,Centre,2026-09-01,9,2026,0.03,1.0,16500.0,0.02,
S3_reappro_100,C1044,CONCENTRES,Nkolbisson,Centre,2026-09-01,9,2026,0.1,4.0,16995.0,0.07,
S3_reappro_100,C1044,CONCENTRES,Nkongsamba,Littoral,2026-09-01,9,2026,0.12,5.0,16846.0,0.08,
S3_reappro_100,C1044,CONCENTRES,Pk11,Littoral,2026-09-01,9,2026,0.38,15.0,16745.0,0.25,
S3_reappro_100,C105,CONCENTRES,Ahala,Centre,2026-09-01,9,2026,20.7,414.0,27565.0,11.41,
S3_reappro_100,C105,CONCENTRES,Bertoua,Centre,2026-09-01,9,2026,5.05,101.0,28196.0,2.85,
S3_reappro_100,C105,CONCENTRES,Buea,Littoral,2026-09-01,9,2026,2.6,52.0,27518.0,1.43,
S3_reappro_100,C105,CONCENTRES,Djeleng,Ouest,2026-09-01,9,2026,26.1,522.0,27542.0,14.38,
S3_reappro_100,C105,CONCENTRES,Famla,Ouest,2026-09-01,9,2026,48.2,964.0,27538.0,26.55,
S3_reappro_100,C105,CONCENTRES,Mbouda,Ouest,2026-09-01,9,2026,26.05,521.0,27500.0,14.33,
S3_reappro_100,C105,CONCENTRES,Messassi,Centre,2026-09-01,9,2026,16.3,326.0,27615.0,9.0,
S3_reappro_100,C105,CONCENTRES,Ndobo,Littoral,2026-09-01,9,2026,12.7,254.0,27062.0,6.87,
S3_reappro_100,C105,CONCENTRES,Ngaoundere,Centre,2026-09-01,9,2026,2.55,51.0,29699.0,1.51,
S3_reappro_100,C105,CONCENTRES,Nkoabang,Centre,2026-09-01,9,2026,9.1,182.0,27549.0,5.01,
S3_reappro_100,C105,CONCENTRES,Nkolbisson,Centre,2026-09-01,9,2026,8.2,164.0,27711.0,4.54,
S3_reappro_100,C105,CONCENTRES,Nkongsamba,Littoral,2026-09-01,9,2026,12.95,259.0,27508.0,7.12,
S3_reappro_100,C105,CONCENTRES,Pk11,Littoral,2026-09-01,9,2026,2.6,52.0,27533.0,1.43,
S3_reappro_100,C105,CONCENTRES,Village,Littoral,2026-09-01,9,2026,13.2,264.0,27206.0,7.18,
S3_reappro_100,C1053,CONCENTRES,Messassi,Centre,2026-09-01,9,2026,0.01,7.0,660.0,0.0,
S3_reappro_100,C1053,CONCENTRES,Ndobo,Littoral,2026-09-01,9,2026,0.0,1.0,650.0,0.0,
S3_reappro_100,C1053,CONCENTRES,Ngaoundere,Centre,2026-09-01,9,2026,0.0,2.0,690.0,0.0,
S3_reappro_100,C1053,CONCENTRES,Nkongsamba,Littoral,2026-09-01,9,2026,0.23,230.0,649.0,0.15,
S3_reappro_100,C1053,CONCENTRES,Village,Littoral,2026-09-01,9,2026,0.0,4.0,650.0,0.0,
S3_reappro_100,C1054,CONCENTRES,Bertoua,Centre,2026-09-01,9,2026,0.07,13.0,3099.0,0.04,
S3_reappro_100,C1054,CONCENTRES,Buea,Littoral,2026-09-01,9,2026,0.01,1.0,3049.0,0.0,
S3_reappro_100,C1054,CONCENTRES,Djeleng,Ouest,2026-09-01,9,2026,0.2,40.0,2950.0,0.12,
S3_reappro_100,C1054,CONCENTRES,Famla,Ouest,2026-09-01,9,2026,1.0,200.0,2950.0,0.59,
S3_reappro_100,C1054,CONCENTRES,Mbouda,Ouest,2026-09-01,9,2026,1.15,230.0,2950.0,0.68,
S3_reappro_100,C1054,CONCENTRES,Messassi,Centre,2026-09-01,9,2026,0.1,20.0,3049.0,0.06,
S3_reappro_100,C1054,CONCENTRES,Ndobo,Littoral,2026-09-01,9,2026,0.16,32.0,2968.0,0.09,
S3_reappro_100,C1054,CONCENTRES,Ngaoundere,Centre,2026-09-01,9,2026,0.05,9.0,3649.0,0.03,
S3_reappro_100,C1054,CONCENTRES,Nkoabang,Centre,2026-09-01,9,2026,0.01,3.0,3049.0,0.01,
S3_reappro_100,C1054,CONCENTRES,Nkolbisson,Centre,2026-09-01,9,2026,0.04,9.0,3049.0,0.03,
S3_reappro_100,C1054,CONCENTRES,Nkongsamba,Littoral,2026-09-01,9,2026,0.45,90.0,2973.0,0.27,
S3_reappro_100,C1054,CONCENTRES,Pk11,Littoral,2026-09-01,9,2026,0.03,6.0,2999.0,0.02,
S3_reappro_100,C1055,CONCENTRES,Famla,Ouest,2026-09-01,9,2026,0.03,1.0,14625.0,0.01,
S3_reappro_100,C1055,CONCENTRES,Mbouda,Ouest,2026-09-01,9,2026,0.03,1.0,14250.0,0.01,
S3_reappro_100,C1055,CONCENTRES,Messassi,Centre,2026-09-01,9,2026,0.35,14.0,14427.0,0.2,
S3_reappro_100,C1055,CONCENTRES,Ngaoundere,Centre,2026-09-01,9,2026,0.05,2.0,15495.0,0.03,
S3_reappro_100,C1055,CONCENTRES,Nkoabang,Centre,2026-09-01,9,2026,0.05,2.0,14745.0,0.03,
S3_reappro_100,C1055,CONCENTRES,Nkolbisson,Centre,2026-09-01,9,2026,0.23,9.0,14745.0,0.13,
S3_reappro_100,C1055,CONCENTRES,Nkongsamba,Littoral,2026-09-01,9,2026,0.05,2.0,14745.0,0.03,
S3_reappro_100,C1055,CONCENTRES,Pk11,Littoral,2026-09-01,9,2026,0.05,2.0,14495.0,0.03,
S3_reappro_100,CA001.1,COMPLEMENT_ALIMENTAIRE,Messassi,Centre,2026-09-01,9,2026,0.01,15.0,5000.0,0.07,
S3_reappro_100,CA002.1,COMPLEMENT_ALIMENTAIRE,Ahala,Centre,2026-09-01,9,2026,0.0,1.0,11500.0,0.01,
S3_reappro_100,CA002.1,COMPLEMENT_ALIMENTAIRE,Messassi,Centre,2026-09-01,9,2026,0.01,8.0,10750.0,0.09,
S3_reappro_100,CA002.1,COMPLEMENT_ALIMENTAIRE,Ndobo,Littoral,2026-09-01,9,2026,0.0,1.0,11500.0,0.01,
S3_reappro_100,CA002.1,COMPLEMENT_ALIMENTAIRE,Nkoabang,Centre,2026-09-01,9,2026,0.0,1.0,11500.0,0.01,
S3_reappro_100,CA002.1,COMPLEMENT_ALIMENTAIRE,Nkongsamba,Littoral,2026-09-01,9,2026,0.01,12.0,10375.0,0.12,
S3_reappro_100,CA002.1,COMPLEMENT_ALIMENTAIRE,Pk11,Littoral,2026-09-01,9,2026,0.0,2.0,11500.0,0.02,
S3_reappro_100,CA002.1,COMPLEMENT_ALIMENTAIRE,Village,Littoral,2026-09-01,9,2026,0.0,1.0,11500.0,0.01,
S3_reappro_100,CA003.1,COMPLEMENT_ALIMENTAIRE,Ahala,Centre,2026-09-01,9,2026,0.0,4.0,8500.0,0.03,
S3_reappro_100,CA003.1,COMPLEMENT_ALIMENTAIRE,Bertoua,Centre,2026-09-01,9,2026,0.01,9.0,8000.0,0.07,
S3_reappro_100,CA003.1,COMPLEMENT_ALIMENTAIRE,Buea,Littoral,2026-09-01,9,2026,0.0,1.0,9000.0,0.01,
S3_reappro_100,CA003.1,COMPLEMENT_ALIMENTAIRE,Famla,Ouest,2026-09-01,9,2026,0.02,23.0,8000.0,0.18,
S3_reappro_100,CA003.1,COMPLEMENT_ALIMENTAIRE,Messassi,Centre,2026-09-01,9,2026,0.02,19.0,8579.0,0.16,
S3_reappro_100,CA003.1,COMPLEMENT_ALIMENTAIRE,Ndobo,Littoral,2026-09-01,9,2026,0.0,3.0,8000.0,0.02,
S3_reappro_100,CA003.1,COMPLEMENT_ALIMENTAIRE,Nkoabang,Centre,2026-09-01,9,2026,0.0,4.0,8000.0,0.03,
S3_reappro_100,CA003.1,COMPLEMENT_ALIMENTAIRE,Nkongsamba,Littoral,2026-09-01,9,2026,0.0,3.0,8333.0,0.03,
S3_reappro_100,CA003.1,COMPLEMENT_ALIMENTAIRE,Village,Littoral,2026-09-01,9,2026,0.0,3.0,9000.0,0.03,
S3_reappro_100,CA004.1,COMPLEMENT_ALIMENTAIRE,Ahala,Centre,2026-09-01,9,2026,0.0,3.0,9833.0,0.03,
S3_reappro_100,CA004.1,COMPLEMENT_ALIMENTAIRE,Bertoua,Centre,2026-09-01,9,2026,0.01,5.0,9500.0,0.05,
S3_reappro_100,CA004.1,COMPLEMENT_ALIMENTAIRE,Messassi,Centre,2026-09-01,9,2026,0.02,16.0,9875.0,0.16,
S3_reappro_100,CA004.1,COMPLEMENT_ALIMENTAIRE,Ndobo,Littoral,2026-09-01,9,2026,0.0,2.0,10500.0,0.02,
S3_reappro_100,CA004.1,COMPLEMENT_ALIMENTAIRE,Nkongsamba,Littoral,2026-09-01,9,2026,0.0,3.0,9500.0,0.03,
S3_reappro_100,CA004.1,COMPLEMENT_ALIMENTAIRE,Village,Littoral,2026-09-01,9,2026,0.0,1.0,10500.0,0.01,
S3_reappro_100,CA005.1,COMPLEMENT_ALIMENTAIRE,Bertoua,Centre,2026-09-01,9,2026,0.01,6.0,14500.0,0.09,
S3_reappro_100,CA005.1,COMPLEMENT_ALIMENTAIRE,Messassi,Centre,2026-09-01,9,2026,0.0,3.0,15167.0,0.05,
S3_reappro_100,CA005.1,COMPLEMENT_ALIMENTAIRE,Nkongsamba,Littoral,2026-09-01,9,2026,0.01,5.0,14900.0,0.07,
S3_reappro_100,CA005.1,COMPLEMENT_ALIMENTAIRE,Pk11,Littoral,2026-09-01,9,2026,0.0,1.0,16500.0,0.02,
S3_reappro_100,CA005.1,COMPLEMENT_ALIMENTAIRE,Village,Littoral,2026-09-01,9,2026,0.01,5.0,14500.0,0.07,
S3_reappro_100,CA006.1,COMPLEMENT_ALIMENTAIRE,Famla,Ouest,2026-09-01,9,2026,0.01,7.0,6000.0,0.04,
S3_reappro_100,CA006.1,COMPLEMENT_ALIMENTAIRE,Messassi,Centre,2026-09-01,9,2026,0.01,13.0,6077.0,0.08,
S3_reappro_100,CA007.1,COMPLEMENT_ALIMENTAIRE,Ahala,Centre,2026-09-01,9,2026,0.0,2.0,8000.0,0.02,
S3_reappro_100,CA007.1,COMPLEMENT_ALIMENTAIRE,Famla,Ouest,2026-09-01,9,2026,0.0,1.0,7500.0,0.01,
S3_reappro_100,CA007.1,COMPLEMENT_ALIMENTAIRE,Messassi,Centre,2026-09-01,9,2026,0.01,7.0,8071.0,0.06,
S3_reappro_100,CA007.1,COMPLEMENT_ALIMENTAIRE,Nkongsamba,Littoral,2026-09-01,9,2026,0.0,3.0,7500.0,0.02,
S3_reappro_100,CA008.1,COMPLEMENT_ALIMENTAIRE,Messassi,Centre,2026-09-01,9,2026,0.0,3.0,15833.0,0.05,
S3_reappro_100,CA008.1,COMPLEMENT_ALIMENTAIRE,Nkongsamba,Littoral,2026-09-01,9,2026,0.0,3.0,14500.0,0.04,
S3_reappro_100,CA008.1,COMPLEMENT_ALIMENTAIRE,Village,Littoral,2026-09-01,9,2026,0.0,1.0,16500.0,0.02,
S3_reappro_100,CB100,ALIMENT_COMPLET,Ahala,Centre,2026-09-01,9,2026,4.08,163.0,21322.0,3.48,
S3_reappro_100,CB100,ALIMENT_COMPLET,Bertoua,Centre,2026-09-01,9,2026,1.15,46.0,22089.0,1.02,
S3_reappro_100,CB100,ALIMENT_COMPLET,Buea,Littoral,2026-09-01,9,2026,1.78,71.0,21349.0,1.52,
S3_reappro_100,CB100,ALIMENT_COMPLET,Djeleng,Ouest,2026-09-01,9,2026,3.98,159.0,21081.0,3.35,
S3_reappro_100,CB100,ALIMENT_COMPLET,Famla,Ouest,2026-09-01,9,2026,17.43,697.0,21010.0,14.64,
S3_reappro_100,CB100,ALIMENT_COMPLET,Mbouda,Ouest,2026-09-01,9,2026,2.73,109.0,21182.0,2.31,
S3_reappro_100,CB100,ALIMENT_COMPLET,Messassi,Centre,2026-09-01,9,2026,19.38,775.0,21335.0,16.53,
S3_reappro_100,CB100,ALIMENT_COMPLET,Ndobo,Littoral,2026-09-01,9,2026,4.47,179.0,21160.0,3.79,
S3_reappro_100,CB100,ALIMENT_COMPLET,Ngaoundere,Centre,2026-09-01,9,2026,1.15,46.0,22017.0,1.01,
S3_reappro_100,CB100,ALIMENT_COMPLET,Nkoabang,Centre,2026-09-01,9,2026,1.65,66.0,21330.0,1.41,
S3_reappro_100,CB100,ALIMENT_COMPLET,Nkolbisson,Centre,2026-09-01,9,2026,1.58,63.0,21880.0,1.38,
S3_reappro_100,CB100,ALIMENT_COMPLET,Nkongsamba,Littoral,2026-09-01,9,2026,5.22,209.0,21043.0,4.4,
S3_reappro_100,CB100,ALIMENT_COMPLET,Pk11,Littoral,2026-09-01,9,2026,4.1,164.0,21471.0,3.52,
S3_reappro_100,CB100,ALIMENT_COMPLET,Village,Littoral,2026-09-01,9,2026,5.3,212.0,21313.0,4.52,
S3_reappro_100,CB101,ALIMENT_COMPLET,Messassi,Centre,2026-09-01,9,2026,0.08,16.0,4473.0,0.07,
S3_reappro_100,CB101,ALIMENT_COMPLET,Ndobo,Littoral,2026-09-01,9,2026,0.03,5.0,4498.0,0.02,
S3_reappro_100,CB101,ALIMENT_COMPLET,Ngaoundere,Centre,2026-09-01,9,2026,0.83,166.0,4556.0,0.76,
S3_reappro_100,CB101,ALIMENT_COMPLET,Nkongsamba,Littoral,2026-09-01,9,2026,0.1,20.0,4359.0,0.09,
S3_reappro_100,CB101,ALIMENT_COMPLET,Pk11,Littoral,2026-09-01,9,2026,0.08,16.0,4498.0,0.07,
S3_reappro_100,CB200,ALIMENT_COMPLET,Ahala,Centre,2026-09-01,9,2026,4.53,181.0,20290.0,3.67,
S3_reappro_100,CB200,ALIMENT_COMPLET,Bertoua,Centre,2026-09-01,9,2026,0.43,17.0,21065.0,0.36,
S3_reappro_100,CB200,ALIMENT_COMPLET,Buea,Littoral,2026-09-01,9,2026,0.65,26.0,20000.0,0.52,
S3_reappro_100,CB200,ALIMENT_COMPLET,Djeleng,Ouest,2026-09-01,9,2026,2.05,82.0,20109.0,1.65,
S3_reappro_100,CB200,ALIMENT_COMPLET,Famla,Ouest,2026-09-01,9,2026,2.77,111.0,20009.0,2.22,
S3_reappro_100,CB200,ALIMENT_COMPLET,Mbouda,Ouest,2026-09-01,9,2026,2.85,114.0,20000.0,2.28,
S3_reappro_100,CB200,ALIMENT_COMPLET,Messassi,Centre,2026-09-01,9,2026,14.2,568.0,20164.0,11.45,
S3_reappro_100,CB200,ALIMENT_COMPLET,Ndobo,Littoral,2026-09-01,9,2026,1.98,79.0,20113.0,1.59,
S3_reappro_100,CB200,ALIMENT_COMPLET,Nkoabang,Centre,2026-09-01,9,2026,2.4,96.0,20155.0,1.93,
S3_reappro_100,CB200,ALIMENT_COMPLET,Nkolbisson,Centre,2026-09-01,9,2026,0.45,18.0,20990.0,0.38,
S3_reappro_100,CB200,ALIMENT_COMPLET,Nkongsamba,Littoral,2026-09-01,9,2026,1.05,42.0,20236.0,0.85,
S3_reappro_100,CB200,ALIMENT_COMPLET,Pk11,Littoral,2026-09-01,9,2026,2.25,90.0,20682.0,1.86,
S3_reappro_100,CB200,ALIMENT_COMPLET,Village,Littoral,2026-09-01,9,2026,4.7,188.0,20269.0,3.81,
S3_reappro_100,CB201,ALIMENT_COMPLET,Djeleng,Ouest,2026-09-01,9,2026,0.15,30.0,4100.0,0.12,
S3_reappro_100,CB201,ALIMENT_COMPLET,Messassi,Centre,2026-09-01,9,2026,0.01,3.0,4298.0,0.01,
S3_reappro_100,CB201,ALIMENT_COMPLET,Ngaoundere,Centre,2026-09-01,9,2026,0.09,18.0,4398.0,0.08,
S3_reappro_100,CB201,ALIMENT_COMPLET,Nkongsamba,Littoral,2026-09-01,9,2026,0.01,3.0,4166.0,0.01,
S3_reappro_100,CB201,ALIMENT_COMPLET,Pk11,Littoral,2026-09-01,9,2026,0.01,3.0,4298.0,0.01,
S3_reappro_100,E101,INGREDIENTS,Ahala,Centre,2026-09-01,9,2026,0.75,30.0,29350.0,0.88,
S3_reappro_100,E101,INGREDIENTS,Bertoua,Centre,2026-09-01,9,2026,1.38,55.0,29800.0,1.64,
S3_reappro_100,E101,INGREDIENTS,Buea,Littoral,2026-09-01,9,2026,0.18,7.0,29386.0,0.21,
S3_reappro_100,E101,INGREDIENTS,Djeleng,Ouest,2026-09-01,9,2026,0.43,17.0,29485.0,0.5,
S3_reappro_100,E101,INGREDIENTS,Famla,Ouest,2026-09-01,9,2026,6.2,248.0,29254.0,7.25,
S3_reappro_100,E101,INGREDIENTS,Mbouda,Ouest,2026-09-01,9,2026,1.3,52.0,29250.0,1.52,
S3_reappro_100,E101,INGREDIENTS,Messassi,Centre,2026-09-01,9,2026,1.07,43.0,29343.0,1.26,
S3_reappro_100,E101,INGREDIENTS,Ndobo,Littoral,2026-09-01,9,2026,0.85,34.0,29147.0,0.99,
S3_reappro_100,E101,INGREDIENTS,Ngaoundere,Centre,2026-09-01,9,2026,0.55,22.0,30000.0,0.66,
S3_reappro_100,E101,INGREDIENTS,Nkoabang,Centre,2026-09-01,9,2026,0.53,21.0,29298.0,0.62,
S3_reappro_100,E101,INGREDIENTS,Nkolbisson,Centre,2026-09-01,9,2026,0.35,14.0,29464.0,0.41,
S3_reappro_100,E101,INGREDIENTS,Nkongsamba,Littoral,2026-09-01,9,2026,0.3,12.0,29100.0,0.35,
S3_reappro_100,E101,INGREDIENTS,Pk11,Littoral,2026-09-01,9,2026,0.73,29.0,29138.0,0.84,
S3_reappro_100,E101,INGREDIENTS,Village,Littoral,2026-09-01,9,2026,0.4,16.0,29125.0,0.47,
S3_reappro_100,E1011,INGREDIENTS,Ahala,Centre,2026-09-01,9,2026,0.04,35.0,1261.0,0.04,
S3_reappro_100,E1011,INGREDIENTS,Bertoua,Centre,2026-09-01,9,2026,0.1,99.0,1278.0,0.13,
S3_reappro_100,E1011,INGREDIENTS,Buea,Littoral,2026-09-01,9,2026,0.02,21.0,1253.0,0.03,
S3_reappro_100,E1011,INGREDIENTS,Famla,Ouest,2026-09-01,9,2026,0.25,250.0,1230.0,0.31,
S3_reappro_100,E1011,INGREDIENTS,Mbouda,Ouest,2026-09-01,9,2026,0.25,250.0,1230.0,0.31,
S3_reappro_100,E1011,INGREDIENTS,Messassi,Centre,2026-09-01,9,2026,0.14,139.0,1261.0,0.18,
S3_reappro_100,E1011,INGREDIENTS,Ndobo,Littoral,2026-09-01,9,2026,0.06,59.0,1246.0,0.07,
S3_reappro_100,E1011,INGREDIENTS,Ngaoundere,Centre,2026-09-01,9,2026,0.14,143.0,1270.0,0.18,
S3_reappro_100,E1011,INGREDIENTS,Nkoabang,Centre,2026-09-01,9,2026,0.06,57.0,1261.0,0.07,
S3_reappro_100,E1011,INGREDIENTS,Nkolbisson,Centre,2026-09-01,9,2026,0.08,77.0,1268.0,0.1,
S3_reappro_100,E1011,INGREDIENTS,Nkongsamba,Littoral,2026-09-01,9,2026,0.11,111.0,1231.0,0.14,
S3_reappro_100,E1011,INGREDIENTS,Pk11,Littoral,2026-09-01,9,2026,0.06,63.0,1252.0,0.08,
S3_reappro_100,E1011,INGREDIENTS,Village,Littoral,2026-09-01,9,2026,0.04,37.0,1234.0,0.05,
S3_reappro_100,F1145,INGREDIENTS,Ahala,Centre,2026-09-01,9,2026,2.9,58.0,54068.0,3.14,
S3_reappro_100,F1145,INGREDIENTS,Bertoua,Centre,2026-09-01,9,2026,0.2,4.0,55740.0,0.22,
S3_reappro_100,F1145,INGREDIENTS,Djeleng,Ouest,2026-09-01,9,2026,0.15,3.0,54660.0,0.16,
S3_reappro_100,F1145,INGREDIENTS,Famla,Ouest,2026-09-01,9,2026,2.7,54.0,54018.0,2.92,
S3_reappro_100,F1145,INGREDIENTS,Mbouda,Ouest,2026-09-01,9,2026,0.65,13.0,54000.0,0.7,
S3_reappro_100,F1145,INGREDIENTS,Messassi,Centre,2026-09-01,9,2026,3.65,73.0,54163.0,3.95,
S3_reappro_100,F1145,INGREDIENTS,Ndobo,Littoral,2026-09-01,9,2026,1.3,26.0,54185.0,1.41,
S3_reappro_100,F1145,INGREDIENTS,Ngaoundere,Centre,2026-09-01,9,2026,0.65,13.0,55576.0,0.72,
S3_reappro_100,F1145,INGREDIENTS,Nkoabang,Centre,2026-09-01,9,2026,1.55,31.0,54160.0,1.68,
S3_reappro_100,F1145,INGREDIENTS,Nkongsamba,Littoral,2026-09-01,9,2026,0.45,9.0,53900.0,0.49,
S3_reappro_100,F1145,INGREDIENTS,Pk11,Littoral,2026-09-01,9,2026,1.3,26.0,54262.0,1.41,
S3_reappro_100,F1145,INGREDIENTS,Village,Littoral,2026-09-01,9,2026,0.95,19.0,53604.0,1.02,
S3_reappro_100,F1146,INGREDIENTS,Bertoua,Centre,2026-09-01,9,2026,0.05,2.0,28370.0,0.06,
S3_reappro_100,F1146,INGREDIENTS,Messassi,Centre,2026-09-01,9,2026,0.1,4.0,27995.0,0.11,
S3_reappro_100,F1146,INGREDIENTS,Ngaoundere,Centre,2026-09-01,9,2026,0.03,1.0,28250.0,0.03,
S3_reappro_100,F1146,INGREDIENTS,Pk11,Littoral,2026-09-01,9,2026,0.05,2.0,27750.0,0.06,
S3_reappro_100,F1147,INGREDIENTS,Ahala,Centre,2026-09-01,9,2026,0.05,49.0,1190.0,0.06,
S3_reappro_100,F1147,INGREDIENTS,Bertoua,Centre,2026-09-01,9,2026,0.02,16.0,1205.0,0.02,
S3_reappro_100,F1147,INGREDIENTS,Buea,Littoral,2026-09-01,9,2026,0.18,178.0,1166.0,0.21,
S3_reappro_100,F1147,INGREDIENTS,Messassi,Centre,2026-09-01,9,2026,0.05,50.0,1190.0,0.06,
S3_reappro_100,F1147,INGREDIENTS,Ndobo,Littoral,2026-09-01,9,2026,0.03,33.0,1180.0,0.04,
S3_reappro_100,F1147,INGREDIENTS,Ngaoundere,Centre,2026-09-01,9,2026,0.02,20.0,1220.0,0.02,
S3_reappro_100,F1147,INGREDIENTS,Nkoabang,Centre,2026-09-01,9,2026,0.0,3.0,1190.0,0.0,
S3_reappro_100,F1147,INGREDIENTS,Nkolbisson,Centre,2026-09-01,9,2026,0.03,32.0,1190.0,0.04,
S3_reappro_100,F1147,INGREDIENTS,Nkongsamba,Littoral,2026-09-01,9,2026,0.47,470.0,1173.0,0.55,
S3_reappro_100,F1147,INGREDIENTS,Pk11,Littoral,2026-09-01,9,2026,0.01,13.0,1180.0,0.02,
S3_reappro_100,F1147,INGREDIENTS,Village,Littoral,2026-09-01,9,2026,0.02,21.0,1180.0,0.02,
S3_reappro_100,I105,INGREDIENTS,Ahala,Centre,2026-09-01,9,2026,0.25,10.0,17750.0,0.18,
S3_reappro_100,I105,INGREDIENTS,Bertoua,Centre,2026-09-01,9,2026,0.05,2.0,19000.0,0.04,
S3_reappro_100,I105,INGREDIENTS,Djeleng,Ouest,2026-09-01,9,2026,0.18,7.0,17750.0,0.12,
S3_reappro_100,I105,INGREDIENTS,Famla,Ouest,2026-09-01,9,2026,0.88,35.0,17750.0,0.62,
S3_reappro_100,I105,INGREDIENTS,Mbouda,Ouest,2026-09-01,9,2026,0.03,1.0,17750.0,0.02,
S3_reappro_100,I105,INGREDIENTS,Messassi,Centre,2026-09-01,9,2026,0.3,12.0,17750.0,0.21,
S3_reappro_100,I105,INGREDIENTS,Ngaoundere,Centre,2026-09-01,9,2026,0.1,4.0,19500.0,0.08,
S3_reappro_100,I105,INGREDIENTS,Nkoabang,Centre,2026-09-01,9,2026,0.03,1.0,17750.0,0.02,
S3_reappro_100,I105,INGREDIENTS,Nkolbisson,Centre,2026-09-01,9,2026,0.03,1.0,17750.0,0.02,
S3_reappro_100,I105,INGREDIENTS,Nkongsamba,Littoral,2026-09-01,9,2026,0.03,1.0,17700.0,0.02,
S3_reappro_100,I105,INGREDIENTS,Pk11,Littoral,2026-09-01,9,2026,0.03,1.0,17500.0,0.02,
S3_reappro_100,I105,INGREDIENTS,Village,Littoral,2026-09-01,9,2026,0.08,3.0,18167.0,0.05,
S3_reappro_100,I1051,INGREDIENTS,Bertoua,Centre,2026-09-01,9,2026,0.01,7.0,860.0,0.01,
S3_reappro_100,I1051,INGREDIENTS,Buea,Littoral,2026-09-01,9,2026,0.01,6.0,850.0,0.01,
S3_reappro_100,I1051,INGREDIENTS,Mbouda,Ouest,2026-09-01,9,2026,0.15,150.0,820.0,0.12,
S3_reappro_100,I1051,INGREDIENTS,Messassi,Centre,2026-09-01,9,2026,0.01,14.0,848.0,0.01,
S3_reappro_100,I1051,INGREDIENTS,Ndobo,Littoral,2026-09-01,9,2026,0.01,5.0,840.0,0.0,
S3_reappro_100,I1051,INGREDIENTS,Ngaoundere,Centre,2026-09-01,9,2026,0.01,13.0,900.0,0.01,
S3_reappro_100,I1051,INGREDIENTS,Nkoabang,Centre,2026-09-01,9,2026,0.06,57.0,824.0,0.05,
S3_reappro_100,I1051,INGREDIENTS,Nkolbisson,Centre,2026-09-01,9,2026,0.02,19.0,847.0,0.02,
S3_reappro_100,I1051,INGREDIENTS,Nkongsamba,Littoral,2026-09-01,9,2026,0.09,94.0,851.0,0.08,
S3_reappro_100,I1051,INGREDIENTS,Pk11,Littoral,2026-09-01,9,2026,0.01,7.0,840.0,0.01,
S3_reappro_100,I106,INGREDIENTS,Ahala,Centre,2026-09-01,9,2026,0.45,18.0,120000.0,2.16,
S3_reappro_100,I106,INGREDIENTS,Bertoua,Centre,2026-09-01,9,2026,0.23,9.0,121000.0,1.09,
S3_reappro_100,I106,INGREDIENTS,Djeleng,Ouest,2026-09-01,9,2026,0.1,4.0,121250.0,0.48,
S3_reappro_100,I106,INGREDIENTS,Famla,Ouest,2026-09-01,9,2026,0.8,32.0,120000.0,3.84,
S3_reappro_100,I106,INGREDIENTS,Messassi,Centre,2026-09-01,9,2026,0.33,13.0,120000.0,1.56,
S3_reappro_100,I106,INGREDIENTS,Ndobo,Littoral,2026-09-01,9,2026,0.87,35.0,120286.0,4.21,
S3_reappro_100,I106,INGREDIENTS,Ngaoundere,Centre,2026-09-01,9,2026,0.12,5.0,122000.0,0.61,
S3_reappro_100,I106,INGREDIENTS,Nkoabang,Centre,2026-09-01,9,2026,0.48,19.0,120000.0,2.28,
S3_reappro_100,I106,INGREDIENTS,Nkolbisson,Centre,2026-09-01,9,2026,0.05,2.0,122500.0,0.24,
S3_reappro_100,I106,INGREDIENTS,Nkongsamba,Littoral,2026-09-01,9,2026,0.05,2.0,120000.0,0.24,
S3_reappro_100,I106,INGREDIENTS,Pk11,Littoral,2026-09-01,9,2026,0.08,3.0,121667.0,0.36,
S3_reappro_100,I106,INGREDIENTS,Village,Littoral,2026-09-01,9,2026,0.12,5.0,121000.0,0.6,
S3_reappro_100,I1061,INGREDIENTS,Ahala,Centre,2026-09-01,9,2026,0.02,17.0,5013.0,0.09,
S3_reappro_100,I1061,INGREDIENTS,Bertoua,Centre,2026-09-01,9,2026,0.05,47.0,5183.0,0.24,
S3_reappro_100,I1061,INGREDIENTS,Buea,Littoral,2026-09-01,9,2026,0.02,24.0,4885.0,0.12,
S3_reappro_100,I1061,INGREDIENTS,Messassi,Centre,2026-09-01,9,2026,0.06,56.0,5049.0,0.28,
S3_reappro_100,I1061,INGREDIENTS,Ndobo,Littoral,2026-09-01,9,2026,0.02,19.0,5060.0,0.1,
S3_reappro_100,I1061,INGREDIENTS,Ngaoundere,Centre,2026-09-01,9,2026,0.04,38.0,5356.0,0.2,
S3_reappro_100,I1061,INGREDIENTS,Nkoabang,Centre,2026-09-01,9,2026,0.04,40.0,4990.0,0.2,
S3_reappro_100,I1061,INGREDIENTS,Nkolbisson,Centre,2026-09-01,9,2026,0.04,44.0,4971.0,0.22,
S3_reappro_100,I1061,INGREDIENTS,Nkongsamba,Littoral,2026-09-01,9,2026,0.07,73.0,4879.0,0.36,
S3_reappro_100,I1061,INGREDIENTS,Pk11,Littoral,2026-09-01,9,2026,0.04,36.0,5060.0,0.18,
S3_reappro_100,I1061,INGREDIENTS,Village,Littoral,2026-09-01,9,2026,0.07,68.0,4989.0,0.34,
S3_reappro_100,I107,INGREDIENTS,Ahala,Centre,2026-09-01,9,2026,0.55,22.0,52000.0,1.14,
S3_reappro_100,I107,INGREDIENTS,Bertoua,Centre,2026-09-01,9,2026,0.23,9.0,53387.0,0.48,
S3_reappro_100,I107,INGREDIENTS,Djeleng,Ouest,2026-09-01,9,2026,0.2,8.0,52000.0,0.42,
S3_reappro_100,I107,INGREDIENTS,Famla,Ouest,2026-09-01,9,2026,1.75,70.0,52000.0,3.64,
S3_reappro_100,I107,INGREDIENTS,Messassi,Centre,2026-09-01,9,2026,0.57,23.0,52000.0,1.2,
S3_reappro_100,I107,INGREDIENTS,Ndobo,Littoral,2026-09-01,9,2026,0.4,16.0,53000.0,0.85,
S3_reappro_100,I107,INGREDIENTS,Ngaoundere,Centre,2026-09-01,9,2026,0.35,14.0,54000.0,0.76,
S3_reappro_100,I107,INGREDIENTS,Nkoabang,Centre,2026-09-01,9,2026,0.9,36.0,52222.0,1.88,
S3_reappro_100,I107,INGREDIENTS,Nkolbisson,Centre,2026-09-01,9,2026,0.18,7.0,54286.0,0.38,
S3_reappro_100,I107,INGREDIENTS,Nkongsamba,Littoral,2026-09-01,9,2026,0.23,9.0,52000.0,0.47,
S3_reappro_100,I107,INGREDIENTS,Pk11,Littoral,2026-09-01,9,2026,0.5,20.0,52200.0,1.04,
S3_reappro_100,I107,INGREDIENTS,Village,Littoral,2026-09-01,9,2026,0.42,17.0,53882.0,0.92,
S3_reappro_100,I1071,INGREDIENTS,Ahala,Centre,2026-09-01,9,2026,0.02,19.0,3263.0,0.06,
S3_reappro_100,I1071,INGREDIENTS,Bertoua,Centre,2026-09-01,9,2026,0.04,41.0,3291.0,0.13,
S3_reappro_100,I1071,INGREDIENTS,Buea,Littoral,2026-09-01,9,2026,0.02,23.0,3037.0,0.07,
S3_reappro_100,I1071,INGREDIENTS,Messassi,Centre,2026-09-01,9,2026,0.06,56.0,3473.0,0.19,
S3_reappro_100,I1071,INGREDIENTS,Ndobo,Littoral,2026-09-01,9,2026,0.02,18.0,3140.0,0.06,
S3_reappro_100,I1071,INGREDIENTS,Ngaoundere,Centre,2026-09-01,9,2026,0.02,24.0,3680.0,0.09,
S3_reappro_100,I1071,INGREDIENTS,Nkoabang,Centre,2026-09-01,9,2026,0.04,36.0,3208.0,0.12,
S3_reappro_100,I1071,INGREDIENTS,Nkolbisson,Centre,2026-09-01,9,2026,0.04,38.0,3289.0,0.12,
S3_reappro_100,I1071,INGREDIENTS,Nkongsamba,Littoral,2026-09-01,9,2026,0.04,38.0,3092.0,0.12,
S3_reappro_100,I1071,INGREDIENTS,Pk11,Littoral,2026-09-01,9,2026,0.05,46.0,3140.0,0.14,
S3_reappro_100,I1071,INGREDIENTS,Village,Littoral,2026-09-01,9,2026,0.06,56.0,3140.0,0.18,
S3_reappro_100,MAT003,MATERIEL_ELEVAGE,Ahala,Centre,2026-09-01,9,2026,0.0,0.0,0.0,4.07,
S3_reappro_100,MAT003,MATERIEL_ELEVAGE,Bertoua,Centre,2026-09-01,9,2026,0.0,0.0,0.0,2.77,
S3_reappro_100,MAT003,MATERIEL_ELEVAGE,Djeleng,Ouest,2026-09-01,9,2026,0.0,0.0,0.0,6.14,
S3_reappro_100,MAT003,MATERIEL_ELEVAGE,Messassi,Centre,2026-09-01,9,2026,0.0,0.0,0.0,6.11,
S3_reappro_100,MAT003,MATERIEL_ELEVAGE,Ndobo,Littoral,2026-09-01,9,2026,0.0,0.0,0.0,0.18,
S3_reappro_100,MAT003,MATERIEL_ELEVAGE,Ngaoundere,Centre,2026-09-01,9,2026,0.0,0.0,0.0,0.33,
S3_reappro_100,MAT003,MATERIEL_ELEVAGE,Nkoabang,Centre,2026-09-01,9,2026,0.0,0.0,0.0,0.13,
S3_reappro_100,MAT003,MATERIEL_ELEVAGE,Nkolbisson,Centre,2026-09-01,9,2026,0.0,0.0,0.0,0.07,
S3_reappro_100,MAT003,MATERIEL_ELEVAGE,Nkongsamba,Littoral,2026-09-01,9,2026,0.0,0.0,0.0,0.13,
S3_reappro_100,MAT003,MATERIEL_ELEVAGE,Village,Littoral,2026-09-01,9,2026,0.0,0.0,0.0,1.04,
S3_reappro_100,MAT004,MATERIEL_ELEVAGE,Ahala,Centre,2026-09-01,9,2026,0.0,0.0,0.0,0.14,
S3_reappro_100,MAT004,MATERIEL_ELEVAGE,Buea,Littoral,2026-09-01,9,2026,0.0,0.0,0.0,0.01,
S3_reappro_100,MAT004,MATERIEL_ELEVAGE,Messassi,Centre,2026-09-01,9,2026,0.0,0.0,0.0,0.1,
S3_reappro_100,MAT004,MATERIEL_ELEVAGE,Village,Littoral,2026-09-01,9,2026,0.0,0.0,0.0,0.04,
S3_reappro_100,MAT005,MATERIEL_ELEVAGE,Ahala,Centre,2026-09-01,9,2026,0.0,0.0,0.0,0.04,
S3_reappro_100,MAT005,MATERIEL_ELEVAGE,Buea,Littoral,2026-09-01,9,2026,0.0,0.0,0.0,0.01,
S3_reappro_100,MAT005,MATERIEL_ELEVAGE,Nkolbisson,Centre,2026-09-01,9,2026,0.0,0.0,0.0,0.01,
S3_reappro_100,MAT006,MATERIEL_ELEVAGE,Ahala,Centre,2026-09-01,9,2026,0.0,0.0,0.0,0.23,
S3_reappro_100,MAT006,MATERIEL_ELEVAGE,Mbouda,Ouest,2026-09-01,9,2026,0.0,0.0,0.0,0.05,
S3_reappro_100,MAT006,MATERIEL_ELEVAGE,Messassi,Centre,2026-09-01,9,2026,0.0,0.0,0.0,0.16,
S3_reappro_100,MAT006,MATERIEL_ELEVAGE,Ndobo,Littoral,2026-09-01,9,2026,0.0,0.0,0.0,0.04,
S3_reappro_100,MAT006,MATERIEL_ELEVAGE,Ngaoundere,Centre,2026-09-01,9,2026,0.0,0.0,0.0,0.05,
S3_reappro_100,MAT006,MATERIEL_ELEVAGE,Nkolbisson,Centre,2026-09-01,9,2026,0.0,0.0,0.0,0.15,
S3_reappro_100,MAT006,MATERIEL_ELEVAGE,Nkongsamba,Littoral,2026-09-01,9,2026,0.0,0.0,0.0,0.04,
S3_reappro_100,MAT007,MATERIEL_ELEVAGE,Ngaoundere,Centre,2026-09-01,9,2026,0.0,0.0,0.0,0.01,
S3_reappro_100,MAT008,MATERIEL_ELEVAGE,Messassi,Centre,2026-09-01,9,2026,0.0,0.0,0.0,0.0,
S3_reappro_100,MAT009,MATERIEL_ELEVAGE,Bertoua,Centre,2026-09-01,9,2026,0.0,0.0,0.0,0.0,
S3_reappro_100,MAT009,MATERIEL_ELEVAGE,Mbouda,Ouest,2026-09-01,9,2026,0.0,0.0,0.0,0.01,
S3_reappro_100,MAT009,MATERIEL_ELEVAGE,Ndobo,Littoral,2026-09-01,9,2026,0.0,0.0,0.0,0.0,
S3_reappro_100,MAT017,ALVEOLES,Messassi,Centre,2026-09-01,9,2026,0.0,0.0,0.0,3.1,
S3_reappro_100,MAT017,ALVEOLES,Ngaoundere,Centre,2026-09-01,9,2026,0.0,0.0,0.0,1.83,
S3_reappro_100,MAT020,MATERIEL_ELEVAGE,Ahala,Centre,2026-09-01,9,2026,0.0,0.0,0.0,0.03,
S3_reappro_100,MAT020,MATERIEL_ELEVAGE,Bertoua,Centre,2026-09-01,9,2026,0.0,0.0,0.0,0.05,
S3_reappro_100,MAT020,MATERIEL_ELEVAGE,Buea,Littoral,2026-09-01,9,2026,0.0,0.0,0.0,0.07,
S3_reappro_100,MAT020,MATERIEL_ELEVAGE,Messassi,Centre,2026-09-01,9,2026,0.0,0.0,0.0,0.1,
S3_reappro_100,MAT020,MATERIEL_ELEVAGE,Ndobo,Littoral,2026-09-01,9,2026,0.0,0.0,0.0,0.12,
S3_reappro_100,MAT020,MATERIEL_ELEVAGE,Ngaoundere,Centre,2026-09-01,9,2026,0.0,0.0,0.0,0.25,
S3_reappro_100,MAT020,MATERIEL_ELEVAGE,Nkolbisson,Centre,2026-09-01,9,2026,0.0,0.0,0.0,0.03,
S3_reappro_100,MAT020,MATERIEL_ELEVAGE,Nkongsamba,Littoral,2026-09-01,9,2026,0.0,0.0,0.0,0.55,
S3_reappro_100,MAT020,MATERIEL_ELEVAGE,Pk11,Littoral,2026-09-01,9,2026,0.0,0.0,0.0,0.1,
S3_reappro_100,MAT020,MATERIEL_ELEVAGE,Village,Littoral,2026-09-01,9,2026,0.0,0.0,0.0,0.1,
S3_reappro_100,MAT039,MATERIEL_ELEVAGE,Ahala,Centre,2026-09-01,9,2026,0.0,0.0,0.0,0.7,
S3_reappro_100,MAT039,MATERIEL_ELEVAGE,Bertoua,Centre,2026-09-01,9,2026,0.0,0.0,0.0,0.94,
S3_reappro_100,MAT039,MATERIEL_ELEVAGE,Mbouda,Ouest,2026-09-01,9,2026,0.0,0.0,0.0,0.23,
S3_reappro_100,MAT039,MATERIEL_ELEVAGE,Ndobo,Littoral,2026-09-01,9,2026,0.0,0.0,0.0,0.23,
S3_reappro_100,MAT039,MATERIEL_ELEVAGE,Nkoabang,Centre,2026-09-01,9,2026,0.0,0.0,0.0,0.47,
S3_reappro_100,MAT039,MATERIEL_ELEVAGE,Pk11,Littoral,2026-09-01,9,2026,0.0,0.0,0.0,0.7,
S3_reappro_100,MAT040,MATERIEL_ELEVAGE,Ahala,Centre,2026-09-01,9,2026,0.0,0.0,0.0,0.08,
S3_reappro_100,MAT040,MATERIEL_ELEVAGE,Messassi,Centre,2026-09-01,9,2026,0.0,0.0,0.0,0.2,
S3_reappro_100,MAT040,MATERIEL_ELEVAGE,Ndobo,Littoral,2026-09-01,9,2026,0.0,0.0,0.0,0.18,
S3_reappro_100,MAT040,MATERIEL_ELEVAGE,Nkolbisson,Centre,2026-09-01,9,2026,0.0,0.0,0.0,0.02,
S3_reappro_100,MAT040,MATERIEL_ELEVAGE,Village,Littoral,2026-09-01,9,2026,0.0,0.0,0.0,0.29,
S3_reappro_100,MAT042,MATERIEL_ELEVAGE,Bertoua,Centre,2026-09-01,9,2026,0.0,0.0,0.0,1.12,
S3_reappro_100,MAT042,MATERIEL_ELEVAGE,Buea,Littoral,2026-09-01,9,2026,0.0,0.0,0.0,0.3,
S3_reappro_100,MAT042,MATERIEL_ELEVAGE,Messassi,Centre,2026-09-01,9,2026,0.0,0.0,0.0,1.97,
S3_reappro_100,MAT042,MATERIEL_ELEVAGE,Ndobo,Littoral,2026-09-01,9,2026,0.0,0.0,0.0,0.12,
S3_reappro_100,MAT042,MATERIEL_ELEVAGE,Nkolbisson,Centre,2026-09-01,9,2026,0.0,0.0,0.0,2.25,
S3_reappro_100,MAT042,MATERIEL_ELEVAGE,Nkongsamba,Littoral,2026-09-01,9,2026,0.0,0.0,0.0,0.32,
S3_reappro_100,MAT049,MATERIEL_ELEVAGE,Bertoua,Centre,2026-09-01,9,2026,0.0,0.0,0.0,0.18,
S3_reappro_100,MAT049,MATERIEL_ELEVAGE,Nkongsamba,Littoral,2026-09-01,9,2026,0.0,0.0,0.0,0.04,
S3_reappro_100,MAT049,MATERIEL_ELEVAGE,Pk11,Littoral,2026-09-01,9,2026,0.0,0.0,0.0,0.04,
S3_reappro_100,MAT053,MATERIEL_ELEVAGE,Bertoua,Centre,2026-09-01,9,2026,0.0,0.0,0.0,0.03,
S3_reappro_100,MAT054,MATERIEL_ELEVAGE,Ahala,Centre,2026-09-01,9,2026,0.0,0.0,0.0,0.02,
S3_reappro_100,MAT054,MATERIEL_ELEVAGE,Messassi,Centre,2026-09-01,9,2026,0.0,0.0,0.0,0.04,
S3_reappro_100,MAT055,MATERIEL_ELEVAGE,Ahala,Centre,2026-09-01,9,2026,0.0,0.0,0.0,0.01,
S3_reappro_100,MAT060,MATERIEL_ELEVAGE,Bertoua,Centre,2026-09-01,9,2026,0.0,0.0,0.0,0.12,
S3_reappro_100,MAT073,MATERIEL_ELEVAGE,Messassi,Centre,2026-09-01,9,2026,0.0,0.0,0.0,0.81,
S3_reappro_100,MAT073,MATERIEL_ELEVAGE,Ndobo,Littoral,2026-09-01,9,2026,0.0,0.0,0.0,1.35,
S3_reappro_100,MAT073,MATERIEL_ELEVAGE,Nkongsamba,Littoral,2026-09-01,9,2026,0.0,0.0,0.0,0.05,
S3_reappro_100,P102N2,PREMIX,Ahala,Centre,2026-09-01,9,2026,0.58,23.0,52174.0,1.2,
S3_reappro_100,P102N2,PREMIX,Bertoua,Centre,2026-09-01,9,2026,0.33,13.0,52000.0,0.68,
S3_reappro_100,P102N2,PREMIX,Famla,Ouest,2026-09-01,9,2026,0.33,13.0,52000.0,0.68,
S3_reappro_100,P102N2,PREMIX,Mbouda,Ouest,2026-09-01,9,2026,0.05,2.0,52000.0,0.1,
S3_reappro_100,P102N2,PREMIX,Messassi,Centre,2026-09-01,9,2026,0.47,19.0,52211.0,0.99,
S3_reappro_100,P102N2,PREMIX,Ndobo,Littoral,2026-09-01,9,2026,0.7,28.0,52071.0,1.46,
S3_reappro_100,P102N2,PREMIX,Ngaoundere,Centre,2026-09-01,9,2026,0.2,8.0,53000.0,0.42,
S3_reappro_100,P102N2,PREMIX,Nkoabang,Centre,2026-09-01,9,2026,0.1,4.0,52000.0,0.21,
S3_reappro_100,P102N2,PREMIX,Nkolbisson,Centre,2026-09-01,9,2026,0.05,2.0,54000.0,0.11,
S3_reappro_100,P102N2,PREMIX,Nkongsamba,Littoral,2026-09-01,9,2026,0.23,9.0,52222.0,0.47,
S3_reappro_100,P102N2,PREMIX,Pk11,Littoral,2026-09-01,9,2026,0.03,1.0,52000.0,0.05,
S3_reappro_100,P102N2,PREMIX,Village,Littoral,2026-09-01,9,2026,0.25,10.0,52200.0,0.52,
S3_reappro_100,P104N2,PREMIX,Ahala,Centre,2026-09-01,9,2026,0.1,4.0,50500.0,0.2,
S3_reappro_100,P104N2,PREMIX,Bertoua,Centre,2026-09-01,9,2026,0.08,3.0,50000.0,0.15,
S3_reappro_100,P104N2,PREMIX,Famla,Ouest,2026-09-01,9,2026,1.95,78.0,50077.0,3.91,
S3_reappro_100,P104N2,PREMIX,Ndobo,Littoral,2026-09-01,9,2026,0.03,1.0,50000.0,0.05,
S3_reappro_100,P104N2,PREMIX,Nkongsamba,Littoral,2026-09-01,9,2026,0.1,4.0,50000.0,0.2,
S3_reappro_100,P104N2,PREMIX,Pk11,Littoral,2026-09-01,9,2026,0.22,9.0,50000.0,0.45,
S3_reappro_100,P104N2,PREMIX,Village,Littoral,2026-09-01,9,2026,0.03,1.0,52000.0,0.05,
S3_reappro_100,P105,INGREDIENTS,Ahala,Centre,2026-09-01,9,2026,2.12,85.0,36378.0,3.09,
S3_reappro_100,P105,INGREDIENTS,Bertoua,Centre,2026-09-01,9,2026,1.25,50.0,36955.0,1.85,
S3_reappro_100,P105,INGREDIENTS,Buea,Littoral,2026-09-01,9,2026,1.35,54.0,36181.0,1.95,
S3_reappro_100,P105,INGREDIENTS,Djeleng,Ouest,2026-09-01,9,2026,2.05,82.0,36293.0,2.98,
S3_reappro_100,P105,INGREDIENTS,Famla,Ouest,2026-09-01,9,2026,7.25,290.0,36264.0,10.52,
S3_reappro_100,P105,INGREDIENTS,Mbouda,Ouest,2026-09-01,9,2026,2.67,107.0,36250.0,3.88,
S3_reappro_100,P105,INGREDIENTS,Messassi,Centre,2026-09-01,9,2026,5.0,200.0,36423.0,7.28,
S3_reappro_100,P105,INGREDIENTS,Ndobo,Littoral,2026-09-01,9,2026,3.52,141.0,36112.0,5.09,
S3_reappro_100,P105,INGREDIENTS,Ngaoundere,Centre,2026-09-01,9,2026,1.48,59.0,37280.0,2.2,
S3_reappro_100,P105,INGREDIENTS,Nkoabang,Centre,2026-09-01,9,2026,1.18,47.0,31629.0,1.49,
S3_reappro_100,P105,INGREDIENTS,Nkolbisson,Centre,2026-09-01,9,2026,1.15,46.0,36680.0,1.69,
S3_reappro_100,P105,INGREDIENTS,Nkongsamba,Littoral,2026-09-01,9,2026,2.62,105.0,36250.0,3.81,
S3_reappro_100,P105,INGREDIENTS,Pk11,Littoral,2026-09-01,9,2026,1.35,54.0,36257.0,1.96,
S3_reappro_100,P105,INGREDIENTS,Village,Littoral,2026-09-01,9,2026,1.6,64.0,36093.0,2.31,
S3_reappro_100,P1051,INGREDIENTS,Ahala,Centre,2026-09-01,9,2026,0.07,73.0,1548.0,0.11,
S3_reappro_100,P1051,INGREDIENTS,Bertoua,Centre,2026-09-01,9,2026,0.11,106.0,1519.0,0.16,
S3_reappro_100,P1051,INGREDIENTS,Buea,Littoral,2026-09-01,9,2026,0.65,646.0,1323.0,0.85,
S3_reappro_100,P1051,INGREDIENTS,Famla,Ouest,2026-09-01,9,2026,0.3,300.0,1520.0,0.46,
S3_reappro_100,P1051,INGREDIENTS,Mbouda,Ouest,2026-09-01,9,2026,0.45,450.0,1520.0,0.68,
S3_reappro_100,P1051,INGREDIENTS,Messassi,Centre,2026-09-01,9,2026,0.04,35.0,1560.0,0.05,
S3_reappro_100,P1051,INGREDIENTS,Ndobo,Littoral,2026-09-01,9,2026,0.11,114.0,1531.0,0.17,
S3_reappro_100,P1051,INGREDIENTS,Ngaoundere,Centre,2026-09-01,9,2026,0.19,188.0,1384.0,0.26,
S3_reappro_100,P1051,INGREDIENTS,Nkoabang,Centre,2026-09-01,9,2026,0.01,10.0,1560.0,0.02,
S3_reappro_100,P1051,INGREDIENTS,Nkolbisson,Centre,2026-09-01,9,2026,0.03,33.0,1560.0,0.05,
S3_reappro_100,P1051,INGREDIENTS,Nkongsamba,Littoral,2026-09-01,9,2026,0.14,137.0,1524.0,0.21,
S3_reappro_100,P1051,INGREDIENTS,Pk11,Littoral,2026-09-01,9,2026,0.1,95.0,1529.0,0.15,
S3_reappro_100,P1053,INGREDIENTS,Ahala,Centre,2026-09-01,9,2026,0.03,6.0,7449.0,0.04,
S3_reappro_100,P1053,INGREDIENTS,Bertoua,Centre,2026-09-01,9,2026,0.19,38.0,7500.0,0.28,
S3_reappro_100,P1053,INGREDIENTS,Messassi,Centre,2026-09-01,9,2026,0.32,63.0,7529.0,0.47,
S3_reappro_100,P1053,INGREDIENTS,Ndobo,Littoral,2026-09-01,9,2026,0.09,17.0,7498.0,0.13,
S3_reappro_100,P1053,INGREDIENTS,Ngaoundere,Centre,2026-09-01,9,2026,0.01,3.0,6698.0,0.02,
S3_reappro_100,P1053,INGREDIENTS,Nkoabang,Centre,2026-09-01,9,2026,0.03,5.0,7548.0,0.04,
S3_reappro_100,P1053,INGREDIENTS,Nkolbisson,Centre,2026-09-01,9,2026,0.1,20.0,7538.0,0.15,
S3_reappro_100,P1053,INGREDIENTS,Nkongsamba,Littoral,2026-09-01,9,2026,0.07,13.0,7407.0,0.1,
S3_reappro_100,P1053,INGREDIENTS,Pk11,Littoral,2026-09-01,9,2026,0.1,20.0,7498.0,0.15,
S3_reappro_100,P1053,INGREDIENTS,Village,Littoral,2026-09-01,9,2026,0.07,14.0,7498.0,0.1,
S3_reappro_100,P109,PREMIX,Famla,Ouest,2026-09-01,9,2026,0.12,5.0,17000.0,0.09,
S3_reappro_100,T102,TOURTEAUX,Ahala,Centre,2026-09-01,9,2026,272.65,5453.0,24765.0,135.04,
S3_reappro_100,T102,TOURTEAUX,Bertoua,Centre,2026-09-01,9,2026,206.25,4125.0,25628.0,105.71,
S3_reappro_100,T102,TOURTEAUX,Buea,Littoral,2026-09-01,9,2026,152.2,3044.0,23615.0,71.88,
S3_reappro_100,T102,TOURTEAUX,Djeleng,Ouest,2026-09-01,9,2026,421.05,8421.0,23566.0,198.45,
S3_reappro_100,T102,TOURTEAUX,Famla,Ouest,2026-09-01,9,2026,1336.25,26725.0,24434.0,652.99,
S3_reappro_100,T102,TOURTEAUX,Mbouda,Ouest,2026-09-01,9,2026,216.9,4338.0,24422.0,105.94,
S3_reappro_100,T102,TOURTEAUX,Messassi,Centre,2026-09-01,9,2026,395.2,7904.0,23970.0,189.46,
S3_reappro_100,T102,TOURTEAUX,Ndobo,Littoral,2026-09-01,9,2026,556.4,11128.0,22813.0,253.87,
S3_reappro_100,T102,TOURTEAUX,Ngaoundere,Centre,2026-09-01,9,2026,58.7,1174.0,26086.0,30.62,
S3_reappro_100,T102,TOURTEAUX,Nkoabang,Centre,2026-09-01,9,2026,265.35,5307.0,24017.0,127.46,
S3_reappro_100,T102,TOURTEAUX,Nkolbisson,Centre,2026-09-01,9,2026,64.3,1286.0,25117.0,32.3,
S3_reappro_100,T102,TOURTEAUX,Nkongsamba,Littoral,2026-09-01,9,2026,171.2,3424.0,24428.0,83.64,
S3_reappro_100,T102,TOURTEAUX,Pk11,Littoral,2026-09-01,9,2026,229.35,4587.0,22551.0,103.44,
S3_reappro_100,T102,TOURTEAUX,Village,Littoral,2026-09-01,9,2026,305.6,6112.0,22167.0,135.48,
S3_reappro_100,T1021,TOURTEAUX,Messassi,Centre,2026-09-01,9,2026,0.07,74.0,450.0,0.03,
S3_reappro_100,T1021,TOURTEAUX,Ndobo,Littoral,2026-09-01,9,2026,0.38,381.0,434.0,0.17,
S3_reappro_100,T1023,TOURTEAUX,Bertoua,Centre,2026-09-01,9,2026,0.12,25.0,2289.0,0.06,
S3_reappro_100,T1023,TOURTEAUX,Famla,Ouest,2026-09-01,9,2026,0.02,4.0,2055.0,0.01,
S3_reappro_100,T1023,TOURTEAUX,Messassi,Centre,2026-09-01,9,2026,0.04,9.0,2091.0,0.02,
S3_reappro_100,T1023,TOURTEAUX,Ndobo,Littoral,2026-09-01,9,2026,0.01,3.0,2099.0,0.01,
S3_reappro_100,T1023,TOURTEAUX,Ngaoundere,Centre,2026-09-01,9,2026,0.83,166.0,2389.0,0.4,
S3_reappro_100,T1023,TOURTEAUX,Nkolbisson,Centre,2026-09-01,9,2026,0.09,17.0,2179.0,0.04,
S3_reappro_100,T1023,TOURTEAUX,Nkongsamba,Littoral,2026-09-01,9,2026,0.01,3.0,2106.0,0.01,
S3_reappro_100,T1023,TOURTEAUX,Pk11,Littoral,2026-09-01,9,2026,0.03,5.0,2099.0,0.01,
S3_reappro_100,T1024,TOURTEAUX,Ngaoundere,Centre,2026-09-01,9,2026,0.03,1.0,11545.0,0.01,
S3_reappro_100,V300,COMPLEMENT_ALIMENTAIRE,Ahala,Centre,2026-09-01,9,2026,0.02,16.0,2812.0,0.04,
S3_reappro_100,V300,COMPLEMENT_ALIMENTAIRE,Bertoua,Centre,2026-09-01,9,2026,0.03,34.0,2632.0,0.09,
S3_reappro_100,V300,COMPLEMENT_ALIMENTAIRE,Buea,Littoral,2026-09-01,9,2026,0.03,29.0,2500.0,0.07,
S3_reappro_100,V300,COMPLEMENT_ALIMENTAIRE,Djeleng,Ouest,2026-09-01,9,2026,0.06,60.0,2517.0,0.15,
S3_reappro_100,V300,COMPLEMENT_ALIMENTAIRE,Famla,Ouest,2026-09-01,9,2026,0.1,95.0,2526.0,0.24,
S3_reappro_100,V300,COMPLEMENT_ALIMENTAIRE,Messassi,Centre,2026-09-01,9,2026,0.06,60.0,2725.0,0.16,
S3_reappro_100,V300,COMPLEMENT_ALIMENTAIRE,Ndobo,Littoral,2026-09-01,9,2026,0.03,30.0,2600.0,0.08,
S3_reappro_100,V300,COMPLEMENT_ALIMENTAIRE,Ngaoundere,Centre,2026-09-01,9,2026,0.01,8.0,3500.0,0.03,
S3_reappro_100,V300,COMPLEMENT_ALIMENTAIRE,Nkoabang,Centre,2026-09-01,9,2026,0.06,58.0,2552.0,0.15,
S3_reappro_100,V300,COMPLEMENT_ALIMENTAIRE,Nkolbisson,Centre,2026-09-01,9,2026,0.01,7.0,3000.0,0.02,
S3_reappro_100,V300,COMPLEMENT_ALIMENTAIRE,Nkongsamba,Littoral,2026-09-01,9,2026,0.03,28.0,2500.0,0.07,
S3_reappro_100,V300,COMPLEMENT_ALIMENTAIRE,Pk11,Littoral,2026-09-01,9,2026,0.03,26.0,2712.0,0.07,
S3_reappro_100,V300,COMPLEMENT_ALIMENTAIRE,Village,Littoral,2026-09-01,9,2026,0.03,29.0,2569.0,0.07,
S3_reappro_100,MAT003,MATERIEL_ELEVAGE,SPC Baf-Chefferie,Ouest,2026-10-01,10,2026,0.0,0.0,0.0,3.22,forfait_spc_2026_saisonnalite
S3_reappro_100,MAT003,MATERIEL_ELEVAGE,SPC Baf-Chefferie,Ouest,2026-11-01,11,2026,0.0,0.0,0.0,1.1,forfait_spc_2026_saisonnalite
S3_reappro_100,MAT003,MATERIEL_ELEVAGE,SPC Baf-Chefferie,Ouest,2026-12-01,12,2026,0.0,0.0,0.0,0.92,forfait_spc_2026_saisonnalite
S3_reappro_100,MAT003,MATERIEL_ELEVAGE,SPC Ndere,Centre,2026-10-01,10,2026,0.0,0.0,0.0,0.1,forfait_spc_2026_saisonnalite
S3_reappro_100,MAT003,MATERIEL_ELEVAGE,SPC Ndere,Centre,2026-11-01,11,2026,0.0,0.0,0.0,0.04,forfait_spc_2026_saisonnalite
S3_reappro_100,MAT003,MATERIEL_ELEVAGE,SPC Ndere,Centre,2026-12-01,12,2026,0.0,0.0,0.0,0.03,forfait_spc_2026_saisonnalite
S3_reappro_100,MAT003,MATERIEL_ELEVAGE,SPC Kye-Ossi,Centre,2026-10-01,10,2026,0.0,0.0,0.0,0.23,forfait_spc_2026_saisonnalite
S3_reappro_100,MAT003,MATERIEL_ELEVAGE,SPC Kye-Ossi,Centre,2026-11-01,11,2026,0.0,0.0,0.0,0.08,forfait_spc_2026_saisonnalite
S3_reappro_100,MAT003,MATERIEL_ELEVAGE,SPC Kye-Ossi,Centre,2026-12-01,12,2026,0.0,0.0,0.0,0.07,forfait_spc_2026_saisonnalite
S3_reappro_100,MAT003,MATERIEL_ELEVAGE,SPC DLA-Beri,Littoral,2026-10-01,10,2026,0.0,0.0,0.0,0.17,forfait_spc_2026_saisonnalite
S3_reappro_100,MAT003,MATERIEL_ELEVAGE,SPC DLA-Beri,Littoral,2026-11-01,11,2026,0.0,0.0,0.0,0.06,forfait_spc_2026_saisonnalite
S3_reappro_100,MAT003,MATERIEL_ELEVAGE,SPC DLA-Beri,Littoral,2026-12-01,12,2026,0.0,0.0,0.0,0.05,forfait_spc_2026_saisonnalite
S3_reappro_100,MAT003,MATERIEL_ELEVAGE,SPC Yassa,Littoral,2026-10-01,10,2026,0.0,0.0,0.0,0.24,forfait_spc_2026_saisonnalite
S3_reappro_100,MAT003,MATERIEL_ELEVAGE,SPC Yassa,Littoral,2026-11-01,11,2026,0.0,0.0,0.0,0.08,forfait_spc_2026_saisonnalite
S3_reappro_100,MAT003,MATERIEL_ELEVAGE,SPC Yassa,Littoral,2026-12-01,12,2026,0.0,0.0,0.0,0.07,forfait_spc_2026_saisonnalite
S3_reappro_100,MAT003,MATERIEL_ELEVAGE,SPC Village,Littoral,2026-10-01,10,2026,0.0,0.0,0.0,0.04,forfait_spc_2026_saisonnalite
S3_reappro_100,MAT003,MATERIEL_ELEVAGE,SPC Village,Littoral,2026-11-01,11,2026,0.0,0.0,0.0,0.01,forfait_spc_2026_saisonnalite
S3_reappro_100,MAT003,MATERIEL_ELEVAGE,SPC Village,Littoral,2026-12-01,12,2026,0.0,0.0,0.0,0.01,forfait_spc_2026_saisonnalite
S3_reappro_100,MAT003,MATERIEL_ELEVAGE,SPC Dschang,Ouest,2026-10-01,10,2026,0.0,0.0,0.0,0.03,forfait_spc_2026_saisonnalite
S3_reappro_100,MAT003,MATERIEL_ELEVAGE,SPC Dschang,Ouest,2026-11-01,11,2026,0.0,0.0,0.0,0.01,forfait_spc_2026_saisonnalite
S3_reappro_100,MAT003,MATERIEL_ELEVAGE,SPC Dschang,Ouest,2026-12-01,12,2026,0.0,0.0,0.0,0.01,forfait_spc_2026_saisonnalite
S3_reappro_100,MAT003,MATERIEL_ELEVAGE,SPC Buea,Littoral,2026-10-01,10,2026,0.0,0.0,0.0,0.01,forfait_spc_2026_saisonnalite
S3_reappro_100,MAT003,MATERIEL_ELEVAGE,SPC Buea,Littoral,2026-11-01,11,2026,0.0,0.0,0.0,0.0,forfait_spc_2026_saisonnalite
S3_reappro_100,MAT003,MATERIEL_ELEVAGE,SPC Buea,Littoral,2026-12-01,12,2026,0.0,0.0,0.0,0.0,forfait_spc_2026_saisonnalite
S3_reappro_100,MAT003,MATERIEL_ELEVAGE,SPC PK15,Littoral,2026-10-01,10,2026,0.0,0.0,0.0,0.05,forfait_pk15_realiste
S3_reappro_100,MAT003,MATERIEL_ELEVAGE,SPC PK15,Littoral,2026-11-01,11,2026,0.0,0.0,0.0,0.02,forfait_pk15_realiste
S3_reappro_100,MAT003,MATERIEL_ELEVAGE,SPC PK15,Littoral,2026-12-01,12,2026,0.0,0.0,0.0,0.01,forfait_pk15_realiste
