scenario,ref,family,agence,region,date,month,year,tonnes,sacs_50,prix_ttc_sac,ca_m_fcfa
S3_reappro_100,ALAP25,ALIMENT_COMPLET,Ahala,Centre,2026-09-01,9,2026,0.37,7.5,0.0,0.14
S3_reappro_100,ALAP25,ALIMENT_COMPLET,Bertoua,Centre,2026-09-01,9,2026,0.06,1.2,0.0,0.03
S3_reappro_100,ALAP25,ALIMENT_COMPLET,Messassi,Centre,2026-09-01,9,2026,1.17,23.4,0.0,0.45
S3_reappro_100,ALAP25,ALIMENT_COMPLET,Nkoabang,Centre,2026-09-01,9,2026,0.17,3.5,0.0,0.07
S3_reappro_100,ALAP25,ALIMENT_COMPLET,Nkolbisson,Centre,2026-09-01,9,2026,0.29,5.8,0.0,0.11
S3_reappro_100,CB100,ALIMENT_COMPLET,Ahala,Centre,2026-09-01,9,2026,1.65,32.9,42000.0,1.32
S3_reappro_100,CB100,ALIMENT_COMPLET,Bertoua,Centre,2026-09-01,9,2026,1.56,31.2,42000.0,1.27
S3_reappro_100,CB100,ALIMENT_COMPLET,Messassi,Centre,2026-09-01,9,2026,4.22,84.5,42000.0,3.4
S3_reappro_100,CB100,ALIMENT_COMPLET,Ngaoundere,Centre,2026-09-01,9,2026,2.2,44.0,42000.0,1.82
S3_reappro_100,CB100,ALIMENT_COMPLET,Nkoabang,Centre,2026-09-01,9,2026,1.23,24.6,42000.0,0.99
S3_reappro_100,CB100,ALIMENT_COMPLET,Nkolbisson,Centre,2026-09-01,9,2026,1.06,21.2,42000.0,0.86
S3_reappro_100,CB101,ALIMENT_COMPLET,Messassi,Centre,2026-09-01,9,2026,0.01,0.2,0.0,0.01
S3_reappro_100,CB101,ALIMENT_COMPLET,Ngaoundere,Centre,2026-09-01,9,2026,0.07,1.5,0.0,0.06
S3_reappro_100,CB200,ALIMENT_COMPLET,Ahala,Centre,2026-09-01,9,2026,2.74,54.8,40000.0,2.1
S3_reappro_100,CB200,ALIMENT_COMPLET,Bertoua,Centre,2026-09-01,9,2026,0.46,9.1,40000.0,0.35
S3_reappro_100,CB200,ALIMENT_COMPLET,Messassi,Centre,2026-09-01,9,2026,9.76,195.2,40000.0,7.47
S3_reappro_100,CB200,ALIMENT_COMPLET,Ngaoundere,Centre,2026-09-01,9,2026,0.05,1.0,40000.0,0.04
S3_reappro_100,CB200,ALIMENT_COMPLET,Nkoabang,Centre,2026-09-01,9,2026,1.87,37.5,40000.0,1.43
S3_reappro_100,CB200,ALIMENT_COMPLET,Nkolbisson,Centre,2026-09-01,9,2026,0.21,4.1,40000.0,0.16
S3_reappro_100,CB201,ALIMENT_COMPLET,Messassi,Centre,2026-09-01,9,2026,0.02,0.4,0.0,0.02
S3_reappro_100,ALAP25,ALIMENT_COMPLET,Ahala,Centre,2026-10-01,10,2026,0.32,6.5,0.0,0.12
S3_reappro_100,ALAP25,ALIMENT_COMPLET,Bertoua,Centre,2026-10-01,10,2026,0.05,1.0,0.0,0.02
S3_reappro_100,ALAP25,ALIMENT_COMPLET,Messassi,Centre,2026-10-01,10,2026,1.01,20.3,0.0,0.39
S3_reappro_100,ALAP25,ALIMENT_COMPLET,Nkoabang,Centre,2026-10-01,10,2026,0.15,3.0,0.0,0.06
S3_reappro_100,ALAP25,ALIMENT_COMPLET,Nkolbisson,Centre,2026-10-01,10,2026,0.25,5.0,0.0,0.1
S3_reappro_100,CB100,ALIMENT_COMPLET,Ahala,Centre,2026-10-01,10,2026,1.43,28.6,42000.0,1.15
S3_reappro_100,CB100,ALIMENT_COMPLET,Bertoua,Centre,2026-10-01,10,2026,1.35,27.1,42000.0,1.1
S3_reappro_100,CB100,ALIMENT_COMPLET,Messassi,Centre,2026-10-01,10,2026,3.66,73.3,42000.0,2.95
S3_reappro_100,CB100,ALIMENT_COMPLET,Ngaoundere,Centre,2026-10-01,10,2026,1.91,38.1,42000.0,1.57
S3_reappro_100,CB100,ALIMENT_COMPLET,Nkoabang,Centre,2026-10-01,10,2026,1.07,21.3,42000.0,0.86
S3_reappro_100,CB100,ALIMENT_COMPLET,Nkolbisson,Centre,2026-10-01,10,2026,0.92,18.4,42000.0,0.74
S3_reappro_100,CB101,ALIMENT_COMPLET,Messassi,Centre,2026-10-01,10,2026,0.01,0.2,0.0,0.01
S3_reappro_100,CB101,ALIMENT_COMPLET,Ngaoundere,Centre,2026-10-01,10,2026,0.06,1.3,0.0,0.05
S3_reappro_100,CB200,ALIMENT_COMPLET,Ahala,Centre,2026-10-01,10,2026,2.38,47.5,40000.0,1.82
S3_reappro_100,CB200,ALIMENT_COMPLET,Bertoua,Centre,2026-10-01,10,2026,0.4,7.9,40000.0,0.31
S3_reappro_100,CB200,ALIMENT_COMPLET,Messassi,Centre,2026-10-01,10,2026,8.47,169.3,40000.0,6.47
S3_reappro_100,CB200,ALIMENT_COMPLET,Ngaoundere,Centre,2026-10-01,10,2026,0.04,0.9,40000.0,0.03
S3_reappro_100,CB200,ALIMENT_COMPLET,Nkoabang,Centre,2026-10-01,10,2026,1.62,32.5,40000.0,1.24
S3_reappro_100,CB200,ALIMENT_COMPLET,Nkolbisson,Centre,2026-10-01,10,2026,0.18,3.6,40000.0,0.14
S3_reappro_100,CB201,ALIMENT_COMPLET,Messassi,Centre,2026-10-01,10,2026,0.02,0.4,0.0,0.01
S3_reappro_100,ALAP25,ALIMENT_COMPLET,Ahala,Centre,2026-11-01,11,2026,0.64,12.8,0.0,0.24
S3_reappro_100,ALAP25,ALIMENT_COMPLET,Bertoua,Centre,2026-11-01,11,2026,0.1,2.0,0.0,0.04
S3_reappro_100,ALAP25,ALIMENT_COMPLET,Messassi,Centre,2026-11-01,11,2026,2.0,40.0,0.0,0.76
S3_reappro_100,ALAP25,ALIMENT_COMPLET,Nkoabang,Centre,2026-11-01,11,2026,0.3,5.9,0.0,0.11
S3_reappro_100,ALAP25,ALIMENT_COMPLET,Nkolbisson,Centre,2026-11-01,11,2026,0.49,9.9,0.0,0.19
S3_reappro_100,CB100,ALIMENT_COMPLET,Ahala,Centre,2026-11-01,11,2026,2.82,56.3,42000.0,2.27
S3_reappro_100,CB100,ALIMENT_COMPLET,Bertoua,Centre,2026-11-01,11,2026,2.67,53.4,42000.0,2.17
S3_reappro_100,CB100,ALIMENT_COMPLET,Messassi,Centre,2026-11-01,11,2026,7.22,144.5,42000.0,5.82
S3_reappro_100,CB100,ALIMENT_COMPLET,Ngaoundere,Centre,2026-11-01,11,2026,3.76,75.2,42000.0,3.1
S3_reappro_100,CB100,ALIMENT_COMPLET,Nkoabang,Centre,2026-11-01,11,2026,2.1,42.1,42000.0,1.69
S3_reappro_100,CB100,ALIMENT_COMPLET,Nkolbisson,Centre,2026-11-01,11,2026,1.81,36.2,42000.0,1.46
S3_reappro_100,CB101,ALIMENT_COMPLET,Messassi,Centre,2026-11-01,11,2026,0.01,0.3,0.0,0.01
S3_reappro_100,CB101,ALIMENT_COMPLET,Ngaoundere,Centre,2026-11-01,11,2026,0.13,2.5,0.0,0.11
S3_reappro_100,CB200,ALIMENT_COMPLET,Ahala,Centre,2026-11-01,11,2026,4.69,93.8,40000.0,3.58
S3_reappro_100,CB200,ALIMENT_COMPLET,Bertoua,Centre,2026-11-01,11,2026,0.78,15.6,40000.0,0.6
S3_reappro_100,CB200,ALIMENT_COMPLET,Messassi,Centre,2026-11-01,11,2026,16.69,333.9,40000.0,12.77
S3_reappro_100,CB200,ALIMENT_COMPLET,Ngaoundere,Centre,2026-11-01,11,2026,0.09,1.7,40000.0,0.07
S3_reappro_100,CB200,ALIMENT_COMPLET,Nkoabang,Centre,2026-11-01,11,2026,3.2,64.1,40000.0,2.45
S3_reappro_100,CB200,ALIMENT_COMPLET,Nkolbisson,Centre,2026-11-01,11,2026,0.35,7.1,40000.0,0.27
S3_reappro_100,CB201,ALIMENT_COMPLET,Messassi,Centre,2026-11-01,11,2026,0.04,0.7,0.0,0.03
S3_reappro_100,ALAP25,ALIMENT_COMPLET,Ahala,Centre,2026-12-01,12,2026,0.72,14.3,0.0,0.27
S3_reappro_100,ALAP25,ALIMENT_COMPLET,Bertoua,Centre,2026-12-01,12,2026,0.11,2.3,0.0,0.05
S3_reappro_100,ALAP25,ALIMENT_COMPLET,Messassi,Centre,2026-12-01,12,2026,2.24,44.8,0.0,0.86
S3_reappro_100,ALAP25,ALIMENT_COMPLET,Nkoabang,Centre,2026-12-01,12,2026,0.33,6.6,0.0,0.13
S3_reappro_100,ALAP25,ALIMENT_COMPLET,Nkolbisson,Centre,2026-12-01,12,2026,0.55,11.1,0.0,0.21
S3_reappro_100,CB100,ALIMENT_COMPLET,Ahala,Centre,2026-12-01,12,2026,3.15,63.1,42000.0,2.54
S3_reappro_100,CB100,ALIMENT_COMPLET,Bertoua,Centre,2026-12-01,12,2026,2.99,59.8,42000.0,2.43
S3_reappro_100,CB100,ALIMENT_COMPLET,Messassi,Centre,2026-12-01,12,2026,8.09,161.8,42000.0,6.52
S3_reappro_100,CB100,ALIMENT_COMPLET,Ngaoundere,Centre,2026-12-01,12,2026,4.21,84.3,42000.0,3.48
S3_reappro_100,CB100,ALIMENT_COMPLET,Nkoabang,Centre,2026-12-01,12,2026,2.36,47.1,42000.0,1.89
S3_reappro_100,CB100,ALIMENT_COMPLET,Nkolbisson,Centre,2026-12-01,12,2026,2.03,40.6,42000.0,1.64
S3_reappro_100,CB101,ALIMENT_COMPLET,Messassi,Centre,2026-12-01,12,2026,0.02,0.3,0.0,0.01
S3_reappro_100,CB101,ALIMENT_COMPLET,Ngaoundere,Centre,2026-12-01,12,2026,0.14,2.8,0.0,0.12
S3_reappro_100,CB200,ALIMENT_COMPLET,Ahala,Centre,2026-12-01,12,2026,5.25,105.0,40000.0,4.01
S3_reappro_100,CB200,ALIMENT_COMPLET,Bertoua,Centre,2026-12-01,12,2026,0.87,17.5,40000.0,0.68
S3_reappro_100,CB200,ALIMENT_COMPLET,Messassi,Centre,2026-12-01,12,2026,18.7,373.9,40000.0,14.3
S3_reappro_100,CB200,ALIMENT_COMPLET,Ngaoundere,Centre,2026-12-01,12,2026,0.1,1.9,40000.0,0.08
S3_reappro_100,CB200,ALIMENT_COMPLET,Nkoabang,Centre,2026-12-01,12,2026,3.59,71.7,40000.0,2.74
S3_reappro_100,CB200,ALIMENT_COMPLET,Nkolbisson,Centre,2026-12-01,12,2026,0.4,7.9,40000.0,0.31
S3_reappro_100,CB201,ALIMENT_COMPLET,Messassi,Centre,2026-12-01,12,2026,0.04,0.8,0.0,0.03
S3_reappro_100,ALAP25,ALIMENT_COMPLET,Ndobo,Littoral,2026-09-01,9,2026,0.01,0.1,0.0,0.0
S3_reappro_100,ALAP25,ALIMENT_COMPLET,Nkongsamba,Littoral,2026-09-01,9,2026,0.01,0.1,0.0,0.0
S3_reappro_100,ALAP25,ALIMENT_COMPLET,Pk11,Littoral,2026-09-01,9,2026,0.03,0.6,0.0,0.01
S3_reappro_100,ALAP25,ALIMENT_COMPLET,Village,Littoral,2026-09-01,9,2026,0.14,2.8,0.0,0.06
S3_reappro_100,CB100,ALIMENT_COMPLET,Buea,Littoral,2026-09-01,9,2026,8.08,161.5,42000.0,6.71
S3_reappro_100,CB100,ALIMENT_COMPLET,Ndobo,Littoral,2026-09-01,9,2026,10.5,210.1,42000.0,8.75
S3_reappro_100,CB100,ALIMENT_COMPLET,Nkongsamba,Littoral,2026-09-01,9,2026,6.05,120.9,42000.0,5.02
S3_reappro_100,CB100,ALIMENT_COMPLET,Pk11,Littoral,2026-09-01,9,2026,2.8,56.0,42000.0,2.33
S3_reappro_100,CB100,ALIMENT_COMPLET,Village,Littoral,2026-09-01,9,2026,9.81,196.2,42000.0,8.15
S3_reappro_100,CB101,ALIMENT_COMPLET,Ndobo,Littoral,2026-09-01,9,2026,0.03,0.5,0.0,0.02
S3_reappro_100,CB101,ALIMENT_COMPLET,Nkongsamba,Littoral,2026-09-01,9,2026,0.21,4.1,0.0,0.18
S3_reappro_100,CB101,ALIMENT_COMPLET,Village,Littoral,2026-09-01,9,2026,0.07,1.3,0.0,0.06
S3_reappro_100,CB200,ALIMENT_COMPLET,Buea,Littoral,2026-09-01,9,2026,2.98,59.6,40000.0,2.35
S3_reappro_100,CB200,ALIMENT_COMPLET,Ndobo,Littoral,2026-09-01,9,2026,9.44,188.7,40000.0,7.46
S3_reappro_100,CB200,ALIMENT_COMPLET,Nkongsamba,Littoral,2026-09-01,9,2026,2.39,47.8,40000.0,1.89
S3_reappro_100,CB200,ALIMENT_COMPLET,Pk11,Littoral,2026-09-01,9,2026,0.3,6.0,40000.0,0.24
S3_reappro_100,CB200,ALIMENT_COMPLET,Village,Littoral,2026-09-01,9,2026,7.77,155.4,40000.0,6.14
S3_reappro_100,CB201,ALIMENT_COMPLET,Ndobo,Littoral,2026-09-01,9,2026,0.05,1.0,0.0,0.04
S3_reappro_100,CB201,ALIMENT_COMPLET,Nkongsamba,Littoral,2026-09-01,9,2026,0.17,3.5,0.0,0.14
S3_reappro_100,CB201,ALIMENT_COMPLET,Pk11,Littoral,2026-09-01,9,2026,0.0,0.0,0.0,0.0
S3_reappro_100,CB201,ALIMENT_COMPLET,Village,Littoral,2026-09-01,9,2026,0.02,0.4,0.0,0.02
S3_reappro_100,ALAP25,ALIMENT_COMPLET,Ndobo,Littoral,2026-10-01,10,2026,0.0,0.1,0.0,0.0
S3_reappro_100,ALAP25,ALIMENT_COMPLET,Nkongsamba,Littoral,2026-10-01,10,2026,0.0,0.1,0.0,0.0
S3_reappro_100,ALAP25,ALIMENT_COMPLET,Pk11,Littoral,2026-10-01,10,2026,0.02,0.3,0.0,0.01
S3_reappro_100,ALAP25,ALIMENT_COMPLET,Village,Littoral,2026-10-01,10,2026,0.08,1.7,0.0,0.03
S3_reappro_100,CB100,ALIMENT_COMPLET,Buea,Littoral,2026-10-01,10,2026,4.84,96.8,42000.0,4.03
S3_reappro_100,CB100,ALIMENT_COMPLET,Ndobo,Littoral,2026-10-01,10,2026,6.3,126.0,42000.0,5.25
S3_reappro_100,CB100,ALIMENT_COMPLET,Nkongsamba,Littoral,2026-10-01,10,2026,3.62,72.5,42000.0,3.01
S3_reappro_100,CB100,ALIMENT_COMPLET,Pk11,Littoral,2026-10-01,10,2026,1.68,33.6,42000.0,1.4
S3_reappro_100,CB100,ALIMENT_COMPLET,Village,Littoral,2026-10-01,10,2026,5.88,117.6,42000.0,4.89
S3_reappro_100,CB101,ALIMENT_COMPLET,Ndobo,Littoral,2026-10-01,10,2026,0.02,0.3,0.0,0.01
S3_reappro_100,CB101,ALIMENT_COMPLET,Nkongsamba,Littoral,2026-10-01,10,2026,0.12,2.5,0.0,0.11
S3_reappro_100,CB101,ALIMENT_COMPLET,Village,Littoral,2026-10-01,10,2026,0.04,0.8,0.0,0.03
S3_reappro_100,CB200,ALIMENT_COMPLET,Buea,Littoral,2026-10-01,10,2026,1.79,35.7,40000.0,1.41
S3_reappro_100,CB200,ALIMENT_COMPLET,Ndobo,Littoral,2026-10-01,10,2026,5.66,113.2,40000.0,4.47
S3_reappro_100,CB200,ALIMENT_COMPLET,Nkongsamba,Littoral,2026-10-01,10,2026,1.43,28.7,40000.0,1.13
S3_reappro_100,CB200,ALIMENT_COMPLET,Pk11,Littoral,2026-10-01,10,2026,0.18,3.6,40000.0,0.14
S3_reappro_100,CB200,ALIMENT_COMPLET,Village,Littoral,2026-10-01,10,2026,4.66,93.2,40000.0,3.68
S3_reappro_100,CB201,ALIMENT_COMPLET,Ndobo,Littoral,2026-10-01,10,2026,0.03,0.6,0.0,0.03
S3_reappro_100,CB201,ALIMENT_COMPLET,Nkongsamba,Littoral,2026-10-01,10,2026,0.1,2.1,0.0,0.08
S3_reappro_100,CB201,ALIMENT_COMPLET,Pk11,Littoral,2026-10-01,10,2026,0.0,0.0,0.0,0.0
S3_reappro_100,CB201,ALIMENT_COMPLET,Village,Littoral,2026-10-01,10,2026,0.01,0.3,0.0,0.01
S3_reappro_100,ALAP25,ALIMENT_COMPLET,Ndobo,Littoral,2026-11-01,11,2026,0.0,0.0,0.0,0.0
S3_reappro_100,ALAP25,ALIMENT_COMPLET,Nkongsamba,Littoral,2026-11-01,11,2026,0.0,0.0,0.0,0.0
S3_reappro_100,ALAP25,ALIMENT_COMPLET,Pk11,Littoral,2026-11-01,11,2026,0.01,0.1,0.0,0.0
S3_reappro_100,ALAP25,ALIMENT_COMPLET,Village,Littoral,2026-11-01,11,2026,0.03,0.7,0.0,0.01
S3_reappro_100,CB100,ALIMENT_COMPLET,Buea,Littoral,2026-11-01,11,2026,1.98,39.5,42000.0,1.64
S3_reappro_100,CB100,ALIMENT_COMPLET,Ndobo,Littoral,2026-11-01,11,2026,2.57,51.4,42000.0,2.14
S3_reappro_100,CB100,ALIMENT_COMPLET,Nkongsamba,Littoral,2026-11-01,11,2026,1.48,29.6,42000.0,1.23
S3_reappro_100,CB100,ALIMENT_COMPLET,Pk11,Littoral,2026-11-01,11,2026,0.69,13.7,42000.0,0.57
S3_reappro_100,CB100,ALIMENT_COMPLET,Village,Littoral,2026-11-01,11,2026,2.4,48.0,42000.0,1.99
S3_reappro_100,CB101,ALIMENT_COMPLET,Ndobo,Littoral,2026-11-01,11,2026,0.01,0.1,0.0,0.01
S3_reappro_100,CB101,ALIMENT_COMPLET,Nkongsamba,Littoral,2026-11-01,11,2026,0.05,1.0,0.0,0.04
S3_reappro_100,CB101,ALIMENT_COMPLET,Village,Littoral,2026-11-01,11,2026,0.02,0.3,0.0,0.01
S3_reappro_100,CB200,ALIMENT_COMPLET,Buea,Littoral,2026-11-01,11,2026,0.73,14.6,40000.0,0.58
S3_reappro_100,CB200,ALIMENT_COMPLET,Ndobo,Littoral,2026-11-01,11,2026,2.31,46.2,40000.0,1.83
S3_reappro_100,CB200,ALIMENT_COMPLET,Nkongsamba,Littoral,2026-11-01,11,2026,0.58,11.7,40000.0,0.46
S3_reappro_100,CB200,ALIMENT_COMPLET,Pk11,Littoral,2026-11-01,11,2026,0.07,1.5,40000.0,0.06
S3_reappro_100,CB200,ALIMENT_COMPLET,Village,Littoral,2026-11-01,11,2026,1.9,38.0,40000.0,1.5
S3_reappro_100,CB201,ALIMENT_COMPLET,Ndobo,Littoral,2026-11-01,11,2026,0.01,0.3,0.0,0.01
S3_reappro_100,CB201,ALIMENT_COMPLET,Nkongsamba,Littoral,2026-11-01,11,2026,0.04,0.9,0.0,0.03
S3_reappro_100,CB201,ALIMENT_COMPLET,Pk11,Littoral,2026-11-01,11,2026,0.0,0.0,0.0,0.0
S3_reappro_100,CB201,ALIMENT_COMPLET,Village,Littoral,2026-11-01,11,2026,0.01,0.1,0.0,0.0
S3_reappro_100,ALAP25,ALIMENT_COMPLET,Ndobo,Littoral,2026-12-01,12,2026,0.0,0.0,0.0,0.0
S3_reappro_100,ALAP25,ALIMENT_COMPLET,Nkongsamba,Littoral,2026-12-01,12,2026,0.0,0.0,0.0,0.0
S3_reappro_100,ALAP25,ALIMENT_COMPLET,Pk11,Littoral,2026-12-01,12,2026,0.0,0.1,0.0,0.0
S3_reappro_100,ALAP25,ALIMENT_COMPLET,Village,Littoral,2026-12-01,12,2026,0.02,0.3,0.0,0.01
S3_reappro_100,CB100,ALIMENT_COMPLET,Buea,Littoral,2026-12-01,12,2026,0.91,18.2,42000.0,0.76
S3_reappro_100,CB100,ALIMENT_COMPLET,Ndobo,Littoral,2026-12-01,12,2026,1.19,23.7,42000.0,0.99
S3_reappro_100,CB100,ALIMENT_COMPLET,Nkongsamba,Littoral,2026-12-01,12,2026,0.68,13.6,42000.0,0.57
S3_reappro_100,CB100,ALIMENT_COMPLET,Pk11,Littoral,2026-12-01,12,2026,0.32,6.3,42000.0,0.26
S3_reappro_100,CB100,ALIMENT_COMPLET,Village,Littoral,2026-12-01,12,2026,1.11,22.1,42000.0,0.92
S3_reappro_100,CB101,ALIMENT_COMPLET,Ndobo,Littoral,2026-12-01,12,2026,0.0,0.1,0.0,0.0
S3_reappro_100,CB101,ALIMENT_COMPLET,Nkongsamba,Littoral,2026-12-01,12,2026,0.02,0.5,0.0,0.02
S3_reappro_100,CB101,ALIMENT_COMPLET,Village,Littoral,2026-12-01,12,2026,0.01,0.2,0.0,0.01
S3_reappro_100,CB200,ALIMENT_COMPLET,Buea,Littoral,2026-12-01,12,2026,0.34,6.7,40000.0,0.27
S3_reappro_100,CB200,ALIMENT_COMPLET,Ndobo,Littoral,2026-12-01,12,2026,1.06,21.3,40000.0,0.84
S3_reappro_100,CB200,ALIMENT_COMPLET,Nkongsamba,Littoral,2026-12-01,12,2026,0.27,5.4,40000.0,0.21
S3_reappro_100,CB200,ALIMENT_COMPLET,Pk11,Littoral,2026-12-01,12,2026,0.03,0.7,40000.0,0.03
S3_reappro_100,CB200,ALIMENT_COMPLET,Village,Littoral,2026-12-01,12,2026,0.88,17.5,40000.0,0.69
S3_reappro_100,CB201,ALIMENT_COMPLET,Ndobo,Littoral,2026-12-01,12,2026,0.01,0.1,0.0,0.0
S3_reappro_100,CB201,ALIMENT_COMPLET,Nkongsamba,Littoral,2026-12-01,12,2026,0.02,0.4,0.0,0.02
S3_reappro_100,CB201,ALIMENT_COMPLET,Pk11,Littoral,2026-12-01,12,2026,0.0,0.0,0.0,0.0
S3_reappro_100,CB201,ALIMENT_COMPLET,Village,Littoral,2026-12-01,12,2026,0.0,0.0,0.0,0.0
S3_reappro_100,ALAP25,ALIMENT_COMPLET,Famla,Ouest,2026-09-01,9,2026,0.44,8.8,0.0,0.17
S3_reappro_100,CB100,ALIMENT_COMPLET,Djeleng,Ouest,2026-09-01,9,2026,1.67,33.4,42000.0,1.35
S3_reappro_100,CB100,ALIMENT_COMPLET,Famla,Ouest,2026-09-01,9,2026,6.97,139.4,42000.0,5.63
S3_reappro_100,CB100,ALIMENT_COMPLET,Mbouda,Ouest,2026-09-01,9,2026,1.76,35.1,42000.0,1.42
S3_reappro_100,CB101,ALIMENT_COMPLET,Djeleng,Ouest,2026-09-01,9,2026,0.01,0.2,0.0,0.01
S3_reappro_100,CB101,ALIMENT_COMPLET,Famla,Ouest,2026-09-01,9,2026,0.01,0.2,0.0,0.01
S3_reappro_100,CB101,ALIMENT_COMPLET,Mbouda,Ouest,2026-09-01,9,2026,0.16,3.1,0.0,0.13
S3_reappro_100,CB200,ALIMENT_COMPLET,Djeleng,Ouest,2026-09-01,9,2026,2.11,42.3,40000.0,1.62
S3_reappro_100,CB200,ALIMENT_COMPLET,Famla,Ouest,2026-09-01,9,2026,4.47,89.3,40000.0,3.43
S3_reappro_100,CB200,ALIMENT_COMPLET,Mbouda,Ouest,2026-09-01,9,2026,4.52,90.4,40000.0,3.47
S3_reappro_100,CB201,ALIMENT_COMPLET,Djeleng,Ouest,2026-09-01,9,2026,0.03,0.7,0.0,0.03
S3_reappro_100,CB201,ALIMENT_COMPLET,Famla,Ouest,2026-09-01,9,2026,0.03,0.6,0.0,0.02
S3_reappro_100,CB201,ALIMENT_COMPLET,Mbouda,Ouest,2026-09-01,9,2026,0.41,8.2,0.0,0.32
S3_reappro_100,ALAP25,ALIMENT_COMPLET,Famla,Ouest,2026-10-01,10,2026,0.0,0.0,0.0,0.0
S3_reappro_100,CB100,ALIMENT_COMPLET,Djeleng,Ouest,2026-10-01,10,2026,0.0,0.0,42000.0,0.0
S3_reappro_100,CB100,ALIMENT_COMPLET,Famla,Ouest,2026-10-01,10,2026,0.0,0.0,42000.0,0.0
S3_reappro_100,CB100,ALIMENT_COMPLET,Mbouda,Ouest,2026-10-01,10,2026,0.0,0.0,42000.0,0.0
S3_reappro_100,CB101,ALIMENT_COMPLET,Djeleng,Ouest,2026-10-01,10,2026,0.0,0.0,0.0,0.0
S3_reappro_100,CB101,ALIMENT_COMPLET,Famla,Ouest,2026-10-01,10,2026,0.0,0.0,0.0,0.0
S3_reappro_100,CB101,ALIMENT_COMPLET,Mbouda,Ouest,2026-10-01,10,2026,0.0,0.0,0.0,0.0
S3_reappro_100,CB200,ALIMENT_COMPLET,Djeleng,Ouest,2026-10-01,10,2026,0.0,0.0,40000.0,0.0
S3_reappro_100,CB200,ALIMENT_COMPLET,Famla,Ouest,2026-10-01,10,2026,0.0,0.0,40000.0,0.0
S3_reappro_100,CB200,ALIMENT_COMPLET,Mbouda,Ouest,2026-10-01,10,2026,0.0,0.0,40000.0,0.0
S3_reappro_100,CB201,ALIMENT_COMPLET,Djeleng,Ouest,2026-10-01,10,2026,0.0,0.0,0.0,0.0
S3_reappro_100,CB201,ALIMENT_COMPLET,Famla,Ouest,2026-10-01,10,2026,0.0,0.0,0.0,0.0
S3_reappro_100,CB201,ALIMENT_COMPLET,Mbouda,Ouest,2026-10-01,10,2026,0.0,0.0,0.0,0.0
S3_reappro_100,ALAP25,ALIMENT_COMPLET,Famla,Ouest,2026-11-01,11,2026,0.71,14.2,0.0,0.27
S3_reappro_100,CB100,ALIMENT_COMPLET,Djeleng,Ouest,2026-11-01,11,2026,2.68,53.6,42000.0,2.17
S3_reappro_100,CB100,ALIMENT_COMPLET,Famla,Ouest,2026-11-01,11,2026,11.2,224.1,42000.0,9.04
S3_reappro_100,CB100,ALIMENT_COMPLET,Mbouda,Ouest,2026-11-01,11,2026,2.82,56.5,42000.0,2.28
S3_reappro_100,CB101,ALIMENT_COMPLET,Djeleng,Ouest,2026-11-01,11,2026,0.02,0.4,0.0,0.01
S3_reappro_100,CB101,ALIMENT_COMPLET,Famla,Ouest,2026-11-01,11,2026,0.02,0.4,0.0,0.01
S3_reappro_100,CB101,ALIMENT_COMPLET,Mbouda,Ouest,2026-11-01,11,2026,0.25,5.1,0.0,0.21
S3_reappro_100,CB200,ALIMENT_COMPLET,Djeleng,Ouest,2026-11-01,11,2026,3.4,68.0,40000.0,2.61
S3_reappro_100,CB200,ALIMENT_COMPLET,Famla,Ouest,2026-11-01,11,2026,7.18,143.6,40000.0,5.52
S3_reappro_100,CB200,ALIMENT_COMPLET,Mbouda,Ouest,2026-11-01,11,2026,7.27,145.3,40000.0,5.58
S3_reappro_100,CB201,ALIMENT_COMPLET,Djeleng,Ouest,2026-11-01,11,2026,0.05,1.1,0.0,0.04
S3_reappro_100,CB201,ALIMENT_COMPLET,Famla,Ouest,2026-11-01,11,2026,0.05,0.9,0.0,0.04
S3_reappro_100,CB201,ALIMENT_COMPLET,Mbouda,Ouest,2026-11-01,11,2026,0.66,13.2,0.0,0.52
S3_reappro_100,ALAP25,ALIMENT_COMPLET,Famla,Ouest,2026-12-01,12,2026,0.59,11.7,0.0,0.23
S3_reappro_100,CB100,ALIMENT_COMPLET,Djeleng,Ouest,2026-12-01,12,2026,2.22,44.4,42000.0,1.79
S3_reappro_100,CB100,ALIMENT_COMPLET,Famla,Ouest,2026-12-01,12,2026,9.28,185.5,42000.0,7.49
S3_reappro_100,CB100,ALIMENT_COMPLET,Mbouda,Ouest,2026-12-01,12,2026,2.34,46.8,42000.0,1.89
S3_reappro_100,CB101,ALIMENT_COMPLET,Djeleng,Ouest,2026-12-01,12,2026,0.01,0.3,0.0,0.01
S3_reappro_100,CB101,ALIMENT_COMPLET,Famla,Ouest,2026-12-01,12,2026,0.01,0.3,0.0,0.01
S3_reappro_100,CB101,ALIMENT_COMPLET,Mbouda,Ouest,2026-12-01,12,2026,0.21,4.2,0.0,0.17
S3_reappro_100,CB200,ALIMENT_COMPLET,Djeleng,Ouest,2026-12-01,12,2026,2.81,56.3,40000.0,2.16
S3_reappro_100,CB200,ALIMENT_COMPLET,Famla,Ouest,2026-12-01,12,2026,5.94,118.9,40000.0,4.57
S3_reappro_100,CB200,ALIMENT_COMPLET,Mbouda,Ouest,2026-12-01,12,2026,6.01,120.3,40000.0,4.62
S3_reappro_100,CB201,ALIMENT_COMPLET,Djeleng,Ouest,2026-12-01,12,2026,0.04,0.9,0.0,0.04
S3_reappro_100,CB201,ALIMENT_COMPLET,Famla,Ouest,2026-12-01,12,2026,0.04,0.7,0.0,0.03
S3_reappro_100,CB201,ALIMENT_COMPLET,Mbouda,Ouest,2026-12-01,12,2026,0.55,10.9,0.0,0.43
S3_reappro_100,C101,CONCENTRES,Ahala,Centre,2026-09-01,9,2026,14.08,281.6,36000.0,10.08
S3_reappro_100,C101,CONCENTRES,Bertoua,Centre,2026-09-01,9,2026,13.65,273.1,36000.0,9.9
S3_reappro_100,C101,CONCENTRES,Messassi,Centre,2026-09-01,9,2026,10.11,202.2,36000.0,7.24
S3_reappro_100,C101,CONCENTRES,Ngaoundere,Centre,2026-09-01,9,2026,11.47,229.4,36000.0,8.55
S3_reappro_100,C101,CONCENTRES,Nkoabang,Centre,2026-09-01,9,2026,5.01,100.2,36000.0,3.59
S3_reappro_100,C101,CONCENTRES,Nkolbisson,Centre,2026-09-01,9,2026,7.85,157.0,36000.0,5.62
S3_reappro_100,C102,CONCENTRES,Ahala,Centre,2026-09-01,9,2026,0.07,1.4,29500.0,0.04
S3_reappro_100,C102,CONCENTRES,Bertoua,Centre,2026-09-01,9,2026,3.63,72.6,29500.0,2.13
S3_reappro_100,C102,CONCENTRES,Messassi,Centre,2026-09-01,9,2026,0.01,0.3,29500.0,0.01
S3_reappro_100,C102,CONCENTRES,Ngaoundere,Centre,2026-09-01,9,2026,0.33,6.6,29500.0,0.2
S3_reappro_100,C1022,CONCENTRES,Ngaoundere,Centre,2026-09-01,9,2026,0.0,0.0,0.0,0.0
S3_reappro_100,C103,CONCENTRES,Ahala,Centre,2026-09-01,9,2026,15.0,299.9,39500.0,11.78
S3_reappro_100,C103,CONCENTRES,Bertoua,Centre,2026-09-01,9,2026,5.15,103.0,39500.0,4.1
S3_reappro_100,C103,CONCENTRES,Messassi,Centre,2026-09-01,9,2026,10.76,215.2,39500.0,8.45
S3_reappro_100,C103,CONCENTRES,Ngaoundere,Centre,2026-09-01,9,2026,6.15,122.9,39500.0,5.01
S3_reappro_100,C103,CONCENTRES,Nkoabang,Centre,2026-09-01,9,2026,7.55,151.0,39500.0,5.93
S3_reappro_100,C103,CONCENTRES,Nkolbisson,Centre,2026-09-01,9,2026,3.98,79.6,39500.0,3.13
S3_reappro_100,C104,CONCENTRES,Ahala,Centre,2026-09-01,9,2026,31.62,632.4,32100.0,20.11
S3_reappro_100,C104,CONCENTRES,Bertoua,Centre,2026-09-01,9,2026,32.34,646.9,32100.0,21.02
S3_reappro_100,C104,CONCENTRES,Messassi,Centre,2026-09-01,9,2026,73.0,1460.1,32100.0,46.46
S3_reappro_100,C104,CONCENTRES,Ngaoundere,Centre,2026-09-01,9,2026,11.34,226.8,32100.0,7.55
S3_reappro_100,C104,CONCENTRES,Nkoabang,Centre,2026-09-01,9,2026,17.4,348.0,32100.0,11.07
S3_reappro_100,C104,CONCENTRES,Nkolbisson,Centre,2026-09-01,9,2026,12.26,245.3,32100.0,7.82
S3_reappro_100,C1043,CONCENTRES,Ahala,Centre,2026-09-01,9,2026,0.01,0.2,36490.0,0.01
S3_reappro_100,C1043,CONCENTRES,Bertoua,Centre,2026-09-01,9,2026,0.05,1.0,36490.0,0.03
S3_reappro_100,C1043,CONCENTRES,Messassi,Centre,2026-09-01,9,2026,0.0,0.0,36490.0,0.0
S3_reappro_100,C1043,CONCENTRES,Ngaoundere,Centre,2026-09-01,9,2026,0.03,0.7,36490.0,0.02
S3_reappro_100,C1043,CONCENTRES,Nkoabang,Centre,2026-09-01,9,2026,0.0,0.0,36490.0,0.0
S3_reappro_100,C1043,CONCENTRES,Nkolbisson,Centre,2026-09-01,9,2026,0.01,0.1,36490.0,0.0
S3_reappro_100,C1044,CONCENTRES,Ahala,Centre,2026-09-01,9,2026,0.01,0.1,32900.0,0.0
S3_reappro_100,C1044,CONCENTRES,Messassi,Centre,2026-09-01,9,2026,0.1,2.1,32900.0,0.07
S3_reappro_100,C1044,CONCENTRES,Ngaoundere,Centre,2026-09-01,9,2026,0.04,0.7,32900.0,0.03
S3_reappro_100,C1044,CONCENTRES,Nkoabang,Centre,2026-09-01,9,2026,0.0,0.1,32900.0,0.0
S3_reappro_100,C1044,CONCENTRES,Nkolbisson,Centre,2026-09-01,9,2026,0.02,0.4,32900.0,0.01
S3_reappro_100,C105,CONCENTRES,Ahala,Centre,2026-09-01,9,2026,11.04,220.7,27500.0,6.03
S3_reappro_100,C105,CONCENTRES,Bertoua,Centre,2026-09-01,9,2026,5.67,113.5,27500.0,3.16
S3_reappro_100,C105,CONCENTRES,Messassi,Centre,2026-09-01,9,2026,8.5,170.0,27500.0,4.65
S3_reappro_100,C105,CONCENTRES,Ngaoundere,Centre,2026-09-01,9,2026,1.28,25.6,27500.0,0.74
S3_reappro_100,C105,CONCENTRES,Nkoabang,Centre,2026-09-01,9,2026,2.35,47.1,27500.0,1.29
S3_reappro_100,C105,CONCENTRES,Nkolbisson,Centre,2026-09-01,9,2026,2.3,46.0,27500.0,1.26
S3_reappro_100,C1053,CONCENTRES,Messassi,Centre,2026-09-01,9,2026,0.01,0.3,32000.0,0.01
S3_reappro_100,C1053,CONCENTRES,Ngaoundere,Centre,2026-09-01,9,2026,0.0,0.0,32000.0,0.0
S3_reappro_100,C1054,CONCENTRES,Ahala,Centre,2026-09-01,9,2026,0.0,0.0,29500.0,0.0
S3_reappro_100,C1054,CONCENTRES,Bertoua,Centre,2026-09-01,9,2026,0.03,0.7,29500.0,0.02
S3_reappro_100,C1054,CONCENTRES,Messassi,Centre,2026-09-01,9,2026,0.01,0.2,29500.0,0.01
S3_reappro_100,C1054,CONCENTRES,Ngaoundere,Centre,2026-09-01,9,2026,0.0,0.0,29500.0,0.0
S3_reappro_100,C1054,CONCENTRES,Nkoabang,Centre,2026-09-01,9,2026,0.0,0.0,29500.0,0.0
S3_reappro_100,C1054,CONCENTRES,Nkolbisson,Centre,2026-09-01,9,2026,0.0,0.1,29500.0,0.0
S3_reappro_100,C1055,CONCENTRES,Messassi,Centre,2026-09-01,9,2026,0.01,0.1,28500.0,0.0
S3_reappro_100,C1055,CONCENTRES,Ngaoundere,Centre,2026-09-01,9,2026,0.01,0.2,28500.0,0.01
S3_reappro_100,C1055,CONCENTRES,Nkoabang,Centre,2026-09-01,9,2026,0.0,0.0,28500.0,0.0
S3_reappro_100,C1055,CONCENTRES,Nkolbisson,Centre,2026-09-01,9,2026,0.01,0.1,28500.0,0.0
S3_reappro_100,C101,CONCENTRES,Ahala,Centre,2026-10-01,10,2026,30.66,613.3,36000.0,21.96
S3_reappro_100,C101,CONCENTRES,Bertoua,Centre,2026-10-01,10,2026,29.73,594.6,36000.0,21.56
S3_reappro_100,C101,CONCENTRES,Messassi,Centre,2026-10-01,10,2026,22.01,440.3,36000.0,15.76
S3_reappro_100,C101,CONCENTRES,Ngaoundere,Centre,2026-10-01,10,2026,24.98,499.6,36000.0,18.63
S3_reappro_100,C101,CONCENTRES,Nkoabang,Centre,2026-10-01,10,2026,10.9,218.1,36000.0,7.81
S3_reappro_100,C101,CONCENTRES,Nkolbisson,Centre,2026-10-01,10,2026,17.09,341.8,36000.0,12.24
S3_reappro_100,C102,CONCENTRES,Ahala,Centre,2026-10-01,10,2026,0.16,3.1,29500.0,0.09
S3_reappro_100,C102,CONCENTRES,Bertoua,Centre,2026-10-01,10,2026,7.9,158.1,29500.0,4.64
S3_reappro_100,C102,CONCENTRES,Messassi,Centre,2026-10-01,10,2026,0.03,0.6,29500.0,0.02
S3_reappro_100,C102,CONCENTRES,Ngaoundere,Centre,2026-10-01,10,2026,0.71,14.3,29500.0,0.43
S3_reappro_100,C1022,CONCENTRES,Ngaoundere,Centre,2026-10-01,10,2026,0.0,0.0,0.0,0.0
S3_reappro_100,C103,CONCENTRES,Ahala,Centre,2026-10-01,10,2026,32.65,653.1,39500.0,25.64
S3_reappro_100,C103,CONCENTRES,Bertoua,Centre,2026-10-01,10,2026,11.21,224.2,39500.0,8.92
S3_reappro_100,C103,CONCENTRES,Messassi,Centre,2026-10-01,10,2026,23.43,468.6,39500.0,18.41
S3_reappro_100,C103,CONCENTRES,Ngaoundere,Centre,2026-10-01,10,2026,13.38,267.6,39500.0,10.91
S3_reappro_100,C103,CONCENTRES,Nkoabang,Centre,2026-10-01,10,2026,16.45,328.9,39500.0,12.92
S3_reappro_100,C103,CONCENTRES,Nkolbisson,Centre,2026-10-01,10,2026,8.67,173.4,39500.0,6.82
S3_reappro_100,C104,CONCENTRES,Ahala,Centre,2026-10-01,10,2026,68.86,1377.2,32100.0,43.8
S3_reappro_100,C104,CONCENTRES,Bertoua,Centre,2026-10-01,10,2026,70.43,1408.6,32100.0,45.77
S3_reappro_100,C104,CONCENTRES,Messassi,Centre,2026-10-01,10,2026,158.97,3179.4,32100.0,101.18
S3_reappro_100,C104,CONCENTRES,Ngaoundere,Centre,2026-10-01,10,2026,24.69,493.8,32100.0,16.45
S3_reappro_100,C104,CONCENTRES,Nkoabang,Centre,2026-10-01,10,2026,37.89,757.8,32100.0,24.11
S3_reappro_100,C104,CONCENTRES,Nkolbisson,Centre,2026-10-01,10,2026,26.71,534.1,32100.0,17.02
S3_reappro_100,C1043,CONCENTRES,Ahala,Centre,2026-10-01,10,2026,0.03,0.5,36490.0,0.02
S3_reappro_100,C1043,CONCENTRES,Bertoua,Centre,2026-10-01,10,2026,0.11,2.1,36490.0,0.07
S3_reappro_100,C1043,CONCENTRES,Messassi,Centre,2026-10-01,10,2026,0.0,0.1,36490.0,0.0
S3_reappro_100,C1043,CONCENTRES,Ngaoundere,Centre,2026-10-01,10,2026,0.07,1.4,36490.0,0.05
S3_reappro_100,C1043,CONCENTRES,Nkoabang,Centre,2026-10-01,10,2026,0.0,0.1,36490.0,0.0
S3_reappro_100,C1043,CONCENTRES,Nkolbisson,Centre,2026-10-01,10,2026,0.01,0.3,36490.0,0.01
S3_reappro_100,C1044,CONCENTRES,Ahala,Centre,2026-10-01,10,2026,0.01,0.2,32900.0,0.01
S3_reappro_100,C1044,CONCENTRES,Messassi,Centre,2026-10-01,10,2026,0.23,4.5,32900.0,0.15
S3_reappro_100,C1044,CONCENTRES,Ngaoundere,Centre,2026-10-01,10,2026,0.08,1.6,32900.0,0.05
S3_reappro_100,C1044,CONCENTRES,Nkoabang,Centre,2026-10-01,10,2026,0.01,0.1,32900.0,0.0
S3_reappro_100,C1044,CONCENTRES,Nkolbisson,Centre,2026-10-01,10,2026,0.05,1.0,32900.0,0.03
S3_reappro_100,C105,CONCENTRES,Ahala,Centre,2026-10-01,10,2026,24.03,480.6,27500.0,13.14
S3_reappro_100,C105,CONCENTRES,Bertoua,Centre,2026-10-01,10,2026,12.35,247.1,27500.0,6.87
S3_reappro_100,C105,CONCENTRES,Messassi,Centre,2026-10-01,10,2026,18.51,370.2,27500.0,10.13
S3_reappro_100,C105,CONCENTRES,Ngaoundere,Centre,2026-10-01,10,2026,2.79,55.8,27500.0,1.6
S3_reappro_100,C105,CONCENTRES,Nkoabang,Centre,2026-10-01,10,2026,5.13,102.5,27500.0,2.8
S3_reappro_100,C105,CONCENTRES,Nkolbisson,Centre,2026-10-01,10,2026,5.01,100.1,27500.0,2.74
S3_reappro_100,C1053,CONCENTRES,Messassi,Centre,2026-10-01,10,2026,0.03,0.6,32000.0,0.02
S3_reappro_100,C1053,CONCENTRES,Ngaoundere,Centre,2026-10-01,10,2026,0.0,0.0,32000.0,0.0
S3_reappro_100,C1054,CONCENTRES,Ahala,Centre,2026-10-01,10,2026,0.0,0.0,29500.0,0.0
S3_reappro_100,C1054,CONCENTRES,Bertoua,Centre,2026-10-01,10,2026,0.07,1.5,29500.0,0.04
S3_reappro_100,C1054,CONCENTRES,Messassi,Centre,2026-10-01,10,2026,0.03,0.5,29500.0,0.02
S3_reappro_100,C1054,CONCENTRES,Ngaoundere,Centre,2026-10-01,10,2026,0.0,0.0,29500.0,0.0
S3_reappro_100,C1054,CONCENTRES,Nkoabang,Centre,2026-10-01,10,2026,0.0,0.0,29500.0,0.0
S3_reappro_100,C1054,CONCENTRES,Nkolbisson,Centre,2026-10-01,10,2026,0.01,0.1,29500.0,0.0
S3_reappro_100,C1055,CONCENTRES,Messassi,Centre,2026-10-01,10,2026,0.02,0.3,28500.0,0.01
S3_reappro_100,C1055,CONCENTRES,Ngaoundere,Centre,2026-10-01,10,2026,0.02,0.4,28500.0,0.01
S3_reappro_100,C1055,CONCENTRES,Nkoabang,Centre,2026-10-01,10,2026,0.0,0.0,28500.0,0.0
S3_reappro_100,C1055,CONCENTRES,Nkolbisson,Centre,2026-10-01,10,2026,0.01,0.2,28500.0,0.01
S3_reappro_100,C101,CONCENTRES,Ahala,Centre,2026-11-01,11,2026,25.8,516.0,36000.0,18.47
S3_reappro_100,C101,CONCENTRES,Bertoua,Centre,2026-11-01,11,2026,25.02,500.3,36000.0,18.14
S3_reappro_100,C101,CONCENTRES,Messassi,Centre,2026-11-01,11,2026,18.52,370.5,36000.0,13.26
S3_reappro_100,C101,CONCENTRES,Ngaoundere,Centre,2026-11-01,11,2026,21.02,420.3,36000.0,15.67
S3_reappro_100,C101,CONCENTRES,Nkoabang,Centre,2026-11-01,11,2026,9.17,183.5,36000.0,6.57
S3_reappro_100,C101,CONCENTRES,Nkolbisson,Centre,2026-11-01,11,2026,14.38,287.6,36000.0,10.3
S3_reappro_100,C102,CONCENTRES,Ahala,Centre,2026-11-01,11,2026,0.13,2.6,29500.0,0.08
S3_reappro_100,C102,CONCENTRES,Bertoua,Centre,2026-11-01,11,2026,6.65,133.0,29500.0,3.9
S3_reappro_100,C102,CONCENTRES,Messassi,Centre,2026-11-01,11,2026,0.03,0.5,29500.0,0.02
S3_reappro_100,C102,CONCENTRES,Ngaoundere,Centre,2026-11-01,11,2026,0.6,12.0,29500.0,0.36
S3_reappro_100,C1022,CONCENTRES,Ngaoundere,Centre,2026-11-01,11,2026,0.0,0.0,0.0,0.0
S3_reappro_100,C103,CONCENTRES,Ahala,Centre,2026-11-01,11,2026,27.48,549.5,39500.0,21.58
S3_reappro_100,C103,CONCENTRES,Bertoua,Centre,2026-11-01,11,2026,9.43,188.7,39500.0,7.5
S3_reappro_100,C103,CONCENTRES,Messassi,Centre,2026-11-01,11,2026,19.71,394.2,39500.0,15.49
S3_reappro_100,C103,CONCENTRES,Ngaoundere,Centre,2026-11-01,11,2026,11.26,225.2,39500.0,9.18
S3_reappro_100,C103,CONCENTRES,Nkoabang,Centre,2026-11-01,11,2026,13.84,276.8,39500.0,10.87
S3_reappro_100,C103,CONCENTRES,Nkolbisson,Centre,2026-11-01,11,2026,7.3,145.9,39500.0,5.74
S3_reappro_100,C104,CONCENTRES,Ahala,Centre,2026-11-01,11,2026,57.94,1158.8,32100.0,36.85
S3_reappro_100,C104,CONCENTRES,Bertoua,Centre,2026-11-01,11,2026,59.26,1185.2,32100.0,38.51
S3_reappro_100,C104,CONCENTRES,Messassi,Centre,2026-11-01,11,2026,133.76,2675.2,32100.0,85.13
S3_reappro_100,C104,CONCENTRES,Ngaoundere,Centre,2026-11-01,11,2026,20.77,415.5,32100.0,13.84
S3_reappro_100,C104,CONCENTRES,Nkoabang,Centre,2026-11-01,11,2026,31.88,637.6,32100.0,20.29
S3_reappro_100,C104,CONCENTRES,Nkolbisson,Centre,2026-11-01,11,2026,22.47,449.4,32100.0,14.32
S3_reappro_100,C1043,CONCENTRES,Ahala,Centre,2026-11-01,11,2026,0.02,0.4,36490.0,0.02
S3_reappro_100,C1043,CONCENTRES,Bertoua,Centre,2026-11-01,11,2026,0.09,1.8,36490.0,0.06
S3_reappro_100,C1043,CONCENTRES,Messassi,Centre,2026-11-01,11,2026,0.0,0.1,36490.0,0.0
S3_reappro_100,C1043,CONCENTRES,Ngaoundere,Centre,2026-11-01,11,2026,0.06,1.2,36490.0,0.04
S3_reappro_100,C1043,CONCENTRES,Nkoabang,Centre,2026-11-01,11,2026,0.0,0.1,36490.0,0.0
S3_reappro_100,C1043,CONCENTRES,Nkolbisson,Centre,2026-11-01,11,2026,0.01,0.2,36490.0,0.01
S3_reappro_100,C1044,CONCENTRES,Ahala,Centre,2026-11-01,11,2026,0.01,0.2,32900.0,0.01
S3_reappro_100,C1044,CONCENTRES,Messassi,Centre,2026-11-01,11,2026,0.19,3.8,32900.0,0.13
S3_reappro_100,C1044,CONCENTRES,Ngaoundere,Centre,2026-11-01,11,2026,0.07,1.3,32900.0,0.05
S3_reappro_100,C1044,CONCENTRES,Nkoabang,Centre,2026-11-01,11,2026,0.0,0.1,32900.0,0.0
S3_reappro_100,C1044,CONCENTRES,Nkolbisson,Centre,2026-11-01,11,2026,0.04,0.8,32900.0,0.03
S3_reappro_100,C105,CONCENTRES,Ahala,Centre,2026-11-01,11,2026,20.22,404.4,27500.0,11.05
S3_reappro_100,C105,CONCENTRES,Bertoua,Centre,2026-11-01,11,2026,10.39,207.9,27500.0,5.78
S3_reappro_100,C105,CONCENTRES,Messassi,Centre,2026-11-01,11,2026,15.58,311.5,27500.0,8.52
S3_reappro_100,C105,CONCENTRES,Ngaoundere,Centre,2026-11-01,11,2026,2.35,46.9,27500.0,1.35
S3_reappro_100,C105,CONCENTRES,Nkoabang,Centre,2026-11-01,11,2026,4.31,86.3,27500.0,2.36
S3_reappro_100,C105,CONCENTRES,Nkolbisson,Centre,2026-11-01,11,2026,4.21,84.2,27500.0,2.31
S3_reappro_100,C1053,CONCENTRES,Messassi,Centre,2026-11-01,11,2026,0.02,0.5,32000.0,0.02
S3_reappro_100,C1053,CONCENTRES,Ngaoundere,Centre,2026-11-01,11,2026,0.0,0.0,32000.0,0.0
S3_reappro_100,C1054,CONCENTRES,Ahala,Centre,2026-11-01,11,2026,0.0,0.0,29500.0,0.0
S3_reappro_100,C1054,CONCENTRES,Bertoua,Centre,2026-11-01,11,2026,0.06,1.3,29500.0,0.04
S3_reappro_100,C1054,CONCENTRES,Messassi,Centre,2026-11-01,11,2026,0.02,0.5,29500.0,0.01
S3_reappro_100,C1054,CONCENTRES,Ngaoundere,Centre,2026-11-01,11,2026,0.0,0.0,29500.0,0.0
S3_reappro_100,C1054,CONCENTRES,Nkoabang,Centre,2026-11-01,11,2026,0.0,0.0,29500.0,0.0
S3_reappro_100,C1054,CONCENTRES,Nkolbisson,Centre,2026-11-01,11,2026,0.0,0.1,29500.0,0.0
S3_reappro_100,C1055,CONCENTRES,Messassi,Centre,2026-11-01,11,2026,0.01,0.3,28500.0,0.01
S3_reappro_100,C1055,CONCENTRES,Ngaoundere,Centre,2026-11-01,11,2026,0.02,0.4,28500.0,0.01
S3_reappro_100,C1055,CONCENTRES,Nkoabang,Centre,2026-11-01,11,2026,0.0,0.0,28500.0,0.0
S3_reappro_100,C1055,CONCENTRES,Nkolbisson,Centre,2026-11-01,11,2026,0.01,0.2,28500.0,0.01
S3_reappro_100,C101,CONCENTRES,Ahala,Centre,2026-12-01,12,2026,15.44,308.8,36000.0,11.06
S3_reappro_100,C101,CONCENTRES,Bertoua,Centre,2026-12-01,12,2026,14.97,299.4,36000.0,10.85
S3_reappro_100,C101,CONCENTRES,Messassi,Centre,2026-12-01,12,2026,11.08,221.7,36000.0,7.94
S3_reappro_100,C101,CONCENTRES,Ngaoundere,Centre,2026-12-01,12,2026,12.58,251.5,36000.0,9.38
S3_reappro_100,C101,CONCENTRES,Nkoabang,Centre,2026-12-01,12,2026,5.49,109.8,36000.0,3.93
S3_reappro_100,C101,CONCENTRES,Nkolbisson,Centre,2026-12-01,12,2026,8.61,172.1,36000.0,6.16
S3_reappro_100,C102,CONCENTRES,Ahala,Centre,2026-12-01,12,2026,0.08,1.6,29500.0,0.04
S3_reappro_100,C102,CONCENTRES,Bertoua,Centre,2026-12-01,12,2026,3.98,79.6,29500.0,2.34
S3_reappro_100,C102,CONCENTRES,Messassi,Centre,2026-12-01,12,2026,0.02,0.3,29500.0,0.01
S3_reappro_100,C102,CONCENTRES,Ngaoundere,Centre,2026-12-01,12,2026,0.36,7.2,29500.0,0.22
S3_reappro_100,C1022,CONCENTRES,Ngaoundere,Centre,2026-12-01,12,2026,0.0,0.0,0.0,0.0
S3_reappro_100,C103,CONCENTRES,Ahala,Centre,2026-12-01,12,2026,16.44,328.9,39500.0,12.91
S3_reappro_100,C103,CONCENTRES,Bertoua,Centre,2026-12-01,12,2026,5.65,112.9,39500.0,4.49
S3_reappro_100,C103,CONCENTRES,Messassi,Centre,2026-12-01,12,2026,11.8,235.9,39500.0,9.27
S3_reappro_100,C103,CONCENTRES,Ngaoundere,Centre,2026-12-01,12,2026,6.74,134.8,39500.0,5.49
S3_reappro_100,C103,CONCENTRES,Nkoabang,Centre,2026-12-01,12,2026,8.28,165.6,39500.0,6.51
S3_reappro_100,C103,CONCENTRES,Nkolbisson,Centre,2026-12-01,12,2026,4.37,87.3,39500.0,3.43
S3_reappro_100,C104,CONCENTRES,Ahala,Centre,2026-12-01,12,2026,34.67,693.4,32100.0,22.05
S3_reappro_100,C104,CONCENTRES,Bertoua,Centre,2026-12-01,12,2026,35.46,709.3,32100.0,23.04
S3_reappro_100,C104,CONCENTRES,Messassi,Centre,2026-12-01,12,2026,80.05,1600.9,32100.0,50.95
S3_reappro_100,C104,CONCENTRES,Ngaoundere,Centre,2026-12-01,12,2026,12.43,248.6,32100.0,8.28
S3_reappro_100,C104,CONCENTRES,Nkoabang,Centre,2026-12-01,12,2026,19.08,381.6,32100.0,12.14
S3_reappro_100,C104,CONCENTRES,Nkolbisson,Centre,2026-12-01,12,2026,13.45,268.9,32100.0,8.57
S3_reappro_100,C1043,CONCENTRES,Ahala,Centre,2026-12-01,12,2026,0.01,0.3,36490.0,0.01
S3_reappro_100,C1043,CONCENTRES,Bertoua,Centre,2026-12-01,12,2026,0.05,1.1,36490.0,0.04
S3_reappro_100,C1043,CONCENTRES,Messassi,Centre,2026-12-01,12,2026,0.0,0.0,36490.0,0.0
S3_reappro_100,C1043,CONCENTRES,Ngaoundere,Centre,2026-12-01,12,2026,0.04,0.7,36490.0,0.03
S3_reappro_100,C1043,CONCENTRES,Nkoabang,Centre,2026-12-01,12,2026,0.0,0.0,36490.0,0.0
S3_reappro_100,C1043,CONCENTRES,Nkolbisson,Centre,2026-12-01,12,2026,0.01,0.1,36490.0,0.0
S3_reappro_100,C1044,CONCENTRES,Ahala,Centre,2026-12-01,12,2026,0.01,0.1,32900.0,0.0
S3_reappro_100,C1044,CONCENTRES,Messassi,Centre,2026-12-01,12,2026,0.11,2.3,32900.0,0.08
S3_reappro_100,C1044,CONCENTRES,Ngaoundere,Centre,2026-12-01,12,2026,0.04,0.8,32900.0,0.03
S3_reappro_100,C1044,CONCENTRES,Nkoabang,Centre,2026-12-01,12,2026,0.0,0.1,32900.0,0.0
S3_reappro_100,C1044,CONCENTRES,Nkolbisson,Centre,2026-12-01,12,2026,0.02,0.5,32900.0,0.02
S3_reappro_100,C105,CONCENTRES,Ahala,Centre,2026-12-01,12,2026,12.1,242.0,27500.0,6.61
S3_reappro_100,C105,CONCENTRES,Bertoua,Centre,2026-12-01,12,2026,6.22,124.4,27500.0,3.46
S3_reappro_100,C105,CONCENTRES,Messassi,Centre,2026-12-01,12,2026,9.32,186.4,27500.0,5.1
S3_reappro_100,C105,CONCENTRES,Ngaoundere,Centre,2026-12-01,12,2026,1.4,28.1,27500.0,0.81
S3_reappro_100,C105,CONCENTRES,Nkoabang,Centre,2026-12-01,12,2026,2.58,51.6,27500.0,1.41
S3_reappro_100,C105,CONCENTRES,Nkolbisson,Centre,2026-12-01,12,2026,2.52,50.4,27500.0,1.38
S3_reappro_100,C1053,CONCENTRES,Messassi,Centre,2026-12-01,12,2026,0.01,0.3,32000.0,0.01
S3_reappro_100,C1053,CONCENTRES,Ngaoundere,Centre,2026-12-01,12,2026,0.0,0.0,32000.0,0.0
S3_reappro_100,C1054,CONCENTRES,Ahala,Centre,2026-12-01,12,2026,0.0,0.0,29500.0,0.0
S3_reappro_100,C1054,CONCENTRES,Bertoua,Centre,2026-12-01,12,2026,0.04,0.8,29500.0,0.02
S3_reappro_100,C1054,CONCENTRES,Messassi,Centre,2026-12-01,12,2026,0.01,0.3,29500.0,0.01
S3_reappro_100,C1054,CONCENTRES,Ngaoundere,Centre,2026-12-01,12,2026,0.0,0.0,29500.0,0.0
S3_reappro_100,C1054,CONCENTRES,Nkoabang,Centre,2026-12-01,12,2026,0.0,0.0,29500.0,0.0
S3_reappro_100,C1054,CONCENTRES,Nkolbisson,Centre,2026-12-01,12,2026,0.0,0.1,29500.0,0.0
S3_reappro_100,C1055,CONCENTRES,Messassi,Centre,2026-12-01,12,2026,0.01,0.2,28500.0,0.0
S3_reappro_100,C1055,CONCENTRES,Ngaoundere,Centre,2026-12-01,12,2026,0.01,0.2,28500.0,0.01
S3_reappro_100,C1055,CONCENTRES,Nkoabang,Centre,2026-12-01,12,2026,0.0,0.0,28500.0,0.0
S3_reappro_100,C1055,CONCENTRES,Nkolbisson,Centre,2026-12-01,12,2026,0.01,0.1,28500.0,0.0
S3_reappro_100,C101,CONCENTRES,Buea,Littoral,2026-09-01,9,2026,2.06,41.2,36000.0,1.5
S3_reappro_100,C101,CONCENTRES,Ndobo,Littoral,2026-09-01,9,2026,10.89,217.8,36000.0,7.84
S3_reappro_100,C101,CONCENTRES,Nkongsamba,Littoral,2026-09-01,9,2026,2.74,54.9,36000.0,2.01
S3_reappro_100,C101,CONCENTRES,Pk11,Littoral,2026-09-01,9,2026,0.19,3.8,36000.0,0.14
S3_reappro_100,C101,CONCENTRES,Village,Littoral,2026-09-01,9,2026,2.6,52.0,36000.0,1.87
S3_reappro_100,C102,CONCENTRES,Ndobo,Littoral,2026-09-01,9,2026,0.8,16.1,29500.0,0.46
S3_reappro_100,C102,CONCENTRES,Pk11,Littoral,2026-09-01,9,2026,0.33,6.6,29500.0,0.19
S3_reappro_100,C102,CONCENTRES,Village,Littoral,2026-09-01,9,2026,0.99,19.8,29500.0,0.57
S3_reappro_100,C103,CONCENTRES,Buea,Littoral,2026-09-01,9,2026,5.54,110.8,39500.0,4.44
S3_reappro_100,C103,CONCENTRES,Ndobo,Littoral,2026-09-01,9,2026,11.86,237.3,39500.0,9.51
S3_reappro_100,C103,CONCENTRES,Nkongsamba,Littoral,2026-09-01,9,2026,2.01,40.2,39500.0,1.61
S3_reappro_100,C103,CONCENTRES,Pk11,Littoral,2026-09-01,9,2026,1.27,25.3,39500.0,1.01
S3_reappro_100,C103,CONCENTRES,Village,Littoral,2026-09-01,9,2026,3.97,79.3,39500.0,3.18
S3_reappro_100,C104,CONCENTRES,Buea,Littoral,2026-09-01,9,2026,50.37,1007.4,32100.0,32.37
S3_reappro_100,C104,CONCENTRES,Ndobo,Littoral,2026-09-01,9,2026,124.08,2481.6,32100.0,79.29
S3_reappro_100,C104,CONCENTRES,Nkongsamba,Littoral,2026-09-01,9,2026,50.04,1000.8,32100.0,32.37
S3_reappro_100,C104,CONCENTRES,Pk11,Littoral,2026-09-01,9,2026,19.32,386.5,32100.0,12.35
S3_reappro_100,C104,CONCENTRES,Village,Littoral,2026-09-01,9,2026,78.27,1565.4,32100.0,50.01
S3_reappro_100,C1042,CONCENTRES,Ndobo,Littoral,2026-09-01,9,2026,0.0,0.0,36500.0,0.0
S3_reappro_100,C1042,CONCENTRES,Nkongsamba,Littoral,2026-09-01,9,2026,0.31,6.3,36500.0,0.23
S3_reappro_100,C1043,CONCENTRES,Buea,Littoral,2026-09-01,9,2026,0.0,0.1,36490.0,0.0
S3_reappro_100,C1043,CONCENTRES,Ndobo,Littoral,2026-09-01,9,2026,0.03,0.7,36490.0,0.02
S3_reappro_100,C1043,CONCENTRES,Nkongsamba,Littoral,2026-09-01,9,2026,0.46,9.2,36490.0,0.32
S3_reappro_100,C1043,CONCENTRES,Village,Littoral,2026-09-01,9,2026,0.0,0.0,36490.0,0.0
S3_reappro_100,C1044,CONCENTRES,Buea,Littoral,2026-09-01,9,2026,0.0,0.0,32900.0,0.0
S3_reappro_100,C1044,CONCENTRES,Ndobo,Littoral,2026-09-01,9,2026,0.0,0.1,32900.0,0.0
S3_reappro_100,C1044,CONCENTRES,Nkongsamba,Littoral,2026-09-01,9,2026,0.06,1.3,32900.0,0.04
S3_reappro_100,C1044,CONCENTRES,Pk11,Littoral,2026-09-01,9,2026,0.0,0.0,32900.0,0.0
S3_reappro_100,C1044,CONCENTRES,Village,Littoral,2026-09-01,9,2026,0.02,0.4,32900.0,0.01
S3_reappro_100,C105,CONCENTRES,Buea,Littoral,2026-09-01,9,2026,2.04,40.8,27500.0,1.14
S3_reappro_100,C105,CONCENTRES,Ndobo,Littoral,2026-09-01,9,2026,18.41,368.2,27500.0,10.08
S3_reappro_100,C105,CONCENTRES,Nkongsamba,Littoral,2026-09-01,9,2026,21.77,435.5,27500.0,12.14
S3_reappro_100,C105,CONCENTRES,Pk11,Littoral,2026-09-01,9,2026,1.04,20.8,27500.0,0.57
S3_reappro_100,C105,CONCENTRES,Village,Littoral,2026-09-01,9,2026,18.83,376.5,27500.0,10.31
S3_reappro_100,C1053,CONCENTRES,Ndobo,Littoral,2026-09-01,9,2026,0.07,1.5,32000.0,0.05
S3_reappro_100,C1053,CONCENTRES,Nkongsamba,Littoral,2026-09-01,9,2026,0.55,11.0,32000.0,0.36
S3_reappro_100,C1054,CONCENTRES,Ndobo,Littoral,2026-09-01,9,2026,0.14,2.9,29500.0,0.08
S3_reappro_100,C1054,CONCENTRES,Nkongsamba,Littoral,2026-09-01,9,2026,0.58,11.6,29500.0,0.35
S3_reappro_100,C1055,CONCENTRES,Nkongsamba,Littoral,2026-09-01,9,2026,0.03,0.5,28500.0,0.01
S3_reappro_100,C108,CONCENTRES,Ndobo,Littoral,2026-09-01,9,2026,0.0,0.1,30000.0,0.0
S3_reappro_100,C101,CONCENTRES,Buea,Littoral,2026-10-01,10,2026,1.82,36.5,36000.0,1.33
S3_reappro_100,C101,CONCENTRES,Ndobo,Littoral,2026-10-01,10,2026,9.64,192.8,36000.0,6.95
S3_reappro_100,C101,CONCENTRES,Nkongsamba,Littoral,2026-10-01,10,2026,2.43,48.6,36000.0,1.78
S3_reappro_100,C101,CONCENTRES,Pk11,Littoral,2026-10-01,10,2026,0.17,3.4,36000.0,0.12
S3_reappro_100,C101,CONCENTRES,Village,Littoral,2026-10-01,10,2026,2.3,46.0,36000.0,1.66
S3_reappro_100,C102,CONCENTRES,Ndobo,Littoral,2026-10-01,10,2026,0.71,14.2,29500.0,0.41
S3_reappro_100,C102,CONCENTRES,Pk11,Littoral,2026-10-01,10,2026,0.29,5.8,29500.0,0.17
S3_reappro_100,C102,CONCENTRES,Village,Littoral,2026-10-01,10,2026,0.88,17.6,29500.0,0.51
S3_reappro_100,C103,CONCENTRES,Buea,Littoral,2026-10-01,10,2026,4.91,98.1,39500.0,3.93
S3_reappro_100,C103,CONCENTRES,Ndobo,Littoral,2026-10-01,10,2026,10.51,210.1,39500.0,8.42
S3_reappro_100,C103,CONCENTRES,Nkongsamba,Littoral,2026-10-01,10,2026,1.78,35.6,39500.0,1.42
S3_reappro_100,C103,CONCENTRES,Pk11,Littoral,2026-10-01,10,2026,1.12,22.4,39500.0,0.9
S3_reappro_100,C103,CONCENTRES,Village,Littoral,2026-10-01,10,2026,3.51,70.2,39500.0,2.81
S3_reappro_100,C104,CONCENTRES,Buea,Littoral,2026-10-01,10,2026,44.61,892.1,32100.0,28.66
S3_reappro_100,C104,CONCENTRES,Ndobo,Littoral,2026-10-01,10,2026,109.88,2197.6,32100.0,70.21
S3_reappro_100,C104,CONCENTRES,Nkongsamba,Littoral,2026-10-01,10,2026,44.31,886.2,32100.0,28.67
S3_reappro_100,C104,CONCENTRES,Pk11,Littoral,2026-10-01,10,2026,17.11,342.2,32100.0,10.93
S3_reappro_100,C104,CONCENTRES,Village,Littoral,2026-10-01,10,2026,69.31,1386.2,32100.0,44.29
S3_reappro_100,C1042,CONCENTRES,Ndobo,Littoral,2026-10-01,10,2026,0.0,0.0,36500.0,0.0
S3_reappro_100,C1042,CONCENTRES,Nkongsamba,Littoral,2026-10-01,10,2026,0.28,5.5,36500.0,0.2
S3_reappro_100,C1043,CONCENTRES,Buea,Littoral,2026-10-01,10,2026,0.0,0.1,36490.0,0.0
S3_reappro_100,C1043,CONCENTRES,Ndobo,Littoral,2026-10-01,10,2026,0.03,0.6,36490.0,0.02
S3_reappro_100,C1043,CONCENTRES,Nkongsamba,Littoral,2026-10-01,10,2026,0.41,8.2,36490.0,0.28
S3_reappro_100,C1043,CONCENTRES,Village,Littoral,2026-10-01,10,2026,0.0,0.0,36490.0,0.0
S3_reappro_100,C1044,CONCENTRES,Buea,Littoral,2026-10-01,10,2026,0.0,0.0,32900.0,0.0
S3_reappro_100,C1044,CONCENTRES,Ndobo,Littoral,2026-10-01,10,2026,0.0,0.0,32900.0,0.0
S3_reappro_100,C1044,CONCENTRES,Nkongsamba,Littoral,2026-10-01,10,2026,0.06,1.1,32900.0,0.04
S3_reappro_100,C1044,CONCENTRES,Pk11,Littoral,2026-10-01,10,2026,0.0,0.0,32900.0,0.0
S3_reappro_100,C1044,CONCENTRES,Village,Littoral,2026-10-01,10,2026,0.02,0.4,32900.0,0.01
S3_reappro_100,C105,CONCENTRES,Buea,Littoral,2026-10-01,10,2026,1.81,36.1,27500.0,1.01
S3_reappro_100,C105,CONCENTRES,Ndobo,Littoral,2026-10-01,10,2026,16.3,326.1,27500.0,8.93
S3_reappro_100,C105,CONCENTRES,Nkongsamba,Littoral,2026-10-01,10,2026,19.28,385.6,27500.0,10.75
S3_reappro_100,C105,CONCENTRES,Pk11,Littoral,2026-10-01,10,2026,0.92,18.5,27500.0,0.51
S3_reappro_100,C105,CONCENTRES,Village,Littoral,2026-10-01,10,2026,16.67,333.4,27500.0,9.13
S3_reappro_100,C1053,CONCENTRES,Ndobo,Littoral,2026-10-01,10,2026,0.07,1.3,32000.0,0.04
S3_reappro_100,C1053,CONCENTRES,Nkongsamba,Littoral,2026-10-01,10,2026,0.49,9.7,32000.0,0.32
S3_reappro_100,C1054,CONCENTRES,Ndobo,Littoral,2026-10-01,10,2026,0.13,2.5,29500.0,0.07
S3_reappro_100,C1054,CONCENTRES,Nkongsamba,Littoral,2026-10-01,10,2026,0.51,10.3,29500.0,0.31
S3_reappro_100,C1055,CONCENTRES,Nkongsamba,Littoral,2026-10-01,10,2026,0.02,0.4,28500.0,0.01
S3_reappro_100,C108,CONCENTRES,Ndobo,Littoral,2026-10-01,10,2026,0.0,0.0,30000.0,0.0
S3_reappro_100,C101,CONCENTRES,Buea,Littoral,2026-11-01,11,2026,1.09,21.7,36000.0,0.79
S3_reappro_100,C101,CONCENTRES,Ndobo,Littoral,2026-11-01,11,2026,5.74,114.7,36000.0,4.13
S3_reappro_100,C101,CONCENTRES,Nkongsamba,Littoral,2026-11-01,11,2026,1.45,28.9,36000.0,1.06
S3_reappro_100,C101,CONCENTRES,Pk11,Littoral,2026-11-01,11,2026,0.1,2.0,36000.0,0.07
S3_reappro_100,C101,CONCENTRES,Village,Littoral,2026-11-01,11,2026,1.37,27.4,36000.0,0.99
S3_reappro_100,C102,CONCENTRES,Ndobo,Littoral,2026-11-01,11,2026,0.42,8.5,29500.0,0.24
S3_reappro_100,C102,CONCENTRES,Pk11,Littoral,2026-11-01,11,2026,0.17,3.5,29500.0,0.1
S3_reappro_100,C102,CONCENTRES,Village,Littoral,2026-11-01,11,2026,0.52,10.5,29500.0,0.3
S3_reappro_100,C103,CONCENTRES,Buea,Littoral,2026-11-01,11,2026,2.92,58.4,39500.0,2.34
S3_reappro_100,C103,CONCENTRES,Ndobo,Littoral,2026-11-01,11,2026,6.25,125.0,39500.0,5.01
S3_reappro_100,C103,CONCENTRES,Nkongsamba,Littoral,2026-11-01,11,2026,1.06,21.2,39500.0,0.85
S3_reappro_100,C103,CONCENTRES,Pk11,Littoral,2026-11-01,11,2026,0.67,13.3,39500.0,0.53
S3_reappro_100,C103,CONCENTRES,Village,Littoral,2026-11-01,11,2026,2.09,41.8,39500.0,1.67
S3_reappro_100,C104,CONCENTRES,Buea,Littoral,2026-11-01,11,2026,26.54,530.7,32100.0,17.05
S3_reappro_100,C104,CONCENTRES,Ndobo,Littoral,2026-11-01,11,2026,65.37,1307.4,32100.0,41.77
S3_reappro_100,C104,CONCENTRES,Nkongsamba,Littoral,2026-11-01,11,2026,26.36,527.2,32100.0,17.06
S3_reappro_100,C104,CONCENTRES,Pk11,Littoral,2026-11-01,11,2026,10.18,203.6,32100.0,6.5
S3_reappro_100,C104,CONCENTRES,Village,Littoral,2026-11-01,11,2026,41.23,824.7,32100.0,26.35
S3_reappro_100,C1042,CONCENTRES,Ndobo,Littoral,2026-11-01,11,2026,0.0,0.0,36500.0,0.0
S3_reappro_100,C1042,CONCENTRES,Nkongsamba,Littoral,2026-11-01,11,2026,0.16,3.3,36500.0,0.12
S3_reappro_100,C1043,CONCENTRES,Buea,Littoral,2026-11-01,11,2026,0.0,0.0,36490.0,0.0
S3_reappro_100,C1043,CONCENTRES,Ndobo,Littoral,2026-11-01,11,2026,0.02,0.4,36490.0,0.01
S3_reappro_100,C1043,CONCENTRES,Nkongsamba,Littoral,2026-11-01,11,2026,0.24,4.9,36490.0,0.17
S3_reappro_100,C1043,CONCENTRES,Village,Littoral,2026-11-01,11,2026,0.0,0.0,36490.0,0.0
S3_reappro_100,C1044,CONCENTRES,Buea,Littoral,2026-11-01,11,2026,0.0,0.0,32900.0,0.0
S3_reappro_100,C1044,CONCENTRES,Ndobo,Littoral,2026-11-01,11,2026,0.0,0.0,32900.0,0.0
S3_reappro_100,C1044,CONCENTRES,Nkongsamba,Littoral,2026-11-01,11,2026,0.03,0.7,32900.0,0.02
S3_reappro_100,C1044,CONCENTRES,Pk11,Littoral,2026-11-01,11,2026,0.0,0.0,32900.0,0.0
S3_reappro_100,C1044,CONCENTRES,Village,Littoral,2026-11-01,11,2026,0.01,0.2,32900.0,0.01
S3_reappro_100,C105,CONCENTRES,Buea,Littoral,2026-11-01,11,2026,1.07,21.5,27500.0,0.6
S3_reappro_100,C105,CONCENTRES,Ndobo,Littoral,2026-11-01,11,2026,9.7,194.0,27500.0,5.31
S3_reappro_100,C105,CONCENTRES,Nkongsamba,Littoral,2026-11-01,11,2026,11.47,229.4,27500.0,6.39
S3_reappro_100,C105,CONCENTRES,Pk11,Littoral,2026-11-01,11,2026,0.55,11.0,27500.0,0.3
S3_reappro_100,C105,CONCENTRES,Village,Littoral,2026-11-01,11,2026,9.92,198.4,27500.0,5.43
S3_reappro_100,C1053,CONCENTRES,Ndobo,Littoral,2026-11-01,11,2026,0.04,0.8,32000.0,0.03
S3_reappro_100,C1053,CONCENTRES,Nkongsamba,Littoral,2026-11-01,11,2026,0.29,5.8,32000.0,0.19
S3_reappro_100,C1054,CONCENTRES,Ndobo,Littoral,2026-11-01,11,2026,0.08,1.5,29500.0,0.04
S3_reappro_100,C1054,CONCENTRES,Nkongsamba,Littoral,2026-11-01,11,2026,0.31,6.1,29500.0,0.18
S3_reappro_100,C1055,CONCENTRES,Nkongsamba,Littoral,2026-11-01,11,2026,0.01,0.3,28500.0,0.01
S3_reappro_100,C108,CONCENTRES,Ndobo,Littoral,2026-11-01,11,2026,0.0,0.0,30000.0,0.0
S3_reappro_100,C101,CONCENTRES,Buea,Littoral,2026-12-01,12,2026,3.57,71.4,36000.0,2.61
S3_reappro_100,C101,CONCENTRES,Ndobo,Littoral,2026-12-01,12,2026,18.88,377.5,36000.0,13.6
S3_reappro_100,C101,CONCENTRES,Nkongsamba,Littoral,2026-12-01,12,2026,4.76,95.2,36000.0,3.48
S3_reappro_100,C101,CONCENTRES,Pk11,Littoral,2026-12-01,12,2026,0.33,6.7,36000.0,0.24
S3_reappro_100,C101,CONCENTRES,Village,Littoral,2026-12-01,12,2026,4.5,90.1,36000.0,3.24
S3_reappro_100,C102,CONCENTRES,Ndobo,Littoral,2026-12-01,12,2026,1.39,27.8,29500.0,0.8
S3_reappro_100,C102,CONCENTRES,Pk11,Littoral,2026-12-01,12,2026,0.57,11.4,29500.0,0.33
S3_reappro_100,C102,CONCENTRES,Village,Littoral,2026-12-01,12,2026,1.72,34.4,29500.0,0.99
S3_reappro_100,C103,CONCENTRES,Buea,Littoral,2026-12-01,12,2026,9.6,192.1,39500.0,7.69
S3_reappro_100,C103,CONCENTRES,Ndobo,Littoral,2026-12-01,12,2026,20.57,411.4,39500.0,16.48
S3_reappro_100,C103,CONCENTRES,Nkongsamba,Littoral,2026-12-01,12,2026,3.48,69.6,39500.0,2.79
S3_reappro_100,C103,CONCENTRES,Pk11,Littoral,2026-12-01,12,2026,2.19,43.9,39500.0,1.76
S3_reappro_100,C103,CONCENTRES,Village,Littoral,2026-12-01,12,2026,6.88,137.5,39500.0,5.51
S3_reappro_100,C104,CONCENTRES,Buea,Littoral,2026-12-01,12,2026,87.32,1746.4,32100.0,56.12
S3_reappro_100,C104,CONCENTRES,Ndobo,Littoral,2026-12-01,12,2026,215.11,4302.2,32100.0,137.45
S3_reappro_100,C104,CONCENTRES,Nkongsamba,Littoral,2026-12-01,12,2026,86.75,1734.9,32100.0,56.12
S3_reappro_100,C104,CONCENTRES,Pk11,Littoral,2026-12-01,12,2026,33.5,670.0,32100.0,21.4
S3_reappro_100,C104,CONCENTRES,Village,Littoral,2026-12-01,12,2026,135.69,2713.8,32100.0,86.7
S3_reappro_100,C1042,CONCENTRES,Ndobo,Littoral,2026-12-01,12,2026,0.0,0.0,36500.0,0.0
S3_reappro_100,C1042,CONCENTRES,Nkongsamba,Littoral,2026-12-01,12,2026,0.54,10.9,36500.0,0.4
S3_reappro_100,C1043,CONCENTRES,Buea,Littoral,2026-12-01,12,2026,0.01,0.1,36490.0,0.0
S3_reappro_100,C1043,CONCENTRES,Ndobo,Littoral,2026-12-01,12,2026,0.06,1.2,36490.0,0.04
S3_reappro_100,C1043,CONCENTRES,Nkongsamba,Littoral,2026-12-01,12,2026,0.8,16.0,36490.0,0.55
S3_reappro_100,C1043,CONCENTRES,Village,Littoral,2026-12-01,12,2026,0.0,0.0,36490.0,0.0
S3_reappro_100,C1044,CONCENTRES,Buea,Littoral,2026-12-01,12,2026,0.0,0.0,32900.0,0.0
S3_reappro_100,C1044,CONCENTRES,Ndobo,Littoral,2026-12-01,12,2026,0.0,0.1,32900.0,0.0
S3_reappro_100,C1044,CONCENTRES,Nkongsamba,Littoral,2026-12-01,12,2026,0.11,2.2,32900.0,0.07
S3_reappro_100,C1044,CONCENTRES,Pk11,Littoral,2026-12-01,12,2026,0.0,0.0,32900.0,0.0
S3_reappro_100,C1044,CONCENTRES,Village,Littoral,2026-12-01,12,2026,0.04,0.7,32900.0,0.02
S3_reappro_100,C105,CONCENTRES,Buea,Littoral,2026-12-01,12,2026,3.54,70.7,27500.0,1.97
S3_reappro_100,C105,CONCENTRES,Ndobo,Littoral,2026-12-01,12,2026,31.91,638.3,27500.0,17.48
S3_reappro_100,C105,CONCENTRES,Nkongsamba,Littoral,2026-12-01,12,2026,37.75,754.9,27500.0,21.04
S3_reappro_100,C105,CONCENTRES,Pk11,Littoral,2026-12-01,12,2026,1.81,36.1,27500.0,0.99
S3_reappro_100,C105,CONCENTRES,Village,Littoral,2026-12-01,12,2026,32.64,652.7,27500.0,17.87
S3_reappro_100,C1053,CONCENTRES,Ndobo,Littoral,2026-12-01,12,2026,0.13,2.6,32000.0,0.08
S3_reappro_100,C1053,CONCENTRES,Nkongsamba,Littoral,2026-12-01,12,2026,0.95,19.1,32000.0,0.62
S3_reappro_100,C1054,CONCENTRES,Ndobo,Littoral,2026-12-01,12,2026,0.25,4.9,29500.0,0.15
S3_reappro_100,C1054,CONCENTRES,Nkongsamba,Littoral,2026-12-01,12,2026,1.01,20.1,29500.0,0.6
S3_reappro_100,C1055,CONCENTRES,Nkongsamba,Littoral,2026-12-01,12,2026,0.04,0.9,28500.0,0.03
S3_reappro_100,C108,CONCENTRES,Ndobo,Littoral,2026-12-01,12,2026,0.0,0.1,30000.0,0.0
S3_reappro_100,C101,CONCENTRES,Djeleng,Ouest,2026-09-01,9,2026,20.77,415.3,36000.0,14.95
S3_reappro_100,C101,CONCENTRES,Famla,Ouest,2026-09-01,9,2026,86.64,1732.8,36000.0,62.39
S3_reappro_100,C101,CONCENTRES,Mbouda,Ouest,2026-09-01,9,2026,17.17,343.5,36000.0,12.37
S3_reappro_100,C102,CONCENTRES,Mbouda,Ouest,2026-09-01,9,2026,0.0,0.1,29500.0,0.0
S3_reappro_100,C103,CONCENTRES,Djeleng,Ouest,2026-09-01,9,2026,15.07,301.5,39500.0,11.91
S3_reappro_100,C103,CONCENTRES,Famla,Ouest,2026-09-01,9,2026,67.29,1345.8,39500.0,53.17
S3_reappro_100,C103,CONCENTRES,Mbouda,Ouest,2026-09-01,9,2026,11.05,221.0,39500.0,8.73
S3_reappro_100,C104,CONCENTRES,Djeleng,Ouest,2026-09-01,9,2026,29.51,590.1,32100.0,18.95
S3_reappro_100,C104,CONCENTRES,Famla,Ouest,2026-09-01,9,2026,69.81,1396.2,32100.0,44.82
S3_reappro_100,C104,CONCENTRES,Mbouda,Ouest,2026-09-01,9,2026,17.61,352.2,32100.0,11.31
S3_reappro_100,C1042,CONCENTRES,Djeleng,Ouest,2026-09-01,9,2026,0.08,1.5,36500.0,0.06
S3_reappro_100,C1042,CONCENTRES,Famla,Ouest,2026-09-01,9,2026,0.2,4.1,36500.0,0.15
S3_reappro_100,C1042,CONCENTRES,Mbouda,Ouest,2026-09-01,9,2026,0.06,1.1,36500.0,0.04
S3_reappro_100,C1043,CONCENTRES,Djeleng,Ouest,2026-09-01,9,2026,0.22,4.4,36490.0,0.15
S3_reappro_100,C1043,CONCENTRES,Famla,Ouest,2026-09-01,9,2026,0.16,3.2,36490.0,0.11
S3_reappro_100,C1043,CONCENTRES,Mbouda,Ouest,2026-09-01,9,2026,0.47,9.3,36490.0,0.32
S3_reappro_100,C1044,CONCENTRES,Mbouda,Ouest,2026-09-01,9,2026,0.18,3.6,32900.0,0.12
S3_reappro_100,C105,CONCENTRES,Djeleng,Ouest,2026-09-01,9,2026,18.26,365.3,27500.0,10.05
S3_reappro_100,C105,CONCENTRES,Famla,Ouest,2026-09-01,9,2026,39.49,789.9,27500.0,21.72
S3_reappro_100,C105,CONCENTRES,Mbouda,Ouest,2026-09-01,9,2026,17.4,348.0,27500.0,9.57
S3_reappro_100,C1053,CONCENTRES,Djeleng,Ouest,2026-09-01,9,2026,0.27,5.5,32000.0,0.18
S3_reappro_100,C1053,CONCENTRES,Famla,Ouest,2026-09-01,9,2026,0.9,17.9,32000.0,0.57
S3_reappro_100,C1053,CONCENTRES,Mbouda,Ouest,2026-09-01,9,2026,0.09,1.7,32000.0,0.05
S3_reappro_100,C1054,CONCENTRES,Djeleng,Ouest,2026-09-01,9,2026,0.67,13.3,29500.0,0.39
S3_reappro_100,C1054,CONCENTRES,Famla,Ouest,2026-09-01,9,2026,1.01,20.3,29500.0,0.6
S3_reappro_100,C1054,CONCENTRES,Mbouda,Ouest,2026-09-01,9,2026,1.27,25.5,29500.0,0.75
S3_reappro_100,C1055,CONCENTRES,Mbouda,Ouest,2026-09-01,9,2026,0.19,3.8,28500.0,0.11
S3_reappro_100,C101,CONCENTRES,Djeleng,Ouest,2026-10-01,10,2026,31.07,621.3,36000.0,22.37
S3_reappro_100,C101,CONCENTRES,Famla,Ouest,2026-10-01,10,2026,129.61,2592.2,36000.0,93.33
S3_reappro_100,C101,CONCENTRES,Mbouda,Ouest,2026-10-01,10,2026,25.69,513.8,36000.0,18.5
S3_reappro_100,C102,CONCENTRES,Mbouda,Ouest,2026-10-01,10,2026,0.01,0.1,29500.0,0.0
S3_reappro_100,C103,CONCENTRES,Djeleng,Ouest,2026-10-01,10,2026,22.55,451.0,39500.0,17.82
S3_reappro_100,C103,CONCENTRES,Famla,Ouest,2026-10-01,10,2026,100.67,2013.3,39500.0,79.54
S3_reappro_100,C103,CONCENTRES,Mbouda,Ouest,2026-10-01,10,2026,16.53,330.5,39500.0,13.06
S3_reappro_100,C104,CONCENTRES,Djeleng,Ouest,2026-10-01,10,2026,44.14,882.8,32100.0,28.34
S3_reappro_100,C104,CONCENTRES,Famla,Ouest,2026-10-01,10,2026,104.43,2088.6,32100.0,67.05
S3_reappro_100,C104,CONCENTRES,Mbouda,Ouest,2026-10-01,10,2026,26.35,526.9,32100.0,16.92
S3_reappro_100,C1042,CONCENTRES,Djeleng,Ouest,2026-10-01,10,2026,0.11,2.3,36500.0,0.08
S3_reappro_100,C1042,CONCENTRES,Famla,Ouest,2026-10-01,10,2026,0.31,6.1,36500.0,0.22
S3_reappro_100,C1042,CONCENTRES,Mbouda,Ouest,2026-10-01,10,2026,0.08,1.7,36500.0,0.06
S3_reappro_100,C1043,CONCENTRES,Djeleng,Ouest,2026-10-01,10,2026,0.33,6.6,36490.0,0.23
S3_reappro_100,C1043,CONCENTRES,Famla,Ouest,2026-10-01,10,2026,0.24,4.8,36490.0,0.16
S3_reappro_100,C1043,CONCENTRES,Mbouda,Ouest,2026-10-01,10,2026,0.7,13.9,36490.0,0.47
S3_reappro_100,C1044,CONCENTRES,Mbouda,Ouest,2026-10-01,10,2026,0.27,5.3,32900.0,0.18
S3_reappro_100,C105,CONCENTRES,Djeleng,Ouest,2026-10-01,10,2026,27.32,546.4,27500.0,15.03
S3_reappro_100,C105,CONCENTRES,Famla,Ouest,2026-10-01,10,2026,59.08,1181.6,27500.0,32.5
S3_reappro_100,C105,CONCENTRES,Mbouda,Ouest,2026-10-01,10,2026,26.03,520.6,27500.0,14.32
S3_reappro_100,C1053,CONCENTRES,Djeleng,Ouest,2026-10-01,10,2026,0.41,8.2,32000.0,0.26
S3_reappro_100,C1053,CONCENTRES,Famla,Ouest,2026-10-01,10,2026,1.34,26.8,32000.0,0.86
S3_reappro_100,C1053,CONCENTRES,Mbouda,Ouest,2026-10-01,10,2026,0.13,2.6,32000.0,0.08
S3_reappro_100,C1054,CONCENTRES,Djeleng,Ouest,2026-10-01,10,2026,1.0,19.9,29500.0,0.59
S3_reappro_100,C1054,CONCENTRES,Famla,Ouest,2026-10-01,10,2026,1.52,30.3,29500.0,0.9
S3_reappro_100,C1054,CONCENTRES,Mbouda,Ouest,2026-10-01,10,2026,1.91,38.1,29500.0,1.13
S3_reappro_100,C1055,CONCENTRES,Mbouda,Ouest,2026-10-01,10,2026,0.28,5.7,28500.0,0.16
S3_reappro_100,C101,CONCENTRES,Djeleng,Ouest,2026-11-01,11,2026,32.34,646.9,36000.0,23.29
S3_reappro_100,C101,CONCENTRES,Famla,Ouest,2026-11-01,11,2026,134.94,2698.8,36000.0,97.17
S3_reappro_100,C101,CONCENTRES,Mbouda,Ouest,2026-11-01,11,2026,26.75,534.9,36000.0,19.26
S3_reappro_100,C102,CONCENTRES,Mbouda,Ouest,2026-11-01,11,2026,0.01,0.1,29500.0,0.0
S3_reappro_100,C103,CONCENTRES,Djeleng,Ouest,2026-11-01,11,2026,23.48,469.6,39500.0,18.55
S3_reappro_100,C103,CONCENTRES,Famla,Ouest,2026-11-01,11,2026,104.81,2096.1,39500.0,82.81
S3_reappro_100,C103,CONCENTRES,Mbouda,Ouest,2026-11-01,11,2026,17.21,344.1,39500.0,13.6
S3_reappro_100,C104,CONCENTRES,Djeleng,Ouest,2026-11-01,11,2026,45.96,919.1,32100.0,29.51
S3_reappro_100,C104,CONCENTRES,Famla,Ouest,2026-11-01,11,2026,108.73,2174.5,32100.0,69.81
S3_reappro_100,C104,CONCENTRES,Mbouda,Ouest,2026-11-01,11,2026,27.43,548.6,32100.0,17.61
S3_reappro_100,C1042,CONCENTRES,Djeleng,Ouest,2026-11-01,11,2026,0.12,2.3,36500.0,0.09
S3_reappro_100,C1042,CONCENTRES,Famla,Ouest,2026-11-01,11,2026,0.32,6.4,36500.0,0.23
S3_reappro_100,C1042,CONCENTRES,Mbouda,Ouest,2026-11-01,11,2026,0.09,1.7,36500.0,0.06
S3_reappro_100,C1043,CONCENTRES,Djeleng,Ouest,2026-11-01,11,2026,0.34,6.9,36490.0,0.23
S3_reappro_100,C1043,CONCENTRES,Famla,Ouest,2026-11-01,11,2026,0.25,5.0,36490.0,0.17
S3_reappro_100,C1043,CONCENTRES,Mbouda,Ouest,2026-11-01,11,2026,0.72,14.5,36490.0,0.49
S3_reappro_100,C1044,CONCENTRES,Mbouda,Ouest,2026-11-01,11,2026,0.28,5.6,32900.0,0.18
S3_reappro_100,C105,CONCENTRES,Djeleng,Ouest,2026-11-01,11,2026,28.45,568.9,27500.0,15.65
S3_reappro_100,C105,CONCENTRES,Famla,Ouest,2026-11-01,11,2026,61.51,1230.2,27500.0,33.83
S3_reappro_100,C105,CONCENTRES,Mbouda,Ouest,2026-11-01,11,2026,27.1,542.0,27500.0,14.91
S3_reappro_100,C1053,CONCENTRES,Djeleng,Ouest,2026-11-01,11,2026,0.43,8.6,32000.0,0.27
S3_reappro_100,C1053,CONCENTRES,Famla,Ouest,2026-11-01,11,2026,1.4,27.9,32000.0,0.89
S3_reappro_100,C1053,CONCENTRES,Mbouda,Ouest,2026-11-01,11,2026,0.13,2.7,32000.0,0.09
S3_reappro_100,C1054,CONCENTRES,Djeleng,Ouest,2026-11-01,11,2026,1.04,20.8,29500.0,0.61
S3_reappro_100,C1054,CONCENTRES,Famla,Ouest,2026-11-01,11,2026,1.58,31.6,29500.0,0.93
S3_reappro_100,C1054,CONCENTRES,Mbouda,Ouest,2026-11-01,11,2026,1.99,39.7,29500.0,1.17
S3_reappro_100,C1055,CONCENTRES,Mbouda,Ouest,2026-11-01,11,2026,0.29,5.9,28500.0,0.17
S3_reappro_100,C101,CONCENTRES,Djeleng,Ouest,2026-12-01,12,2026,46.83,936.6,36000.0,33.72
S3_reappro_100,C101,CONCENTRES,Famla,Ouest,2026-12-01,12,2026,195.38,3907.6,36000.0,140.69
S3_reappro_100,C101,CONCENTRES,Mbouda,Ouest,2026-12-01,12,2026,38.73,774.5,36000.0,27.89
S3_reappro_100,C102,CONCENTRES,Mbouda,Ouest,2026-12-01,12,2026,0.01,0.2,29500.0,0.0
S3_reappro_100,C103,CONCENTRES,Djeleng,Ouest,2026-12-01,12,2026,33.99,679.9,39500.0,26.86
S3_reappro_100,C103,CONCENTRES,Famla,Ouest,2026-12-01,12,2026,151.75,3034.9,39500.0,119.9
S3_reappro_100,C103,CONCENTRES,Mbouda,Ouest,2026-12-01,12,2026,24.91,498.3,39500.0,19.68
S3_reappro_100,C104,CONCENTRES,Djeleng,Ouest,2026-12-01,12,2026,66.54,1330.8,32100.0,42.72
S3_reappro_100,C104,CONCENTRES,Famla,Ouest,2026-12-01,12,2026,157.42,3148.5,32100.0,101.08
S3_reappro_100,C104,CONCENTRES,Mbouda,Ouest,2026-12-01,12,2026,39.72,794.3,32100.0,25.5
S3_reappro_100,C1042,CONCENTRES,Djeleng,Ouest,2026-12-01,12,2026,0.17,3.4,36500.0,0.12
S3_reappro_100,C1042,CONCENTRES,Famla,Ouest,2026-12-01,12,2026,0.46,9.2,36500.0,0.34
S3_reappro_100,C1042,CONCENTRES,Mbouda,Ouest,2026-12-01,12,2026,0.13,2.5,36500.0,0.09
S3_reappro_100,C1043,CONCENTRES,Djeleng,Ouest,2026-12-01,12,2026,0.5,10.0,36490.0,0.34
S3_reappro_100,C1043,CONCENTRES,Famla,Ouest,2026-12-01,12,2026,0.36,7.3,36490.0,0.25
S3_reappro_100,C1043,CONCENTRES,Mbouda,Ouest,2026-12-01,12,2026,1.05,21.0,36490.0,0.71
S3_reappro_100,C1044,CONCENTRES,Mbouda,Ouest,2026-12-01,12,2026,0.4,8.0,32900.0,0.27
S3_reappro_100,C105,CONCENTRES,Djeleng,Ouest,2026-12-01,12,2026,41.19,823.7,27500.0,22.66
S3_reappro_100,C105,CONCENTRES,Famla,Ouest,2026-12-01,12,2026,89.06,1781.2,27500.0,48.99
S3_reappro_100,C105,CONCENTRES,Mbouda,Ouest,2026-12-01,12,2026,39.24,784.8,27500.0,21.58
S3_reappro_100,C1053,CONCENTRES,Djeleng,Ouest,2026-12-01,12,2026,0.62,12.4,32000.0,0.4
S3_reappro_100,C1053,CONCENTRES,Famla,Ouest,2026-12-01,12,2026,2.02,40.5,32000.0,1.3
S3_reappro_100,C1053,CONCENTRES,Mbouda,Ouest,2026-12-01,12,2026,0.19,3.9,32000.0,0.12
S3_reappro_100,C1054,CONCENTRES,Djeleng,Ouest,2026-12-01,12,2026,1.5,30.1,29500.0,0.89
S3_reappro_100,C1054,CONCENTRES,Famla,Ouest,2026-12-01,12,2026,2.29,45.7,29500.0,1.35
S3_reappro_100,C1054,CONCENTRES,Mbouda,Ouest,2026-12-01,12,2026,2.88,57.5,29500.0,1.7
S3_reappro_100,C1055,CONCENTRES,Mbouda,Ouest,2026-12-01,12,2026,0.43,8.5,28500.0,0.24
S3_reappro_100,B100,INGREDIENTS,Ahala,Centre,2026-09-01,9,2026,0.02,0.5,33500.0,0.0
S3_reappro_100,B100,INGREDIENTS,Bertoua,Centre,2026-09-01,9,2026,0.04,0.8,33500.0,0.0
S3_reappro_100,B100,INGREDIENTS,Messassi,Centre,2026-09-01,9,2026,0.12,2.3,33500.0,0.01
S3_reappro_100,B100,INGREDIENTS,Ngaoundere,Centre,2026-09-01,9,2026,0.04,0.8,33500.0,0.0
S3_reappro_100,B100,INGREDIENTS,Nkoabang,Centre,2026-09-01,9,2026,0.02,0.4,33500.0,0.0
S3_reappro_100,B100,INGREDIENTS,Nkolbisson,Centre,2026-09-01,9,2026,0.0,0.1,33500.0,0.0
S3_reappro_100,B1001,INGREDIENTS,Ahala,Centre,2026-09-01,9,2026,0.0,0.0,45950.0,0.0
S3_reappro_100,B1001,INGREDIENTS,Bertoua,Centre,2026-09-01,9,2026,0.0,0.1,45950.0,0.0
S3_reappro_100,B1001,INGREDIENTS,Messassi,Centre,2026-09-01,9,2026,0.0,0.0,45950.0,0.0
S3_reappro_100,B1001,INGREDIENTS,Ngaoundere,Centre,2026-09-01,9,2026,0.0,0.0,45950.0,0.0
S3_reappro_100,B1001,INGREDIENTS,Nkoabang,Centre,2026-09-01,9,2026,0.0,0.0,45950.0,0.0
S3_reappro_100,E101,INGREDIENTS,Ahala,Centre,2026-09-01,9,2026,0.13,2.7,60000.0,0.03
S3_reappro_100,E101,INGREDIENTS,Bertoua,Centre,2026-09-01,9,2026,0.11,2.2,60000.0,0.02
S3_reappro_100,E101,INGREDIENTS,Messassi,Centre,2026-09-01,9,2026,0.26,5.3,60000.0,0.05
S3_reappro_100,E101,INGREDIENTS,Ngaoundere,Centre,2026-09-01,9,2026,0.11,2.2,60000.0,0.02
S3_reappro_100,E101,INGREDIENTS,Nkoabang,Centre,2026-09-01,9,2026,0.05,1.1,60000.0,0.01
S3_reappro_100,E101,INGREDIENTS,Nkolbisson,Centre,2026-09-01,9,2026,0.04,0.8,60000.0,0.01
S3_reappro_100,E1011,INGREDIENTS,Ahala,Centre,2026-09-01,9,2026,0.0,0.1,61500.0,0.0
S3_reappro_100,E1011,INGREDIENTS,Bertoua,Centre,2026-09-01,9,2026,0.02,0.3,61500.0,0.0
S3_reappro_100,E1011,INGREDIENTS,Messassi,Centre,2026-09-01,9,2026,0.01,0.1,61500.0,0.0
S3_reappro_100,E1011,INGREDIENTS,Ngaoundere,Centre,2026-09-01,9,2026,0.01,0.3,61500.0,0.0
S3_reappro_100,E1011,INGREDIENTS,Nkoabang,Centre,2026-09-01,9,2026,0.0,0.1,61500.0,0.0
S3_reappro_100,E1011,INGREDIENTS,Nkolbisson,Centre,2026-09-01,9,2026,0.0,0.1,61500.0,0.0
S3_reappro_100,E1014,INGREDIENTS,Ahala,Centre,2026-09-01,9,2026,0.0,0.0,708.0,0.0
S3_reappro_100,E1014,INGREDIENTS,Messassi,Centre,2026-09-01,9,2026,0.0,0.0,708.0,0.0
S3_reappro_100,F114,INGREDIENTS,Ahala,Centre,2026-09-01,9,2026,0.07,1.3,0.0,0.01
S3_reappro_100,F114,INGREDIENTS,Bertoua,Centre,2026-09-01,9,2026,0.12,2.3,0.0,0.02
S3_reappro_100,F114,INGREDIENTS,Messassi,Centre,2026-09-01,9,2026,0.07,1.4,0.0,0.01
S3_reappro_100,F114,INGREDIENTS,Ngaoundere,Centre,2026-09-01,9,2026,0.12,2.4,0.0,0.02
S3_reappro_100,F114,INGREDIENTS,Nkoabang,Centre,2026-09-01,9,2026,0.01,0.2,0.0,0.0
S3_reappro_100,F1145,INGREDIENTS,Ahala,Centre,2026-09-01,9,2026,0.13,2.5,0.0,0.02
S3_reappro_100,F1145,INGREDIENTS,Bertoua,Centre,2026-09-01,9,2026,0.05,1.0,0.0,0.01
S3_reappro_100,F1145,INGREDIENTS,Messassi,Centre,2026-09-01,9,2026,0.18,3.7,0.0,0.03
S3_reappro_100,F1145,INGREDIENTS,Ngaoundere,Centre,2026-09-01,9,2026,0.15,2.9,0.0,0.03
S3_reappro_100,F1145,INGREDIENTS,Nkoabang,Centre,2026-09-01,9,2026,0.07,1.3,0.0,0.01
S3_reappro_100,F1145,INGREDIENTS,Nkolbisson,Centre,2026-09-01,9,2026,0.0,0.1,0.0,0.0
S3_reappro_100,F1146,INGREDIENTS,Bertoua,Centre,2026-09-01,9,2026,0.0,0.0,0.0,0.0
S3_reappro_100,F1146,INGREDIENTS,Messassi,Centre,2026-09-01,9,2026,0.03,0.5,0.0,0.0
S3_reappro_100,F1146,INGREDIENTS,Ngaoundere,Centre,2026-09-01,9,2026,0.0,0.1,0.0,0.0
S3_reappro_100,F1146,INGREDIENTS,Nkoabang,Centre,2026-09-01,9,2026,0.01,0.3,0.0,0.0
S3_reappro_100,F1147,INGREDIENTS,Ahala,Centre,2026-09-01,9,2026,0.0,0.0,0.0,0.0
S3_reappro_100,F1147,INGREDIENTS,Bertoua,Centre,2026-09-01,9,2026,0.0,0.0,0.0,0.0
S3_reappro_100,F1147,INGREDIENTS,Messassi,Centre,2026-09-01,9,2026,0.0,0.0,0.0,0.0
S3_reappro_100,F1147,INGREDIENTS,Ngaoundere,Centre,2026-09-01,9,2026,0.0,0.0,0.0,0.0
S3_reappro_100,F1147,INGREDIENTS,Nkoabang,Centre,2026-09-01,9,2026,0.0,0.0,0.0,0.0
S3_reappro_100,F1147,INGREDIENTS,Nkolbisson,Centre,2026-09-01,9,2026,0.0,0.0,0.0,0.0
S3_reappro_100,I105,INGREDIENTS,Ahala,Centre,2026-09-01,9,2026,0.01,0.1,35500.0,0.0
S3_reappro_100,I105,INGREDIENTS,Bertoua,Centre,2026-09-01,9,2026,0.0,0.1,35500.0,0.0
S3_reappro_100,I105,INGREDIENTS,Messassi,Centre,2026-09-01,9,2026,0.01,0.2,35500.0,0.0
S3_reappro_100,I105,INGREDIENTS,Ngaoundere,Centre,2026-09-01,9,2026,0.01,0.2,35500.0,0.0
S3_reappro_100,I105,INGREDIENTS,Nkoabang,Centre,2026-09-01,9,2026,0.01,0.1,35500.0,0.0
S3_reappro_100,I105,INGREDIENTS,Nkolbisson,Centre,2026-09-01,9,2026,0.0,0.0,35500.0,0.0
S3_reappro_100,I1051,INGREDIENTS,Ahala,Centre,2026-09-01,9,2026,0.0,0.1,41000.0,0.0
S3_reappro_100,I1051,INGREDIENTS,Bertoua,Centre,2026-09-01,9,2026,0.01,0.2,41000.0,0.0
S3_reappro_100,I1051,INGREDIENTS,Messassi,Centre,2026-09-01,9,2026,0.01,0.2,41000.0,0.0
S3_reappro_100,I1051,INGREDIENTS,Ngaoundere,Centre,2026-09-01,9,2026,0.01,0.2,41000.0,0.0
S3_reappro_100,I1051,INGREDIENTS,Nkoabang,Centre,2026-09-01,9,2026,0.0,0.1,41000.0,0.0
S3_reappro_100,I1051,INGREDIENTS,Nkolbisson,Centre,2026-09-01,9,2026,0.0,0.1,41000.0,0.0
S3_reappro_100,I106,INGREDIENTS,Ahala,Centre,2026-09-01,9,2026,0.08,1.7,0.0,0.05
S3_reappro_100,I106,INGREDIENTS,Bertoua,Centre,2026-09-01,9,2026,0.03,0.6,0.0,0.02
S3_reappro_100,I106,INGREDIENTS,Messassi,Centre,2026-09-01,9,2026,0.09,1.8,0.0,0.05
S3_reappro_100,I106,INGREDIENTS,Ngaoundere,Centre,2026-09-01,9,2026,0.03,0.6,0.0,0.02
S3_reappro_100,I106,INGREDIENTS,Nkoabang,Centre,2026-09-01,9,2026,0.05,1.1,0.0,0.03
S3_reappro_100,I106,INGREDIENTS,Nkolbisson,Centre,2026-09-01,9,2026,0.01,0.2,0.0,0.01
S3_reappro_100,I1061,INGREDIENTS,Ahala,Centre,2026-09-01,9,2026,0.0,0.0,0.0,0.0
S3_reappro_100,I1061,INGREDIENTS,Bertoua,Centre,2026-09-01,9,2026,0.0,0.1,0.0,0.0
S3_reappro_100,I1061,INGREDIENTS,Messassi,Centre,2026-09-01,9,2026,0.0,0.1,0.0,0.0
S3_reappro_100,I1061,INGREDIENTS,Ngaoundere,Centre,2026-09-01,9,2026,0.0,0.0,0.0,0.0
S3_reappro_100,I1061,INGREDIENTS,Nkoabang,Centre,2026-09-01,9,2026,0.0,0.1,0.0,0.0
S3_reappro_100,I1061,INGREDIENTS,Nkolbisson,Centre,2026-09-01,9,2026,0.0,0.0,0.0,0.0
S3_reappro_100,I107,INGREDIENTS,Ahala,Centre,2026-09-01,9,2026,0.13,2.5,0.0,0.04
S3_reappro_100,I107,INGREDIENTS,Bertoua,Centre,2026-09-01,9,2026,0.03,0.6,0.0,0.01
S3_reappro_100,I107,INGREDIENTS,Messassi,Centre,2026-09-01,9,2026,0.11,2.2,0.0,0.04
S3_reappro_100,I107,INGREDIENTS,Ngaoundere,Centre,2026-09-01,9,2026,0.05,1.0,0.0,0.02
S3_reappro_100,I107,INGREDIENTS,Nkoabang,Centre,2026-09-01,9,2026,0.07,1.4,0.0,0.02
S3_reappro_100,I107,INGREDIENTS,Nkolbisson,Centre,2026-09-01,9,2026,0.01,0.3,0.0,0.0
S3_reappro_100,I1071,INGREDIENTS,Ahala,Centre,2026-09-01,9,2026,0.0,0.0,0.0,0.0
S3_reappro_100,I1071,INGREDIENTS,Bertoua,Centre,2026-09-01,9,2026,0.0,0.0,0.0,0.0
S3_reappro_100,I1071,INGREDIENTS,Messassi,Centre,2026-09-01,9,2026,0.0,0.1,0.0,0.0
S3_reappro_100,I1071,INGREDIENTS,Ngaoundere,Centre,2026-09-01,9,2026,0.0,0.0,0.0,0.0
S3_reappro_100,I1071,INGREDIENTS,Nkoabang,Centre,2026-09-01,9,2026,0.0,0.1,0.0,0.0
S3_reappro_100,I1071,INGREDIENTS,Nkolbisson,Centre,2026-09-01,9,2026,0.0,0.0,0.0,0.0
S3_reappro_100,P105,INGREDIENTS,Ahala,Centre,2026-09-01,9,2026,0.4,8.1,0.0,0.08
S3_reappro_100,P105,INGREDIENTS,Bertoua,Centre,2026-09-01,9,2026,0.21,4.1,0.0,0.04
S3_reappro_100,P105,INGREDIENTS,Messassi,Centre,2026-09-01,9,2026,0.7,14.0,0.0,0.15
S3_reappro_100,P105,INGREDIENTS,Ngaoundere,Centre,2026-09-01,9,2026,0.27,5.4,0.0,0.06
S3_reappro_100,P105,INGREDIENTS,Nkoabang,Centre,2026-09-01,9,2026,0.26,5.1,0.0,0.05
S3_reappro_100,P105,INGREDIENTS,Nkolbisson,Centre,2026-09-01,9,2026,0.16,3.1,0.0,0.03
S3_reappro_100,P1051,INGREDIENTS,Ahala,Centre,2026-09-01,9,2026,0.0,0.0,0.0,0.0
S3_reappro_100,P1051,INGREDIENTS,Bertoua,Centre,2026-09-01,9,2026,0.01,0.2,0.0,0.0
S3_reappro_100,P1051,INGREDIENTS,Messassi,Centre,2026-09-01,9,2026,0.0,0.1,0.0,0.0
S3_reappro_100,P1051,INGREDIENTS,Ngaoundere,Centre,2026-09-01,9,2026,0.0,0.1,0.0,0.0
S3_reappro_100,P1051,INGREDIENTS,Nkoabang,Centre,2026-09-01,9,2026,0.0,0.0,0.0,0.0
S3_reappro_100,P1051,INGREDIENTS,Nkolbisson,Centre,2026-09-01,9,2026,0.0,0.1,0.0,0.0
S3_reappro_100,P1053,INGREDIENTS,Ahala,Centre,2026-09-01,9,2026,0.01,0.2,0.0,0.0
S3_reappro_100,P1053,INGREDIENTS,Bertoua,Centre,2026-09-01,9,2026,0.01,0.2,0.0,0.0
S3_reappro_100,P1053,INGREDIENTS,Messassi,Centre,2026-09-01,9,2026,0.01,0.3,0.0,0.0
S3_reappro_100,P1053,INGREDIENTS,Ngaoundere,Centre,2026-09-01,9,2026,0.01,0.2,0.0,0.0
S3_reappro_100,P1053,INGREDIENTS,Nkoabang,Centre,2026-09-01,9,2026,0.0,0.1,0.0,0.0
S3_reappro_100,P1053,INGREDIENTS,Nkolbisson,Centre,2026-09-01,9,2026,0.0,0.1,0.0,0.0
S3_reappro_100,B100,INGREDIENTS,Ahala,Centre,2026-10-01,10,2026,0.15,3.0,33500.0,0.02
S3_reappro_100,B100,INGREDIENTS,Bertoua,Centre,2026-10-01,10,2026,0.26,5.2,33500.0,0.03
S3_reappro_100,B100,INGREDIENTS,Messassi,Centre,2026-10-01,10,2026,0.71,14.3,33500.0,0.08
S3_reappro_100,B100,INGREDIENTS,Ngaoundere,Centre,2026-10-01,10,2026,0.25,5.0,33500.0,0.03
S3_reappro_100,B100,INGREDIENTS,Nkoabang,Centre,2026-10-01,10,2026,0.12,2.3,33500.0,0.01
S3_reappro_100,B100,INGREDIENTS,Nkolbisson,Centre,2026-10-01,10,2026,0.03,0.5,33500.0,0.0
S3_reappro_100,B1001,INGREDIENTS,Ahala,Centre,2026-10-01,10,2026,0.0,0.0,45950.0,0.0
S3_reappro_100,B1001,INGREDIENTS,Bertoua,Centre,2026-10-01,10,2026,0.03,0.5,45950.0,0.0
S3_reappro_100,B1001,INGREDIENTS,Messassi,Centre,2026-10-01,10,2026,0.01,0.1,45950.0,0.0
S3_reappro_100,B1001,INGREDIENTS,Ngaoundere,Centre,2026-10-01,10,2026,0.0,0.0,45950.0,0.0
S3_reappro_100,B1001,INGREDIENTS,Nkoabang,Centre,2026-10-01,10,2026,0.0,0.1,45950.0,0.0
S3_reappro_100,E101,INGREDIENTS,Ahala,Centre,2026-10-01,10,2026,0.83,16.5,60000.0,0.16
S3_reappro_100,E101,INGREDIENTS,Bertoua,Centre,2026-10-01,10,2026,0.68,13.7,60000.0,0.14
S3_reappro_100,E101,INGREDIENTS,Messassi,Centre,2026-10-01,10,2026,1.64,32.8,60000.0,0.32
S3_reappro_100,E101,INGREDIENTS,Ngaoundere,Centre,2026-10-01,10,2026,0.67,13.5,60000.0,0.14
S3_reappro_100,E101,INGREDIENTS,Nkoabang,Centre,2026-10-01,10,2026,0.34,6.8,60000.0,0.07
S3_reappro_100,E101,INGREDIENTS,Nkolbisson,Centre,2026-10-01,10,2026,0.23,4.7,60000.0,0.05
S3_reappro_100,E1011,INGREDIENTS,Ahala,Centre,2026-10-01,10,2026,0.02,0.5,61500.0,0.01
S3_reappro_100,E1011,INGREDIENTS,Bertoua,Centre,2026-10-01,10,2026,0.09,1.9,61500.0,0.02
S3_reappro_100,E1011,INGREDIENTS,Messassi,Centre,2026-10-01,10,2026,0.03,0.7,61500.0,0.01
S3_reappro_100,E1011,INGREDIENTS,Ngaoundere,Centre,2026-10-01,10,2026,0.09,1.8,61500.0,0.02
S3_reappro_100,E1011,INGREDIENTS,Nkoabang,Centre,2026-10-01,10,2026,0.02,0.4,61500.0,0.0
S3_reappro_100,E1011,INGREDIENTS,Nkolbisson,Centre,2026-10-01,10,2026,0.02,0.5,61500.0,0.0
S3_reappro_100,E1014,INGREDIENTS,Ahala,Centre,2026-10-01,10,2026,0.0,0.0,708.0,0.0
S3_reappro_100,E1014,INGREDIENTS,Messassi,Centre,2026-10-01,10,2026,0.0,0.0,708.0,0.0
S3_reappro_100,F114,INGREDIENTS,Ahala,Centre,2026-10-01,10,2026,0.42,8.4,0.0,0.07
S3_reappro_100,F114,INGREDIENTS,Bertoua,Centre,2026-10-01,10,2026,0.72,14.4,0.0,0.13
S3_reappro_100,F114,INGREDIENTS,Messassi,Centre,2026-10-01,10,2026,0.43,8.5,0.0,0.07
S3_reappro_100,F114,INGREDIENTS,Ngaoundere,Centre,2026-10-01,10,2026,0.74,14.8,0.0,0.13
S3_reappro_100,F114,INGREDIENTS,Nkoabang,Centre,2026-10-01,10,2026,0.06,1.3,0.0,0.01
S3_reappro_100,F1145,INGREDIENTS,Ahala,Centre,2026-10-01,10,2026,0.79,15.8,0.0,0.14
S3_reappro_100,F1145,INGREDIENTS,Bertoua,Centre,2026-10-01,10,2026,0.32,6.3,0.0,0.06
S3_reappro_100,F1145,INGREDIENTS,Messassi,Centre,2026-10-01,10,2026,1.13,22.7,0.0,0.2
S3_reappro_100,F1145,INGREDIENTS,Ngaoundere,Centre,2026-10-01,10,2026,0.9,18.0,0.0,0.16
S3_reappro_100,F1145,INGREDIENTS,Nkoabang,Centre,2026-10-01,10,2026,0.42,8.4,0.0,0.07
S3_reappro_100,F1145,INGREDIENTS,Nkolbisson,Centre,2026-10-01,10,2026,0.03,0.5,0.0,0.0
S3_reappro_100,F1146,INGREDIENTS,Bertoua,Centre,2026-10-01,10,2026,0.01,0.1,0.0,0.0
S3_reappro_100,F1146,INGREDIENTS,Messassi,Centre,2026-10-01,10,2026,0.16,3.3,0.0,0.03
S3_reappro_100,F1146,INGREDIENTS,Ngaoundere,Centre,2026-10-01,10,2026,0.02,0.4,0.0,0.0
S3_reappro_100,F1146,INGREDIENTS,Nkoabang,Centre,2026-10-01,10,2026,0.08,1.7,0.0,0.01
S3_reappro_100,F1147,INGREDIENTS,Ahala,Centre,2026-10-01,10,2026,0.0,0.1,0.0,0.0
S3_reappro_100,F1147,INGREDIENTS,Bertoua,Centre,2026-10-01,10,2026,0.0,0.1,0.0,0.0
S3_reappro_100,F1147,INGREDIENTS,Messassi,Centre,2026-10-01,10,2026,0.01,0.2,0.0,0.0
S3_reappro_100,F1147,INGREDIENTS,Ngaoundere,Centre,2026-10-01,10,2026,0.01,0.1,0.0,0.0
S3_reappro_100,F1147,INGREDIENTS,Nkoabang,Centre,2026-10-01,10,2026,0.01,0.1,0.0,0.0
S3_reappro_100,F1147,INGREDIENTS,Nkolbisson,Centre,2026-10-01,10,2026,0.01,0.1,0.0,0.0
S3_reappro_100,I105,INGREDIENTS,Ahala,Centre,2026-10-01,10,2026,0.04,0.8,35500.0,0.0
S3_reappro_100,I105,INGREDIENTS,Bertoua,Centre,2026-10-01,10,2026,0.02,0.4,35500.0,0.0
S3_reappro_100,I105,INGREDIENTS,Messassi,Centre,2026-10-01,10,2026,0.06,1.3,35500.0,0.01
S3_reappro_100,I105,INGREDIENTS,Ngaoundere,Centre,2026-10-01,10,2026,0.05,0.9,35500.0,0.01
S3_reappro_100,I105,INGREDIENTS,Nkoabang,Centre,2026-10-01,10,2026,0.04,0.7,35500.0,0.0
S3_reappro_100,I105,INGREDIENTS,Nkolbisson,Centre,2026-10-01,10,2026,0.01,0.3,35500.0,0.0
S3_reappro_100,I1051,INGREDIENTS,Ahala,Centre,2026-10-01,10,2026,0.02,0.4,41000.0,0.0
S3_reappro_100,I1051,INGREDIENTS,Bertoua,Centre,2026-10-01,10,2026,0.07,1.3,41000.0,0.01
S3_reappro_100,I1051,INGREDIENTS,Messassi,Centre,2026-10-01,10,2026,0.05,1.0,41000.0,0.01
S3_reappro_100,I1051,INGREDIENTS,Ngaoundere,Centre,2026-10-01,10,2026,0.05,0.9,41000.0,0.01
S3_reappro_100,I1051,INGREDIENTS,Nkoabang,Centre,2026-10-01,10,2026,0.02,0.5,41000.0,0.0
S3_reappro_100,I1051,INGREDIENTS,Nkolbisson,Centre,2026-10-01,10,2026,0.02,0.3,41000.0,0.0
S3_reappro_100,I106,INGREDIENTS,Ahala,Centre,2026-10-01,10,2026,0.52,10.5,0.0,0.31
S3_reappro_100,I106,INGREDIENTS,Bertoua,Centre,2026-10-01,10,2026,0.19,3.9,0.0,0.12
S3_reappro_100,I106,INGREDIENTS,Messassi,Centre,2026-10-01,10,2026,0.57,11.5,0.0,0.34
S3_reappro_100,I106,INGREDIENTS,Ngaoundere,Centre,2026-10-01,10,2026,0.2,4.0,0.0,0.12
S3_reappro_100,I106,INGREDIENTS,Nkoabang,Centre,2026-10-01,10,2026,0.34,6.7,0.0,0.21
S3_reappro_100,I106,INGREDIENTS,Nkolbisson,Centre,2026-10-01,10,2026,0.07,1.4,0.0,0.04
S3_reappro_100,I1061,INGREDIENTS,Ahala,Centre,2026-10-01,10,2026,0.01,0.2,0.0,0.01
S3_reappro_100,I1061,INGREDIENTS,Bertoua,Centre,2026-10-01,10,2026,0.02,0.5,0.0,0.02
S3_reappro_100,I1061,INGREDIENTS,Messassi,Centre,2026-10-01,10,2026,0.03,0.6,0.0,0.02
S3_reappro_100,I1061,INGREDIENTS,Ngaoundere,Centre,2026-10-01,10,2026,0.01,0.3,0.0,0.01
S3_reappro_100,I1061,INGREDIENTS,Nkoabang,Centre,2026-10-01,10,2026,0.02,0.4,0.0,0.01
S3_reappro_100,I1061,INGREDIENTS,Nkolbisson,Centre,2026-10-01,10,2026,0.01,0.2,0.0,0.01
S3_reappro_100,I107,INGREDIENTS,Ahala,Centre,2026-10-01,10,2026,0.79,15.7,0.0,0.26
S3_reappro_100,I107,INGREDIENTS,Bertoua,Centre,2026-10-01,10,2026,0.19,3.8,0.0,0.06
S3_reappro_100,I107,INGREDIENTS,Messassi,Centre,2026-10-01,10,2026,0.69,13.8,0.0,0.23
S3_reappro_100,I107,INGREDIENTS,Ngaoundere,Centre,2026-10-01,10,2026,0.32,6.4,0.0,0.11
S3_reappro_100,I107,INGREDIENTS,Nkoabang,Centre,2026-10-01,10,2026,0.44,8.8,0.0,0.15
S3_reappro_100,I107,INGREDIENTS,Nkolbisson,Centre,2026-10-01,10,2026,0.08,1.6,0.0,0.03
S3_reappro_100,I1071,INGREDIENTS,Ahala,Centre,2026-10-01,10,2026,0.01,0.1,0.0,0.0
S3_reappro_100,I1071,INGREDIENTS,Bertoua,Centre,2026-10-01,10,2026,0.01,0.2,0.0,0.01
S3_reappro_100,I1071,INGREDIENTS,Messassi,Centre,2026-10-01,10,2026,0.02,0.4,0.0,0.01
S3_reappro_100,I1071,INGREDIENTS,Ngaoundere,Centre,2026-10-01,10,2026,0.01,0.2,0.0,0.01
S3_reappro_100,I1071,INGREDIENTS,Nkoabang,Centre,2026-10-01,10,2026,0.02,0.4,0.0,0.01
S3_reappro_100,I1071,INGREDIENTS,Nkolbisson,Centre,2026-10-01,10,2026,0.01,0.2,0.0,0.01
S3_reappro_100,P105,INGREDIENTS,Ahala,Centre,2026-10-01,10,2026,2.51,50.1,0.0,0.52
S3_reappro_100,P105,INGREDIENTS,Bertoua,Centre,2026-10-01,10,2026,1.28,25.6,0.0,0.27
S3_reappro_100,P105,INGREDIENTS,Messassi,Centre,2026-10-01,10,2026,4.33,86.5,0.0,0.9
S3_reappro_100,P105,INGREDIENTS,Ngaoundere,Centre,2026-10-01,10,2026,1.67,33.3,0.0,0.36
S3_reappro_100,P105,INGREDIENTS,Nkoabang,Centre,2026-10-01,10,2026,1.58,31.6,0.0,0.32
S3_reappro_100,P105,INGREDIENTS,Nkolbisson,Centre,2026-10-01,10,2026,0.97,19.3,0.0,0.2
S3_reappro_100,P1051,INGREDIENTS,Ahala,Centre,2026-10-01,10,2026,0.01,0.2,0.0,0.0
S3_reappro_100,P1051,INGREDIENTS,Bertoua,Centre,2026-10-01,10,2026,0.07,1.3,0.0,0.01
S3_reappro_100,P1051,INGREDIENTS,Messassi,Centre,2026-10-01,10,2026,0.03,0.6,0.0,0.01
S3_reappro_100,P1051,INGREDIENTS,Ngaoundere,Centre,2026-10-01,10,2026,0.03,0.6,0.0,0.01
S3_reappro_100,P1051,INGREDIENTS,Nkoabang,Centre,2026-10-01,10,2026,0.01,0.2,0.0,0.0
S3_reappro_100,P1051,INGREDIENTS,Nkolbisson,Centre,2026-10-01,10,2026,0.02,0.3,0.0,0.0
S3_reappro_100,P1053,INGREDIENTS,Ahala,Centre,2026-10-01,10,2026,0.05,1.1,0.0,0.01
S3_reappro_100,P1053,INGREDIENTS,Bertoua,Centre,2026-10-01,10,2026,0.07,1.4,0.0,0.01
S3_reappro_100,P1053,INGREDIENTS,Messassi,Centre,2026-10-01,10,2026,0.08,1.7,0.0,0.02
S3_reappro_100,P1053,INGREDIENTS,Ngaoundere,Centre,2026-10-01,10,2026,0.06,1.2,0.0,0.01
S3_reappro_100,P1053,INGREDIENTS,Nkoabang,Centre,2026-10-01,10,2026,0.03,0.6,0.0,0.01
S3_reappro_100,P1053,INGREDIENTS,Nkolbisson,Centre,2026-10-01,10,2026,0.03,0.6,0.0,0.01
S3_reappro_100,B100,INGREDIENTS,Ahala,Centre,2026-11-01,11,2026,0.07,1.3,33500.0,0.01
S3_reappro_100,B100,INGREDIENTS,Bertoua,Centre,2026-11-01,11,2026,0.12,2.3,33500.0,0.01
S3_reappro_100,B100,INGREDIENTS,Messassi,Centre,2026-11-01,11,2026,0.32,6.4,33500.0,0.03
S3_reappro_100,B100,INGREDIENTS,Ngaoundere,Centre,2026-11-01,11,2026,0.11,2.2,33500.0,0.01
S3_reappro_100,B100,INGREDIENTS,Nkoabang,Centre,2026-11-01,11,2026,0.05,1.1,33500.0,0.01
S3_reappro_100,B100,INGREDIENTS,Nkolbisson,Centre,2026-11-01,11,2026,0.01,0.2,33500.0,0.0
S3_reappro_100,B1001,INGREDIENTS,Ahala,Centre,2026-11-01,11,2026,0.0,0.0,45950.0,0.0
S3_reappro_100,B1001,INGREDIENTS,Bertoua,Centre,2026-11-01,11,2026,0.01,0.2,45950.0,0.0
S3_reappro_100,B1001,INGREDIENTS,Messassi,Centre,2026-11-01,11,2026,0.0,0.1,45950.0,0.0
S3_reappro_100,B1001,INGREDIENTS,Ngaoundere,Centre,2026-11-01,11,2026,0.0,0.0,45950.0,0.0
S3_reappro_100,B1001,INGREDIENTS,Nkoabang,Centre,2026-11-01,11,2026,0.0,0.0,45950.0,0.0
S3_reappro_100,E101,INGREDIENTS,Ahala,Centre,2026-11-01,11,2026,0.37,7.4,60000.0,0.07
S3_reappro_100,E101,INGREDIENTS,Bertoua,Centre,2026-11-01,11,2026,0.31,6.1,60000.0,0.06
S3_reappro_100,E101,INGREDIENTS,Messassi,Centre,2026-11-01,11,2026,0.74,14.7,60000.0,0.15
S3_reappro_100,E101,INGREDIENTS,Ngaoundere,Centre,2026-11-01,11,2026,0.3,6.0,60000.0,0.06
S3_reappro_100,E101,INGREDIENTS,Nkoabang,Centre,2026-11-01,11,2026,0.15,3.0,60000.0,0.03
S3_reappro_100,E101,INGREDIENTS,Nkolbisson,Centre,2026-11-01,11,2026,0.11,2.1,60000.0,0.02
S3_reappro_100,E1011,INGREDIENTS,Ahala,Centre,2026-11-01,11,2026,0.01,0.2,61500.0,0.0
S3_reappro_100,E1011,INGREDIENTS,Bertoua,Centre,2026-11-01,11,2026,0.04,0.8,61500.0,0.01
S3_reappro_100,E1011,INGREDIENTS,Messassi,Centre,2026-11-01,11,2026,0.01,0.3,61500.0,0.0
S3_reappro_100,E1011,INGREDIENTS,Ngaoundere,Centre,2026-11-01,11,2026,0.04,0.8,61500.0,0.01
S3_reappro_100,E1011,INGREDIENTS,Nkoabang,Centre,2026-11-01,11,2026,0.01,0.2,61500.0,0.0
S3_reappro_100,E1011,INGREDIENTS,Nkolbisson,Centre,2026-11-01,11,2026,0.01,0.2,61500.0,0.0
S3_reappro_100,E1014,INGREDIENTS,Ahala,Centre,2026-11-01,11,2026,0.0,0.0,708.0,0.0
S3_reappro_100,E1014,INGREDIENTS,Messassi,Centre,2026-11-01,11,2026,0.0,0.0,708.0,0.0
S3_reappro_100,F114,INGREDIENTS,Ahala,Centre,2026-11-01,11,2026,0.19,3.7,0.0,0.03
S3_reappro_100,F114,INGREDIENTS,Bertoua,Centre,2026-11-01,11,2026,0.32,6.5,0.0,0.06
S3_reappro_100,F114,INGREDIENTS,Messassi,Centre,2026-11-01,11,2026,0.19,3.8,0.0,0.03
S3_reappro_100,F114,INGREDIENTS,Ngaoundere,Centre,2026-11-01,11,2026,0.33,6.7,0.0,0.06
S3_reappro_100,F114,INGREDIENTS,Nkoabang,Centre,2026-11-01,11,2026,0.03,0.6,0.0,0.01
S3_reappro_100,F1145,INGREDIENTS,Ahala,Centre,2026-11-01,11,2026,0.35,7.1,0.0,0.06
S3_reappro_100,F1145,INGREDIENTS,Bertoua,Centre,2026-11-01,11,2026,0.14,2.8,0.0,0.02
S3_reappro_100,F1145,INGREDIENTS,Messassi,Centre,2026-11-01,11,2026,0.51,10.2,0.0,0.09
S3_reappro_100,F1145,INGREDIENTS,Ngaoundere,Centre,2026-11-01,11,2026,0.4,8.1,0.0,0.07
S3_reappro_100,F1145,INGREDIENTS,Nkoabang,Centre,2026-11-01,11,2026,0.19,3.7,0.0,0.03
S3_reappro_100,F1145,INGREDIENTS,Nkolbisson,Centre,2026-11-01,11,2026,0.01,0.2,0.0,0.0
S3_reappro_100,F1146,INGREDIENTS,Bertoua,Centre,2026-11-01,11,2026,0.0,0.0,0.0,0.0
S3_reappro_100,F1146,INGREDIENTS,Messassi,Centre,2026-11-01,11,2026,0.07,1.5,0.0,0.01
S3_reappro_100,F1146,INGREDIENTS,Ngaoundere,Centre,2026-11-01,11,2026,0.01,0.2,0.0,0.0
S3_reappro_100,F1146,INGREDIENTS,Nkoabang,Centre,2026-11-01,11,2026,0.04,0.8,0.0,0.01
S3_reappro_100,F1147,INGREDIENTS,Ahala,Centre,2026-11-01,11,2026,0.0,0.0,0.0,0.0
S3_reappro_100,F1147,INGREDIENTS,Bertoua,Centre,2026-11-01,11,2026,0.0,0.0,0.0,0.0
S3_reappro_100,F1147,INGREDIENTS,Messassi,Centre,2026-11-01,11,2026,0.0,0.1,0.0,0.0
S3_reappro_100,F1147,INGREDIENTS,Ngaoundere,Centre,2026-11-01,11,2026,0.0,0.0,0.0,0.0
S3_reappro_100,F1147,INGREDIENTS,Nkoabang,Centre,2026-11-01,11,2026,0.0,0.1,0.0,0.0
S3_reappro_100,F1147,INGREDIENTS,Nkolbisson,Centre,2026-11-01,11,2026,0.0,0.1,0.0,0.0
S3_reappro_100,I105,INGREDIENTS,Ahala,Centre,2026-11-01,11,2026,0.02,0.3,35500.0,0.0
S3_reappro_100,I105,INGREDIENTS,Bertoua,Centre,2026-11-01,11,2026,0.01,0.2,35500.0,0.0
S3_reappro_100,I105,INGREDIENTS,Messassi,Centre,2026-11-01,11,2026,0.03,0.6,35500.0,0.0
S3_reappro_100,I105,INGREDIENTS,Ngaoundere,Centre,2026-11-01,11,2026,0.02,0.4,35500.0,0.0
S3_reappro_100,I105,INGREDIENTS,Nkoabang,Centre,2026-11-01,11,2026,0.02,0.3,35500.0,0.0
S3_reappro_100,I105,INGREDIENTS,Nkolbisson,Centre,2026-11-01,11,2026,0.01,0.1,35500.0,0.0
S3_reappro_100,I1051,INGREDIENTS,Ahala,Centre,2026-11-01,11,2026,0.01,0.2,41000.0,0.0
S3_reappro_100,I1051,INGREDIENTS,Bertoua,Centre,2026-11-01,11,2026,0.03,0.6,41000.0,0.0
S3_reappro_100,I1051,INGREDIENTS,Messassi,Centre,2026-11-01,11,2026,0.02,0.5,41000.0,0.0
S3_reappro_100,I1051,INGREDIENTS,Ngaoundere,Centre,2026-11-01,11,2026,0.02,0.4,41000.0,0.0
S3_reappro_100,I1051,INGREDIENTS,Nkoabang,Centre,2026-11-01,11,2026,0.01,0.2,41000.0,0.0
S3_reappro_100,I1051,INGREDIENTS,Nkolbisson,Centre,2026-11-01,11,2026,0.01,0.1,41000.0,0.0
S3_reappro_100,I106,INGREDIENTS,Ahala,Centre,2026-11-01,11,2026,0.24,4.7,0.0,0.14
S3_reappro_100,I106,INGREDIENTS,Bertoua,Centre,2026-11-01,11,2026,0.09,1.7,0.0,0.05
S3_reappro_100,I106,INGREDIENTS,Messassi,Centre,2026-11-01,11,2026,0.26,5.1,0.0,0.15
S3_reappro_100,I106,INGREDIENTS,Ngaoundere,Centre,2026-11-01,11,2026,0.09,1.8,0.0,0.05
S3_reappro_100,I106,INGREDIENTS,Nkoabang,Centre,2026-11-01,11,2026,0.15,3.0,0.0,0.09
S3_reappro_100,I106,INGREDIENTS,Nkolbisson,Centre,2026-11-01,11,2026,0.03,0.6,0.0,0.02
S3_reappro_100,I1061,INGREDIENTS,Ahala,Centre,2026-11-01,11,2026,0.0,0.1,0.0,0.0
S3_reappro_100,I1061,INGREDIENTS,Bertoua,Centre,2026-11-01,11,2026,0.01,0.2,0.0,0.01
S3_reappro_100,I1061,INGREDIENTS,Messassi,Centre,2026-11-01,11,2026,0.01,0.3,0.0,0.01
S3_reappro_100,I1061,INGREDIENTS,Ngaoundere,Centre,2026-11-01,11,2026,0.01,0.1,0.0,0.0
S3_reappro_100,I1061,INGREDIENTS,Nkoabang,Centre,2026-11-01,11,2026,0.01,0.2,0.0,0.01
S3_reappro_100,I1061,INGREDIENTS,Nkolbisson,Centre,2026-11-01,11,2026,0.01,0.1,0.0,0.0
S3_reappro_100,I107,INGREDIENTS,Ahala,Centre,2026-11-01,11,2026,0.35,7.0,0.0,0.12
S3_reappro_100,I107,INGREDIENTS,Bertoua,Centre,2026-11-01,11,2026,0.08,1.7,0.0,0.03
S3_reappro_100,I107,INGREDIENTS,Messassi,Centre,2026-11-01,11,2026,0.31,6.2,0.0,0.1
S3_reappro_100,I107,INGREDIENTS,Ngaoundere,Centre,2026-11-01,11,2026,0.14,2.9,0.0,0.05
S3_reappro_100,I107,INGREDIENTS,Nkoabang,Centre,2026-11-01,11,2026,0.2,4.0,0.0,0.07
S3_reappro_100,I107,INGREDIENTS,Nkolbisson,Centre,2026-11-01,11,2026,0.04,0.7,0.0,0.01
S3_reappro_100,I1071,INGREDIENTS,Ahala,Centre,2026-11-01,11,2026,0.0,0.1,0.0,0.0
S3_reappro_100,I1071,INGREDIENTS,Bertoua,Centre,2026-11-01,11,2026,0.01,0.1,0.0,0.0
S3_reappro_100,I1071,INGREDIENTS,Messassi,Centre,2026-11-01,11,2026,0.01,0.2,0.0,0.0
S3_reappro_100,I1071,INGREDIENTS,Ngaoundere,Centre,2026-11-01,11,2026,0.01,0.1,0.0,0.0
S3_reappro_100,I1071,INGREDIENTS,Nkoabang,Centre,2026-11-01,11,2026,0.01,0.2,0.0,0.0
S3_reappro_100,I1071,INGREDIENTS,Nkolbisson,Centre,2026-11-01,11,2026,0.01,0.1,0.0,0.0
S3_reappro_100,P105,INGREDIENTS,Ahala,Centre,2026-11-01,11,2026,1.12,22.5,0.0,0.23
S3_reappro_100,P105,INGREDIENTS,Bertoua,Centre,2026-11-01,11,2026,0.57,11.5,0.0,0.12
S3_reappro_100,P105,INGREDIENTS,Messassi,Centre,2026-11-01,11,2026,1.94,38.8,0.0,0.4
S3_reappro_100,P105,INGREDIENTS,Ngaoundere,Centre,2026-11-01,11,2026,0.75,14.9,0.0,0.16
S3_reappro_100,P105,INGREDIENTS,Nkoabang,Centre,2026-11-01,11,2026,0.71,14.2,0.0,0.14
S3_reappro_100,P105,INGREDIENTS,Nkolbisson,Centre,2026-11-01,11,2026,0.43,8.7,0.0,0.09
S3_reappro_100,P1051,INGREDIENTS,Ahala,Centre,2026-11-01,11,2026,0.0,0.1,0.0,0.0
S3_reappro_100,P1051,INGREDIENTS,Bertoua,Centre,2026-11-01,11,2026,0.03,0.6,0.0,0.01
S3_reappro_100,P1051,INGREDIENTS,Messassi,Centre,2026-11-01,11,2026,0.01,0.3,0.0,0.0
S3_reappro_100,P1051,INGREDIENTS,Ngaoundere,Centre,2026-11-01,11,2026,0.01,0.3,0.0,0.0
S3_reappro_100,P1051,INGREDIENTS,Nkoabang,Centre,2026-11-01,11,2026,0.0,0.1,0.0,0.0
S3_reappro_100,P1051,INGREDIENTS,Nkolbisson,Centre,2026-11-01,11,2026,0.01,0.1,0.0,0.0
S3_reappro_100,P1053,INGREDIENTS,Ahala,Centre,2026-11-01,11,2026,0.02,0.5,0.0,0.01
S3_reappro_100,P1053,INGREDIENTS,Bertoua,Centre,2026-11-01,11,2026,0.03,0.6,0.0,0.01
S3_reappro_100,P1053,INGREDIENTS,Messassi,Centre,2026-11-01,11,2026,0.04,0.7,0.0,0.01
S3_reappro_100,P1053,INGREDIENTS,Ngaoundere,Centre,2026-11-01,11,2026,0.03,0.5,0.0,0.01
S3_reappro_100,P1053,INGREDIENTS,Nkoabang,Centre,2026-11-01,11,2026,0.01,0.3,0.0,0.0
S3_reappro_100,P1053,INGREDIENTS,Nkolbisson,Centre,2026-11-01,11,2026,0.01,0.3,0.0,0.0
S3_reappro_100,B100,INGREDIENTS,Ahala,Centre,2026-12-01,12,2026,0.34,6.8,33500.0,0.04
S3_reappro_100,B100,INGREDIENTS,Bertoua,Centre,2026-12-01,12,2026,0.59,11.7,33500.0,0.06
S3_reappro_100,B100,INGREDIENTS,Messassi,Centre,2026-12-01,12,2026,1.62,32.3,33500.0,0.17
S3_reappro_100,B100,INGREDIENTS,Ngaoundere,Centre,2026-12-01,12,2026,0.56,11.2,33500.0,0.07
S3_reappro_100,B100,INGREDIENTS,Nkoabang,Centre,2026-12-01,12,2026,0.26,5.3,33500.0,0.03
S3_reappro_100,B100,INGREDIENTS,Nkolbisson,Centre,2026-12-01,12,2026,0.06,1.1,33500.0,0.01
S3_reappro_100,B1001,INGREDIENTS,Ahala,Centre,2026-12-01,12,2026,0.0,0.0,45950.0,0.0
S3_reappro_100,B1001,INGREDIENTS,Bertoua,Centre,2026-12-01,12,2026,0.06,1.1,45950.0,0.01
S3_reappro_100,B1001,INGREDIENTS,Messassi,Centre,2026-12-01,12,2026,0.02,0.3,45950.0,0.0
S3_reappro_100,B1001,INGREDIENTS,Ngaoundere,Centre,2026-12-01,12,2026,0.0,0.0,45950.0,0.0
S3_reappro_100,B1001,INGREDIENTS,Nkoabang,Centre,2026-12-01,12,2026,0.01,0.2,45950.0,0.0
S3_reappro_100,E101,INGREDIENTS,Ahala,Centre,2026-12-01,12,2026,1.87,37.4,60000.0,0.37
S3_reappro_100,E101,INGREDIENTS,Bertoua,Centre,2026-12-01,12,2026,1.54,30.9,60000.0,0.32
S3_reappro_100,E101,INGREDIENTS,Messassi,Centre,2026-12-01,12,2026,3.7,74.1,60000.0,0.73
S3_reappro_100,E101,INGREDIENTS,Ngaoundere,Centre,2026-12-01,12,2026,1.52,30.4,60000.0,0.31
S3_reappro_100,E101,INGREDIENTS,Nkoabang,Centre,2026-12-01,12,2026,0.77,15.3,60000.0,0.15
S3_reappro_100,E101,INGREDIENTS,Nkolbisson,Centre,2026-12-01,12,2026,0.53,10.6,60000.0,0.1
S3_reappro_100,E1011,INGREDIENTS,Ahala,Centre,2026-12-01,12,2026,0.05,1.1,61500.0,0.01
S3_reappro_100,E1011,INGREDIENTS,Bertoua,Centre,2026-12-01,12,2026,0.21,4.2,61500.0,0.05
S3_reappro_100,E1011,INGREDIENTS,Messassi,Centre,2026-12-01,12,2026,0.08,1.5,61500.0,0.02
S3_reappro_100,E1011,INGREDIENTS,Ngaoundere,Centre,2026-12-01,12,2026,0.2,4.0,61500.0,0.04
S3_reappro_100,E1011,INGREDIENTS,Nkoabang,Centre,2026-12-01,12,2026,0.04,0.9,61500.0,0.01
S3_reappro_100,E1011,INGREDIENTS,Nkolbisson,Centre,2026-12-01,12,2026,0.05,1.1,61500.0,0.01
S3_reappro_100,E1014,INGREDIENTS,Ahala,Centre,2026-12-01,12,2026,0.0,0.0,708.0,0.0
S3_reappro_100,E1014,INGREDIENTS,Messassi,Centre,2026-12-01,12,2026,0.0,0.0,708.0,0.0
S3_reappro_100,F114,INGREDIENTS,Ahala,Centre,2026-12-01,12,2026,0.94,18.9,0.0,0.16
S3_reappro_100,F114,INGREDIENTS,Bertoua,Centre,2026-12-01,12,2026,1.63,32.6,0.0,0.29
S3_reappro_100,F114,INGREDIENTS,Messassi,Centre,2026-12-01,12,2026,0.96,19.2,0.0,0.17
S3_reappro_100,F114,INGREDIENTS,Ngaoundere,Centre,2026-12-01,12,2026,1.68,33.5,0.0,0.3
S3_reappro_100,F114,INGREDIENTS,Nkoabang,Centre,2026-12-01,12,2026,0.15,2.9,0.0,0.03
S3_reappro_100,F1145,INGREDIENTS,Ahala,Centre,2026-12-01,12,2026,1.78,35.7,0.0,0.31
S3_reappro_100,F1145,INGREDIENTS,Bertoua,Centre,2026-12-01,12,2026,0.72,14.3,0.0,0.13
S3_reappro_100,F1145,INGREDIENTS,Messassi,Centre,2026-12-01,12,2026,2.56,51.3,0.0,0.44
S3_reappro_100,F1145,INGREDIENTS,Ngaoundere,Centre,2026-12-01,12,2026,2.04,40.7,0.0,0.36
S3_reappro_100,F1145,INGREDIENTS,Nkoabang,Centre,2026-12-01,12,2026,0.94,18.9,0.0,0.16
S3_reappro_100,F1145,INGREDIENTS,Nkolbisson,Centre,2026-12-01,12,2026,0.06,1.1,0.0,0.01
S3_reappro_100,F1146,INGREDIENTS,Bertoua,Centre,2026-12-01,12,2026,0.01,0.2,0.0,0.0
S3_reappro_100,F1146,INGREDIENTS,Messassi,Centre,2026-12-01,12,2026,0.37,7.4,0.0,0.07
S3_reappro_100,F1146,INGREDIENTS,Ngaoundere,Centre,2026-12-01,12,2026,0.04,0.9,0.0,0.01
S3_reappro_100,F1146,INGREDIENTS,Nkoabang,Centre,2026-12-01,12,2026,0.19,3.8,0.0,0.03
S3_reappro_100,F1147,INGREDIENTS,Ahala,Centre,2026-12-01,12,2026,0.01,0.1,0.0,0.0
S3_reappro_100,F1147,INGREDIENTS,Bertoua,Centre,2026-12-01,12,2026,0.01,0.2,0.0,0.0
S3_reappro_100,F1147,INGREDIENTS,Messassi,Centre,2026-12-01,12,2026,0.02,0.5,0.0,0.0
S3_reappro_100,F1147,INGREDIENTS,Ngaoundere,Centre,2026-12-01,12,2026,0.01,0.2,0.0,0.0
S3_reappro_100,F1147,INGREDIENTS,Nkoabang,Centre,2026-12-01,12,2026,0.02,0.3,0.0,0.0
S3_reappro_100,F1147,INGREDIENTS,Nkolbisson,Centre,2026-12-01,12,2026,0.02,0.3,0.0,0.0
S3_reappro_100,I105,INGREDIENTS,Ahala,Centre,2026-12-01,12,2026,0.09,1.7,35500.0,0.01
S3_reappro_100,I105,INGREDIENTS,Bertoua,Centre,2026-12-01,12,2026,0.04,0.8,35500.0,0.0
S3_reappro_100,I105,INGREDIENTS,Messassi,Centre,2026-12-01,12,2026,0.14,2.8,35500.0,0.02
S3_reappro_100,I105,INGREDIENTS,Ngaoundere,Centre,2026-12-01,12,2026,0.11,2.1,35500.0,0.01
S3_reappro_100,I105,INGREDIENTS,Nkoabang,Centre,2026-12-01,12,2026,0.08,1.6,35500.0,0.01
S3_reappro_100,I105,INGREDIENTS,Nkolbisson,Centre,2026-12-01,12,2026,0.03,0.7,35500.0,0.0
S3_reappro_100,I1051,INGREDIENTS,Ahala,Centre,2026-12-01,12,2026,0.04,0.8,41000.0,0.01
S3_reappro_100,I1051,INGREDIENTS,Bertoua,Centre,2026-12-01,12,2026,0.15,3.0,41000.0,0.02
S3_reappro_100,I1051,INGREDIENTS,Messassi,Centre,2026-12-01,12,2026,0.11,2.3,41000.0,0.02
S3_reappro_100,I1051,INGREDIENTS,Ngaoundere,Centre,2026-12-01,12,2026,0.11,2.1,41000.0,0.01
S3_reappro_100,I1051,INGREDIENTS,Nkoabang,Centre,2026-12-01,12,2026,0.05,1.1,41000.0,0.01
S3_reappro_100,I1051,INGREDIENTS,Nkolbisson,Centre,2026-12-01,12,2026,0.04,0.7,41000.0,0.0
S3_reappro_100,I106,INGREDIENTS,Ahala,Centre,2026-12-01,12,2026,1.18,23.7,0.0,0.69
S3_reappro_100,I106,INGREDIENTS,Bertoua,Centre,2026-12-01,12,2026,0.44,8.7,0.0,0.26
S3_reappro_100,I106,INGREDIENTS,Messassi,Centre,2026-12-01,12,2026,1.29,25.9,0.0,0.76
S3_reappro_100,I106,INGREDIENTS,Ngaoundere,Centre,2026-12-01,12,2026,0.45,9.0,0.0,0.27
S3_reappro_100,I106,INGREDIENTS,Nkoabang,Centre,2026-12-01,12,2026,0.76,15.2,0.0,0.47
S3_reappro_100,I106,INGREDIENTS,Nkolbisson,Centre,2026-12-01,12,2026,0.16,3.3,0.0,0.09
S3_reappro_100,I1061,INGREDIENTS,Ahala,Centre,2026-12-01,12,2026,0.02,0.4,0.0,0.01
S3_reappro_100,I1061,INGREDIENTS,Bertoua,Centre,2026-12-01,12,2026,0.06,1.1,0.0,0.04
S3_reappro_100,I1061,INGREDIENTS,Messassi,Centre,2026-12-01,12,2026,0.07,1.3,0.0,0.04
S3_reappro_100,I1061,INGREDIENTS,Ngaoundere,Centre,2026-12-01,12,2026,0.03,0.6,0.0,0.02
S3_reappro_100,I1061,INGREDIENTS,Nkoabang,Centre,2026-12-01,12,2026,0.04,0.8,0.0,0.03
S3_reappro_100,I1061,INGREDIENTS,Nkolbisson,Centre,2026-12-01,12,2026,0.03,0.5,0.0,0.02
S3_reappro_100,I107,INGREDIENTS,Ahala,Centre,2026-12-01,12,2026,1.77,35.5,0.0,0.59
S3_reappro_100,I107,INGREDIENTS,Bertoua,Centre,2026-12-01,12,2026,0.43,8.5,0.0,0.15
S3_reappro_100,I107,INGREDIENTS,Messassi,Centre,2026-12-01,12,2026,1.56,31.2,0.0,0.52
S3_reappro_100,I107,INGREDIENTS,Ngaoundere,Centre,2026-12-01,12,2026,0.72,14.4,0.0,0.25
S3_reappro_100,I107,INGREDIENTS,Nkoabang,Centre,2026-12-01,12,2026,1.0,19.9,0.0,0.33
S3_reappro_100,I107,INGREDIENTS,Nkolbisson,Centre,2026-12-01,12,2026,0.18,3.7,0.0,0.06
S3_reappro_100,I1071,INGREDIENTS,Ahala,Centre,2026-12-01,12,2026,0.02,0.3,0.0,0.01
S3_reappro_100,I1071,INGREDIENTS,Bertoua,Centre,2026-12-01,12,2026,0.03,0.5,0.0,0.01
S3_reappro_100,I1071,INGREDIENTS,Messassi,Centre,2026-12-01,12,2026,0.04,0.8,0.0,0.02
S3_reappro_100,I1071,INGREDIENTS,Ngaoundere,Centre,2026-12-01,12,2026,0.03,0.6,0.0,0.02
S3_reappro_100,I1071,INGREDIENTS,Nkoabang,Centre,2026-12-01,12,2026,0.04,0.8,0.0,0.02
S3_reappro_100,I1071,INGREDIENTS,Nkolbisson,Centre,2026-12-01,12,2026,0.03,0.5,0.0,0.01
S3_reappro_100,P105,INGREDIENTS,Ahala,Centre,2026-12-01,12,2026,5.66,113.2,0.0,1.18
S3_reappro_100,P105,INGREDIENTS,Bertoua,Centre,2026-12-01,12,2026,2.89,57.8,0.0,0.6
S3_reappro_100,P105,INGREDIENTS,Messassi,Centre,2026-12-01,12,2026,9.78,195.6,0.0,2.04
S3_reappro_100,P105,INGREDIENTS,Ngaoundere,Centre,2026-12-01,12,2026,3.76,75.3,0.0,0.81
S3_reappro_100,P105,INGREDIENTS,Nkoabang,Centre,2026-12-01,12,2026,3.57,71.5,0.0,0.71
S3_reappro_100,P105,INGREDIENTS,Nkolbisson,Centre,2026-12-01,12,2026,2.19,43.7,0.0,0.45
S3_reappro_100,P1051,INGREDIENTS,Ahala,Centre,2026-12-01,12,2026,0.02,0.5,0.0,0.01
S3_reappro_100,P1051,INGREDIENTS,Bertoua,Centre,2026-12-01,12,2026,0.15,3.0,0.0,0.03
S3_reappro_100,P1051,INGREDIENTS,Messassi,Centre,2026-12-01,12,2026,0.06,1.3,0.0,0.01
S3_reappro_100,P1051,INGREDIENTS,Ngaoundere,Centre,2026-12-01,12,2026,0.07,1.3,0.0,0.01
S3_reappro_100,P1051,INGREDIENTS,Nkoabang,Centre,2026-12-01,12,2026,0.02,0.4,0.0,0.0
S3_reappro_100,P1051,INGREDIENTS,Nkolbisson,Centre,2026-12-01,12,2026,0.04,0.8,0.0,0.01
S3_reappro_100,P1053,INGREDIENTS,Ahala,Centre,2026-12-01,12,2026,0.12,2.4,0.0,0.03
S3_reappro_100,P1053,INGREDIENTS,Bertoua,Centre,2026-12-01,12,2026,0.16,3.3,0.0,0.03
S3_reappro_100,P1053,INGREDIENTS,Messassi,Centre,2026-12-01,12,2026,0.19,3.8,0.0,0.04
S3_reappro_100,P1053,INGREDIENTS,Ngaoundere,Centre,2026-12-01,12,2026,0.13,2.7,0.0,0.03
S3_reappro_100,P1053,INGREDIENTS,Nkoabang,Centre,2026-12-01,12,2026,0.07,1.3,0.0,0.01
S3_reappro_100,P1053,INGREDIENTS,Nkolbisson,Centre,2026-12-01,12,2026,0.07,1.3,0.0,0.01
S3_reappro_100,B100,INGREDIENTS,Ndobo,Littoral,2026-09-01,9,2026,0.0,0.1,33500.0,0.0
S3_reappro_100,B100,INGREDIENTS,Nkongsamba,Littoral,2026-09-01,9,2026,0.0,0.0,33500.0,0.0
S3_reappro_100,B100,INGREDIENTS,Pk11,Littoral,2026-09-01,9,2026,0.0,0.0,33500.0,0.0
S3_reappro_100,B100,INGREDIENTS,Village,Littoral,2026-09-01,9,2026,0.0,0.0,33500.0,0.0
S3_reappro_100,B1001,INGREDIENTS,Pk11,Littoral,2026-09-01,9,2026,0.0,0.0,45950.0,0.0
S3_reappro_100,B1001,INGREDIENTS,Village,Littoral,2026-09-01,9,2026,0.0,0.0,45950.0,0.0
S3_reappro_100,E101,INGREDIENTS,Buea,Littoral,2026-09-01,9,2026,0.0,0.1,60000.0,0.0
S3_reappro_100,E101,INGREDIENTS,Ndobo,Littoral,2026-09-01,9,2026,0.03,0.7,60000.0,0.0
S3_reappro_100,E101,INGREDIENTS,Nkongsamba,Littoral,2026-09-01,9,2026,0.01,0.2,60000.0,0.0
S3_reappro_100,E101,INGREDIENTS,Pk11,Littoral,2026-09-01,9,2026,0.0,0.1,60000.0,0.0
S3_reappro_100,E101,INGREDIENTS,Village,Littoral,2026-09-01,9,2026,0.01,0.3,60000.0,0.0
S3_reappro_100,E1011,INGREDIENTS,Buea,Littoral,2026-09-01,9,2026,0.0,0.0,61500.0,0.0
S3_reappro_100,E1011,INGREDIENTS,Ndobo,Littoral,2026-09-01,9,2026,0.0,0.0,61500.0,0.0
S3_reappro_100,E1011,INGREDIENTS,Nkongsamba,Littoral,2026-09-01,9,2026,0.0,0.0,61500.0,0.0
S3_reappro_100,E1011,INGREDIENTS,Pk11,Littoral,2026-09-01,9,2026,0.0,0.0,61500.0,0.0
S3_reappro_100,E1011,INGREDIENTS,Village,Littoral,2026-09-01,9,2026,0.0,0.0,61500.0,0.0
S3_reappro_100,E1014,INGREDIENTS,Ndobo,Littoral,2026-09-01,9,2026,0.0,0.0,708.0,0.0
S3_reappro_100,F114,INGREDIENTS,Buea,Littoral,2026-09-01,9,2026,0.01,0.1,0.0,0.0
S3_reappro_100,F114,INGREDIENTS,Ndobo,Littoral,2026-09-01,9,2026,0.01,0.3,0.0,0.0
S3_reappro_100,F114,INGREDIENTS,Nkongsamba,Littoral,2026-09-01,9,2026,0.0,0.1,0.0,0.0
S3_reappro_100,F114,INGREDIENTS,Village,Littoral,2026-09-01,9,2026,0.01,0.1,0.0,0.0
S3_reappro_100,F1145,INGREDIENTS,Buea,Littoral,2026-09-01,9,2026,0.0,0.0,0.0,0.0
S3_reappro_100,F1145,INGREDIENTS,Ndobo,Littoral,2026-09-01,9,2026,0.02,0.4,0.0,0.0
S3_reappro_100,F1145,INGREDIENTS,Nkongsamba,Littoral,2026-09-01,9,2026,0.02,0.4,0.0,0.0
S3_reappro_100,F1145,INGREDIENTS,Pk11,Littoral,2026-09-01,9,2026,0.0,0.1,0.0,0.0
S3_reappro_100,F1145,INGREDIENTS,Village,Littoral,2026-09-01,9,2026,0.01,0.2,0.0,0.0
S3_reappro_100,F1147,INGREDIENTS,Buea,Littoral,2026-09-01,9,2026,0.0,0.0,0.0,0.0
S3_reappro_100,F1147,INGREDIENTS,Ndobo,Littoral,2026-09-01,9,2026,0.0,0.0,0.0,0.0
S3_reappro_100,F1147,INGREDIENTS,Nkongsamba,Littoral,2026-09-01,9,2026,0.0,0.1,0.0,0.0
S3_reappro_100,F1147,INGREDIENTS,Pk11,Littoral,2026-09-01,9,2026,0.0,0.0,0.0,0.0
S3_reappro_100,F1147,INGREDIENTS,Village,Littoral,2026-09-01,9,2026,0.0,0.0,0.0,0.0
S3_reappro_100,I105,INGREDIENTS,Ndobo,Littoral,2026-09-01,9,2026,0.0,0.0,35500.0,0.0
S3_reappro_100,I105,INGREDIENTS,Nkongsamba,Littoral,2026-09-01,9,2026,0.0,0.0,35500.0,0.0
S3_reappro_100,I105,INGREDIENTS,Pk11,Littoral,2026-09-01,9,2026,0.0,0.0,35500.0,0.0
S3_reappro_100,I1051,INGREDIENTS,Buea,Littoral,2026-09-01,9,2026,0.0,0.0,41000.0,0.0
S3_reappro_100,I1051,INGREDIENTS,Ndobo,Littoral,2026-09-01,9,2026,0.0,0.0,41000.0,0.0
S3_reappro_100,I1051,INGREDIENTS,Nkongsamba,Littoral,2026-09-01,9,2026,0.0,0.1,41000.0,0.0
S3_reappro_100,I1051,INGREDIENTS,Pk11,Littoral,2026-09-01,9,2026,0.0,0.0,41000.0,0.0
S3_reappro_100,I1051,INGREDIENTS,Village,Littoral,2026-09-01,9,2026,0.0,0.0,41000.0,0.0
S3_reappro_100,I106,INGREDIENTS,Buea,Littoral,2026-09-01,9,2026,0.0,0.0,0.0,0.0
S3_reappro_100,I106,INGREDIENTS,Ndobo,Littoral,2026-09-01,9,2026,0.02,0.3,0.0,0.01
S3_reappro_100,I106,INGREDIENTS,Nkongsamba,Littoral,2026-09-01,9,2026,0.0,0.0,0.0,0.0
S3_reappro_100,I106,INGREDIENTS,Pk11,Littoral,2026-09-01,9,2026,0.0,0.0,0.0,0.0
S3_reappro_100,I106,INGREDIENTS,Village,Littoral,2026-09-01,9,2026,0.01,0.1,0.0,0.0
S3_reappro_100,I1061,INGREDIENTS,Buea,Littoral,2026-09-01,9,2026,0.0,0.0,0.0,0.0
S3_reappro_100,I1061,INGREDIENTS,Ndobo,Littoral,2026-09-01,9,2026,0.0,0.0,0.0,0.0
S3_reappro_100,I1061,INGREDIENTS,Nkongsamba,Littoral,2026-09-01,9,2026,0.0,0.0,0.0,0.0
S3_reappro_100,I1061,INGREDIENTS,Pk11,Littoral,2026-09-01,9,2026,0.0,0.0,0.0,0.0
S3_reappro_100,I1061,INGREDIENTS,Village,Littoral,2026-09-01,9,2026,0.0,0.0,0.0,0.0
S3_reappro_100,I107,INGREDIENTS,Buea,Littoral,2026-09-01,9,2026,0.0,0.0,0.0,0.0
S3_reappro_100,I107,INGREDIENTS,Ndobo,Littoral,2026-09-01,9,2026,0.04,0.8,0.0,0.01
S3_reappro_100,I107,INGREDIENTS,Nkongsamba,Littoral,2026-09-01,9,2026,0.0,0.0,0.0,0.0
S3_reappro_100,I107,INGREDIENTS,Pk11,Littoral,2026-09-01,9,2026,0.0,0.0,0.0,0.0
S3_reappro_100,I107,INGREDIENTS,Village,Littoral,2026-09-01,9,2026,0.01,0.2,0.0,0.0
S3_reappro_100,I1071,INGREDIENTS,Buea,Littoral,2026-09-01,9,2026,0.0,0.0,0.0,0.0
S3_reappro_100,I1071,INGREDIENTS,Ndobo,Littoral,2026-09-01,9,2026,0.0,0.0,0.0,0.0
S3_reappro_100,I1071,INGREDIENTS,Nkongsamba,Littoral,2026-09-01,9,2026,0.0,0.0,0.0,0.0
S3_reappro_100,I1071,INGREDIENTS,Pk11,Littoral,2026-09-01,9,2026,0.0,0.0,0.0,0.0
S3_reappro_100,I1071,INGREDIENTS,Village,Littoral,2026-09-01,9,2026,0.0,0.0,0.0,0.0
S3_reappro_100,P105,INGREDIENTS,Buea,Littoral,2026-09-01,9,2026,0.07,1.4,0.0,0.01
S3_reappro_100,P105,INGREDIENTS,Ndobo,Littoral,2026-09-01,9,2026,0.14,2.8,0.0,0.02
S3_reappro_100,P105,INGREDIENTS,Nkongsamba,Littoral,2026-09-01,9,2026,0.11,2.2,0.0,0.01
S3_reappro_100,P105,INGREDIENTS,Pk11,Littoral,2026-09-01,9,2026,0.01,0.3,0.0,0.0
S3_reappro_100,P105,INGREDIENTS,Village,Littoral,2026-09-01,9,2026,0.06,1.3,0.0,0.01
S3_reappro_100,P1051,INGREDIENTS,Buea,Littoral,2026-09-01,9,2026,0.0,0.1,0.0,0.0
S3_reappro_100,P1051,INGREDIENTS,Ndobo,Littoral,2026-09-01,9,2026,0.0,0.1,0.0,0.0
S3_reappro_100,P1051,INGREDIENTS,Nkongsamba,Littoral,2026-09-01,9,2026,0.01,0.2,0.0,0.0
S3_reappro_100,P1051,INGREDIENTS,Pk11,Littoral,2026-09-01,9,2026,0.0,0.0,0.0,0.0
S3_reappro_100,P1051,INGREDIENTS,Village,Littoral,2026-09-01,9,2026,0.0,0.0,0.0,0.0
S3_reappro_100,P1053,INGREDIENTS,Buea,Littoral,2026-09-01,9,2026,0.0,0.0,0.0,0.0
S3_reappro_100,P1053,INGREDIENTS,Ndobo,Littoral,2026-09-01,9,2026,0.0,0.1,0.0,0.0
S3_reappro_100,P1053,INGREDIENTS,Nkongsamba,Littoral,2026-09-01,9,2026,0.0,0.0,0.0,0.0
S3_reappro_100,P1053,INGREDIENTS,Pk11,Littoral,2026-09-01,9,2026,0.0,0.0,0.0,0.0
S3_reappro_100,P1053,INGREDIENTS,Village,Littoral,2026-09-01,9,2026,0.0,0.0,0.0,0.0
S3_reappro_100,B100,INGREDIENTS,Ndobo,Littoral,2026-10-01,10,2026,0.15,3.0,33500.0,0.01
S3_reappro_100,B100,INGREDIENTS,Nkongsamba,Littoral,2026-10-01,10,2026,0.14,2.8,33500.0,0.01
S3_reappro_100,B100,INGREDIENTS,Pk11,Littoral,2026-10-01,10,2026,0.07,1.4,33500.0,0.0
S3_reappro_100,B100,INGREDIENTS,Village,Littoral,2026-10-01,10,2026,0.03,0.5,33500.0,0.0
S3_reappro_100,B1001,INGREDIENTS,Pk11,Littoral,2026-10-01,10,2026,0.0,0.0,45950.0,0.0
S3_reappro_100,B1001,INGREDIENTS,Village,Littoral,2026-10-01,10,2026,0.01,0.2,45950.0,0.0
S3_reappro_100,E101,INGREDIENTS,Buea,Littoral,2026-10-01,10,2026,0.24,4.9,60000.0,0.03
S3_reappro_100,E101,INGREDIENTS,Ndobo,Littoral,2026-10-01,10,2026,1.91,38.2,60000.0,0.24
S3_reappro_100,E101,INGREDIENTS,Nkongsamba,Littoral,2026-10-01,10,2026,0.61,12.1,60000.0,0.08
S3_reappro_100,E101,INGREDIENTS,Pk11,Littoral,2026-10-01,10,2026,0.28,5.5,60000.0,0.03
S3_reappro_100,E101,INGREDIENTS,Village,Littoral,2026-10-01,10,2026,0.88,17.5,60000.0,0.11
S3_reappro_100,E1011,INGREDIENTS,Buea,Littoral,2026-10-01,10,2026,0.01,0.2,61500.0,0.0
S3_reappro_100,E1011,INGREDIENTS,Ndobo,Littoral,2026-10-01,10,2026,0.14,2.9,61500.0,0.02
S3_reappro_100,E1011,INGREDIENTS,Nkongsamba,Littoral,2026-10-01,10,2026,0.12,2.5,61500.0,0.02
S3_reappro_100,E1011,INGREDIENTS,Pk11,Littoral,2026-10-01,10,2026,0.01,0.1,61500.0,0.0
S3_reappro_100,E1011,INGREDIENTS,Village,Littoral,2026-10-01,10,2026,0.06,1.3,61500.0,0.01
S3_reappro_100,E1014,INGREDIENTS,Ndobo,Littoral,2026-10-01,10,2026,0.0,0.0,708.0,0.0
S3_reappro_100,F114,INGREDIENTS,Buea,Littoral,2026-10-01,10,2026,0.36,7.3,0.0,0.04
S3_reappro_100,F114,INGREDIENTS,Ndobo,Littoral,2026-10-01,10,2026,0.74,14.8,0.0,0.08
S3_reappro_100,F114,INGREDIENTS,Nkongsamba,Littoral,2026-10-01,10,2026,0.23,4.6,0.0,0.03
S3_reappro_100,F114,INGREDIENTS,Village,Littoral,2026-10-01,10,2026,0.4,8.1,0.0,0.04
S3_reappro_100,F1145,INGREDIENTS,Buea,Littoral,2026-10-01,10,2026,0.06,1.1,0.0,0.01
S3_reappro_100,F1145,INGREDIENTS,Ndobo,Littoral,2026-10-01,10,2026,1.23,24.6,0.0,0.14
S3_reappro_100,F1145,INGREDIENTS,Nkongsamba,Littoral,2026-10-01,10,2026,1.07,21.4,0.0,0.12
S3_reappro_100,F1145,INGREDIENTS,Pk11,Littoral,2026-10-01,10,2026,0.22,4.3,0.0,0.02
S3_reappro_100,F1145,INGREDIENTS,Village,Littoral,2026-10-01,10,2026,0.64,12.7,0.0,0.07
S3_reappro_100,F1147,INGREDIENTS,Buea,Littoral,2026-10-01,10,2026,0.01,0.1,0.0,0.0
S3_reappro_100,F1147,INGREDIENTS,Ndobo,Littoral,2026-10-01,10,2026,0.03,0.5,0.0,0.0
S3_reappro_100,F1147,INGREDIENTS,Nkongsamba,Littoral,2026-10-01,10,2026,0.21,4.1,0.0,0.02
S3_reappro_100,F1147,INGREDIENTS,Pk11,Littoral,2026-10-01,10,2026,0.03,0.5,0.0,0.0
S3_reappro_100,F1147,INGREDIENTS,Village,Littoral,2026-10-01,10,2026,0.0,0.0,0.0,0.0
S3_reappro_100,I105,INGREDIENTS,Ndobo,Littoral,2026-10-01,10,2026,0.02,0.4,35500.0,0.0
S3_reappro_100,I105,INGREDIENTS,Nkongsamba,Littoral,2026-10-01,10,2026,0.08,1.7,35500.0,0.01
S3_reappro_100,I105,INGREDIENTS,Pk11,Littoral,2026-10-01,10,2026,0.03,0.5,35500.0,0.0
S3_reappro_100,I1051,INGREDIENTS,Buea,Littoral,2026-10-01,10,2026,0.0,0.0,41000.0,0.0
S3_reappro_100,I1051,INGREDIENTS,Ndobo,Littoral,2026-10-01,10,2026,0.11,2.1,41000.0,0.01
S3_reappro_100,I1051,INGREDIENTS,Nkongsamba,Littoral,2026-10-01,10,2026,0.29,5.8,41000.0,0.03
S3_reappro_100,I1051,INGREDIENTS,Pk11,Littoral,2026-10-01,10,2026,0.0,0.1,41000.0,0.0
S3_reappro_100,I1051,INGREDIENTS,Village,Littoral,2026-10-01,10,2026,0.05,0.9,41000.0,0.0
S3_reappro_100,I106,INGREDIENTS,Buea,Littoral,2026-10-01,10,2026,0.03,0.7,0.0,0.01
S3_reappro_100,I106,INGREDIENTS,Ndobo,Littoral,2026-10-01,10,2026,0.88,17.6,0.0,0.35
S3_reappro_100,I106,INGREDIENTS,Nkongsamba,Littoral,2026-10-01,10,2026,0.11,2.2,0.0,0.04
S3_reappro_100,I106,INGREDIENTS,Pk11,Littoral,2026-10-01,10,2026,0.05,1.0,0.0,0.02
S3_reappro_100,I106,INGREDIENTS,Village,Littoral,2026-10-01,10,2026,0.32,6.5,0.0,0.13
S3_reappro_100,I1061,INGREDIENTS,Buea,Littoral,2026-10-01,10,2026,0.02,0.4,0.0,0.01
S3_reappro_100,I1061,INGREDIENTS,Ndobo,Littoral,2026-10-01,10,2026,0.05,0.9,0.0,0.02
S3_reappro_100,I1061,INGREDIENTS,Nkongsamba,Littoral,2026-10-01,10,2026,0.03,0.6,0.0,0.01
S3_reappro_100,I1061,INGREDIENTS,Pk11,Littoral,2026-10-01,10,2026,0.0,0.0,0.0,0.0
S3_reappro_100,I1061,INGREDIENTS,Village,Littoral,2026-10-01,10,2026,0.03,0.6,0.0,0.01
S3_reappro_100,I107,INGREDIENTS,Buea,Littoral,2026-10-01,10,2026,0.04,0.8,0.0,0.01
S3_reappro_100,I107,INGREDIENTS,Ndobo,Littoral,2026-10-01,10,2026,2.32,46.5,0.0,0.5
S3_reappro_100,I107,INGREDIENTS,Nkongsamba,Littoral,2026-10-01,10,2026,0.14,2.8,0.0,0.03
S3_reappro_100,I107,INGREDIENTS,Pk11,Littoral,2026-10-01,10,2026,0.07,1.5,0.0,0.02
S3_reappro_100,I107,INGREDIENTS,Village,Littoral,2026-10-01,10,2026,0.57,11.3,0.0,0.12
S3_reappro_100,I1071,INGREDIENTS,Buea,Littoral,2026-10-01,10,2026,0.02,0.3,0.0,0.01
S3_reappro_100,I1071,INGREDIENTS,Ndobo,Littoral,2026-10-01,10,2026,0.04,0.8,0.0,0.01
S3_reappro_100,I1071,INGREDIENTS,Nkongsamba,Littoral,2026-10-01,10,2026,0.02,0.4,0.0,0.01
S3_reappro_100,I1071,INGREDIENTS,Pk11,Littoral,2026-10-01,10,2026,0.0,0.0,0.0,0.0
S3_reappro_100,I1071,INGREDIENTS,Village,Littoral,2026-10-01,10,2026,0.02,0.4,0.0,0.01
S3_reappro_100,P105,INGREDIENTS,Buea,Littoral,2026-10-01,10,2026,3.97,79.3,0.0,0.53
S3_reappro_100,P105,INGREDIENTS,Ndobo,Littoral,2026-10-01,10,2026,8.28,165.5,0.0,1.11
S3_reappro_100,P105,INGREDIENTS,Nkongsamba,Littoral,2026-10-01,10,2026,6.4,128.1,0.0,0.86
S3_reappro_100,P105,INGREDIENTS,Pk11,Littoral,2026-10-01,10,2026,0.87,17.4,0.0,0.12
S3_reappro_100,P105,INGREDIENTS,Village,Littoral,2026-10-01,10,2026,3.8,76.0,0.0,0.51
S3_reappro_100,P1051,INGREDIENTS,Buea,Littoral,2026-10-01,10,2026,0.27,5.5,0.0,0.04
S3_reappro_100,P1051,INGREDIENTS,Ndobo,Littoral,2026-10-01,10,2026,0.27,5.4,0.0,0.04
S3_reappro_100,P1051,INGREDIENTS,Nkongsamba,Littoral,2026-10-01,10,2026,0.59,11.9,0.0,0.08
S3_reappro_100,P1051,INGREDIENTS,Pk11,Littoral,2026-10-01,10,2026,0.02,0.4,0.0,0.0
S3_reappro_100,P1051,INGREDIENTS,Village,Littoral,2026-10-01,10,2026,0.02,0.5,0.0,0.0
S3_reappro_100,P1053,INGREDIENTS,Buea,Littoral,2026-10-01,10,2026,0.01,0.1,0.0,0.0
S3_reappro_100,P1053,INGREDIENTS,Ndobo,Littoral,2026-10-01,10,2026,0.24,4.9,0.0,0.03
S3_reappro_100,P1053,INGREDIENTS,Nkongsamba,Littoral,2026-10-01,10,2026,0.09,1.9,0.0,0.01
S3_reappro_100,P1053,INGREDIENTS,Pk11,Littoral,2026-10-01,10,2026,0.01,0.1,0.0,0.0
S3_reappro_100,P1053,INGREDIENTS,Village,Littoral,2026-10-01,10,2026,0.01,0.3,0.0,0.0
S3_reappro_100,B100,INGREDIENTS,Ndobo,Littoral,2026-11-01,11,2026,0.09,1.7,33500.0,0.01
S3_reappro_100,B100,INGREDIENTS,Nkongsamba,Littoral,2026-11-01,11,2026,0.08,1.6,33500.0,0.01
S3_reappro_100,B100,INGREDIENTS,Pk11,Littoral,2026-11-01,11,2026,0.04,0.8,33500.0,0.0
S3_reappro_100,B100,INGREDIENTS,Village,Littoral,2026-11-01,11,2026,0.01,0.3,33500.0,0.0
S3_reappro_100,B1001,INGREDIENTS,Pk11,Littoral,2026-11-01,11,2026,0.0,0.0,45950.0,0.0
S3_reappro_100,B1001,INGREDIENTS,Village,Littoral,2026-11-01,11,2026,0.0,0.1,45950.0,0.0
S3_reappro_100,E101,INGREDIENTS,Buea,Littoral,2026-11-01,11,2026,0.14,2.8,60000.0,0.02
S3_reappro_100,E101,INGREDIENTS,Ndobo,Littoral,2026-11-01,11,2026,1.09,21.7,60000.0,0.13
S3_reappro_100,E101,INGREDIENTS,Nkongsamba,Littoral,2026-11-01,11,2026,0.34,6.9,60000.0,0.04
S3_reappro_100,E101,INGREDIENTS,Pk11,Littoral,2026-11-01,11,2026,0.16,3.1,60000.0,0.02
S3_reappro_100,E101,INGREDIENTS,Village,Littoral,2026-11-01,11,2026,0.5,10.0,60000.0,0.06
S3_reappro_100,E1011,INGREDIENTS,Buea,Littoral,2026-11-01,11,2026,0.01,0.1,61500.0,0.0
S3_reappro_100,E1011,INGREDIENTS,Ndobo,Littoral,2026-11-01,11,2026,0.08,1.6,61500.0,0.01
S3_reappro_100,E1011,INGREDIENTS,Nkongsamba,Littoral,2026-11-01,11,2026,0.07,1.4,61500.0,0.01
S3_reappro_100,E1011,INGREDIENTS,Pk11,Littoral,2026-11-01,11,2026,0.0,0.1,61500.0,0.0
S3_reappro_100,E1011,INGREDIENTS,Village,Littoral,2026-11-01,11,2026,0.04,0.7,61500.0,0.01
S3_reappro_100,E1014,INGREDIENTS,Ndobo,Littoral,2026-11-01,11,2026,0.0,0.0,708.0,0.0
S3_reappro_100,F114,INGREDIENTS,Buea,Littoral,2026-11-01,11,2026,0.21,4.1,0.0,0.02
S3_reappro_100,F114,INGREDIENTS,Ndobo,Littoral,2026-11-01,11,2026,0.42,8.4,0.0,0.05
S3_reappro_100,F114,INGREDIENTS,Nkongsamba,Littoral,2026-11-01,11,2026,0.13,2.6,0.0,0.01
S3_reappro_100,F114,INGREDIENTS,Village,Littoral,2026-11-01,11,2026,0.23,4.6,0.0,0.03
S3_reappro_100,F1145,INGREDIENTS,Buea,Littoral,2026-11-01,11,2026,0.03,0.6,0.0,0.0
S3_reappro_100,F1145,INGREDIENTS,Ndobo,Littoral,2026-11-01,11,2026,0.7,14.0,0.0,0.08
S3_reappro_100,F1145,INGREDIENTS,Nkongsamba,Littoral,2026-11-01,11,2026,0.61,12.2,0.0,0.07
S3_reappro_100,F1145,INGREDIENTS,Pk11,Littoral,2026-11-01,11,2026,0.12,2.5,0.0,0.01
S3_reappro_100,F1145,INGREDIENTS,Village,Littoral,2026-11-01,11,2026,0.36,7.2,0.0,0.04
S3_reappro_100,F1147,INGREDIENTS,Buea,Littoral,2026-11-01,11,2026,0.0,0.1,0.0,0.0
S3_reappro_100,F1147,INGREDIENTS,Ndobo,Littoral,2026-11-01,11,2026,0.01,0.3,0.0,0.0
S3_reappro_100,F1147,INGREDIENTS,Nkongsamba,Littoral,2026-11-01,11,2026,0.12,2.4,0.0,0.01
S3_reappro_100,F1147,INGREDIENTS,Pk11,Littoral,2026-11-01,11,2026,0.01,0.3,0.0,0.0
S3_reappro_100,F1147,INGREDIENTS,Village,Littoral,2026-11-01,11,2026,0.0,0.0,0.0,0.0
S3_reappro_100,I105,INGREDIENTS,Ndobo,Littoral,2026-11-01,11,2026,0.01,0.2,35500.0,0.0
S3_reappro_100,I105,INGREDIENTS,Nkongsamba,Littoral,2026-11-01,11,2026,0.05,0.9,35500.0,0.0
S3_reappro_100,I105,INGREDIENTS,Pk11,Littoral,2026-11-01,11,2026,0.01,0.3,35500.0,0.0
S3_reappro_100,I1051,INGREDIENTS,Buea,Littoral,2026-11-01,11,2026,0.0,0.0,41000.0,0.0
S3_reappro_100,I1051,INGREDIENTS,Ndobo,Littoral,2026-11-01,11,2026,0.06,1.2,41000.0,0.01
S3_reappro_100,I1051,INGREDIENTS,Nkongsamba,Littoral,2026-11-01,11,2026,0.17,3.3,41000.0,0.01
S3_reappro_100,I1051,INGREDIENTS,Pk11,Littoral,2026-11-01,11,2026,0.0,0.0,41000.0,0.0
S3_reappro_100,I1051,INGREDIENTS,Village,Littoral,2026-11-01,11,2026,0.03,0.5,41000.0,0.0
S3_reappro_100,I106,INGREDIENTS,Buea,Littoral,2026-11-01,11,2026,0.02,0.4,0.0,0.01
S3_reappro_100,I106,INGREDIENTS,Ndobo,Littoral,2026-11-01,11,2026,0.5,10.0,0.0,0.2
S3_reappro_100,I106,INGREDIENTS,Nkongsamba,Littoral,2026-11-01,11,2026,0.06,1.2,0.0,0.02
S3_reappro_100,I106,INGREDIENTS,Pk11,Littoral,2026-11-01,11,2026,0.03,0.5,0.0,0.01
S3_reappro_100,I106,INGREDIENTS,Village,Littoral,2026-11-01,11,2026,0.18,3.7,0.0,0.07
S3_reappro_100,I1061,INGREDIENTS,Buea,Littoral,2026-11-01,11,2026,0.01,0.2,0.0,0.0
S3_reappro_100,I1061,INGREDIENTS,Ndobo,Littoral,2026-11-01,11,2026,0.03,0.5,0.0,0.01
S3_reappro_100,I1061,INGREDIENTS,Nkongsamba,Littoral,2026-11-01,11,2026,0.02,0.3,0.0,0.01
S3_reappro_100,I1061,INGREDIENTS,Pk11,Littoral,2026-11-01,11,2026,0.0,0.0,0.0,0.0
S3_reappro_100,I1061,INGREDIENTS,Village,Littoral,2026-11-01,11,2026,0.02,0.3,0.0,0.01
S3_reappro_100,I107,INGREDIENTS,Buea,Littoral,2026-11-01,11,2026,0.02,0.5,0.0,0.0
S3_reappro_100,I107,INGREDIENTS,Ndobo,Littoral,2026-11-01,11,2026,1.32,26.4,0.0,0.29
S3_reappro_100,I107,INGREDIENTS,Nkongsamba,Littoral,2026-11-01,11,2026,0.08,1.6,0.0,0.02
S3_reappro_100,I107,INGREDIENTS,Pk11,Littoral,2026-11-01,11,2026,0.04,0.8,0.0,0.01
S3_reappro_100,I107,INGREDIENTS,Village,Littoral,2026-11-01,11,2026,0.32,6.4,0.0,0.07
S3_reappro_100,I1071,INGREDIENTS,Buea,Littoral,2026-11-01,11,2026,0.01,0.2,0.0,0.0
S3_reappro_100,I1071,INGREDIENTS,Ndobo,Littoral,2026-11-01,11,2026,0.02,0.4,0.0,0.01
S3_reappro_100,I1071,INGREDIENTS,Nkongsamba,Littoral,2026-11-01,11,2026,0.01,0.2,0.0,0.0
S3_reappro_100,I1071,INGREDIENTS,Pk11,Littoral,2026-11-01,11,2026,0.0,0.0,0.0,0.0
S3_reappro_100,I1071,INGREDIENTS,Village,Littoral,2026-11-01,11,2026,0.01,0.2,0.0,0.0
S3_reappro_100,P105,INGREDIENTS,Buea,Littoral,2026-11-01,11,2026,2.25,45.1,0.0,0.3
S3_reappro_100,P105,INGREDIENTS,Ndobo,Littoral,2026-11-01,11,2026,4.71,94.1,0.0,0.63
S3_reappro_100,P105,INGREDIENTS,Nkongsamba,Littoral,2026-11-01,11,2026,3.64,72.8,0.0,0.49
S3_reappro_100,P105,INGREDIENTS,Pk11,Littoral,2026-11-01,11,2026,0.49,9.9,0.0,0.07
S3_reappro_100,P105,INGREDIENTS,Village,Littoral,2026-11-01,11,2026,2.16,43.2,0.0,0.29
S3_reappro_100,P1051,INGREDIENTS,Buea,Littoral,2026-11-01,11,2026,0.16,3.1,0.0,0.02
S3_reappro_100,P1051,INGREDIENTS,Ndobo,Littoral,2026-11-01,11,2026,0.15,3.1,0.0,0.02
S3_reappro_100,P1051,INGREDIENTS,Nkongsamba,Littoral,2026-11-01,11,2026,0.34,6.8,0.0,0.05
S3_reappro_100,P1051,INGREDIENTS,Pk11,Littoral,2026-11-01,11,2026,0.01,0.2,0.0,0.0
S3_reappro_100,P1051,INGREDIENTS,Village,Littoral,2026-11-01,11,2026,0.01,0.3,0.0,0.0
S3_reappro_100,P1053,INGREDIENTS,Buea,Littoral,2026-11-01,11,2026,0.0,0.1,0.0,0.0
S3_reappro_100,P1053,INGREDIENTS,Ndobo,Littoral,2026-11-01,11,2026,0.14,2.8,0.0,0.02
S3_reappro_100,P1053,INGREDIENTS,Nkongsamba,Littoral,2026-11-01,11,2026,0.05,1.1,0.0,0.01
S3_reappro_100,P1053,INGREDIENTS,Pk11,Littoral,2026-11-01,11,2026,0.0,0.1,0.0,0.0
S3_reappro_100,P1053,INGREDIENTS,Village,Littoral,2026-11-01,11,2026,0.01,0.2,0.0,0.0
S3_reappro_100,B100,INGREDIENTS,Ndobo,Littoral,2026-12-01,12,2026,0.17,3.4,33500.0,0.01
S3_reappro_100,B100,INGREDIENTS,Nkongsamba,Littoral,2026-12-01,12,2026,0.16,3.2,33500.0,0.01
S3_reappro_100,B100,INGREDIENTS,Pk11,Littoral,2026-12-01,12,2026,0.08,1.6,33500.0,0.01
S3_reappro_100,B100,INGREDIENTS,Village,Littoral,2026-12-01,12,2026,0.03,0.6,33500.0,0.0
S3_reappro_100,B1001,INGREDIENTS,Pk11,Littoral,2026-12-01,12,2026,0.0,0.0,45950.0,0.0
S3_reappro_100,B1001,INGREDIENTS,Village,Littoral,2026-12-01,12,2026,0.01,0.2,45950.0,0.0
S3_reappro_100,E101,INGREDIENTS,Buea,Littoral,2026-12-01,12,2026,0.28,5.5,60000.0,0.04
S3_reappro_100,E101,INGREDIENTS,Ndobo,Littoral,2026-12-01,12,2026,2.16,43.1,60000.0,0.27
S3_reappro_100,E101,INGREDIENTS,Nkongsamba,Littoral,2026-12-01,12,2026,0.68,13.7,60000.0,0.09
S3_reappro_100,E101,INGREDIENTS,Pk11,Littoral,2026-12-01,12,2026,0.31,6.2,60000.0,0.04
S3_reappro_100,E101,INGREDIENTS,Village,Littoral,2026-12-01,12,2026,0.99,19.8,60000.0,0.13
S3_reappro_100,E1011,INGREDIENTS,Buea,Littoral,2026-12-01,12,2026,0.01,0.3,61500.0,0.0
S3_reappro_100,E1011,INGREDIENTS,Ndobo,Littoral,2026-12-01,12,2026,0.16,3.2,61500.0,0.02
S3_reappro_100,E1011,INGREDIENTS,Nkongsamba,Littoral,2026-12-01,12,2026,0.14,2.8,61500.0,0.02
S3_reappro_100,E1011,INGREDIENTS,Pk11,Littoral,2026-12-01,12,2026,0.01,0.1,61500.0,0.0
S3_reappro_100,E1011,INGREDIENTS,Village,Littoral,2026-12-01,12,2026,0.07,1.5,61500.0,0.01
S3_reappro_100,E1014,INGREDIENTS,Ndobo,Littoral,2026-12-01,12,2026,0.0,0.0,708.0,0.0
S3_reappro_100,F114,INGREDIENTS,Buea,Littoral,2026-12-01,12,2026,0.41,8.2,0.0,0.05
S3_reappro_100,F114,INGREDIENTS,Ndobo,Littoral,2026-12-01,12,2026,0.83,16.7,0.0,0.09
S3_reappro_100,F114,INGREDIENTS,Nkongsamba,Littoral,2026-12-01,12,2026,0.26,5.1,0.0,0.03
S3_reappro_100,F114,INGREDIENTS,Village,Littoral,2026-12-01,12,2026,0.46,9.1,0.0,0.05
S3_reappro_100,F1145,INGREDIENTS,Buea,Littoral,2026-12-01,12,2026,0.06,1.3,0.0,0.01
S3_reappro_100,F1145,INGREDIENTS,Ndobo,Littoral,2026-12-01,12,2026,1.39,27.7,0.0,0.15
S3_reappro_100,F1145,INGREDIENTS,Nkongsamba,Littoral,2026-12-01,12,2026,1.21,24.1,0.0,0.13
S3_reappro_100,F1145,INGREDIENTS,Pk11,Littoral,2026-12-01,12,2026,0.24,4.9,0.0,0.03
S3_reappro_100,F1145,INGREDIENTS,Village,Littoral,2026-12-01,12,2026,0.72,14.4,0.0,0.08
S3_reappro_100,F1147,INGREDIENTS,Buea,Littoral,2026-12-01,12,2026,0.01,0.1,0.0,0.0
S3_reappro_100,F1147,INGREDIENTS,Ndobo,Littoral,2026-12-01,12,2026,0.03,0.6,0.0,0.0
S3_reappro_100,F1147,INGREDIENTS,Nkongsamba,Littoral,2026-12-01,12,2026,0.23,4.7,0.0,0.03
S3_reappro_100,F1147,INGREDIENTS,Pk11,Littoral,2026-12-01,12,2026,0.03,0.6,0.0,0.0
S3_reappro_100,F1147,INGREDIENTS,Village,Littoral,2026-12-01,12,2026,0.0,0.0,0.0,0.0
S3_reappro_100,I105,INGREDIENTS,Ndobo,Littoral,2026-12-01,12,2026,0.02,0.4,35500.0,0.0
S3_reappro_100,I105,INGREDIENTS,Nkongsamba,Littoral,2026-12-01,12,2026,0.09,1.9,35500.0,0.01
S3_reappro_100,I105,INGREDIENTS,Pk11,Littoral,2026-12-01,12,2026,0.03,0.6,35500.0,0.0
S3_reappro_100,I1051,INGREDIENTS,Buea,Littoral,2026-12-01,12,2026,0.0,0.0,41000.0,0.0
S3_reappro_100,I1051,INGREDIENTS,Ndobo,Littoral,2026-12-01,12,2026,0.12,2.4,41000.0,0.01
S3_reappro_100,I1051,INGREDIENTS,Nkongsamba,Littoral,2026-12-01,12,2026,0.33,6.6,41000.0,0.03
S3_reappro_100,I1051,INGREDIENTS,Pk11,Littoral,2026-12-01,12,2026,0.0,0.1,41000.0,0.0
S3_reappro_100,I1051,INGREDIENTS,Village,Littoral,2026-12-01,12,2026,0.05,1.0,41000.0,0.0
S3_reappro_100,I106,INGREDIENTS,Buea,Littoral,2026-12-01,12,2026,0.04,0.8,0.0,0.02
S3_reappro_100,I106,INGREDIENTS,Ndobo,Littoral,2026-12-01,12,2026,0.99,19.9,0.0,0.4
S3_reappro_100,I106,INGREDIENTS,Nkongsamba,Littoral,2026-12-01,12,2026,0.12,2.4,0.0,0.05
S3_reappro_100,I106,INGREDIENTS,Pk11,Littoral,2026-12-01,12,2026,0.05,1.1,0.0,0.02
S3_reappro_100,I106,INGREDIENTS,Village,Littoral,2026-12-01,12,2026,0.37,7.3,0.0,0.14
S3_reappro_100,I1061,INGREDIENTS,Buea,Littoral,2026-12-01,12,2026,0.02,0.4,0.0,0.01
S3_reappro_100,I1061,INGREDIENTS,Ndobo,Littoral,2026-12-01,12,2026,0.05,1.0,0.0,0.02
S3_reappro_100,I1061,INGREDIENTS,Nkongsamba,Littoral,2026-12-01,12,2026,0.03,0.7,0.0,0.02
S3_reappro_100,I1061,INGREDIENTS,Pk11,Littoral,2026-12-01,12,2026,0.0,0.0,0.0,0.0
S3_reappro_100,I1061,INGREDIENTS,Village,Littoral,2026-12-01,12,2026,0.03,0.6,0.0,0.01
S3_reappro_100,I107,INGREDIENTS,Buea,Littoral,2026-12-01,12,2026,0.04,0.9,0.0,0.01
S3_reappro_100,I107,INGREDIENTS,Ndobo,Littoral,2026-12-01,12,2026,2.62,52.4,0.0,0.57
S3_reappro_100,I107,INGREDIENTS,Nkongsamba,Littoral,2026-12-01,12,2026,0.16,3.1,0.0,0.03
S3_reappro_100,I107,INGREDIENTS,Pk11,Littoral,2026-12-01,12,2026,0.08,1.7,0.0,0.02
S3_reappro_100,I107,INGREDIENTS,Village,Littoral,2026-12-01,12,2026,0.64,12.8,0.0,0.14
S3_reappro_100,I1071,INGREDIENTS,Buea,Littoral,2026-12-01,12,2026,0.02,0.4,0.0,0.01
S3_reappro_100,I1071,INGREDIENTS,Ndobo,Littoral,2026-12-01,12,2026,0.04,0.9,0.0,0.01
S3_reappro_100,I1071,INGREDIENTS,Nkongsamba,Littoral,2026-12-01,12,2026,0.02,0.4,0.0,0.01
S3_reappro_100,I1071,INGREDIENTS,Pk11,Littoral,2026-12-01,12,2026,0.0,0.0,0.0,0.0
S3_reappro_100,I1071,INGREDIENTS,Village,Littoral,2026-12-01,12,2026,0.02,0.4,0.0,0.01
S3_reappro_100,P105,INGREDIENTS,Buea,Littoral,2026-12-01,12,2026,4.47,89.4,0.0,0.6
S3_reappro_100,P105,INGREDIENTS,Ndobo,Littoral,2026-12-01,12,2026,9.33,186.7,0.0,1.25
S3_reappro_100,P105,INGREDIENTS,Nkongsamba,Littoral,2026-12-01,12,2026,7.22,144.4,0.0,0.97
S3_reappro_100,P105,INGREDIENTS,Pk11,Littoral,2026-12-01,12,2026,0.98,19.6,0.0,0.14
S3_reappro_100,P105,INGREDIENTS,Village,Littoral,2026-12-01,12,2026,4.28,85.7,0.0,0.58
S3_reappro_100,P1051,INGREDIENTS,Buea,Littoral,2026-12-01,12,2026,0.31,6.2,0.0,0.04
S3_reappro_100,P1051,INGREDIENTS,Ndobo,Littoral,2026-12-01,12,2026,0.31,6.1,0.0,0.04
S3_reappro_100,P1051,INGREDIENTS,Nkongsamba,Littoral,2026-12-01,12,2026,0.67,13.4,0.0,0.09
S3_reappro_100,P1051,INGREDIENTS,Pk11,Littoral,2026-12-01,12,2026,0.02,0.4,0.0,0.0
S3_reappro_100,P1051,INGREDIENTS,Village,Littoral,2026-12-01,12,2026,0.03,0.5,0.0,0.0
S3_reappro_100,P1053,INGREDIENTS,Buea,Littoral,2026-12-01,12,2026,0.01,0.2,0.0,0.0
S3_reappro_100,P1053,INGREDIENTS,Ndobo,Littoral,2026-12-01,12,2026,0.28,5.5,0.0,0.04
S3_reappro_100,P1053,INGREDIENTS,Nkongsamba,Littoral,2026-12-01,12,2026,0.1,2.1,0.0,0.01
S3_reappro_100,P1053,INGREDIENTS,Pk11,Littoral,2026-12-01,12,2026,0.01,0.1,0.0,0.0
S3_reappro_100,P1053,INGREDIENTS,Village,Littoral,2026-12-01,12,2026,0.02,0.3,0.0,0.0
S3_reappro_100,B100,INGREDIENTS,Djeleng,Ouest,2026-09-01,9,2026,0.0,0.0,33500.0,0.0
S3_reappro_100,B100,INGREDIENTS,Famla,Ouest,2026-09-01,9,2026,0.0,0.0,33500.0,0.0
S3_reappro_100,B100,INGREDIENTS,Mbouda,Ouest,2026-09-01,9,2026,0.0,0.0,33500.0,0.0
S3_reappro_100,B1001,INGREDIENTS,Famla,Ouest,2026-09-01,9,2026,0.0,0.0,45950.0,0.0
S3_reappro_100,B1001,INGREDIENTS,Mbouda,Ouest,2026-09-01,9,2026,0.0,0.0,45950.0,0.0
S3_reappro_100,E101,INGREDIENTS,Djeleng,Ouest,2026-09-01,9,2026,0.0,0.0,60000.0,0.0
S3_reappro_100,E101,INGREDIENTS,Famla,Ouest,2026-09-01,9,2026,0.0,0.0,60000.0,0.0
S3_reappro_100,E101,INGREDIENTS,Mbouda,Ouest,2026-09-01,9,2026,0.0,0.0,60000.0,0.0
S3_reappro_100,E1011,INGREDIENTS,Djeleng,Ouest,2026-09-01,9,2026,0.0,0.0,61500.0,0.0
S3_reappro_100,E1011,INGREDIENTS,Famla,Ouest,2026-09-01,9,2026,0.0,0.0,61500.0,0.0
S3_reappro_100,E1011,INGREDIENTS,Mbouda,Ouest,2026-09-01,9,2026,0.0,0.0,61500.0,0.0
S3_reappro_100,F114,INGREDIENTS,Djeleng,Ouest,2026-09-01,9,2026,0.0,0.0,0.0,0.0
S3_reappro_100,F114,INGREDIENTS,Famla,Ouest,2026-09-01,9,2026,0.0,0.0,0.0,0.0
S3_reappro_100,F114,INGREDIENTS,Mbouda,Ouest,2026-09-01,9,2026,0.0,0.0,0.0,0.0
S3_reappro_100,F1145,INGREDIENTS,Djeleng,Ouest,2026-09-01,9,2026,0.0,0.0,0.0,0.0
S3_reappro_100,F1145,INGREDIENTS,Famla,Ouest,2026-09-01,9,2026,0.0,0.0,0.0,0.0
S3_reappro_100,F1145,INGREDIENTS,Mbouda,Ouest,2026-09-01,9,2026,0.0,0.0,0.0,0.0
S3_reappro_100,F1146,INGREDIENTS,Famla,Ouest,2026-09-01,9,2026,0.0,0.0,0.0,0.0
S3_reappro_100,F1147,INGREDIENTS,Famla,Ouest,2026-09-01,9,2026,0.0,0.0,0.0,0.0
S3_reappro_100,F1147,INGREDIENTS,Mbouda,Ouest,2026-09-01,9,2026,0.0,0.0,0.0,0.0
S3_reappro_100,I105,INGREDIENTS,Djeleng,Ouest,2026-09-01,9,2026,0.0,0.0,35500.0,0.0
S3_reappro_100,I105,INGREDIENTS,Famla,Ouest,2026-09-01,9,2026,0.0,0.0,35500.0,0.0
S3_reappro_100,I105,INGREDIENTS,Mbouda,Ouest,2026-09-01,9,2026,0.0,0.0,35500.0,0.0
S3_reappro_100,I1051,INGREDIENTS,Djeleng,Ouest,2026-09-01,9,2026,0.0,0.0,41000.0,0.0
S3_reappro_100,I1051,INGREDIENTS,Famla,Ouest,2026-09-01,9,2026,0.0,0.0,41000.0,0.0
S3_reappro_100,I1051,INGREDIENTS,Mbouda,Ouest,2026-09-01,9,2026,0.0,0.0,41000.0,0.0
S3_reappro_100,I106,INGREDIENTS,Djeleng,Ouest,2026-09-01,9,2026,0.0,0.0,0.0,0.0
S3_reappro_100,I106,INGREDIENTS,Famla,Ouest,2026-09-01,9,2026,0.0,0.0,0.0,0.0
S3_reappro_100,I107,INGREDIENTS,Djeleng,Ouest,2026-09-01,9,2026,0.0,0.0,0.0,0.0
S3_reappro_100,I107,INGREDIENTS,Famla,Ouest,2026-09-01,9,2026,0.0,0.0,0.0,0.0
S3_reappro_100,P105,INGREDIENTS,Djeleng,Ouest,2026-09-01,9,2026,0.0,0.0,0.0,0.0
S3_reappro_100,P105,INGREDIENTS,Famla,Ouest,2026-09-01,9,2026,0.0,0.0,0.0,0.0
S3_reappro_100,P105,INGREDIENTS,Mbouda,Ouest,2026-09-01,9,2026,0.0,0.0,0.0,0.0
S3_reappro_100,P1051,INGREDIENTS,Djeleng,Ouest,2026-09-01,9,2026,0.0,0.0,0.0,0.0
S3_reappro_100,P1051,INGREDIENTS,Famla,Ouest,2026-09-01,9,2026,0.0,0.0,0.0,0.0
S3_reappro_100,P1051,INGREDIENTS,Mbouda,Ouest,2026-09-01,9,2026,0.0,0.0,0.0,0.0
S3_reappro_100,P1053,INGREDIENTS,Djeleng,Ouest,2026-09-01,9,2026,0.0,0.0,0.0,0.0
S3_reappro_100,P1053,INGREDIENTS,Famla,Ouest,2026-09-01,9,2026,0.0,0.0,0.0,0.0
S3_reappro_100,P1053,INGREDIENTS,Mbouda,Ouest,2026-09-01,9,2026,0.0,0.0,0.0,0.0
S3_reappro_100,B100,INGREDIENTS,Djeleng,Ouest,2026-10-01,10,2026,0.01,0.2,33500.0,0.0
S3_reappro_100,B100,INGREDIENTS,Famla,Ouest,2026-10-01,10,2026,0.86,17.3,33500.0,0.13
S3_reappro_100,B100,INGREDIENTS,Mbouda,Ouest,2026-10-01,10,2026,0.05,1.1,33500.0,0.01
S3_reappro_100,B1001,INGREDIENTS,Famla,Ouest,2026-10-01,10,2026,0.01,0.1,45950.0,0.0
S3_reappro_100,B1001,INGREDIENTS,Mbouda,Ouest,2026-10-01,10,2026,0.0,0.1,45950.0,0.0
S3_reappro_100,E101,INGREDIENTS,Djeleng,Ouest,2026-10-01,10,2026,0.5,10.0,60000.0,0.13
S3_reappro_100,E101,INGREDIENTS,Famla,Ouest,2026-10-01,10,2026,3.51,70.1,60000.0,0.94
S3_reappro_100,E101,INGREDIENTS,Mbouda,Ouest,2026-10-01,10,2026,0.46,9.2,60000.0,0.12
S3_reappro_100,E1011,INGREDIENTS,Djeleng,Ouest,2026-10-01,10,2026,0.14,2.7,61500.0,0.04
S3_reappro_100,E1011,INGREDIENTS,Famla,Ouest,2026-10-01,10,2026,0.23,4.7,61500.0,0.07
S3_reappro_100,E1011,INGREDIENTS,Mbouda,Ouest,2026-10-01,10,2026,0.24,4.7,61500.0,0.07
S3_reappro_100,F114,INGREDIENTS,Djeleng,Ouest,2026-10-01,10,2026,0.07,1.4,0.0,0.02
S3_reappro_100,F114,INGREDIENTS,Famla,Ouest,2026-10-01,10,2026,0.94,18.8,0.0,0.22
S3_reappro_100,F114,INGREDIENTS,Mbouda,Ouest,2026-10-01,10,2026,0.39,7.8,0.0,0.09
S3_reappro_100,F1145,INGREDIENTS,Djeleng,Ouest,2026-10-01,10,2026,0.17,3.4,0.0,0.04
S3_reappro_100,F1145,INGREDIENTS,Famla,Ouest,2026-10-01,10,2026,0.95,19.0,0.0,0.22
S3_reappro_100,F1145,INGREDIENTS,Mbouda,Ouest,2026-10-01,10,2026,0.58,11.7,0.0,0.14
S3_reappro_100,F1146,INGREDIENTS,Famla,Ouest,2026-10-01,10,2026,0.12,2.4,0.0,0.03
S3_reappro_100,F1147,INGREDIENTS,Famla,Ouest,2026-10-01,10,2026,0.03,0.5,0.0,0.01
S3_reappro_100,F1147,INGREDIENTS,Mbouda,Ouest,2026-10-01,10,2026,0.05,1.0,0.0,0.01
S3_reappro_100,I105,INGREDIENTS,Djeleng,Ouest,2026-10-01,10,2026,0.03,0.5,35500.0,0.0
S3_reappro_100,I105,INGREDIENTS,Famla,Ouest,2026-10-01,10,2026,0.13,2.6,35500.0,0.02
S3_reappro_100,I105,INGREDIENTS,Mbouda,Ouest,2026-10-01,10,2026,0.01,0.1,35500.0,0.0
S3_reappro_100,I1051,INGREDIENTS,Djeleng,Ouest,2026-10-01,10,2026,0.1,2.0,41000.0,0.02
S3_reappro_100,I1051,INGREDIENTS,Famla,Ouest,2026-10-01,10,2026,0.12,2.4,41000.0,0.02
S3_reappro_100,I1051,INGREDIENTS,Mbouda,Ouest,2026-10-01,10,2026,0.11,2.2,41000.0,0.02
S3_reappro_100,I106,INGREDIENTS,Djeleng,Ouest,2026-10-01,10,2026,0.13,2.5,0.0,0.1
S3_reappro_100,I106,INGREDIENTS,Famla,Ouest,2026-10-01,10,2026,0.48,9.5,0.0,0.37
S3_reappro_100,I107,INGREDIENTS,Djeleng,Ouest,2026-10-01,10,2026,0.12,2.5,0.0,0.06
S3_reappro_100,I107,INGREDIENTS,Famla,Ouest,2026-10-01,10,2026,0.51,10.1,0.0,0.23
S3_reappro_100,P105,INGREDIENTS,Djeleng,Ouest,2026-10-01,10,2026,2.18,43.6,0.0,0.62
S3_reappro_100,P105,INGREDIENTS,Famla,Ouest,2026-10-01,10,2026,8.94,178.8,0.0,2.49
S3_reappro_100,P105,INGREDIENTS,Mbouda,Ouest,2026-10-01,10,2026,2.15,43.0,0.0,0.61
S3_reappro_100,P1051,INGREDIENTS,Djeleng,Ouest,2026-10-01,10,2026,0.04,0.8,0.0,0.01
S3_reappro_100,P1051,INGREDIENTS,Famla,Ouest,2026-10-01,10,2026,0.45,9.0,0.0,0.13
S3_reappro_100,P1051,INGREDIENTS,Mbouda,Ouest,2026-10-01,10,2026,0.34,6.8,0.0,0.1
S3_reappro_100,P1053,INGREDIENTS,Djeleng,Ouest,2026-10-01,10,2026,0.04,0.8,0.0,0.01
S3_reappro_100,P1053,INGREDIENTS,Famla,Ouest,2026-10-01,10,2026,0.05,1.0,0.0,0.01
S3_reappro_100,P1053,INGREDIENTS,Mbouda,Ouest,2026-10-01,10,2026,0.1,1.9,0.0,0.03
S3_reappro_100,B100,INGREDIENTS,Djeleng,Ouest,2026-11-01,11,2026,0.01,0.1,33500.0,0.0
S3_reappro_100,B100,INGREDIENTS,Famla,Ouest,2026-11-01,11,2026,0.45,8.9,33500.0,0.07
S3_reappro_100,B100,INGREDIENTS,Mbouda,Ouest,2026-11-01,11,2026,0.03,0.6,33500.0,0.0
S3_reappro_100,B1001,INGREDIENTS,Famla,Ouest,2026-11-01,11,2026,0.0,0.1,45950.0,0.0
S3_reappro_100,B1001,INGREDIENTS,Mbouda,Ouest,2026-11-01,11,2026,0.0,0.0,45950.0,0.0
S3_reappro_100,E101,INGREDIENTS,Djeleng,Ouest,2026-11-01,11,2026,0.26,5.2,60000.0,0.07
S3_reappro_100,E101,INGREDIENTS,Famla,Ouest,2026-11-01,11,2026,1.82,36.4,60000.0,0.49
S3_reappro_100,E101,INGREDIENTS,Mbouda,Ouest,2026-11-01,11,2026,0.24,4.8,60000.0,0.06
S3_reappro_100,E1011,INGREDIENTS,Djeleng,Ouest,2026-11-01,11,2026,0.07,1.4,61500.0,0.02
S3_reappro_100,E1011,INGREDIENTS,Famla,Ouest,2026-11-01,11,2026,0.12,2.4,61500.0,0.04
S3_reappro_100,E1011,INGREDIENTS,Mbouda,Ouest,2026-11-01,11,2026,0.12,2.5,61500.0,0.03
S3_reappro_100,F114,INGREDIENTS,Djeleng,Ouest,2026-11-01,11,2026,0.04,0.7,0.0,0.01
S3_reappro_100,F114,INGREDIENTS,Famla,Ouest,2026-11-01,11,2026,0.49,9.7,0.0,0.11
S3_reappro_100,F114,INGREDIENTS,Mbouda,Ouest,2026-11-01,11,2026,0.2,4.1,0.0,0.05
S3_reappro_100,F1145,INGREDIENTS,Djeleng,Ouest,2026-11-01,11,2026,0.09,1.8,0.0,0.02
S3_reappro_100,F1145,INGREDIENTS,Famla,Ouest,2026-11-01,11,2026,0.49,9.9,0.0,0.12
S3_reappro_100,F1145,INGREDIENTS,Mbouda,Ouest,2026-11-01,11,2026,0.3,6.1,0.0,0.07
S3_reappro_100,F1146,INGREDIENTS,Famla,Ouest,2026-11-01,11,2026,0.06,1.2,0.0,0.01
S3_reappro_100,F1147,INGREDIENTS,Famla,Ouest,2026-11-01,11,2026,0.01,0.3,0.0,0.0
S3_reappro_100,F1147,INGREDIENTS,Mbouda,Ouest,2026-11-01,11,2026,0.03,0.5,0.0,0.01
S3_reappro_100,I105,INGREDIENTS,Djeleng,Ouest,2026-11-01,11,2026,0.01,0.3,35500.0,0.0
S3_reappro_100,I105,INGREDIENTS,Famla,Ouest,2026-11-01,11,2026,0.07,1.3,35500.0,0.01
S3_reappro_100,I105,INGREDIENTS,Mbouda,Ouest,2026-11-01,11,2026,0.0,0.1,35500.0,0.0
S3_reappro_100,I1051,INGREDIENTS,Djeleng,Ouest,2026-11-01,11,2026,0.05,1.0,41000.0,0.01
S3_reappro_100,I1051,INGREDIENTS,Famla,Ouest,2026-11-01,11,2026,0.06,1.3,41000.0,0.01
S3_reappro_100,I1051,INGREDIENTS,Mbouda,Ouest,2026-11-01,11,2026,0.06,1.1,41000.0,0.01
S3_reappro_100,I106,INGREDIENTS,Djeleng,Ouest,2026-11-01,11,2026,0.07,1.3,0.0,0.05
S3_reappro_100,I106,INGREDIENTS,Famla,Ouest,2026-11-01,11,2026,0.25,4.9,0.0,0.19
S3_reappro_100,I107,INGREDIENTS,Djeleng,Ouest,2026-11-01,11,2026,0.06,1.3,0.0,0.03
S3_reappro_100,I107,INGREDIENTS,Famla,Ouest,2026-11-01,11,2026,0.26,5.3,0.0,0.12
S3_reappro_100,P105,INGREDIENTS,Djeleng,Ouest,2026-11-01,11,2026,1.13,22.6,0.0,0.32
S3_reappro_100,P105,INGREDIENTS,Famla,Ouest,2026-11-01,11,2026,4.64,92.7,0.0,1.29
S3_reappro_100,P105,INGREDIENTS,Mbouda,Ouest,2026-11-01,11,2026,1.11,22.3,0.0,0.32
S3_reappro_100,P1051,INGREDIENTS,Djeleng,Ouest,2026-11-01,11,2026,0.02,0.4,0.0,0.01
S3_reappro_100,P1051,INGREDIENTS,Famla,Ouest,2026-11-01,11,2026,0.23,4.7,0.0,0.07
S3_reappro_100,P1051,INGREDIENTS,Mbouda,Ouest,2026-11-01,11,2026,0.18,3.5,0.0,0.05
S3_reappro_100,P1053,INGREDIENTS,Djeleng,Ouest,2026-11-01,11,2026,0.02,0.4,0.0,0.01
S3_reappro_100,P1053,INGREDIENTS,Famla,Ouest,2026-11-01,11,2026,0.03,0.5,0.0,0.01
S3_reappro_100,P1053,INGREDIENTS,Mbouda,Ouest,2026-11-01,11,2026,0.05,1.0,0.0,0.01
S3_reappro_100,B100,INGREDIENTS,Djeleng,Ouest,2026-12-01,12,2026,0.02,0.4,33500.0,0.0
S3_reappro_100,B100,INGREDIENTS,Famla,Ouest,2026-12-01,12,2026,1.45,29.1,33500.0,0.21
S3_reappro_100,B100,INGREDIENTS,Mbouda,Ouest,2026-12-01,12,2026,0.09,1.8,33500.0,0.01
S3_reappro_100,B1001,INGREDIENTS,Famla,Ouest,2026-12-01,12,2026,0.01,0.2,45950.0,0.0
S3_reappro_100,B1001,INGREDIENTS,Mbouda,Ouest,2026-12-01,12,2026,0.0,0.1,45950.0,0.0
S3_reappro_100,E101,INGREDIENTS,Djeleng,Ouest,2026-12-01,12,2026,0.84,16.9,60000.0,0.22
S3_reappro_100,E101,INGREDIENTS,Famla,Ouest,2026-12-01,12,2026,5.91,118.2,60000.0,1.59
S3_reappro_100,E101,INGREDIENTS,Mbouda,Ouest,2026-12-01,12,2026,0.78,15.5,60000.0,0.2
S3_reappro_100,E1011,INGREDIENTS,Djeleng,Ouest,2026-12-01,12,2026,0.23,4.6,61500.0,0.07
S3_reappro_100,E1011,INGREDIENTS,Famla,Ouest,2026-12-01,12,2026,0.39,7.9,61500.0,0.12
S3_reappro_100,E1011,INGREDIENTS,Mbouda,Ouest,2026-12-01,12,2026,0.4,8.0,61500.0,0.11
S3_reappro_100,F114,INGREDIENTS,Djeleng,Ouest,2026-12-01,12,2026,0.11,2.3,0.0,0.03
S3_reappro_100,F114,INGREDIENTS,Famla,Ouest,2026-12-01,12,2026,1.58,31.6,0.0,0.37
S3_reappro_100,F114,INGREDIENTS,Mbouda,Ouest,2026-12-01,12,2026,0.66,13.2,0.0,0.15
S3_reappro_100,F1145,INGREDIENTS,Djeleng,Ouest,2026-12-01,12,2026,0.29,5.8,0.0,0.07
S3_reappro_100,F1145,INGREDIENTS,Famla,Ouest,2026-12-01,12,2026,1.6,32.1,0.0,0.37
S3_reappro_100,F1145,INGREDIENTS,Mbouda,Ouest,2026-12-01,12,2026,0.99,19.7,0.0,0.23
S3_reappro_100,F1146,INGREDIENTS,Famla,Ouest,2026-12-01,12,2026,0.2,4.0,0.0,0.05
S3_reappro_100,F1147,INGREDIENTS,Famla,Ouest,2026-12-01,12,2026,0.04,0.9,0.0,0.01
S3_reappro_100,F1147,INGREDIENTS,Mbouda,Ouest,2026-12-01,12,2026,0.09,1.8,0.0,0.02
S3_reappro_100,I105,INGREDIENTS,Djeleng,Ouest,2026-12-01,12,2026,0.04,0.9,35500.0,0.01
S3_reappro_100,I105,INGREDIENTS,Famla,Ouest,2026-12-01,12,2026,0.22,4.3,35500.0,0.03
S3_reappro_100,I105,INGREDIENTS,Mbouda,Ouest,2026-12-01,12,2026,0.01,0.2,35500.0,0.0
S3_reappro_100,I1051,INGREDIENTS,Djeleng,Ouest,2026-12-01,12,2026,0.17,3.3,41000.0,0.03
S3_reappro_100,I1051,INGREDIENTS,Famla,Ouest,2026-12-01,12,2026,0.21,4.1,41000.0,0.04
S3_reappro_100,I1051,INGREDIENTS,Mbouda,Ouest,2026-12-01,12,2026,0.18,3.7,41000.0,0.03
S3_reappro_100,I106,INGREDIENTS,Djeleng,Ouest,2026-12-01,12,2026,0.21,4.3,0.0,0.17
S3_reappro_100,I106,INGREDIENTS,Famla,Ouest,2026-12-01,12,2026,0.8,16.0,0.0,0.62
S3_reappro_100,I107,INGREDIENTS,Djeleng,Ouest,2026-12-01,12,2026,0.21,4.2,0.0,0.09
S3_reappro_100,I107,INGREDIENTS,Famla,Ouest,2026-12-01,12,2026,0.85,17.1,0.0,0.38
S3_reappro_100,P105,INGREDIENTS,Djeleng,Ouest,2026-12-01,12,2026,3.67,73.5,0.0,1.04
S3_reappro_100,P105,INGREDIENTS,Famla,Ouest,2026-12-01,12,2026,15.08,301.5,0.0,4.19
S3_reappro_100,P105,INGREDIENTS,Mbouda,Ouest,2026-12-01,12,2026,3.62,72.4,0.0,1.03
S3_reappro_100,P1051,INGREDIENTS,Djeleng,Ouest,2026-12-01,12,2026,0.07,1.3,0.0,0.02
S3_reappro_100,P1051,INGREDIENTS,Famla,Ouest,2026-12-01,12,2026,0.76,15.2,0.0,0.22
S3_reappro_100,P1051,INGREDIENTS,Mbouda,Ouest,2026-12-01,12,2026,0.57,11.4,0.0,0.17
S3_reappro_100,P1053,INGREDIENTS,Djeleng,Ouest,2026-12-01,12,2026,0.07,1.4,0.0,0.02
S3_reappro_100,P1053,INGREDIENTS,Famla,Ouest,2026-12-01,12,2026,0.09,1.8,0.0,0.02
S3_reappro_100,P1053,INGREDIENTS,Mbouda,Ouest,2026-12-01,12,2026,0.16,3.2,0.0,0.05
S3_reappro_100,MAT003,MATERIEL_ELEVAGE,Ahala,Centre,2026-09-01,9,2026,0.0,0.0,0.0,0.52
S3_reappro_100,MAT003,MATERIEL_ELEVAGE,Bertoua,Centre,2026-09-01,9,2026,0.0,0.0,0.0,0.69
S3_reappro_100,MAT003,MATERIEL_ELEVAGE,Messassi,Centre,2026-09-01,9,2026,0.0,0.0,0.0,0.32
S3_reappro_100,MAT003,MATERIEL_ELEVAGE,Ngaoundere,Centre,2026-09-01,9,2026,0.0,0.0,0.0,0.29
S3_reappro_100,MAT003,MATERIEL_ELEVAGE,Nkoabang,Centre,2026-09-01,9,2026,0.0,0.0,0.0,0.21
S3_reappro_100,MAT003,MATERIEL_ELEVAGE,Nkolbisson,Centre,2026-09-01,9,2026,0.0,0.0,0.0,0.02
S3_reappro_100,MAT004,MATERIEL_ELEVAGE,Ahala,Centre,2026-09-01,9,2026,0.0,0.0,0.0,0.0
S3_reappro_100,MAT004,MATERIEL_ELEVAGE,Bertoua,Centre,2026-09-01,9,2026,0.0,0.0,0.0,0.02
S3_reappro_100,MAT004,MATERIEL_ELEVAGE,Nkoabang,Centre,2026-09-01,9,2026,0.0,0.0,0.0,0.0
S3_reappro_100,MAT006,MATERIEL_ELEVAGE,Ahala,Centre,2026-09-01,9,2026,0.0,0.0,0.0,0.0
S3_reappro_100,MAT006,MATERIEL_ELEVAGE,Bertoua,Centre,2026-09-01,9,2026,0.0,0.0,0.0,0.0
S3_reappro_100,MAT006,MATERIEL_ELEVAGE,Messassi,Centre,2026-09-01,9,2026,0.0,0.0,0.0,0.02
S3_reappro_100,MAT007,MATERIEL_ELEVAGE,Ngaoundere,Centre,2026-09-01,9,2026,0.0,0.0,0.0,0.0
S3_reappro_100,MAT008,MATERIEL_ELEVAGE,Ahala,Centre,2026-09-01,9,2026,0.0,0.0,0.0,0.0
S3_reappro_100,MAT008,MATERIEL_ELEVAGE,Messassi,Centre,2026-09-01,9,2026,0.0,0.0,0.0,0.0
S3_reappro_100,MAT009,MATERIEL_ELEVAGE,Ahala,Centre,2026-09-01,9,2026,0.0,0.0,0.0,0.0
S3_reappro_100,MAT009,MATERIEL_ELEVAGE,Bertoua,Centre,2026-09-01,9,2026,0.0,0.0,0.0,0.0
S3_reappro_100,MAT009,MATERIEL_ELEVAGE,Messassi,Centre,2026-09-01,9,2026,0.0,0.0,0.0,0.0
S3_reappro_100,MAT009,MATERIEL_ELEVAGE,Nkoabang,Centre,2026-09-01,9,2026,0.0,0.0,0.0,0.0
S3_reappro_100,MAT011-80010002,MATERIEL_ELEVAGE,Ahala,Centre,2026-09-01,9,2026,0.0,0.0,0.0,0.33
S3_reappro_100,MAT011-80010002,MATERIEL_ELEVAGE,Bertoua,Centre,2026-09-01,9,2026,0.0,0.0,0.0,0.47
S3_reappro_100,MAT011-80010002,MATERIEL_ELEVAGE,Messassi,Centre,2026-09-01,9,2026,0.0,0.0,0.0,1.34
S3_reappro_100,MAT011-80010002,MATERIEL_ELEVAGE,Ngaoundere,Centre,2026-09-01,9,2026,0.0,0.0,0.0,0.44
S3_reappro_100,MAT011-80010002,MATERIEL_ELEVAGE,Nkoabang,Centre,2026-09-01,9,2026,0.0,0.0,0.0,0.22
S3_reappro_100,MAT011-80010002,MATERIEL_ELEVAGE,Nkolbisson,Centre,2026-09-01,9,2026,0.0,0.0,0.0,0.12
S3_reappro_100,MAT014-80010003,MATERIEL_ELEVAGE,Ahala,Centre,2026-09-01,9,2026,0.0,0.0,0.0,0.65
S3_reappro_100,MAT014-80010003,MATERIEL_ELEVAGE,Bertoua,Centre,2026-09-01,9,2026,0.0,0.0,0.0,2.99
S3_reappro_100,MAT014-80010003,MATERIEL_ELEVAGE,Messassi,Centre,2026-09-01,9,2026,0.0,0.0,0.0,1.77
S3_reappro_100,MAT014-80010003,MATERIEL_ELEVAGE,Ngaoundere,Centre,2026-09-01,9,2026,0.0,0.0,0.0,0.5
S3_reappro_100,MAT014-80010003,MATERIEL_ELEVAGE,Nkoabang,Centre,2026-09-01,9,2026,0.0,0.0,0.0,0.49
S3_reappro_100,MAT014-80010003,MATERIEL_ELEVAGE,Nkolbisson,Centre,2026-09-01,9,2026,0.0,0.0,0.0,0.41
S3_reappro_100,MAT017,MATERIEL_ELEVAGE,Ahala,Centre,2026-09-01,9,2026,0.0,0.0,0.0,0.43
S3_reappro_100,MAT017,MATERIEL_ELEVAGE,Bertoua,Centre,2026-09-01,9,2026,0.0,0.0,0.0,0.01
S3_reappro_100,MAT017,MATERIEL_ELEVAGE,Messassi,Centre,2026-09-01,9,2026,0.0,0.0,0.0,0.5
S3_reappro_100,MAT017,MATERIEL_ELEVAGE,Ngaoundere,Centre,2026-09-01,9,2026,0.0,0.0,0.0,0.69
S3_reappro_100,MAT017,MATERIEL_ELEVAGE,Nkoabang,Centre,2026-09-01,9,2026,0.0,0.0,0.0,0.29
S3_reappro_100,MAT020,MATERIEL_ELEVAGE,Ahala,Centre,2026-09-01,9,2026,0.0,0.0,0.0,0.01
S3_reappro_100,MAT020,MATERIEL_ELEVAGE,Bertoua,Centre,2026-09-01,9,2026,0.0,0.0,0.0,0.01
S3_reappro_100,MAT020,MATERIEL_ELEVAGE,Messassi,Centre,2026-09-01,9,2026,0.0,0.0,0.0,0.04
S3_reappro_100,MAT020,MATERIEL_ELEVAGE,Ngaoundere,Centre,2026-09-01,9,2026,0.0,0.0,0.0,0.01
S3_reappro_100,MAT020,MATERIEL_ELEVAGE,Nkoabang,Centre,2026-09-01,9,2026,0.0,0.0,0.0,0.03
S3_reappro_100,MAT023,MATERIEL_ELEVAGE,Messassi,Centre,2026-09-01,9,2026,0.0,0.0,0.0,0.01
S3_reappro_100,MAT030,MATERIEL_ELEVAGE,Nkoabang,Centre,2026-09-01,9,2026,0.0,0.0,0.0,0.03
S3_reappro_100,MAT033,MATERIEL_ELEVAGE,Ahala,Centre,2026-09-01,9,2026,0.0,0.0,0.0,0.0
S3_reappro_100,MAT033,MATERIEL_ELEVAGE,Bertoua,Centre,2026-09-01,9,2026,0.0,0.0,0.0,0.0
S3_reappro_100,MAT033,MATERIEL_ELEVAGE,Messassi,Centre,2026-09-01,9,2026,0.0,0.0,0.0,0.01
S3_reappro_100,MAT039,MATERIEL_ELEVAGE,Ahala,Centre,2026-09-01,9,2026,0.0,0.0,0.0,0.11
S3_reappro_100,MAT039,MATERIEL_ELEVAGE,Bertoua,Centre,2026-09-01,9,2026,0.0,0.0,0.0,0.58
S3_reappro_100,MAT039,MATERIEL_ELEVAGE,Messassi,Centre,2026-09-01,9,2026,0.0,0.0,0.0,0.38
S3_reappro_100,MAT039,MATERIEL_ELEVAGE,Ngaoundere,Centre,2026-09-01,9,2026,0.0,0.0,0.0,0.11
S3_reappro_100,MAT039,MATERIEL_ELEVAGE,Nkoabang,Centre,2026-09-01,9,2026,0.0,0.0,0.0,0.13
S3_reappro_100,MAT039,MATERIEL_ELEVAGE,Nkolbisson,Centre,2026-09-01,9,2026,0.0,0.0,0.0,0.04
S3_reappro_100,MAT040,MATERIEL_ELEVAGE,Ahala,Centre,2026-09-01,9,2026,0.0,0.0,0.0,0.01
S3_reappro_100,MAT040,MATERIEL_ELEVAGE,Messassi,Centre,2026-09-01,9,2026,0.0,0.0,0.0,0.02
S3_reappro_100,MAT040,MATERIEL_ELEVAGE,Ngaoundere,Centre,2026-09-01,9,2026,0.0,0.0,0.0,0.0
S3_reappro_100,MAT040,MATERIEL_ELEVAGE,Nkolbisson,Centre,2026-09-01,9,2026,0.0,0.0,0.0,0.0
S3_reappro_100,MAT042,MATERIEL_ELEVAGE,Ahala,Centre,2026-09-01,9,2026,0.0,0.0,0.0,0.13
S3_reappro_100,MAT042,MATERIEL_ELEVAGE,Bertoua,Centre,2026-09-01,9,2026,0.0,0.0,0.0,0.05
S3_reappro_100,MAT042,MATERIEL_ELEVAGE,Messassi,Centre,2026-09-01,9,2026,0.0,0.0,0.0,0.01
S3_reappro_100,MAT042,MATERIEL_ELEVAGE,Ngaoundere,Centre,2026-09-01,9,2026,0.0,0.0,0.0,0.05
S3_reappro_100,MAT049,MATERIEL_ELEVAGE,Ahala,Centre,2026-09-01,9,2026,0.0,0.0,0.0,0.04
S3_reappro_100,MAT049,MATERIEL_ELEVAGE,Bertoua,Centre,2026-09-01,9,2026,0.0,0.0,0.0,0.04
S3_reappro_100,MAT049,MATERIEL_ELEVAGE,Messassi,Centre,2026-09-01,9,2026,0.0,0.0,0.0,0.04
S3_reappro_100,MAT049,MATERIEL_ELEVAGE,Ngaoundere,Centre,2026-09-01,9,2026,0.0,0.0,0.0,0.01
S3_reappro_100,MAT049,MATERIEL_ELEVAGE,Nkoabang,Centre,2026-09-01,9,2026,0.0,0.0,0.0,0.03
S3_reappro_100,MAT050,MATERIEL_ELEVAGE,Ahala,Centre,2026-09-01,9,2026,0.0,0.0,0.0,0.02
S3_reappro_100,MAT050,MATERIEL_ELEVAGE,Bertoua,Centre,2026-09-01,9,2026,0.0,0.0,0.0,0.01
S3_reappro_100,MAT050,MATERIEL_ELEVAGE,Messassi,Centre,2026-09-01,9,2026,0.0,0.0,0.0,0.04
S3_reappro_100,MAT050,MATERIEL_ELEVAGE,Nkoabang,Centre,2026-09-01,9,2026,0.0,0.0,0.0,0.04
S3_reappro_100,MAT053,MATERIEL_ELEVAGE,Ahala,Centre,2026-09-01,9,2026,0.0,0.0,0.0,0.0
S3_reappro_100,MAT054,MATERIEL_ELEVAGE,Ahala,Centre,2026-09-01,9,2026,0.0,0.0,0.0,0.0
S3_reappro_100,MAT055,MATERIEL_ELEVAGE,Ahala,Centre,2026-09-01,9,2026,0.0,0.0,0.0,0.0
S3_reappro_100,MAT073,MATERIEL_ELEVAGE,Ahala,Centre,2026-09-01,9,2026,0.0,0.0,0.0,0.07
S3_reappro_100,MAT073,MATERIEL_ELEVAGE,Messassi,Centre,2026-09-01,9,2026,0.0,0.0,0.0,0.16
S3_reappro_100,MAT003,MATERIEL_ELEVAGE,Ahala,Centre,2026-10-01,10,2026,0.0,0.0,0.0,0.52
S3_reappro_100,MAT003,MATERIEL_ELEVAGE,Bertoua,Centre,2026-10-01,10,2026,0.0,0.0,0.0,0.69
S3_reappro_100,MAT003,MATERIEL_ELEVAGE,Messassi,Centre,2026-10-01,10,2026,0.0,0.0,0.0,0.32
S3_reappro_100,MAT003,MATERIEL_ELEVAGE,Ngaoundere,Centre,2026-10-01,10,2026,0.0,0.0,0.0,0.29
S3_reappro_100,MAT003,MATERIEL_ELEVAGE,Nkoabang,Centre,2026-10-01,10,2026,0.0,0.0,0.0,0.21
S3_reappro_100,MAT003,MATERIEL_ELEVAGE,Nkolbisson,Centre,2026-10-01,10,2026,0.0,0.0,0.0,0.02
S3_reappro_100,MAT004,MATERIEL_ELEVAGE,Ahala,Centre,2026-10-01,10,2026,0.0,0.0,0.0,0.0
S3_reappro_100,MAT004,MATERIEL_ELEVAGE,Bertoua,Centre,2026-10-01,10,2026,0.0,0.0,0.0,0.02
S3_reappro_100,MAT004,MATERIEL_ELEVAGE,Nkoabang,Centre,2026-10-01,10,2026,0.0,0.0,0.0,0.0
S3_reappro_100,MAT006,MATERIEL_ELEVAGE,Ahala,Centre,2026-10-01,10,2026,0.0,0.0,0.0,0.0
S3_reappro_100,MAT006,MATERIEL_ELEVAGE,Bertoua,Centre,2026-10-01,10,2026,0.0,0.0,0.0,0.0
S3_reappro_100,MAT006,MATERIEL_ELEVAGE,Messassi,Centre,2026-10-01,10,2026,0.0,0.0,0.0,0.02
S3_reappro_100,MAT007,MATERIEL_ELEVAGE,Ngaoundere,Centre,2026-10-01,10,2026,0.0,0.0,0.0,0.0
S3_reappro_100,MAT008,MATERIEL_ELEVAGE,Ahala,Centre,2026-10-01,10,2026,0.0,0.0,0.0,0.0
S3_reappro_100,MAT008,MATERIEL_ELEVAGE,Messassi,Centre,2026-10-01,10,2026,0.0,0.0,0.0,0.0
S3_reappro_100,MAT009,MATERIEL_ELEVAGE,Ahala,Centre,2026-10-01,10,2026,0.0,0.0,0.0,0.0
S3_reappro_100,MAT009,MATERIEL_ELEVAGE,Bertoua,Centre,2026-10-01,10,2026,0.0,0.0,0.0,0.0
S3_reappro_100,MAT009,MATERIEL_ELEVAGE,Messassi,Centre,2026-10-01,10,2026,0.0,0.0,0.0,0.0
S3_reappro_100,MAT009,MATERIEL_ELEVAGE,Nkoabang,Centre,2026-10-01,10,2026,0.0,0.0,0.0,0.0
S3_reappro_100,MAT011-80010002,MATERIEL_ELEVAGE,Ahala,Centre,2026-10-01,10,2026,0.0,0.0,0.0,0.33
S3_reappro_100,MAT011-80010002,MATERIEL_ELEVAGE,Bertoua,Centre,2026-10-01,10,2026,0.0,0.0,0.0,0.47
S3_reappro_100,MAT011-80010002,MATERIEL_ELEVAGE,Messassi,Centre,2026-10-01,10,2026,0.0,0.0,0.0,1.34
S3_reappro_100,MAT011-80010002,MATERIEL_ELEVAGE,Ngaoundere,Centre,2026-10-01,10,2026,0.0,0.0,0.0,0.44
S3_reappro_100,MAT011-80010002,MATERIEL_ELEVAGE,Nkoabang,Centre,2026-10-01,10,2026,0.0,0.0,0.0,0.22
S3_reappro_100,MAT011-80010002,MATERIEL_ELEVAGE,Nkolbisson,Centre,2026-10-01,10,2026,0.0,0.0,0.0,0.12
S3_reappro_100,MAT014-80010003,MATERIEL_ELEVAGE,Ahala,Centre,2026-10-01,10,2026,0.0,0.0,0.0,0.65
S3_reappro_100,MAT014-80010003,MATERIEL_ELEVAGE,Bertoua,Centre,2026-10-01,10,2026,0.0,0.0,0.0,2.99
S3_reappro_100,MAT014-80010003,MATERIEL_ELEVAGE,Messassi,Centre,2026-10-01,10,2026,0.0,0.0,0.0,1.77
S3_reappro_100,MAT014-80010003,MATERIEL_ELEVAGE,Ngaoundere,Centre,2026-10-01,10,2026,0.0,0.0,0.0,0.5
S3_reappro_100,MAT014-80010003,MATERIEL_ELEVAGE,Nkoabang,Centre,2026-10-01,10,2026,0.0,0.0,0.0,0.49
S3_reappro_100,MAT014-80010003,MATERIEL_ELEVAGE,Nkolbisson,Centre,2026-10-01,10,2026,0.0,0.0,0.0,0.41
S3_reappro_100,MAT017,MATERIEL_ELEVAGE,Ahala,Centre,2026-10-01,10,2026,0.0,0.0,0.0,0.43
S3_reappro_100,MAT017,MATERIEL_ELEVAGE,Bertoua,Centre,2026-10-01,10,2026,0.0,0.0,0.0,0.01
S3_reappro_100,MAT017,MATERIEL_ELEVAGE,Messassi,Centre,2026-10-01,10,2026,0.0,0.0,0.0,0.5
S3_reappro_100,MAT017,MATERIEL_ELEVAGE,Ngaoundere,Centre,2026-10-01,10,2026,0.0,0.0,0.0,0.69
S3_reappro_100,MAT017,MATERIEL_ELEVAGE,Nkoabang,Centre,2026-10-01,10,2026,0.0,0.0,0.0,0.29
S3_reappro_100,MAT020,MATERIEL_ELEVAGE,Ahala,Centre,2026-10-01,10,2026,0.0,0.0,0.0,0.01
S3_reappro_100,MAT020,MATERIEL_ELEVAGE,Bertoua,Centre,2026-10-01,10,2026,0.0,0.0,0.0,0.01
S3_reappro_100,MAT020,MATERIEL_ELEVAGE,Messassi,Centre,2026-10-01,10,2026,0.0,0.0,0.0,0.04
S3_reappro_100,MAT020,MATERIEL_ELEVAGE,Ngaoundere,Centre,2026-10-01,10,2026,0.0,0.0,0.0,0.01
S3_reappro_100,MAT020,MATERIEL_ELEVAGE,Nkoabang,Centre,2026-10-01,10,2026,0.0,0.0,0.0,0.03
S3_reappro_100,MAT023,MATERIEL_ELEVAGE,Messassi,Centre,2026-10-01,10,2026,0.0,0.0,0.0,0.01
S3_reappro_100,MAT030,MATERIEL_ELEVAGE,Nkoabang,Centre,2026-10-01,10,2026,0.0,0.0,0.0,0.03
S3_reappro_100,MAT033,MATERIEL_ELEVAGE,Ahala,Centre,2026-10-01,10,2026,0.0,0.0,0.0,0.0
S3_reappro_100,MAT033,MATERIEL_ELEVAGE,Bertoua,Centre,2026-10-01,10,2026,0.0,0.0,0.0,0.0
S3_reappro_100,MAT033,MATERIEL_ELEVAGE,Messassi,Centre,2026-10-01,10,2026,0.0,0.0,0.0,0.01
S3_reappro_100,MAT039,MATERIEL_ELEVAGE,Ahala,Centre,2026-10-01,10,2026,0.0,0.0,0.0,0.11
S3_reappro_100,MAT039,MATERIEL_ELEVAGE,Bertoua,Centre,2026-10-01,10,2026,0.0,0.0,0.0,0.58
S3_reappro_100,MAT039,MATERIEL_ELEVAGE,Messassi,Centre,2026-10-01,10,2026,0.0,0.0,0.0,0.38
S3_reappro_100,MAT039,MATERIEL_ELEVAGE,Ngaoundere,Centre,2026-10-01,10,2026,0.0,0.0,0.0,0.11
S3_reappro_100,MAT039,MATERIEL_ELEVAGE,Nkoabang,Centre,2026-10-01,10,2026,0.0,0.0,0.0,0.13
S3_reappro_100,MAT039,MATERIEL_ELEVAGE,Nkolbisson,Centre,2026-10-01,10,2026,0.0,0.0,0.0,0.04
S3_reappro_100,MAT040,MATERIEL_ELEVAGE,Ahala,Centre,2026-10-01,10,2026,0.0,0.0,0.0,0.01
S3_reappro_100,MAT040,MATERIEL_ELEVAGE,Messassi,Centre,2026-10-01,10,2026,0.0,0.0,0.0,0.02
S3_reappro_100,MAT040,MATERIEL_ELEVAGE,Ngaoundere,Centre,2026-10-01,10,2026,0.0,0.0,0.0,0.0
S3_reappro_100,MAT040,MATERIEL_ELEVAGE,Nkolbisson,Centre,2026-10-01,10,2026,0.0,0.0,0.0,0.0
S3_reappro_100,MAT042,MATERIEL_ELEVAGE,Ahala,Centre,2026-10-01,10,2026,0.0,0.0,0.0,0.13
S3_reappro_100,MAT042,MATERIEL_ELEVAGE,Bertoua,Centre,2026-10-01,10,2026,0.0,0.0,0.0,0.05
S3_reappro_100,MAT042,MATERIEL_ELEVAGE,Messassi,Centre,2026-10-01,10,2026,0.0,0.0,0.0,0.01
S3_reappro_100,MAT042,MATERIEL_ELEVAGE,Ngaoundere,Centre,2026-10-01,10,2026,0.0,0.0,0.0,0.05
S3_reappro_100,MAT049,MATERIEL_ELEVAGE,Ahala,Centre,2026-10-01,10,2026,0.0,0.0,0.0,0.04
S3_reappro_100,MAT049,MATERIEL_ELEVAGE,Bertoua,Centre,2026-10-01,10,2026,0.0,0.0,0.0,0.04
S3_reappro_100,MAT049,MATERIEL_ELEVAGE,Messassi,Centre,2026-10-01,10,2026,0.0,0.0,0.0,0.04
S3_reappro_100,MAT049,MATERIEL_ELEVAGE,Ngaoundere,Centre,2026-10-01,10,2026,0.0,0.0,0.0,0.01
S3_reappro_100,MAT049,MATERIEL_ELEVAGE,Nkoabang,Centre,2026-10-01,10,2026,0.0,0.0,0.0,0.03
S3_reappro_100,MAT050,MATERIEL_ELEVAGE,Ahala,Centre,2026-10-01,10,2026,0.0,0.0,0.0,0.02
S3_reappro_100,MAT050,MATERIEL_ELEVAGE,Bertoua,Centre,2026-10-01,10,2026,0.0,0.0,0.0,0.01
S3_reappro_100,MAT050,MATERIEL_ELEVAGE,Messassi,Centre,2026-10-01,10,2026,0.0,0.0,0.0,0.04
S3_reappro_100,MAT050,MATERIEL_ELEVAGE,Nkoabang,Centre,2026-10-01,10,2026,0.0,0.0,0.0,0.04
S3_reappro_100,MAT053,MATERIEL_ELEVAGE,Ahala,Centre,2026-10-01,10,2026,0.0,0.0,0.0,0.0
S3_reappro_100,MAT054,MATERIEL_ELEVAGE,Ahala,Centre,2026-10-01,10,2026,0.0,0.0,0.0,0.0
S3_reappro_100,MAT055,MATERIEL_ELEVAGE,Ahala,Centre,2026-10-01,10,2026,0.0,0.0,0.0,0.0
S3_reappro_100,MAT073,MATERIEL_ELEVAGE,Ahala,Centre,2026-10-01,10,2026,0.0,0.0,0.0,0.07
S3_reappro_100,MAT073,MATERIEL_ELEVAGE,Messassi,Centre,2026-10-01,10,2026,0.0,0.0,0.0,0.16
S3_reappro_100,MAT003,MATERIEL_ELEVAGE,Ahala,Centre,2026-11-01,11,2026,0.0,0.0,0.0,0.52
S3_reappro_100,MAT003,MATERIEL_ELEVAGE,Bertoua,Centre,2026-11-01,11,2026,0.0,0.0,0.0,0.69
S3_reappro_100,MAT003,MATERIEL_ELEVAGE,Messassi,Centre,2026-11-01,11,2026,0.0,0.0,0.0,0.32
S3_reappro_100,MAT003,MATERIEL_ELEVAGE,Ngaoundere,Centre,2026-11-01,11,2026,0.0,0.0,0.0,0.29
S3_reappro_100,MAT003,MATERIEL_ELEVAGE,Nkoabang,Centre,2026-11-01,11,2026,0.0,0.0,0.0,0.21
S3_reappro_100,MAT003,MATERIEL_ELEVAGE,Nkolbisson,Centre,2026-11-01,11,2026,0.0,0.0,0.0,0.02
S3_reappro_100,MAT004,MATERIEL_ELEVAGE,Ahala,Centre,2026-11-01,11,2026,0.0,0.0,0.0,0.0
S3_reappro_100,MAT004,MATERIEL_ELEVAGE,Bertoua,Centre,2026-11-01,11,2026,0.0,0.0,0.0,0.02
S3_reappro_100,MAT004,MATERIEL_ELEVAGE,Nkoabang,Centre,2026-11-01,11,2026,0.0,0.0,0.0,0.0
S3_reappro_100,MAT006,MATERIEL_ELEVAGE,Ahala,Centre,2026-11-01,11,2026,0.0,0.0,0.0,0.0
S3_reappro_100,MAT006,MATERIEL_ELEVAGE,Bertoua,Centre,2026-11-01,11,2026,0.0,0.0,0.0,0.0
S3_reappro_100,MAT006,MATERIEL_ELEVAGE,Messassi,Centre,2026-11-01,11,2026,0.0,0.0,0.0,0.02
S3_reappro_100,MAT007,MATERIEL_ELEVAGE,Ngaoundere,Centre,2026-11-01,11,2026,0.0,0.0,0.0,0.0
S3_reappro_100,MAT008,MATERIEL_ELEVAGE,Ahala,Centre,2026-11-01,11,2026,0.0,0.0,0.0,0.0
S3_reappro_100,MAT008,MATERIEL_ELEVAGE,Messassi,Centre,2026-11-01,11,2026,0.0,0.0,0.0,0.0
S3_reappro_100,MAT009,MATERIEL_ELEVAGE,Ahala,Centre,2026-11-01,11,2026,0.0,0.0,0.0,0.0
S3_reappro_100,MAT009,MATERIEL_ELEVAGE,Bertoua,Centre,2026-11-01,11,2026,0.0,0.0,0.0,0.0
S3_reappro_100,MAT009,MATERIEL_ELEVAGE,Messassi,Centre,2026-11-01,11,2026,0.0,0.0,0.0,0.0
S3_reappro_100,MAT009,MATERIEL_ELEVAGE,Nkoabang,Centre,2026-11-01,11,2026,0.0,0.0,0.0,0.0
S3_reappro_100,MAT011-80010002,MATERIEL_ELEVAGE,Ahala,Centre,2026-11-01,11,2026,0.0,0.0,0.0,0.33
S3_reappro_100,MAT011-80010002,MATERIEL_ELEVAGE,Bertoua,Centre,2026-11-01,11,2026,0.0,0.0,0.0,0.47
S3_reappro_100,MAT011-80010002,MATERIEL_ELEVAGE,Messassi,Centre,2026-11-01,11,2026,0.0,0.0,0.0,1.34
S3_reappro_100,MAT011-80010002,MATERIEL_ELEVAGE,Ngaoundere,Centre,2026-11-01,11,2026,0.0,0.0,0.0,0.44
S3_reappro_100,MAT011-80010002,MATERIEL_ELEVAGE,Nkoabang,Centre,2026-11-01,11,2026,0.0,0.0,0.0,0.22
S3_reappro_100,MAT011-80010002,MATERIEL_ELEVAGE,Nkolbisson,Centre,2026-11-01,11,2026,0.0,0.0,0.0,0.12
S3_reappro_100,MAT014-80010003,MATERIEL_ELEVAGE,Ahala,Centre,2026-11-01,11,2026,0.0,0.0,0.0,0.65
S3_reappro_100,MAT014-80010003,MATERIEL_ELEVAGE,Bertoua,Centre,2026-11-01,11,2026,0.0,0.0,0.0,2.99
S3_reappro_100,MAT014-80010003,MATERIEL_ELEVAGE,Messassi,Centre,2026-11-01,11,2026,0.0,0.0,0.0,1.77
S3_reappro_100,MAT014-80010003,MATERIEL_ELEVAGE,Ngaoundere,Centre,2026-11-01,11,2026,0.0,0.0,0.0,0.5
S3_reappro_100,MAT014-80010003,MATERIEL_ELEVAGE,Nkoabang,Centre,2026-11-01,11,2026,0.0,0.0,0.0,0.49
S3_reappro_100,MAT014-80010003,MATERIEL_ELEVAGE,Nkolbisson,Centre,2026-11-01,11,2026,0.0,0.0,0.0,0.41
S3_reappro_100,MAT017,MATERIEL_ELEVAGE,Ahala,Centre,2026-11-01,11,2026,0.0,0.0,0.0,0.43
S3_reappro_100,MAT017,MATERIEL_ELEVAGE,Bertoua,Centre,2026-11-01,11,2026,0.0,0.0,0.0,0.01
S3_reappro_100,MAT017,MATERIEL_ELEVAGE,Messassi,Centre,2026-11-01,11,2026,0.0,0.0,0.0,0.5
S3_reappro_100,MAT017,MATERIEL_ELEVAGE,Ngaoundere,Centre,2026-11-01,11,2026,0.0,0.0,0.0,0.69
S3_reappro_100,MAT017,MATERIEL_ELEVAGE,Nkoabang,Centre,2026-11-01,11,2026,0.0,0.0,0.0,0.29
S3_reappro_100,MAT020,MATERIEL_ELEVAGE,Ahala,Centre,2026-11-01,11,2026,0.0,0.0,0.0,0.01
S3_reappro_100,MAT020,MATERIEL_ELEVAGE,Bertoua,Centre,2026-11-01,11,2026,0.0,0.0,0.0,0.01
S3_reappro_100,MAT020,MATERIEL_ELEVAGE,Messassi,Centre,2026-11-01,11,2026,0.0,0.0,0.0,0.04
S3_reappro_100,MAT020,MATERIEL_ELEVAGE,Ngaoundere,Centre,2026-11-01,11,2026,0.0,0.0,0.0,0.01
S3_reappro_100,MAT020,MATERIEL_ELEVAGE,Nkoabang,Centre,2026-11-01,11,2026,0.0,0.0,0.0,0.03
S3_reappro_100,MAT023,MATERIEL_ELEVAGE,Messassi,Centre,2026-11-01,11,2026,0.0,0.0,0.0,0.01
S3_reappro_100,MAT030,MATERIEL_ELEVAGE,Nkoabang,Centre,2026-11-01,11,2026,0.0,0.0,0.0,0.03
S3_reappro_100,MAT033,MATERIEL_ELEVAGE,Ahala,Centre,2026-11-01,11,2026,0.0,0.0,0.0,0.0
S3_reappro_100,MAT033,MATERIEL_ELEVAGE,Bertoua,Centre,2026-11-01,11,2026,0.0,0.0,0.0,0.0
S3_reappro_100,MAT033,MATERIEL_ELEVAGE,Messassi,Centre,2026-11-01,11,2026,0.0,0.0,0.0,0.01
S3_reappro_100,MAT039,MATERIEL_ELEVAGE,Ahala,Centre,2026-11-01,11,2026,0.0,0.0,0.0,0.11
S3_reappro_100,MAT039,MATERIEL_ELEVAGE,Bertoua,Centre,2026-11-01,11,2026,0.0,0.0,0.0,0.58
S3_reappro_100,MAT039,MATERIEL_ELEVAGE,Messassi,Centre,2026-11-01,11,2026,0.0,0.0,0.0,0.38
S3_reappro_100,MAT039,MATERIEL_ELEVAGE,Ngaoundere,Centre,2026-11-01,11,2026,0.0,0.0,0.0,0.11
S3_reappro_100,MAT039,MATERIEL_ELEVAGE,Nkoabang,Centre,2026-11-01,11,2026,0.0,0.0,0.0,0.13
S3_reappro_100,MAT039,MATERIEL_ELEVAGE,Nkolbisson,Centre,2026-11-01,11,2026,0.0,0.0,0.0,0.04
S3_reappro_100,MAT040,MATERIEL_ELEVAGE,Ahala,Centre,2026-11-01,11,2026,0.0,0.0,0.0,0.01
S3_reappro_100,MAT040,MATERIEL_ELEVAGE,Messassi,Centre,2026-11-01,11,2026,0.0,0.0,0.0,0.02
S3_reappro_100,MAT040,MATERIEL_ELEVAGE,Ngaoundere,Centre,2026-11-01,11,2026,0.0,0.0,0.0,0.0
S3_reappro_100,MAT040,MATERIEL_ELEVAGE,Nkolbisson,Centre,2026-11-01,11,2026,0.0,0.0,0.0,0.0
S3_reappro_100,MAT042,MATERIEL_ELEVAGE,Ahala,Centre,2026-11-01,11,2026,0.0,0.0,0.0,0.13
S3_reappro_100,MAT042,MATERIEL_ELEVAGE,Bertoua,Centre,2026-11-01,11,2026,0.0,0.0,0.0,0.05
S3_reappro_100,MAT042,MATERIEL_ELEVAGE,Messassi,Centre,2026-11-01,11,2026,0.0,0.0,0.0,0.01
S3_reappro_100,MAT042,MATERIEL_ELEVAGE,Ngaoundere,Centre,2026-11-01,11,2026,0.0,0.0,0.0,0.05
S3_reappro_100,MAT049,MATERIEL_ELEVAGE,Ahala,Centre,2026-11-01,11,2026,0.0,0.0,0.0,0.04
S3_reappro_100,MAT049,MATERIEL_ELEVAGE,Bertoua,Centre,2026-11-01,11,2026,0.0,0.0,0.0,0.04
S3_reappro_100,MAT049,MATERIEL_ELEVAGE,Messassi,Centre,2026-11-01,11,2026,0.0,0.0,0.0,0.04
S3_reappro_100,MAT049,MATERIEL_ELEVAGE,Ngaoundere,Centre,2026-11-01,11,2026,0.0,0.0,0.0,0.01
S3_reappro_100,MAT049,MATERIEL_ELEVAGE,Nkoabang,Centre,2026-11-01,11,2026,0.0,0.0,0.0,0.03
S3_reappro_100,MAT050,MATERIEL_ELEVAGE,Ahala,Centre,2026-11-01,11,2026,0.0,0.0,0.0,0.02
S3_reappro_100,MAT050,MATERIEL_ELEVAGE,Bertoua,Centre,2026-11-01,11,2026,0.0,0.0,0.0,0.01
S3_reappro_100,MAT050,MATERIEL_ELEVAGE,Messassi,Centre,2026-11-01,11,2026,0.0,0.0,0.0,0.04
S3_reappro_100,MAT050,MATERIEL_ELEVAGE,Nkoabang,Centre,2026-11-01,11,2026,0.0,0.0,0.0,0.04
S3_reappro_100,MAT053,MATERIEL_ELEVAGE,Ahala,Centre,2026-11-01,11,2026,0.0,0.0,0.0,0.0
S3_reappro_100,MAT054,MATERIEL_ELEVAGE,Ahala,Centre,2026-11-01,11,2026,0.0,0.0,0.0,0.0
S3_reappro_100,MAT055,MATERIEL_ELEVAGE,Ahala,Centre,2026-11-01,11,2026,0.0,0.0,0.0,0.0
S3_reappro_100,MAT073,MATERIEL_ELEVAGE,Ahala,Centre,2026-11-01,11,2026,0.0,0.0,0.0,0.07
S3_reappro_100,MAT073,MATERIEL_ELEVAGE,Messassi,Centre,2026-11-01,11,2026,0.0,0.0,0.0,0.16
S3_reappro_100,MAT003,MATERIEL_ELEVAGE,Ahala,Centre,2026-12-01,12,2026,0.0,0.0,0.0,0.52
S3_reappro_100,MAT003,MATERIEL_ELEVAGE,Bertoua,Centre,2026-12-01,12,2026,0.0,0.0,0.0,0.69
S3_reappro_100,MAT003,MATERIEL_ELEVAGE,Messassi,Centre,2026-12-01,12,2026,0.0,0.0,0.0,0.32
S3_reappro_100,MAT003,MATERIEL_ELEVAGE,Ngaoundere,Centre,2026-12-01,12,2026,0.0,0.0,0.0,0.29
S3_reappro_100,MAT003,MATERIEL_ELEVAGE,Nkoabang,Centre,2026-12-01,12,2026,0.0,0.0,0.0,0.21
S3_reappro_100,MAT003,MATERIEL_ELEVAGE,Nkolbisson,Centre,2026-12-01,12,2026,0.0,0.0,0.0,0.02
S3_reappro_100,MAT004,MATERIEL_ELEVAGE,Ahala,Centre,2026-12-01,12,2026,0.0,0.0,0.0,0.0
S3_reappro_100,MAT004,MATERIEL_ELEVAGE,Bertoua,Centre,2026-12-01,12,2026,0.0,0.0,0.0,0.02
S3_reappro_100,MAT004,MATERIEL_ELEVAGE,Nkoabang,Centre,2026-12-01,12,2026,0.0,0.0,0.0,0.0
S3_reappro_100,MAT006,MATERIEL_ELEVAGE,Ahala,Centre,2026-12-01,12,2026,0.0,0.0,0.0,0.0
S3_reappro_100,MAT006,MATERIEL_ELEVAGE,Bertoua,Centre,2026-12-01,12,2026,0.0,0.0,0.0,0.0
S3_reappro_100,MAT006,MATERIEL_ELEVAGE,Messassi,Centre,2026-12-01,12,2026,0.0,0.0,0.0,0.02
S3_reappro_100,MAT007,MATERIEL_ELEVAGE,Ngaoundere,Centre,2026-12-01,12,2026,0.0,0.0,0.0,0.0
S3_reappro_100,MAT008,MATERIEL_ELEVAGE,Ahala,Centre,2026-12-01,12,2026,0.0,0.0,0.0,0.0
S3_reappro_100,MAT008,MATERIEL_ELEVAGE,Messassi,Centre,2026-12-01,12,2026,0.0,0.0,0.0,0.0
S3_reappro_100,MAT009,MATERIEL_ELEVAGE,Ahala,Centre,2026-12-01,12,2026,0.0,0.0,0.0,0.0
S3_reappro_100,MAT009,MATERIEL_ELEVAGE,Bertoua,Centre,2026-12-01,12,2026,0.0,0.0,0.0,0.0
S3_reappro_100,MAT009,MATERIEL_ELEVAGE,Messassi,Centre,2026-12-01,12,2026,0.0,0.0,0.0,0.0
S3_reappro_100,MAT009,MATERIEL_ELEVAGE,Nkoabang,Centre,2026-12-01,12,2026,0.0,0.0,0.0,0.0
S3_reappro_100,MAT011-80010002,MATERIEL_ELEVAGE,Ahala,Centre,2026-12-01,12,2026,0.0,0.0,0.0,0.33
S3_reappro_100,MAT011-80010002,MATERIEL_ELEVAGE,Bertoua,Centre,2026-12-01,12,2026,0.0,0.0,0.0,0.47
S3_reappro_100,MAT011-80010002,MATERIEL_ELEVAGE,Messassi,Centre,2026-12-01,12,2026,0.0,0.0,0.0,1.34
S3_reappro_100,MAT011-80010002,MATERIEL_ELEVAGE,Ngaoundere,Centre,2026-12-01,12,2026,0.0,0.0,0.0,0.44
S3_reappro_100,MAT011-80010002,MATERIEL_ELEVAGE,Nkoabang,Centre,2026-12-01,12,2026,0.0,0.0,0.0,0.22
S3_reappro_100,MAT011-80010002,MATERIEL_ELEVAGE,Nkolbisson,Centre,2026-12-01,12,2026,0.0,0.0,0.0,0.12
S3_reappro_100,MAT014-80010003,MATERIEL_ELEVAGE,Ahala,Centre,2026-12-01,12,2026,0.0,0.0,0.0,0.65
S3_reappro_100,MAT014-80010003,MATERIEL_ELEVAGE,Bertoua,Centre,2026-12-01,12,2026,0.0,0.0,0.0,2.99
S3_reappro_100,MAT014-80010003,MATERIEL_ELEVAGE,Messassi,Centre,2026-12-01,12,2026,0.0,0.0,0.0,1.77
S3_reappro_100,MAT014-80010003,MATERIEL_ELEVAGE,Ngaoundere,Centre,2026-12-01,12,2026,0.0,0.0,0.0,0.5
S3_reappro_100,MAT014-80010003,MATERIEL_ELEVAGE,Nkoabang,Centre,2026-12-01,12,2026,0.0,0.0,0.0,0.49
S3_reappro_100,MAT014-80010003,MATERIEL_ELEVAGE,Nkolbisson,Centre,2026-12-01,12,2026,0.0,0.0,0.0,0.41
S3_reappro_100,MAT017,MATERIEL_ELEVAGE,Ahala,Centre,2026-12-01,12,2026,0.0,0.0,0.0,0.43
S3_reappro_100,MAT017,MATERIEL_ELEVAGE,Bertoua,Centre,2026-12-01,12,2026,0.0,0.0,0.0,0.01
S3_reappro_100,MAT017,MATERIEL_ELEVAGE,Messassi,Centre,2026-12-01,12,2026,0.0,0.0,0.0,0.5
S3_reappro_100,MAT017,MATERIEL_ELEVAGE,Ngaoundere,Centre,2026-12-01,12,2026,0.0,0.0,0.0,0.69
S3_reappro_100,MAT017,MATERIEL_ELEVAGE,Nkoabang,Centre,2026-12-01,12,2026,0.0,0.0,0.0,0.29
S3_reappro_100,MAT020,MATERIEL_ELEVAGE,Ahala,Centre,2026-12-01,12,2026,0.0,0.0,0.0,0.01
S3_reappro_100,MAT020,MATERIEL_ELEVAGE,Bertoua,Centre,2026-12-01,12,2026,0.0,0.0,0.0,0.01
S3_reappro_100,MAT020,MATERIEL_ELEVAGE,Messassi,Centre,2026-12-01,12,2026,0.0,0.0,0.0,0.04
S3_reappro_100,MAT020,MATERIEL_ELEVAGE,Ngaoundere,Centre,2026-12-01,12,2026,0.0,0.0,0.0,0.01
S3_reappro_100,MAT020,MATERIEL_ELEVAGE,Nkoabang,Centre,2026-12-01,12,2026,0.0,0.0,0.0,0.03
S3_reappro_100,MAT023,MATERIEL_ELEVAGE,Messassi,Centre,2026-12-01,12,2026,0.0,0.0,0.0,0.01
S3_reappro_100,MAT030,MATERIEL_ELEVAGE,Nkoabang,Centre,2026-12-01,12,2026,0.0,0.0,0.0,0.03
S3_reappro_100,MAT033,MATERIEL_ELEVAGE,Ahala,Centre,2026-12-01,12,2026,0.0,0.0,0.0,0.0
S3_reappro_100,MAT033,MATERIEL_ELEVAGE,Bertoua,Centre,2026-12-01,12,2026,0.0,0.0,0.0,0.0
S3_reappro_100,MAT033,MATERIEL_ELEVAGE,Messassi,Centre,2026-12-01,12,2026,0.0,0.0,0.0,0.01
S3_reappro_100,MAT039,MATERIEL_ELEVAGE,Ahala,Centre,2026-12-01,12,2026,0.0,0.0,0.0,0.11
S3_reappro_100,MAT039,MATERIEL_ELEVAGE,Bertoua,Centre,2026-12-01,12,2026,0.0,0.0,0.0,0.58
S3_reappro_100,MAT039,MATERIEL_ELEVAGE,Messassi,Centre,2026-12-01,12,2026,0.0,0.0,0.0,0.38
S3_reappro_100,MAT039,MATERIEL_ELEVAGE,Ngaoundere,Centre,2026-12-01,12,2026,0.0,0.0,0.0,0.11
S3_reappro_100,MAT039,MATERIEL_ELEVAGE,Nkoabang,Centre,2026-12-01,12,2026,0.0,0.0,0.0,0.13
S3_reappro_100,MAT039,MATERIEL_ELEVAGE,Nkolbisson,Centre,2026-12-01,12,2026,0.0,0.0,0.0,0.04
S3_reappro_100,MAT040,MATERIEL_ELEVAGE,Ahala,Centre,2026-12-01,12,2026,0.0,0.0,0.0,0.01
S3_reappro_100,MAT040,MATERIEL_ELEVAGE,Messassi,Centre,2026-12-01,12,2026,0.0,0.0,0.0,0.02
S3_reappro_100,MAT040,MATERIEL_ELEVAGE,Ngaoundere,Centre,2026-12-01,12,2026,0.0,0.0,0.0,0.0
S3_reappro_100,MAT040,MATERIEL_ELEVAGE,Nkolbisson,Centre,2026-12-01,12,2026,0.0,0.0,0.0,0.0
S3_reappro_100,MAT042,MATERIEL_ELEVAGE,Ahala,Centre,2026-12-01,12,2026,0.0,0.0,0.0,0.13
S3_reappro_100,MAT042,MATERIEL_ELEVAGE,Bertoua,Centre,2026-12-01,12,2026,0.0,0.0,0.0,0.05
S3_reappro_100,MAT042,MATERIEL_ELEVAGE,Messassi,Centre,2026-12-01,12,2026,0.0,0.0,0.0,0.01
S3_reappro_100,MAT042,MATERIEL_ELEVAGE,Ngaoundere,Centre,2026-12-01,12,2026,0.0,0.0,0.0,0.05
S3_reappro_100,MAT049,MATERIEL_ELEVAGE,Ahala,Centre,2026-12-01,12,2026,0.0,0.0,0.0,0.04
S3_reappro_100,MAT049,MATERIEL_ELEVAGE,Bertoua,Centre,2026-12-01,12,2026,0.0,0.0,0.0,0.04
S3_reappro_100,MAT049,MATERIEL_ELEVAGE,Messassi,Centre,2026-12-01,12,2026,0.0,0.0,0.0,0.04
S3_reappro_100,MAT049,MATERIEL_ELEVAGE,Ngaoundere,Centre,2026-12-01,12,2026,0.0,0.0,0.0,0.01
S3_reappro_100,MAT049,MATERIEL_ELEVAGE,Nkoabang,Centre,2026-12-01,12,2026,0.0,0.0,0.0,0.03
S3_reappro_100,MAT050,MATERIEL_ELEVAGE,Ahala,Centre,2026-12-01,12,2026,0.0,0.0,0.0,0.02
S3_reappro_100,MAT050,MATERIEL_ELEVAGE,Bertoua,Centre,2026-12-01,12,2026,0.0,0.0,0.0,0.01
S3_reappro_100,MAT050,MATERIEL_ELEVAGE,Messassi,Centre,2026-12-01,12,2026,0.0,0.0,0.0,0.04
S3_reappro_100,MAT050,MATERIEL_ELEVAGE,Nkoabang,Centre,2026-12-01,12,2026,0.0,0.0,0.0,0.04
S3_reappro_100,MAT053,MATERIEL_ELEVAGE,Ahala,Centre,2026-12-01,12,2026,0.0,0.0,0.0,0.0
S3_reappro_100,MAT054,MATERIEL_ELEVAGE,Ahala,Centre,2026-12-01,12,2026,0.0,0.0,0.0,0.0
S3_reappro_100,MAT055,MATERIEL_ELEVAGE,Ahala,Centre,2026-12-01,12,2026,0.0,0.0,0.0,0.0
S3_reappro_100,MAT073,MATERIEL_ELEVAGE,Ahala,Centre,2026-12-01,12,2026,0.0,0.0,0.0,0.07
S3_reappro_100,MAT073,MATERIEL_ELEVAGE,Messassi,Centre,2026-12-01,12,2026,0.0,0.0,0.0,0.16
S3_reappro_100,MAT001,MATERIEL_ELEVAGE,Ndobo,Littoral,2026-09-01,9,2026,0.0,0.0,0.0,0.22
S3_reappro_100,MAT003,MATERIEL_ELEVAGE,Buea,Littoral,2026-09-01,9,2026,0.0,0.0,0.0,0.23
S3_reappro_100,MAT003,MATERIEL_ELEVAGE,Ndobo,Littoral,2026-09-01,9,2026,0.0,0.0,0.0,0.32
S3_reappro_100,MAT003,MATERIEL_ELEVAGE,Nkongsamba,Littoral,2026-09-01,9,2026,0.0,0.0,0.0,0.4
S3_reappro_100,MAT003,MATERIEL_ELEVAGE,Pk11,Littoral,2026-09-01,9,2026,0.0,0.0,0.0,0.03
S3_reappro_100,MAT003,MATERIEL_ELEVAGE,Village,Littoral,2026-09-01,9,2026,0.0,0.0,0.0,0.32
S3_reappro_100,MAT004,MATERIEL_ELEVAGE,Buea,Littoral,2026-09-01,9,2026,0.0,0.0,0.0,0.01
S3_reappro_100,MAT004,MATERIEL_ELEVAGE,Village,Littoral,2026-09-01,9,2026,0.0,0.0,0.0,0.03
S3_reappro_100,MAT006,MATERIEL_ELEVAGE,Buea,Littoral,2026-09-01,9,2026,0.0,0.0,0.0,0.01
S3_reappro_100,MAT006,MATERIEL_ELEVAGE,Ndobo,Littoral,2026-09-01,9,2026,0.0,0.0,0.0,0.01
S3_reappro_100,MAT006,MATERIEL_ELEVAGE,Nkongsamba,Littoral,2026-09-01,9,2026,0.0,0.0,0.0,0.02
S3_reappro_100,MAT009,MATERIEL_ELEVAGE,Buea,Littoral,2026-09-01,9,2026,0.0,0.0,0.0,0.01
S3_reappro_100,MAT011-80010002,MATERIEL_ELEVAGE,Buea,Littoral,2026-09-01,9,2026,0.0,0.0,0.0,0.05
S3_reappro_100,MAT011-80010002,MATERIEL_ELEVAGE,Ndobo,Littoral,2026-09-01,9,2026,0.0,0.0,0.0,2.04
S3_reappro_100,MAT011-80010002,MATERIEL_ELEVAGE,Village,Littoral,2026-09-01,9,2026,0.0,0.0,0.0,0.01
S3_reappro_100,MAT014-80010003,MATERIEL_ELEVAGE,Buea,Littoral,2026-09-01,9,2026,0.0,0.0,0.0,0.2
S3_reappro_100,MAT014-80010003,MATERIEL_ELEVAGE,Ndobo,Littoral,2026-09-01,9,2026,0.0,0.0,0.0,5.17
S3_reappro_100,MAT014-80010003,MATERIEL_ELEVAGE,Nkongsamba,Littoral,2026-09-01,9,2026,0.0,0.0,0.0,0.25
S3_reappro_100,MAT014-80010003,MATERIEL_ELEVAGE,Village,Littoral,2026-09-01,9,2026,0.0,0.0,0.0,0.03
S3_reappro_100,MAT015,MATERIEL_ELEVAGE,Village,Littoral,2026-09-01,9,2026,0.0,0.0,0.0,0.0
S3_reappro_100,MAT020,MATERIEL_ELEVAGE,Buea,Littoral,2026-09-01,9,2026,0.0,0.0,0.0,0.09
S3_reappro_100,MAT020,MATERIEL_ELEVAGE,Ndobo,Littoral,2026-09-01,9,2026,0.0,0.0,0.0,0.07
S3_reappro_100,MAT020,MATERIEL_ELEVAGE,Nkongsamba,Littoral,2026-09-01,9,2026,0.0,0.0,0.0,0.18
S3_reappro_100,MAT020,MATERIEL_ELEVAGE,Pk11,Littoral,2026-09-01,9,2026,0.0,0.0,0.0,0.04
S3_reappro_100,MAT020,MATERIEL_ELEVAGE,Village,Littoral,2026-09-01,9,2026,0.0,0.0,0.0,0.1
S3_reappro_100,MAT029,MATERIEL_ELEVAGE,Ndobo,Littoral,2026-09-01,9,2026,0.0,0.0,0.0,0.13
S3_reappro_100,MAT030,MATERIEL_ELEVAGE,Ndobo,Littoral,2026-09-01,9,2026,0.0,0.0,0.0,0.14
S3_reappro_100,MAT039,MATERIEL_ELEVAGE,Buea,Littoral,2026-09-01,9,2026,0.0,0.0,0.0,0.23
S3_reappro_100,MAT039,MATERIEL_ELEVAGE,Ndobo,Littoral,2026-09-01,9,2026,0.0,0.0,0.0,0.52
S3_reappro_100,MAT039,MATERIEL_ELEVAGE,Nkongsamba,Littoral,2026-09-01,9,2026,0.0,0.0,0.0,0.25
S3_reappro_100,MAT039,MATERIEL_ELEVAGE,Pk11,Littoral,2026-09-01,9,2026,0.0,0.0,0.0,0.16
S3_reappro_100,MAT039,MATERIEL_ELEVAGE,Village,Littoral,2026-09-01,9,2026,0.0,0.0,0.0,0.32
S3_reappro_100,MAT040,MATERIEL_ELEVAGE,Buea,Littoral,2026-09-01,9,2026,0.0,0.0,0.0,0.0
S3_reappro_100,MAT040,MATERIEL_ELEVAGE,Nkongsamba,Littoral,2026-09-01,9,2026,0.0,0.0,0.0,0.01
S3_reappro_100,MAT040,MATERIEL_ELEVAGE,Village,Littoral,2026-09-01,9,2026,0.0,0.0,0.0,0.13
S3_reappro_100,MAT042,MATERIEL_ELEVAGE,Buea,Littoral,2026-09-01,9,2026,0.0,0.0,0.0,0.03
S3_reappro_100,MAT042,MATERIEL_ELEVAGE,Ndobo,Littoral,2026-09-01,9,2026,0.0,0.0,0.0,0.02
S3_reappro_100,MAT042,MATERIEL_ELEVAGE,Nkongsamba,Littoral,2026-09-01,9,2026,0.0,0.0,0.0,0.12
S3_reappro_100,MAT042,MATERIEL_ELEVAGE,Village,Littoral,2026-09-01,9,2026,0.0,0.0,0.0,0.14
S3_reappro_100,MAT049,MATERIEL_ELEVAGE,Buea,Littoral,2026-09-01,9,2026,0.0,0.0,0.0,0.01
S3_reappro_100,MAT049,MATERIEL_ELEVAGE,Ndobo,Littoral,2026-09-01,9,2026,0.0,0.0,0.0,0.07
S3_reappro_100,MAT049,MATERIEL_ELEVAGE,Nkongsamba,Littoral,2026-09-01,9,2026,0.0,0.0,0.0,0.01
S3_reappro_100,MAT049,MATERIEL_ELEVAGE,Pk11,Littoral,2026-09-01,9,2026,0.0,0.0,0.0,0.02
S3_reappro_100,MAT049,MATERIEL_ELEVAGE,Village,Littoral,2026-09-01,9,2026,0.0,0.0,0.0,0.05
S3_reappro_100,MAT050,MATERIEL_ELEVAGE,Ndobo,Littoral,2026-09-01,9,2026,0.0,0.0,0.0,0.02
S3_reappro_100,MAT054,MATERIEL_ELEVAGE,Ndobo,Littoral,2026-09-01,9,2026,0.0,0.0,0.0,0.01
S3_reappro_100,MAT054,MATERIEL_ELEVAGE,Nkongsamba,Littoral,2026-09-01,9,2026,0.0,0.0,0.0,0.0
S3_reappro_100,MAT073,MATERIEL_ELEVAGE,Ndobo,Littoral,2026-09-01,9,2026,0.0,0.0,0.0,1.54
S3_reappro_100,MAT073,MATERIEL_ELEVAGE,Nkongsamba,Littoral,2026-09-01,9,2026,0.0,0.0,0.0,0.0
S3_reappro_100,MAT001,MATERIEL_ELEVAGE,Ndobo,Littoral,2026-10-01,10,2026,0.0,0.0,0.0,0.22
S3_reappro_100,MAT003,MATERIEL_ELEVAGE,Buea,Littoral,2026-10-01,10,2026,0.0,0.0,0.0,0.23
S3_reappro_100,MAT003,MATERIEL_ELEVAGE,Ndobo,Littoral,2026-10-01,10,2026,0.0,0.0,0.0,0.32
S3_reappro_100,MAT003,MATERIEL_ELEVAGE,Nkongsamba,Littoral,2026-10-01,10,2026,0.0,0.0,0.0,0.4
S3_reappro_100,MAT003,MATERIEL_ELEVAGE,Pk11,Littoral,2026-10-01,10,2026,0.0,0.0,0.0,0.03
S3_reappro_100,MAT003,MATERIEL_ELEVAGE,Village,Littoral,2026-10-01,10,2026,0.0,0.0,0.0,0.32
S3_reappro_100,MAT004,MATERIEL_ELEVAGE,Buea,Littoral,2026-10-01,10,2026,0.0,0.0,0.0,0.01
S3_reappro_100,MAT004,MATERIEL_ELEVAGE,Village,Littoral,2026-10-01,10,2026,0.0,0.0,0.0,0.03
S3_reappro_100,MAT006,MATERIEL_ELEVAGE,Buea,Littoral,2026-10-01,10,2026,0.0,0.0,0.0,0.01
S3_reappro_100,MAT006,MATERIEL_ELEVAGE,Ndobo,Littoral,2026-10-01,10,2026,0.0,0.0,0.0,0.01
S3_reappro_100,MAT006,MATERIEL_ELEVAGE,Nkongsamba,Littoral,2026-10-01,10,2026,0.0,0.0,0.0,0.02
S3_reappro_100,MAT009,MATERIEL_ELEVAGE,Buea,Littoral,2026-10-01,10,2026,0.0,0.0,0.0,0.01
S3_reappro_100,MAT011-80010002,MATERIEL_ELEVAGE,Buea,Littoral,2026-10-01,10,2026,0.0,0.0,0.0,0.05
S3_reappro_100,MAT011-80010002,MATERIEL_ELEVAGE,Ndobo,Littoral,2026-10-01,10,2026,0.0,0.0,0.0,2.04
S3_reappro_100,MAT011-80010002,MATERIEL_ELEVAGE,Village,Littoral,2026-10-01,10,2026,0.0,0.0,0.0,0.01
S3_reappro_100,MAT014-80010003,MATERIEL_ELEVAGE,Buea,Littoral,2026-10-01,10,2026,0.0,0.0,0.0,0.2
S3_reappro_100,MAT014-80010003,MATERIEL_ELEVAGE,Ndobo,Littoral,2026-10-01,10,2026,0.0,0.0,0.0,5.17
S3_reappro_100,MAT014-80010003,MATERIEL_ELEVAGE,Nkongsamba,Littoral,2026-10-01,10,2026,0.0,0.0,0.0,0.25
S3_reappro_100,MAT014-80010003,MATERIEL_ELEVAGE,Village,Littoral,2026-10-01,10,2026,0.0,0.0,0.0,0.03
S3_reappro_100,MAT015,MATERIEL_ELEVAGE,Village,Littoral,2026-10-01,10,2026,0.0,0.0,0.0,0.0
S3_reappro_100,MAT020,MATERIEL_ELEVAGE,Buea,Littoral,2026-10-01,10,2026,0.0,0.0,0.0,0.09
S3_reappro_100,MAT020,MATERIEL_ELEVAGE,Ndobo,Littoral,2026-10-01,10,2026,0.0,0.0,0.0,0.07
S3_reappro_100,MAT020,MATERIEL_ELEVAGE,Nkongsamba,Littoral,2026-10-01,10,2026,0.0,0.0,0.0,0.18
S3_reappro_100,MAT020,MATERIEL_ELEVAGE,Pk11,Littoral,2026-10-01,10,2026,0.0,0.0,0.0,0.04
S3_reappro_100,MAT020,MATERIEL_ELEVAGE,Village,Littoral,2026-10-01,10,2026,0.0,0.0,0.0,0.1
S3_reappro_100,MAT029,MATERIEL_ELEVAGE,Ndobo,Littoral,2026-10-01,10,2026,0.0,0.0,0.0,0.13
S3_reappro_100,MAT030,MATERIEL_ELEVAGE,Ndobo,Littoral,2026-10-01,10,2026,0.0,0.0,0.0,0.14
S3_reappro_100,MAT039,MATERIEL_ELEVAGE,Buea,Littoral,2026-10-01,10,2026,0.0,0.0,0.0,0.23
S3_reappro_100,MAT039,MATERIEL_ELEVAGE,Ndobo,Littoral,2026-10-01,10,2026,0.0,0.0,0.0,0.52
S3_reappro_100,MAT039,MATERIEL_ELEVAGE,Nkongsamba,Littoral,2026-10-01,10,2026,0.0,0.0,0.0,0.25
S3_reappro_100,MAT039,MATERIEL_ELEVAGE,Pk11,Littoral,2026-10-01,10,2026,0.0,0.0,0.0,0.16
S3_reappro_100,MAT039,MATERIEL_ELEVAGE,Village,Littoral,2026-10-01,10,2026,0.0,0.0,0.0,0.32
S3_reappro_100,MAT040,MATERIEL_ELEVAGE,Buea,Littoral,2026-10-01,10,2026,0.0,0.0,0.0,0.0
S3_reappro_100,MAT040,MATERIEL_ELEVAGE,Nkongsamba,Littoral,2026-10-01,10,2026,0.0,0.0,0.0,0.01
S3_reappro_100,MAT040,MATERIEL_ELEVAGE,Village,Littoral,2026-10-01,10,2026,0.0,0.0,0.0,0.13
S3_reappro_100,MAT042,MATERIEL_ELEVAGE,Buea,Littoral,2026-10-01,10,2026,0.0,0.0,0.0,0.03
S3_reappro_100,MAT042,MATERIEL_ELEVAGE,Ndobo,Littoral,2026-10-01,10,2026,0.0,0.0,0.0,0.02
S3_reappro_100,MAT042,MATERIEL_ELEVAGE,Nkongsamba,Littoral,2026-10-01,10,2026,0.0,0.0,0.0,0.12
S3_reappro_100,MAT042,MATERIEL_ELEVAGE,Village,Littoral,2026-10-01,10,2026,0.0,0.0,0.0,0.14
S3_reappro_100,MAT049,MATERIEL_ELEVAGE,Buea,Littoral,2026-10-01,10,2026,0.0,0.0,0.0,0.01
S3_reappro_100,MAT049,MATERIEL_ELEVAGE,Ndobo,Littoral,2026-10-01,10,2026,0.0,0.0,0.0,0.07
S3_reappro_100,MAT049,MATERIEL_ELEVAGE,Nkongsamba,Littoral,2026-10-01,10,2026,0.0,0.0,0.0,0.01
S3_reappro_100,MAT049,MATERIEL_ELEVAGE,Pk11,Littoral,2026-10-01,10,2026,0.0,0.0,0.0,0.02
S3_reappro_100,MAT049,MATERIEL_ELEVAGE,Village,Littoral,2026-10-01,10,2026,0.0,0.0,0.0,0.05
S3_reappro_100,MAT050,MATERIEL_ELEVAGE,Ndobo,Littoral,2026-10-01,10,2026,0.0,0.0,0.0,0.02
S3_reappro_100,MAT054,MATERIEL_ELEVAGE,Ndobo,Littoral,2026-10-01,10,2026,0.0,0.0,0.0,0.01
S3_reappro_100,MAT054,MATERIEL_ELEVAGE,Nkongsamba,Littoral,2026-10-01,10,2026,0.0,0.0,0.0,0.0
S3_reappro_100,MAT073,MATERIEL_ELEVAGE,Ndobo,Littoral,2026-10-01,10,2026,0.0,0.0,0.0,1.54
S3_reappro_100,MAT073,MATERIEL_ELEVAGE,Nkongsamba,Littoral,2026-10-01,10,2026,0.0,0.0,0.0,0.0
S3_reappro_100,MAT001,MATERIEL_ELEVAGE,Ndobo,Littoral,2026-11-01,11,2026,0.0,0.0,0.0,0.22
S3_reappro_100,MAT003,MATERIEL_ELEVAGE,Buea,Littoral,2026-11-01,11,2026,0.0,0.0,0.0,0.23
S3_reappro_100,MAT003,MATERIEL_ELEVAGE,Ndobo,Littoral,2026-11-01,11,2026,0.0,0.0,0.0,0.32
S3_reappro_100,MAT003,MATERIEL_ELEVAGE,Nkongsamba,Littoral,2026-11-01,11,2026,0.0,0.0,0.0,0.4
S3_reappro_100,MAT003,MATERIEL_ELEVAGE,Pk11,Littoral,2026-11-01,11,2026,0.0,0.0,0.0,0.03
S3_reappro_100,MAT003,MATERIEL_ELEVAGE,Village,Littoral,2026-11-01,11,2026,0.0,0.0,0.0,0.32
S3_reappro_100,MAT004,MATERIEL_ELEVAGE,Buea,Littoral,2026-11-01,11,2026,0.0,0.0,0.0,0.01
S3_reappro_100,MAT004,MATERIEL_ELEVAGE,Village,Littoral,2026-11-01,11,2026,0.0,0.0,0.0,0.03
S3_reappro_100,MAT006,MATERIEL_ELEVAGE,Buea,Littoral,2026-11-01,11,2026,0.0,0.0,0.0,0.01
S3_reappro_100,MAT006,MATERIEL_ELEVAGE,Ndobo,Littoral,2026-11-01,11,2026,0.0,0.0,0.0,0.01
S3_reappro_100,MAT006,MATERIEL_ELEVAGE,Nkongsamba,Littoral,2026-11-01,11,2026,0.0,0.0,0.0,0.02
S3_reappro_100,MAT009,MATERIEL_ELEVAGE,Buea,Littoral,2026-11-01,11,2026,0.0,0.0,0.0,0.01
S3_reappro_100,MAT011-80010002,MATERIEL_ELEVAGE,Buea,Littoral,2026-11-01,11,2026,0.0,0.0,0.0,0.05
S3_reappro_100,MAT011-80010002,MATERIEL_ELEVAGE,Ndobo,Littoral,2026-11-01,11,2026,0.0,0.0,0.0,2.04
S3_reappro_100,MAT011-80010002,MATERIEL_ELEVAGE,Village,Littoral,2026-11-01,11,2026,0.0,0.0,0.0,0.01
S3_reappro_100,MAT014-80010003,MATERIEL_ELEVAGE,Buea,Littoral,2026-11-01,11,2026,0.0,0.0,0.0,0.2
S3_reappro_100,MAT014-80010003,MATERIEL_ELEVAGE,Ndobo,Littoral,2026-11-01,11,2026,0.0,0.0,0.0,5.17
S3_reappro_100,MAT014-80010003,MATERIEL_ELEVAGE,Nkongsamba,Littoral,2026-11-01,11,2026,0.0,0.0,0.0,0.25
S3_reappro_100,MAT014-80010003,MATERIEL_ELEVAGE,Village,Littoral,2026-11-01,11,2026,0.0,0.0,0.0,0.03
S3_reappro_100,MAT015,MATERIEL_ELEVAGE,Village,Littoral,2026-11-01,11,2026,0.0,0.0,0.0,0.0
S3_reappro_100,MAT020,MATERIEL_ELEVAGE,Buea,Littoral,2026-11-01,11,2026,0.0,0.0,0.0,0.09
S3_reappro_100,MAT020,MATERIEL_ELEVAGE,Ndobo,Littoral,2026-11-01,11,2026,0.0,0.0,0.0,0.07
S3_reappro_100,MAT020,MATERIEL_ELEVAGE,Nkongsamba,Littoral,2026-11-01,11,2026,0.0,0.0,0.0,0.18
S3_reappro_100,MAT020,MATERIEL_ELEVAGE,Pk11,Littoral,2026-11-01,11,2026,0.0,0.0,0.0,0.04
S3_reappro_100,MAT020,MATERIEL_ELEVAGE,Village,Littoral,2026-11-01,11,2026,0.0,0.0,0.0,0.1
S3_reappro_100,MAT029,MATERIEL_ELEVAGE,Ndobo,Littoral,2026-11-01,11,2026,0.0,0.0,0.0,0.13
S3_reappro_100,MAT030,MATERIEL_ELEVAGE,Ndobo,Littoral,2026-11-01,11,2026,0.0,0.0,0.0,0.14
S3_reappro_100,MAT039,MATERIEL_ELEVAGE,Buea,Littoral,2026-11-01,11,2026,0.0,0.0,0.0,0.23
S3_reappro_100,MAT039,MATERIEL_ELEVAGE,Ndobo,Littoral,2026-11-01,11,2026,0.0,0.0,0.0,0.52
S3_reappro_100,MAT039,MATERIEL_ELEVAGE,Nkongsamba,Littoral,2026-11-01,11,2026,0.0,0.0,0.0,0.25
S3_reappro_100,MAT039,MATERIEL_ELEVAGE,Pk11,Littoral,2026-11-01,11,2026,0.0,0.0,0.0,0.16
S3_reappro_100,MAT039,MATERIEL_ELEVAGE,Village,Littoral,2026-11-01,11,2026,0.0,0.0,0.0,0.32
S3_reappro_100,MAT040,MATERIEL_ELEVAGE,Buea,Littoral,2026-11-01,11,2026,0.0,0.0,0.0,0.0
S3_reappro_100,MAT040,MATERIEL_ELEVAGE,Nkongsamba,Littoral,2026-11-01,11,2026,0.0,0.0,0.0,0.01
S3_reappro_100,MAT040,MATERIEL_ELEVAGE,Village,Littoral,2026-11-01,11,2026,0.0,0.0,0.0,0.13
S3_reappro_100,MAT042,MATERIEL_ELEVAGE,Buea,Littoral,2026-11-01,11,2026,0.0,0.0,0.0,0.03
S3_reappro_100,MAT042,MATERIEL_ELEVAGE,Ndobo,Littoral,2026-11-01,11,2026,0.0,0.0,0.0,0.02
S3_reappro_100,MAT042,MATERIEL_ELEVAGE,Nkongsamba,Littoral,2026-11-01,11,2026,0.0,0.0,0.0,0.12
S3_reappro_100,MAT042,MATERIEL_ELEVAGE,Village,Littoral,2026-11-01,11,2026,0.0,0.0,0.0,0.14
S3_reappro_100,MAT049,MATERIEL_ELEVAGE,Buea,Littoral,2026-11-01,11,2026,0.0,0.0,0.0,0.01
S3_reappro_100,MAT049,MATERIEL_ELEVAGE,Ndobo,Littoral,2026-11-01,11,2026,0.0,0.0,0.0,0.07
S3_reappro_100,MAT049,MATERIEL_ELEVAGE,Nkongsamba,Littoral,2026-11-01,11,2026,0.0,0.0,0.0,0.01
S3_reappro_100,MAT049,MATERIEL_ELEVAGE,Pk11,Littoral,2026-11-01,11,2026,0.0,0.0,0.0,0.02
S3_reappro_100,MAT049,MATERIEL_ELEVAGE,Village,Littoral,2026-11-01,11,2026,0.0,0.0,0.0,0.05
S3_reappro_100,MAT050,MATERIEL_ELEVAGE,Ndobo,Littoral,2026-11-01,11,2026,0.0,0.0,0.0,0.02
S3_reappro_100,MAT054,MATERIEL_ELEVAGE,Ndobo,Littoral,2026-11-01,11,2026,0.0,0.0,0.0,0.01
S3_reappro_100,MAT054,MATERIEL_ELEVAGE,Nkongsamba,Littoral,2026-11-01,11,2026,0.0,0.0,0.0,0.0
S3_reappro_100,MAT073,MATERIEL_ELEVAGE,Ndobo,Littoral,2026-11-01,11,2026,0.0,0.0,0.0,1.54
S3_reappro_100,MAT073,MATERIEL_ELEVAGE,Nkongsamba,Littoral,2026-11-01,11,2026,0.0,0.0,0.0,0.0
S3_reappro_100,MAT001,MATERIEL_ELEVAGE,Ndobo,Littoral,2026-12-01,12,2026,0.0,0.0,0.0,0.22
S3_reappro_100,MAT003,MATERIEL_ELEVAGE,Buea,Littoral,2026-12-01,12,2026,0.0,0.0,0.0,0.23
S3_reappro_100,MAT003,MATERIEL_ELEVAGE,Ndobo,Littoral,2026-12-01,12,2026,0.0,0.0,0.0,0.32
S3_reappro_100,MAT003,MATERIEL_ELEVAGE,Nkongsamba,Littoral,2026-12-01,12,2026,0.0,0.0,0.0,0.4
S3_reappro_100,MAT003,MATERIEL_ELEVAGE,Pk11,Littoral,2026-12-01,12,2026,0.0,0.0,0.0,0.03
S3_reappro_100,MAT003,MATERIEL_ELEVAGE,Village,Littoral,2026-12-01,12,2026,0.0,0.0,0.0,0.32
S3_reappro_100,MAT004,MATERIEL_ELEVAGE,Buea,Littoral,2026-12-01,12,2026,0.0,0.0,0.0,0.01
S3_reappro_100,MAT004,MATERIEL_ELEVAGE,Village,Littoral,2026-12-01,12,2026,0.0,0.0,0.0,0.03
S3_reappro_100,MAT006,MATERIEL_ELEVAGE,Buea,Littoral,2026-12-01,12,2026,0.0,0.0,0.0,0.01
S3_reappro_100,MAT006,MATERIEL_ELEVAGE,Ndobo,Littoral,2026-12-01,12,2026,0.0,0.0,0.0,0.01
S3_reappro_100,MAT006,MATERIEL_ELEVAGE,Nkongsamba,Littoral,2026-12-01,12,2026,0.0,0.0,0.0,0.02
S3_reappro_100,MAT009,MATERIEL_ELEVAGE,Buea,Littoral,2026-12-01,12,2026,0.0,0.0,0.0,0.01
S3_reappro_100,MAT011-80010002,MATERIEL_ELEVAGE,Buea,Littoral,2026-12-01,12,2026,0.0,0.0,0.0,0.05
S3_reappro_100,MAT011-80010002,MATERIEL_ELEVAGE,Ndobo,Littoral,2026-12-01,12,2026,0.0,0.0,0.0,2.04
S3_reappro_100,MAT011-80010002,MATERIEL_ELEVAGE,Village,Littoral,2026-12-01,12,2026,0.0,0.0,0.0,0.01
S3_reappro_100,MAT014-80010003,MATERIEL_ELEVAGE,Buea,Littoral,2026-12-01,12,2026,0.0,0.0,0.0,0.2
S3_reappro_100,MAT014-80010003,MATERIEL_ELEVAGE,Ndobo,Littoral,2026-12-01,12,2026,0.0,0.0,0.0,5.17
S3_reappro_100,MAT014-80010003,MATERIEL_ELEVAGE,Nkongsamba,Littoral,2026-12-01,12,2026,0.0,0.0,0.0,0.25
S3_reappro_100,MAT014-80010003,MATERIEL_ELEVAGE,Village,Littoral,2026-12-01,12,2026,0.0,0.0,0.0,0.03
S3_reappro_100,MAT015,MATERIEL_ELEVAGE,Village,Littoral,2026-12-01,12,2026,0.0,0.0,0.0,0.0
S3_reappro_100,MAT020,MATERIEL_ELEVAGE,Buea,Littoral,2026-12-01,12,2026,0.0,0.0,0.0,0.09
S3_reappro_100,MAT020,MATERIEL_ELEVAGE,Ndobo,Littoral,2026-12-01,12,2026,0.0,0.0,0.0,0.07
S3_reappro_100,MAT020,MATERIEL_ELEVAGE,Nkongsamba,Littoral,2026-12-01,12,2026,0.0,0.0,0.0,0.18
S3_reappro_100,MAT020,MATERIEL_ELEVAGE,Pk11,Littoral,2026-12-01,12,2026,0.0,0.0,0.0,0.04
S3_reappro_100,MAT020,MATERIEL_ELEVAGE,Village,Littoral,2026-12-01,12,2026,0.0,0.0,0.0,0.1
S3_reappro_100,MAT029,MATERIEL_ELEVAGE,Ndobo,Littoral,2026-12-01,12,2026,0.0,0.0,0.0,0.13
S3_reappro_100,MAT030,MATERIEL_ELEVAGE,Ndobo,Littoral,2026-12-01,12,2026,0.0,0.0,0.0,0.14
S3_reappro_100,MAT039,MATERIEL_ELEVAGE,Buea,Littoral,2026-12-01,12,2026,0.0,0.0,0.0,0.23
S3_reappro_100,MAT039,MATERIEL_ELEVAGE,Ndobo,Littoral,2026-12-01,12,2026,0.0,0.0,0.0,0.52
S3_reappro_100,MAT039,MATERIEL_ELEVAGE,Nkongsamba,Littoral,2026-12-01,12,2026,0.0,0.0,0.0,0.25
S3_reappro_100,MAT039,MATERIEL_ELEVAGE,Pk11,Littoral,2026-12-01,12,2026,0.0,0.0,0.0,0.16
S3_reappro_100,MAT039,MATERIEL_ELEVAGE,Village,Littoral,2026-12-01,12,2026,0.0,0.0,0.0,0.32
S3_reappro_100,MAT040,MATERIEL_ELEVAGE,Buea,Littoral,2026-12-01,12,2026,0.0,0.0,0.0,0.0
S3_reappro_100,MAT040,MATERIEL_ELEVAGE,Nkongsamba,Littoral,2026-12-01,12,2026,0.0,0.0,0.0,0.01
S3_reappro_100,MAT040,MATERIEL_ELEVAGE,Village,Littoral,2026-12-01,12,2026,0.0,0.0,0.0,0.13
S3_reappro_100,MAT042,MATERIEL_ELEVAGE,Buea,Littoral,2026-12-01,12,2026,0.0,0.0,0.0,0.03
S3_reappro_100,MAT042,MATERIEL_ELEVAGE,Ndobo,Littoral,2026-12-01,12,2026,0.0,0.0,0.0,0.02
S3_reappro_100,MAT042,MATERIEL_ELEVAGE,Nkongsamba,Littoral,2026-12-01,12,2026,0.0,0.0,0.0,0.12
S3_reappro_100,MAT042,MATERIEL_ELEVAGE,Village,Littoral,2026-12-01,12,2026,0.0,0.0,0.0,0.14
S3_reappro_100,MAT049,MATERIEL_ELEVAGE,Buea,Littoral,2026-12-01,12,2026,0.0,0.0,0.0,0.01
S3_reappro_100,MAT049,MATERIEL_ELEVAGE,Ndobo,Littoral,2026-12-01,12,2026,0.0,0.0,0.0,0.07
S3_reappro_100,MAT049,MATERIEL_ELEVAGE,Nkongsamba,Littoral,2026-12-01,12,2026,0.0,0.0,0.0,0.01
S3_reappro_100,MAT049,MATERIEL_ELEVAGE,Pk11,Littoral,2026-12-01,12,2026,0.0,0.0,0.0,0.02
S3_reappro_100,MAT049,MATERIEL_ELEVAGE,Village,Littoral,2026-12-01,12,2026,0.0,0.0,0.0,0.05
S3_reappro_100,MAT050,MATERIEL_ELEVAGE,Ndobo,Littoral,2026-12-01,12,2026,0.0,0.0,0.0,0.02
S3_reappro_100,MAT054,MATERIEL_ELEVAGE,Ndobo,Littoral,2026-12-01,12,2026,0.0,0.0,0.0,0.01
S3_reappro_100,MAT054,MATERIEL_ELEVAGE,Nkongsamba,Littoral,2026-12-01,12,2026,0.0,0.0,0.0,0.0
S3_reappro_100,MAT073,MATERIEL_ELEVAGE,Ndobo,Littoral,2026-12-01,12,2026,0.0,0.0,0.0,1.54
S3_reappro_100,MAT073,MATERIEL_ELEVAGE,Nkongsamba,Littoral,2026-12-01,12,2026,0.0,0.0,0.0,0.0
S3_reappro_100,MAT003,MATERIEL_ELEVAGE,Djeleng,Ouest,2026-09-01,9,2026,0.0,0.0,0.0,0.7
S3_reappro_100,MAT003,MATERIEL_ELEVAGE,Famla,Ouest,2026-09-01,9,2026,0.0,0.0,0.0,0.43
S3_reappro_100,MAT003,MATERIEL_ELEVAGE,Mbouda,Ouest,2026-09-01,9,2026,0.0,0.0,0.0,0.31
S3_reappro_100,MAT004,MATERIEL_ELEVAGE,Djeleng,Ouest,2026-09-01,9,2026,0.0,0.0,0.0,0.0
S3_reappro_100,MAT005,MATERIEL_ELEVAGE,Djeleng,Ouest,2026-09-01,9,2026,0.0,0.0,0.0,0.0
S3_reappro_100,MAT005,MATERIEL_ELEVAGE,Famla,Ouest,2026-09-01,9,2026,0.0,0.0,0.0,0.0
S3_reappro_100,MAT006,MATERIEL_ELEVAGE,Famla,Ouest,2026-09-01,9,2026,0.0,0.0,0.0,0.02
S3_reappro_100,MAT007,MATERIEL_ELEVAGE,Djeleng,Ouest,2026-09-01,9,2026,0.0,0.0,0.0,0.01
S3_reappro_100,MAT008,MATERIEL_ELEVAGE,Djeleng,Ouest,2026-09-01,9,2026,0.0,0.0,0.0,0.0
S3_reappro_100,MAT009,MATERIEL_ELEVAGE,Mbouda,Ouest,2026-09-01,9,2026,0.0,0.0,0.0,0.0
S3_reappro_100,MAT011-80010002,MATERIEL_ELEVAGE,Djeleng,Ouest,2026-09-01,9,2026,0.0,0.0,0.0,0.74
S3_reappro_100,MAT011-80010002,MATERIEL_ELEVAGE,Famla,Ouest,2026-09-01,9,2026,0.0,0.0,0.0,5.67
S3_reappro_100,MAT011-80010002,MATERIEL_ELEVAGE,Mbouda,Ouest,2026-09-01,9,2026,0.0,0.0,0.0,0.05
S3_reappro_100,MAT014-80010003,MATERIEL_ELEVAGE,Djeleng,Ouest,2026-09-01,9,2026,0.0,0.0,0.0,1.39
S3_reappro_100,MAT014-80010003,MATERIEL_ELEVAGE,Famla,Ouest,2026-09-01,9,2026,0.0,0.0,0.0,6.24
S3_reappro_100,MAT014-80010003,MATERIEL_ELEVAGE,Mbouda,Ouest,2026-09-01,9,2026,0.0,0.0,0.0,0.49
S3_reappro_100,MAT017,MATERIEL_ELEVAGE,Famla,Ouest,2026-09-01,9,2026,0.0,0.0,0.0,0.45
S3_reappro_100,MAT020,MATERIEL_ELEVAGE,Famla,Ouest,2026-09-01,9,2026,0.0,0.0,0.0,0.06
S3_reappro_100,MAT020,MATERIEL_ELEVAGE,Mbouda,Ouest,2026-09-01,9,2026,0.0,0.0,0.0,0.02
S3_reappro_100,MAT039,MATERIEL_ELEVAGE,Djeleng,Ouest,2026-09-01,9,2026,0.0,0.0,0.0,0.12
S3_reappro_100,MAT039,MATERIEL_ELEVAGE,Famla,Ouest,2026-09-01,9,2026,0.0,0.0,0.0,0.0
S3_reappro_100,MAT039,MATERIEL_ELEVAGE,Mbouda,Ouest,2026-09-01,9,2026,0.0,0.0,0.0,0.07
S3_reappro_100,MAT042,MATERIEL_ELEVAGE,Djeleng,Ouest,2026-09-01,9,2026,0.0,0.0,0.0,0.06
S3_reappro_100,MAT042,MATERIEL_ELEVAGE,Famla,Ouest,2026-09-01,9,2026,0.0,0.0,0.0,0.3
S3_reappro_100,MAT042,MATERIEL_ELEVAGE,Mbouda,Ouest,2026-09-01,9,2026,0.0,0.0,0.0,0.03
S3_reappro_100,MAT049,MATERIEL_ELEVAGE,Djeleng,Ouest,2026-09-01,9,2026,0.0,0.0,0.0,0.14
S3_reappro_100,MAT054,MATERIEL_ELEVAGE,Famla,Ouest,2026-09-01,9,2026,0.0,0.0,0.0,0.03
S3_reappro_100,MAT054,MATERIEL_ELEVAGE,Mbouda,Ouest,2026-09-01,9,2026,0.0,0.0,0.0,0.01
S3_reappro_100,MAT055,MATERIEL_ELEVAGE,Famla,Ouest,2026-09-01,9,2026,0.0,0.0,0.0,0.0
S3_reappro_100,MAT055,MATERIEL_ELEVAGE,Mbouda,Ouest,2026-09-01,9,2026,0.0,0.0,0.0,0.01
S3_reappro_100,MAT073,MATERIEL_ELEVAGE,Famla,Ouest,2026-09-01,9,2026,0.0,0.0,0.0,0.01
S3_reappro_100,MAT003,MATERIEL_ELEVAGE,Djeleng,Ouest,2026-10-01,10,2026,0.0,0.0,0.0,0.7
S3_reappro_100,MAT003,MATERIEL_ELEVAGE,Famla,Ouest,2026-10-01,10,2026,0.0,0.0,0.0,0.43
S3_reappro_100,MAT003,MATERIEL_ELEVAGE,Mbouda,Ouest,2026-10-01,10,2026,0.0,0.0,0.0,0.31
S3_reappro_100,MAT004,MATERIEL_ELEVAGE,Djeleng,Ouest,2026-10-01,10,2026,0.0,0.0,0.0,0.0
S3_reappro_100,MAT005,MATERIEL_ELEVAGE,Djeleng,Ouest,2026-10-01,10,2026,0.0,0.0,0.0,0.0
S3_reappro_100,MAT005,MATERIEL_ELEVAGE,Famla,Ouest,2026-10-01,10,2026,0.0,0.0,0.0,0.0
S3_reappro_100,MAT006,MATERIEL_ELEVAGE,Famla,Ouest,2026-10-01,10,2026,0.0,0.0,0.0,0.02
S3_reappro_100,MAT007,MATERIEL_ELEVAGE,Djeleng,Ouest,2026-10-01,10,2026,0.0,0.0,0.0,0.01
S3_reappro_100,MAT008,MATERIEL_ELEVAGE,Djeleng,Ouest,2026-10-01,10,2026,0.0,0.0,0.0,0.0
S3_reappro_100,MAT009,MATERIEL_ELEVAGE,Mbouda,Ouest,2026-10-01,10,2026,0.0,0.0,0.0,0.0
S3_reappro_100,MAT011-80010002,MATERIEL_ELEVAGE,Djeleng,Ouest,2026-10-01,10,2026,0.0,0.0,0.0,0.74
S3_reappro_100,MAT011-80010002,MATERIEL_ELEVAGE,Famla,Ouest,2026-10-01,10,2026,0.0,0.0,0.0,5.67
S3_reappro_100,MAT011-80010002,MATERIEL_ELEVAGE,Mbouda,Ouest,2026-10-01,10,2026,0.0,0.0,0.0,0.05
S3_reappro_100,MAT014-80010003,MATERIEL_ELEVAGE,Djeleng,Ouest,2026-10-01,10,2026,0.0,0.0,0.0,1.39
S3_reappro_100,MAT014-80010003,MATERIEL_ELEVAGE,Famla,Ouest,2026-10-01,10,2026,0.0,0.0,0.0,6.24
S3_reappro_100,MAT014-80010003,MATERIEL_ELEVAGE,Mbouda,Ouest,2026-10-01,10,2026,0.0,0.0,0.0,0.49
S3_reappro_100,MAT017,MATERIEL_ELEVAGE,Famla,Ouest,2026-10-01,10,2026,0.0,0.0,0.0,0.45
S3_reappro_100,MAT020,MATERIEL_ELEVAGE,Famla,Ouest,2026-10-01,10,2026,0.0,0.0,0.0,0.06
S3_reappro_100,MAT020,MATERIEL_ELEVAGE,Mbouda,Ouest,2026-10-01,10,2026,0.0,0.0,0.0,0.02
S3_reappro_100,MAT039,MATERIEL_ELEVAGE,Djeleng,Ouest,2026-10-01,10,2026,0.0,0.0,0.0,0.12
S3_reappro_100,MAT039,MATERIEL_ELEVAGE,Famla,Ouest,2026-10-01,10,2026,0.0,0.0,0.0,0.0
S3_reappro_100,MAT039,MATERIEL_ELEVAGE,Mbouda,Ouest,2026-10-01,10,2026,0.0,0.0,0.0,0.07
S3_reappro_100,MAT042,MATERIEL_ELEVAGE,Djeleng,Ouest,2026-10-01,10,2026,0.0,0.0,0.0,0.06
S3_reappro_100,MAT042,MATERIEL_ELEVAGE,Famla,Ouest,2026-10-01,10,2026,0.0,0.0,0.0,0.3
S3_reappro_100,MAT042,MATERIEL_ELEVAGE,Mbouda,Ouest,2026-10-01,10,2026,0.0,0.0,0.0,0.03
S3_reappro_100,MAT049,MATERIEL_ELEVAGE,Djeleng,Ouest,2026-10-01,10,2026,0.0,0.0,0.0,0.14
S3_reappro_100,MAT054,MATERIEL_ELEVAGE,Famla,Ouest,2026-10-01,10,2026,0.0,0.0,0.0,0.03
S3_reappro_100,MAT054,MATERIEL_ELEVAGE,Mbouda,Ouest,2026-10-01,10,2026,0.0,0.0,0.0,0.01
S3_reappro_100,MAT055,MATERIEL_ELEVAGE,Famla,Ouest,2026-10-01,10,2026,0.0,0.0,0.0,0.0
S3_reappro_100,MAT055,MATERIEL_ELEVAGE,Mbouda,Ouest,2026-10-01,10,2026,0.0,0.0,0.0,0.01
S3_reappro_100,MAT073,MATERIEL_ELEVAGE,Famla,Ouest,2026-10-01,10,2026,0.0,0.0,0.0,0.01
S3_reappro_100,MAT003,MATERIEL_ELEVAGE,Djeleng,Ouest,2026-11-01,11,2026,0.0,0.0,0.0,0.7
S3_reappro_100,MAT003,MATERIEL_ELEVAGE,Famla,Ouest,2026-11-01,11,2026,0.0,0.0,0.0,0.43
S3_reappro_100,MAT003,MATERIEL_ELEVAGE,Mbouda,Ouest,2026-11-01,11,2026,0.0,0.0,0.0,0.31
S3_reappro_100,MAT004,MATERIEL_ELEVAGE,Djeleng,Ouest,2026-11-01,11,2026,0.0,0.0,0.0,0.0
S3_reappro_100,MAT005,MATERIEL_ELEVAGE,Djeleng,Ouest,2026-11-01,11,2026,0.0,0.0,0.0,0.0
S3_reappro_100,MAT005,MATERIEL_ELEVAGE,Famla,Ouest,2026-11-01,11,2026,0.0,0.0,0.0,0.0
S3_reappro_100,MAT006,MATERIEL_ELEVAGE,Famla,Ouest,2026-11-01,11,2026,0.0,0.0,0.0,0.02
S3_reappro_100,MAT007,MATERIEL_ELEVAGE,Djeleng,Ouest,2026-11-01,11,2026,0.0,0.0,0.0,0.01
S3_reappro_100,MAT008,MATERIEL_ELEVAGE,Djeleng,Ouest,2026-11-01,11,2026,0.0,0.0,0.0,0.0
S3_reappro_100,MAT009,MATERIEL_ELEVAGE,Mbouda,Ouest,2026-11-01,11,2026,0.0,0.0,0.0,0.0
S3_reappro_100,MAT011-80010002,MATERIEL_ELEVAGE,Djeleng,Ouest,2026-11-01,11,2026,0.0,0.0,0.0,0.74
S3_reappro_100,MAT011-80010002,MATERIEL_ELEVAGE,Famla,Ouest,2026-11-01,11,2026,0.0,0.0,0.0,5.67
S3_reappro_100,MAT011-80010002,MATERIEL_ELEVAGE,Mbouda,Ouest,2026-11-01,11,2026,0.0,0.0,0.0,0.05
S3_reappro_100,MAT014-80010003,MATERIEL_ELEVAGE,Djeleng,Ouest,2026-11-01,11,2026,0.0,0.0,0.0,1.39
S3_reappro_100,MAT014-80010003,MATERIEL_ELEVAGE,Famla,Ouest,2026-11-01,11,2026,0.0,0.0,0.0,6.24
S3_reappro_100,MAT014-80010003,MATERIEL_ELEVAGE,Mbouda,Ouest,2026-11-01,11,2026,0.0,0.0,0.0,0.49
S3_reappro_100,MAT017,MATERIEL_ELEVAGE,Famla,Ouest,2026-11-01,11,2026,0.0,0.0,0.0,0.45
S3_reappro_100,MAT020,MATERIEL_ELEVAGE,Famla,Ouest,2026-11-01,11,2026,0.0,0.0,0.0,0.06
S3_reappro_100,MAT020,MATERIEL_ELEVAGE,Mbouda,Ouest,2026-11-01,11,2026,0.0,0.0,0.0,0.02
S3_reappro_100,MAT039,MATERIEL_ELEVAGE,Djeleng,Ouest,2026-11-01,11,2026,0.0,0.0,0.0,0.12
S3_reappro_100,MAT039,MATERIEL_ELEVAGE,Famla,Ouest,2026-11-01,11,2026,0.0,0.0,0.0,0.0
S3_reappro_100,MAT039,MATERIEL_ELEVAGE,Mbouda,Ouest,2026-11-01,11,2026,0.0,0.0,0.0,0.07
S3_reappro_100,MAT042,MATERIEL_ELEVAGE,Djeleng,Ouest,2026-11-01,11,2026,0.0,0.0,0.0,0.06
S3_reappro_100,MAT042,MATERIEL_ELEVAGE,Famla,Ouest,2026-11-01,11,2026,0.0,0.0,0.0,0.3
S3_reappro_100,MAT042,MATERIEL_ELEVAGE,Mbouda,Ouest,2026-11-01,11,2026,0.0,0.0,0.0,0.03
S3_reappro_100,MAT049,MATERIEL_ELEVAGE,Djeleng,Ouest,2026-11-01,11,2026,0.0,0.0,0.0,0.14
S3_reappro_100,MAT054,MATERIEL_ELEVAGE,Famla,Ouest,2026-11-01,11,2026,0.0,0.0,0.0,0.03
S3_reappro_100,MAT054,MATERIEL_ELEVAGE,Mbouda,Ouest,2026-11-01,11,2026,0.0,0.0,0.0,0.01
S3_reappro_100,MAT055,MATERIEL_ELEVAGE,Famla,Ouest,2026-11-01,11,2026,0.0,0.0,0.0,0.0
S3_reappro_100,MAT055,MATERIEL_ELEVAGE,Mbouda,Ouest,2026-11-01,11,2026,0.0,0.0,0.0,0.01
S3_reappro_100,MAT073,MATERIEL_ELEVAGE,Famla,Ouest,2026-11-01,11,2026,0.0,0.0,0.0,0.01
S3_reappro_100,MAT003,MATERIEL_ELEVAGE,Djeleng,Ouest,2026-12-01,12,2026,0.0,0.0,0.0,0.7
S3_reappro_100,MAT003,MATERIEL_ELEVAGE,Famla,Ouest,2026-12-01,12,2026,0.0,0.0,0.0,0.43
S3_reappro_100,MAT003,MATERIEL_ELEVAGE,Mbouda,Ouest,2026-12-01,12,2026,0.0,0.0,0.0,0.31
S3_reappro_100,MAT004,MATERIEL_ELEVAGE,Djeleng,Ouest,2026-12-01,12,2026,0.0,0.0,0.0,0.0
S3_reappro_100,MAT005,MATERIEL_ELEVAGE,Djeleng,Ouest,2026-12-01,12,2026,0.0,0.0,0.0,0.0
S3_reappro_100,MAT005,MATERIEL_ELEVAGE,Famla,Ouest,2026-12-01,12,2026,0.0,0.0,0.0,0.0
S3_reappro_100,MAT006,MATERIEL_ELEVAGE,Famla,Ouest,2026-12-01,12,2026,0.0,0.0,0.0,0.02
S3_reappro_100,MAT007,MATERIEL_ELEVAGE,Djeleng,Ouest,2026-12-01,12,2026,0.0,0.0,0.0,0.01
S3_reappro_100,MAT008,MATERIEL_ELEVAGE,Djeleng,Ouest,2026-12-01,12,2026,0.0,0.0,0.0,0.0
S3_reappro_100,MAT009,MATERIEL_ELEVAGE,Mbouda,Ouest,2026-12-01,12,2026,0.0,0.0,0.0,0.0
S3_reappro_100,MAT011-80010002,MATERIEL_ELEVAGE,Djeleng,Ouest,2026-12-01,12,2026,0.0,0.0,0.0,0.74
S3_reappro_100,MAT011-80010002,MATERIEL_ELEVAGE,Famla,Ouest,2026-12-01,12,2026,0.0,0.0,0.0,5.67
S3_reappro_100,MAT011-80010002,MATERIEL_ELEVAGE,Mbouda,Ouest,2026-12-01,12,2026,0.0,0.0,0.0,0.05
S3_reappro_100,MAT014-80010003,MATERIEL_ELEVAGE,Djeleng,Ouest,2026-12-01,12,2026,0.0,0.0,0.0,1.39
S3_reappro_100,MAT014-80010003,MATERIEL_ELEVAGE,Famla,Ouest,2026-12-01,12,2026,0.0,0.0,0.0,6.24
S3_reappro_100,MAT014-80010003,MATERIEL_ELEVAGE,Mbouda,Ouest,2026-12-01,12,2026,0.0,0.0,0.0,0.49
S3_reappro_100,MAT017,MATERIEL_ELEVAGE,Famla,Ouest,2026-12-01,12,2026,0.0,0.0,0.0,0.45
S3_reappro_100,MAT020,MATERIEL_ELEVAGE,Famla,Ouest,2026-12-01,12,2026,0.0,0.0,0.0,0.06
S3_reappro_100,MAT020,MATERIEL_ELEVAGE,Mbouda,Ouest,2026-12-01,12,2026,0.0,0.0,0.0,0.02
S3_reappro_100,MAT039,MATERIEL_ELEVAGE,Djeleng,Ouest,2026-12-01,12,2026,0.0,0.0,0.0,0.12
S3_reappro_100,MAT039,MATERIEL_ELEVAGE,Famla,Ouest,2026-12-01,12,2026,0.0,0.0,0.0,0.0
S3_reappro_100,MAT039,MATERIEL_ELEVAGE,Mbouda,Ouest,2026-12-01,12,2026,0.0,0.0,0.0,0.07
S3_reappro_100,MAT042,MATERIEL_ELEVAGE,Djeleng,Ouest,2026-12-01,12,2026,0.0,0.0,0.0,0.06
S3_reappro_100,MAT042,MATERIEL_ELEVAGE,Famla,Ouest,2026-12-01,12,2026,0.0,0.0,0.0,0.3
S3_reappro_100,MAT042,MATERIEL_ELEVAGE,Mbouda,Ouest,2026-12-01,12,2026,0.0,0.0,0.0,0.03
S3_reappro_100,MAT049,MATERIEL_ELEVAGE,Djeleng,Ouest,2026-12-01,12,2026,0.0,0.0,0.0,0.14
S3_reappro_100,MAT054,MATERIEL_ELEVAGE,Famla,Ouest,2026-12-01,12,2026,0.0,0.0,0.0,0.03
S3_reappro_100,MAT054,MATERIEL_ELEVAGE,Mbouda,Ouest,2026-12-01,12,2026,0.0,0.0,0.0,0.01
S3_reappro_100,MAT055,MATERIEL_ELEVAGE,Famla,Ouest,2026-12-01,12,2026,0.0,0.0,0.0,0.0
S3_reappro_100,MAT055,MATERIEL_ELEVAGE,Mbouda,Ouest,2026-12-01,12,2026,0.0,0.0,0.0,0.01
S3_reappro_100,MAT073,MATERIEL_ELEVAGE,Famla,Ouest,2026-12-01,12,2026,0.0,0.0,0.0,0.01
S3_reappro_100,P102N2,PREMIX,Ahala,Centre,2026-09-01,9,2026,0.0,0.0,0.0,0.57
S3_reappro_100,P102N2,PREMIX,Bertoua,Centre,2026-09-01,9,2026,0.0,0.0,0.0,0.77
S3_reappro_100,P102N2,PREMIX,Messassi,Centre,2026-09-01,9,2026,0.0,0.0,0.0,0.92
S3_reappro_100,P102N2,PREMIX,Ngaoundere,Centre,2026-09-01,9,2026,0.0,0.0,0.0,0.33
S3_reappro_100,P102N2,PREMIX,Nkoabang,Centre,2026-09-01,9,2026,0.0,0.0,0.0,0.53
S3_reappro_100,P102N2,PREMIX,Nkolbisson,Centre,2026-09-01,9,2026,0.0,0.0,0.0,0.04
S3_reappro_100,P104N2,PREMIX,Ahala,Centre,2026-09-01,9,2026,0.0,0.0,0.0,0.14
S3_reappro_100,P104N2,PREMIX,Bertoua,Centre,2026-09-01,9,2026,0.0,0.0,0.0,0.37
S3_reappro_100,P104N2,PREMIX,Messassi,Centre,2026-09-01,9,2026,0.0,0.0,0.0,0.11
S3_reappro_100,P104N2,PREMIX,Ngaoundere,Centre,2026-09-01,9,2026,0.0,0.0,0.0,0.09
S3_reappro_100,P104N2,PREMIX,Nkoabang,Centre,2026-09-01,9,2026,0.0,0.0,0.0,0.09
S3_reappro_100,P102N2,PREMIX,Ahala,Centre,2026-10-01,10,2026,0.0,0.0,0.0,0.57
S3_reappro_100,P102N2,PREMIX,Bertoua,Centre,2026-10-01,10,2026,0.0,0.0,0.0,0.77
S3_reappro_100,P102N2,PREMIX,Messassi,Centre,2026-10-01,10,2026,0.0,0.0,0.0,0.92
S3_reappro_100,P102N2,PREMIX,Ngaoundere,Centre,2026-10-01,10,2026,0.0,0.0,0.0,0.33
S3_reappro_100,P102N2,PREMIX,Nkoabang,Centre,2026-10-01,10,2026,0.0,0.0,0.0,0.53
S3_reappro_100,P102N2,PREMIX,Nkolbisson,Centre,2026-10-01,10,2026,0.0,0.0,0.0,0.04
S3_reappro_100,P104N2,PREMIX,Ahala,Centre,2026-10-01,10,2026,0.0,0.0,0.0,0.14
S3_reappro_100,P104N2,PREMIX,Bertoua,Centre,2026-10-01,10,2026,0.0,0.0,0.0,0.37
S3_reappro_100,P104N2,PREMIX,Messassi,Centre,2026-10-01,10,2026,0.0,0.0,0.0,0.11
S3_reappro_100,P104N2,PREMIX,Ngaoundere,Centre,2026-10-01,10,2026,0.0,0.0,0.0,0.09
S3_reappro_100,P104N2,PREMIX,Nkoabang,Centre,2026-10-01,10,2026,0.0,0.0,0.0,0.09
S3_reappro_100,P102N2,PREMIX,Ahala,Centre,2026-11-01,11,2026,0.0,0.0,0.0,0.57
S3_reappro_100,P102N2,PREMIX,Bertoua,Centre,2026-11-01,11,2026,0.0,0.0,0.0,0.77
S3_reappro_100,P102N2,PREMIX,Messassi,Centre,2026-11-01,11,2026,0.0,0.0,0.0,0.92
S3_reappro_100,P102N2,PREMIX,Ngaoundere,Centre,2026-11-01,11,2026,0.0,0.0,0.0,0.33
S3_reappro_100,P102N2,PREMIX,Nkoabang,Centre,2026-11-01,11,2026,0.0,0.0,0.0,0.53
S3_reappro_100,P102N2,PREMIX,Nkolbisson,Centre,2026-11-01,11,2026,0.0,0.0,0.0,0.04
S3_reappro_100,P104N2,PREMIX,Ahala,Centre,2026-11-01,11,2026,0.0,0.0,0.0,0.14
S3_reappro_100,P104N2,PREMIX,Bertoua,Centre,2026-11-01,11,2026,0.0,0.0,0.0,0.37
S3_reappro_100,P104N2,PREMIX,Messassi,Centre,2026-11-01,11,2026,0.0,0.0,0.0,0.11
S3_reappro_100,P104N2,PREMIX,Ngaoundere,Centre,2026-11-01,11,2026,0.0,0.0,0.0,0.09
S3_reappro_100,P104N2,PREMIX,Nkoabang,Centre,2026-11-01,11,2026,0.0,0.0,0.0,0.09
S3_reappro_100,P102N2,PREMIX,Ahala,Centre,2026-12-01,12,2026,0.0,0.0,0.0,0.57
S3_reappro_100,P102N2,PREMIX,Bertoua,Centre,2026-12-01,12,2026,0.0,0.0,0.0,0.77
S3_reappro_100,P102N2,PREMIX,Messassi,Centre,2026-12-01,12,2026,0.0,0.0,0.0,0.92
S3_reappro_100,P102N2,PREMIX,Ngaoundere,Centre,2026-12-01,12,2026,0.0,0.0,0.0,0.33
S3_reappro_100,P102N2,PREMIX,Nkoabang,Centre,2026-12-01,12,2026,0.0,0.0,0.0,0.53
S3_reappro_100,P102N2,PREMIX,Nkolbisson,Centre,2026-12-01,12,2026,0.0,0.0,0.0,0.04
S3_reappro_100,P104N2,PREMIX,Ahala,Centre,2026-12-01,12,2026,0.0,0.0,0.0,0.14
S3_reappro_100,P104N2,PREMIX,Bertoua,Centre,2026-12-01,12,2026,0.0,0.0,0.0,0.37
S3_reappro_100,P104N2,PREMIX,Messassi,Centre,2026-12-01,12,2026,0.0,0.0,0.0,0.11
S3_reappro_100,P104N2,PREMIX,Ngaoundere,Centre,2026-12-01,12,2026,0.0,0.0,0.0,0.09
S3_reappro_100,P104N2,PREMIX,Nkoabang,Centre,2026-12-01,12,2026,0.0,0.0,0.0,0.09
S3_reappro_100,P102N2,PREMIX,Ndobo,Littoral,2026-09-01,9,2026,0.0,0.0,0.0,1.03
S3_reappro_100,P102N2,PREMIX,Nkongsamba,Littoral,2026-09-01,9,2026,0.0,0.0,0.0,0.14
S3_reappro_100,P102N2,PREMIX,Pk11,Littoral,2026-09-01,9,2026,0.0,0.0,0.0,0.04
S3_reappro_100,P102N2,PREMIX,Village,Littoral,2026-09-01,9,2026,0.0,0.0,0.0,0.31
S3_reappro_100,P104N2,PREMIX,Ndobo,Littoral,2026-09-01,9,2026,0.0,0.0,0.0,0.6
S3_reappro_100,P104N2,PREMIX,Nkongsamba,Littoral,2026-09-01,9,2026,0.0,0.0,0.0,0.1
S3_reappro_100,P104N2,PREMIX,Pk11,Littoral,2026-09-01,9,2026,0.0,0.0,0.0,0.08
S3_reappro_100,P104N2,PREMIX,Village,Littoral,2026-09-01,9,2026,0.0,0.0,0.0,0.39
S3_reappro_100,P102N2,PREMIX,Ndobo,Littoral,2026-10-01,10,2026,0.0,0.0,0.0,1.03
S3_reappro_100,P102N2,PREMIX,Nkongsamba,Littoral,2026-10-01,10,2026,0.0,0.0,0.0,0.14
S3_reappro_100,P102N2,PREMIX,Pk11,Littoral,2026-10-01,10,2026,0.0,0.0,0.0,0.04
S3_reappro_100,P102N2,PREMIX,Village,Littoral,2026-10-01,10,2026,0.0,0.0,0.0,0.31
S3_reappro_100,P104N2,PREMIX,Ndobo,Littoral,2026-10-01,10,2026,0.0,0.0,0.0,0.6
S3_reappro_100,P104N2,PREMIX,Nkongsamba,Littoral,2026-10-01,10,2026,0.0,0.0,0.0,0.1
S3_reappro_100,P104N2,PREMIX,Pk11,Littoral,2026-10-01,10,2026,0.0,0.0,0.0,0.08
S3_reappro_100,P104N2,PREMIX,Village,Littoral,2026-10-01,10,2026,0.0,0.0,0.0,0.39
S3_reappro_100,P102N2,PREMIX,Ndobo,Littoral,2026-11-01,11,2026,0.0,0.0,0.0,1.03
S3_reappro_100,P102N2,PREMIX,Nkongsamba,Littoral,2026-11-01,11,2026,0.0,0.0,0.0,0.14
S3_reappro_100,P102N2,PREMIX,Pk11,Littoral,2026-11-01,11,2026,0.0,0.0,0.0,0.04
S3_reappro_100,P102N2,PREMIX,Village,Littoral,2026-11-01,11,2026,0.0,0.0,0.0,0.31
S3_reappro_100,P104N2,PREMIX,Ndobo,Littoral,2026-11-01,11,2026,0.0,0.0,0.0,0.6
S3_reappro_100,P104N2,PREMIX,Nkongsamba,Littoral,2026-11-01,11,2026,0.0,0.0,0.0,0.1
S3_reappro_100,P104N2,PREMIX,Pk11,Littoral,2026-11-01,11,2026,0.0,0.0,0.0,0.08
S3_reappro_100,P104N2,PREMIX,Village,Littoral,2026-11-01,11,2026,0.0,0.0,0.0,0.39
S3_reappro_100,P102N2,PREMIX,Ndobo,Littoral,2026-12-01,12,2026,0.0,0.0,0.0,1.03
S3_reappro_100,P102N2,PREMIX,Nkongsamba,Littoral,2026-12-01,12,2026,0.0,0.0,0.0,0.14
S3_reappro_100,P102N2,PREMIX,Pk11,Littoral,2026-12-01,12,2026,0.0,0.0,0.0,0.04
S3_reappro_100,P102N2,PREMIX,Village,Littoral,2026-12-01,12,2026,0.0,0.0,0.0,0.31
S3_reappro_100,P104N2,PREMIX,Ndobo,Littoral,2026-12-01,12,2026,0.0,0.0,0.0,0.6
S3_reappro_100,P104N2,PREMIX,Nkongsamba,Littoral,2026-12-01,12,2026,0.0,0.0,0.0,0.1
S3_reappro_100,P104N2,PREMIX,Pk11,Littoral,2026-12-01,12,2026,0.0,0.0,0.0,0.08
S3_reappro_100,P104N2,PREMIX,Village,Littoral,2026-12-01,12,2026,0.0,0.0,0.0,0.39
S3_reappro_100,P102N2,PREMIX,Djeleng,Ouest,2026-09-01,9,2026,0.0,0.0,0.0,0.0
S3_reappro_100,P102N2,PREMIX,Famla,Ouest,2026-09-01,9,2026,0.0,0.0,0.0,1.29
S3_reappro_100,P102N2,PREMIX,Mbouda,Ouest,2026-09-01,9,2026,0.0,0.0,0.0,0.15
S3_reappro_100,P104N2,PREMIX,Famla,Ouest,2026-09-01,9,2026,0.0,0.0,0.0,3.73
S3_reappro_100,P109,PREMIX,Famla,Ouest,2026-09-01,9,2026,0.0,0.0,0.0,0.05
S3_reappro_100,P102N2,PREMIX,Djeleng,Ouest,2026-10-01,10,2026,0.0,0.0,0.0,0.0
S3_reappro_100,P102N2,PREMIX,Famla,Ouest,2026-10-01,10,2026,0.0,0.0,0.0,1.29
S3_reappro_100,P102N2,PREMIX,Mbouda,Ouest,2026-10-01,10,2026,0.0,0.0,0.0,0.15
S3_reappro_100,P104N2,PREMIX,Famla,Ouest,2026-10-01,10,2026,0.0,0.0,0.0,3.73
S3_reappro_100,P109,PREMIX,Famla,Ouest,2026-10-01,10,2026,0.0,0.0,0.0,0.05
S3_reappro_100,P102N2,PREMIX,Djeleng,Ouest,2026-11-01,11,2026,0.0,0.0,0.0,0.0
S3_reappro_100,P102N2,PREMIX,Famla,Ouest,2026-11-01,11,2026,0.0,0.0,0.0,1.29
S3_reappro_100,P102N2,PREMIX,Mbouda,Ouest,2026-11-01,11,2026,0.0,0.0,0.0,0.15
S3_reappro_100,P104N2,PREMIX,Famla,Ouest,2026-11-01,11,2026,0.0,0.0,0.0,3.73
S3_reappro_100,P109,PREMIX,Famla,Ouest,2026-11-01,11,2026,0.0,0.0,0.0,0.05
S3_reappro_100,P102N2,PREMIX,Djeleng,Ouest,2026-12-01,12,2026,0.0,0.0,0.0,0.0
S3_reappro_100,P102N2,PREMIX,Famla,Ouest,2026-12-01,12,2026,0.0,0.0,0.0,1.29
S3_reappro_100,P102N2,PREMIX,Mbouda,Ouest,2026-12-01,12,2026,0.0,0.0,0.0,0.15
S3_reappro_100,P104N2,PREMIX,Famla,Ouest,2026-12-01,12,2026,0.0,0.0,0.0,3.73
S3_reappro_100,P109,PREMIX,Famla,Ouest,2026-12-01,12,2026,0.0,0.0,0.0,0.05
S3_reappro_100,T102,TOURTEAUX,Ahala,Centre,2026-09-01,9,2026,10.32,206.4,20600.0,4.17
S3_reappro_100,T102,TOURTEAUX,Bertoua,Centre,2026-09-01,9,2026,8.59,171.8,20600.0,3.68
S3_reappro_100,T102,TOURTEAUX,Messassi,Centre,2026-09-01,9,2026,20.24,404.7,20600.0,8.18
S3_reappro_100,T102,TOURTEAUX,Ngaoundere,Centre,2026-09-01,9,2026,5.05,101.0,20600.0,2.26
S3_reappro_100,T102,TOURTEAUX,Nkoabang,Centre,2026-09-01,9,2026,6.81,136.1,20600.0,2.75
S3_reappro_100,T102,TOURTEAUX,Nkolbisson,Centre,2026-09-01,9,2026,2.82,56.3,20600.0,1.14
S3_reappro_100,T1021,TOURTEAUX,Messassi,Centre,2026-09-01,9,2026,0.0,0.0,22500.0,0.0
S3_reappro_100,T1021,TOURTEAUX,Nkoabang,Centre,2026-09-01,9,2026,0.0,0.0,22500.0,0.0
S3_reappro_100,T1023,TOURTEAUX,Ahala,Centre,2026-09-01,9,2026,0.0,0.0,23890.0,0.0
S3_reappro_100,T1023,TOURTEAUX,Bertoua,Centre,2026-09-01,9,2026,0.0,0.0,23890.0,0.0
S3_reappro_100,T1023,TOURTEAUX,Messassi,Centre,2026-09-01,9,2026,0.0,0.0,23890.0,0.0
S3_reappro_100,T1023,TOURTEAUX,Ngaoundere,Centre,2026-09-01,9,2026,0.0,0.0,23890.0,0.0
S3_reappro_100,T1023,TOURTEAUX,Nkoabang,Centre,2026-09-01,9,2026,0.0,0.0,23890.0,0.0
S3_reappro_100,T1023,TOURTEAUX,Nkolbisson,Centre,2026-09-01,9,2026,0.0,0.0,23890.0,0.0
S3_reappro_100,T1024,TOURTEAUX,Ahala,Centre,2026-09-01,9,2026,0.0,0.0,23090.0,0.0
S3_reappro_100,T1024,TOURTEAUX,Bertoua,Centre,2026-09-01,9,2026,0.0,0.0,23090.0,0.0
S3_reappro_100,T1024,TOURTEAUX,Messassi,Centre,2026-09-01,9,2026,0.0,0.1,23090.0,0.0
S3_reappro_100,T1024,TOURTEAUX,Ngaoundere,Centre,2026-09-01,9,2026,0.0,0.1,23090.0,0.0
S3_reappro_100,T1024,TOURTEAUX,Nkoabang,Centre,2026-09-01,9,2026,0.0,0.0,23090.0,0.0
S3_reappro_100,T1024,TOURTEAUX,Nkolbisson,Centre,2026-09-01,9,2026,0.0,0.0,23090.0,0.0
S3_reappro_100,T102,TOURTEAUX,Ahala,Centre,2026-10-01,10,2026,500.56,10011.3,20600.0,202.38
S3_reappro_100,T102,TOURTEAUX,Bertoua,Centre,2026-10-01,10,2026,416.57,8331.5,20600.0,178.41
S3_reappro_100,T102,TOURTEAUX,Messassi,Centre,2026-10-01,10,2026,981.54,19630.8,20600.0,396.6
S3_reappro_100,T102,TOURTEAUX,Ngaoundere,Centre,2026-10-01,10,2026,244.94,4898.8,20600.0,109.79
S3_reappro_100,T102,TOURTEAUX,Nkoabang,Centre,2026-10-01,10,2026,330.15,6603.0,20600.0,133.15
S3_reappro_100,T102,TOURTEAUX,Nkolbisson,Centre,2026-10-01,10,2026,136.65,2732.9,20600.0,55.15
S3_reappro_100,T1021,TOURTEAUX,Messassi,Centre,2026-10-01,10,2026,0.01,0.2,22500.0,0.01
S3_reappro_100,T1021,TOURTEAUX,Nkoabang,Centre,2026-10-01,10,2026,0.0,0.1,22500.0,0.0
S3_reappro_100,T1023,TOURTEAUX,Ahala,Centre,2026-10-01,10,2026,0.01,0.2,23890.0,0.0
S3_reappro_100,T1023,TOURTEAUX,Bertoua,Centre,2026-10-01,10,2026,0.12,2.4,23890.0,0.06
S3_reappro_100,T1023,TOURTEAUX,Messassi,Centre,2026-10-01,10,2026,0.06,1.2,23890.0,0.03
S3_reappro_100,T1023,TOURTEAUX,Ngaoundere,Centre,2026-10-01,10,2026,0.12,2.4,23890.0,0.06
S3_reappro_100,T1023,TOURTEAUX,Nkoabang,Centre,2026-10-01,10,2026,0.01,0.3,23890.0,0.01
S3_reappro_100,T1023,TOURTEAUX,Nkolbisson,Centre,2026-10-01,10,2026,0.05,0.9,23890.0,0.02
S3_reappro_100,T1024,TOURTEAUX,Ahala,Centre,2026-10-01,10,2026,0.05,1.0,23090.0,0.02
S3_reappro_100,T1024,TOURTEAUX,Bertoua,Centre,2026-10-01,10,2026,0.09,1.7,23090.0,0.04
S3_reappro_100,T1024,TOURTEAUX,Messassi,Centre,2026-10-01,10,2026,0.13,2.6,23090.0,0.06
S3_reappro_100,T1024,TOURTEAUX,Ngaoundere,Centre,2026-10-01,10,2026,0.18,3.6,23090.0,0.09
S3_reappro_100,T1024,TOURTEAUX,Nkoabang,Centre,2026-10-01,10,2026,0.02,0.3,23090.0,0.01
S3_reappro_100,T1024,TOURTEAUX,Nkolbisson,Centre,2026-10-01,10,2026,0.06,1.3,23090.0,0.03
S3_reappro_100,T102,TOURTEAUX,Ahala,Centre,2026-11-01,11,2026,389.16,7783.3,20600.0,157.34
S3_reappro_100,T102,TOURTEAUX,Bertoua,Centre,2026-11-01,11,2026,323.87,6477.3,20600.0,138.71
S3_reappro_100,T102,TOURTEAUX,Messassi,Centre,2026-11-01,11,2026,763.1,15261.9,20600.0,308.34
S3_reappro_100,T102,TOURTEAUX,Ngaoundere,Centre,2026-11-01,11,2026,190.43,3808.6,20600.0,85.35
S3_reappro_100,T102,TOURTEAUX,Nkoabang,Centre,2026-11-01,11,2026,256.68,5133.5,20600.0,103.52
S3_reappro_100,T102,TOURTEAUX,Nkolbisson,Centre,2026-11-01,11,2026,106.24,2124.7,20600.0,42.88
S3_reappro_100,T1021,TOURTEAUX,Messassi,Centre,2026-11-01,11,2026,0.01,0.2,22500.0,0.0
S3_reappro_100,T1021,TOURTEAUX,Nkoabang,Centre,2026-11-01,11,2026,0.0,0.0,22500.0,0.0
S3_reappro_100,T1023,TOURTEAUX,Ahala,Centre,2026-11-01,11,2026,0.01,0.1,23890.0,0.0
S3_reappro_100,T1023,TOURTEAUX,Bertoua,Centre,2026-11-01,11,2026,0.09,1.9,23890.0,0.05
S3_reappro_100,T1023,TOURTEAUX,Messassi,Centre,2026-11-01,11,2026,0.05,0.9,23890.0,0.02
S3_reappro_100,T1023,TOURTEAUX,Ngaoundere,Centre,2026-11-01,11,2026,0.09,1.8,23890.0,0.05
S3_reappro_100,T1023,TOURTEAUX,Nkoabang,Centre,2026-11-01,11,2026,0.01,0.2,23890.0,0.01
S3_reappro_100,T1023,TOURTEAUX,Nkolbisson,Centre,2026-11-01,11,2026,0.04,0.7,23890.0,0.02
S3_reappro_100,T1024,TOURTEAUX,Ahala,Centre,2026-11-01,11,2026,0.04,0.7,23090.0,0.02
S3_reappro_100,T1024,TOURTEAUX,Bertoua,Centre,2026-11-01,11,2026,0.07,1.3,23090.0,0.03
S3_reappro_100,T1024,TOURTEAUX,Messassi,Centre,2026-11-01,11,2026,0.1,2.0,23090.0,0.04
S3_reappro_100,T1024,TOURTEAUX,Ngaoundere,Centre,2026-11-01,11,2026,0.14,2.8,23090.0,0.07
S3_reappro_100,T1024,TOURTEAUX,Nkoabang,Centre,2026-11-01,11,2026,0.01,0.2,23090.0,0.01
S3_reappro_100,T1024,TOURTEAUX,Nkolbisson,Centre,2026-11-01,11,2026,0.05,1.0,23090.0,0.02
S3_reappro_100,T102,TOURTEAUX,Ahala,Centre,2026-12-01,12,2026,685.05,13701.1,20600.0,276.96
S3_reappro_100,T102,TOURTEAUX,Bertoua,Centre,2026-12-01,12,2026,570.11,11402.2,20600.0,244.17
S3_reappro_100,T102,TOURTEAUX,Messassi,Centre,2026-12-01,12,2026,1343.3,26865.9,20600.0,542.78
S3_reappro_100,T102,TOURTEAUX,Ngaoundere,Centre,2026-12-01,12,2026,335.22,6704.4,20600.0,150.25
S3_reappro_100,T102,TOURTEAUX,Nkoabang,Centre,2026-12-01,12,2026,451.83,9036.7,20600.0,182.22
S3_reappro_100,T102,TOURTEAUX,Nkolbisson,Centre,2026-12-01,12,2026,187.01,3740.2,20600.0,75.48
S3_reappro_100,T1021,TOURTEAUX,Messassi,Centre,2026-12-01,12,2026,0.01,0.3,22500.0,0.01
S3_reappro_100,T1021,TOURTEAUX,Nkoabang,Centre,2026-12-01,12,2026,0.0,0.1,22500.0,0.0
S3_reappro_100,T1023,TOURTEAUX,Ahala,Centre,2026-12-01,12,2026,0.01,0.2,23890.0,0.01
S3_reappro_100,T1023,TOURTEAUX,Bertoua,Centre,2026-12-01,12,2026,0.16,3.3,23890.0,0.08
S3_reappro_100,T1023,TOURTEAUX,Messassi,Centre,2026-12-01,12,2026,0.08,1.7,23890.0,0.04
S3_reappro_100,T1023,TOURTEAUX,Ngaoundere,Centre,2026-12-01,12,2026,0.16,3.2,23890.0,0.08
S3_reappro_100,T1023,TOURTEAUX,Nkoabang,Centre,2026-12-01,12,2026,0.02,0.4,23890.0,0.01
S3_reappro_100,T1023,TOURTEAUX,Nkolbisson,Centre,2026-12-01,12,2026,0.06,1.3,23890.0,0.03
S3_reappro_100,T1024,TOURTEAUX,Ahala,Centre,2026-12-01,12,2026,0.07,1.3,23090.0,0.03
S3_reappro_100,T1024,TOURTEAUX,Bertoua,Centre,2026-12-01,12,2026,0.12,2.3,23090.0,0.06
S3_reappro_100,T1024,TOURTEAUX,Messassi,Centre,2026-12-01,12,2026,0.18,3.6,23090.0,0.08
S3_reappro_100,T1024,TOURTEAUX,Ngaoundere,Centre,2026-12-01,12,2026,0.25,5.0,23090.0,0.12
S3_reappro_100,T1024,TOURTEAUX,Nkoabang,Centre,2026-12-01,12,2026,0.02,0.4,23090.0,0.01
S3_reappro_100,T1024,TOURTEAUX,Nkolbisson,Centre,2026-12-01,12,2026,0.09,1.7,23090.0,0.04
S3_reappro_100,T102,TOURTEAUX,Buea,Littoral,2026-09-01,9,2026,0.0,0.0,20600.0,0.0
S3_reappro_100,T102,TOURTEAUX,Ndobo,Littoral,2026-09-01,9,2026,0.0,0.0,20600.0,0.0
S3_reappro_100,T102,TOURTEAUX,Nkongsamba,Littoral,2026-09-01,9,2026,0.0,0.0,20600.0,0.0
S3_reappro_100,T102,TOURTEAUX,Pk11,Littoral,2026-09-01,9,2026,0.0,0.0,20600.0,0.0
S3_reappro_100,T102,TOURTEAUX,Village,Littoral,2026-09-01,9,2026,0.0,0.0,20600.0,0.0
S3_reappro_100,T1021,TOURTEAUX,Ndobo,Littoral,2026-09-01,9,2026,0.0,0.0,22500.0,0.0
S3_reappro_100,T1021,TOURTEAUX,Village,Littoral,2026-09-01,9,2026,0.0,0.0,22500.0,0.0
S3_reappro_100,T1023,TOURTEAUX,Ndobo,Littoral,2026-09-01,9,2026,0.0,0.0,23890.0,0.0
S3_reappro_100,T1023,TOURTEAUX,Nkongsamba,Littoral,2026-09-01,9,2026,0.0,0.0,23890.0,0.0
S3_reappro_100,T1023,TOURTEAUX,Village,Littoral,2026-09-01,9,2026,0.0,0.0,23890.0,0.0
S3_reappro_100,T1024,TOURTEAUX,Nkongsamba,Littoral,2026-09-01,9,2026,0.0,0.0,23090.0,0.0
S3_reappro_100,T1024,TOURTEAUX,Village,Littoral,2026-09-01,9,2026,0.0,0.0,23090.0,0.0
S3_reappro_100,T102,TOURTEAUX,Buea,Littoral,2026-10-01,10,2026,379.0,7579.9,20600.0,159.02
S3_reappro_100,T102,TOURTEAUX,Ndobo,Littoral,2026-10-01,10,2026,1281.19,25623.8,20600.0,523.49
S3_reappro_100,T102,TOURTEAUX,Nkongsamba,Littoral,2026-10-01,10,2026,409.29,8185.8,20600.0,172.53
S3_reappro_100,T102,TOURTEAUX,Pk11,Littoral,2026-10-01,10,2026,185.97,3719.4,20600.0,77.03
S3_reappro_100,T102,TOURTEAUX,Village,Littoral,2026-10-01,10,2026,456.59,9131.8,20600.0,185.28
S3_reappro_100,T1021,TOURTEAUX,Ndobo,Littoral,2026-10-01,10,2026,0.03,0.5,22500.0,0.01
S3_reappro_100,T1021,TOURTEAUX,Village,Littoral,2026-10-01,10,2026,0.0,0.0,22500.0,0.0
S3_reappro_100,T1023,TOURTEAUX,Ndobo,Littoral,2026-10-01,10,2026,0.06,1.2,23890.0,0.03
S3_reappro_100,T1023,TOURTEAUX,Nkongsamba,Littoral,2026-10-01,10,2026,0.1,1.9,23890.0,0.05
S3_reappro_100,T1023,TOURTEAUX,Village,Littoral,2026-10-01,10,2026,0.0,0.1,23890.0,0.0
S3_reappro_100,T1024,TOURTEAUX,Nkongsamba,Littoral,2026-10-01,10,2026,0.3,5.9,23090.0,0.13
S3_reappro_100,T1024,TOURTEAUX,Village,Littoral,2026-10-01,10,2026,0.01,0.3,23090.0,0.01
S3_reappro_100,T102,TOURTEAUX,Buea,Littoral,2026-11-01,11,2026,841.41,16828.2,20600.0,353.05
S3_reappro_100,T102,TOURTEAUX,Ndobo,Littoral,2026-11-01,11,2026,2844.37,56887.4,20600.0,1162.21
S3_reappro_100,T102,TOURTEAUX,Nkongsamba,Littoral,2026-11-01,11,2026,908.67,18173.3,20600.0,383.04
S3_reappro_100,T102,TOURTEAUX,Pk11,Littoral,2026-11-01,11,2026,412.88,8257.5,20600.0,171.02
S3_reappro_100,T102,TOURTEAUX,Village,Littoral,2026-11-01,11,2026,1013.67,20273.4,20600.0,411.34
S3_reappro_100,T1021,TOURTEAUX,Ndobo,Littoral,2026-11-01,11,2026,0.06,1.2,22500.0,0.03
S3_reappro_100,T1021,TOURTEAUX,Village,Littoral,2026-11-01,11,2026,0.0,0.0,22500.0,0.0
S3_reappro_100,T1023,TOURTEAUX,Ndobo,Littoral,2026-11-01,11,2026,0.14,2.8,23890.0,0.07
S3_reappro_100,T1023,TOURTEAUX,Nkongsamba,Littoral,2026-11-01,11,2026,0.21,4.2,23890.0,0.1
S3_reappro_100,T1023,TOURTEAUX,Village,Littoral,2026-11-01,11,2026,0.01,0.1,23890.0,0.0
S3_reappro_100,T1024,TOURTEAUX,Nkongsamba,Littoral,2026-11-01,11,2026,0.66,13.2,23090.0,0.29
S3_reappro_100,T1024,TOURTEAUX,Village,Littoral,2026-11-01,11,2026,0.03,0.6,23090.0,0.01
S3_reappro_100,T102,TOURTEAUX,Buea,Littoral,2026-12-01,12,2026,720.14,14402.8,20600.0,302.16
S3_reappro_100,T102,TOURTEAUX,Ndobo,Littoral,2026-12-01,12,2026,2434.42,48688.3,20600.0,994.7
S3_reappro_100,T102,TOURTEAUX,Nkongsamba,Littoral,2026-12-01,12,2026,777.7,15554.0,20600.0,327.84
S3_reappro_100,T102,TOURTEAUX,Pk11,Littoral,2026-12-01,12,2026,353.37,7067.4,20600.0,146.37
S3_reappro_100,T102,TOURTEAUX,Village,Littoral,2026-12-01,12,2026,867.57,17351.5,20600.0,352.05
S3_reappro_100,T1021,TOURTEAUX,Ndobo,Littoral,2026-12-01,12,2026,0.05,1.0,22500.0,0.03
S3_reappro_100,T1021,TOURTEAUX,Village,Littoral,2026-12-01,12,2026,0.0,0.0,22500.0,0.0
S3_reappro_100,T1023,TOURTEAUX,Ndobo,Littoral,2026-12-01,12,2026,0.12,2.4,23890.0,0.06
S3_reappro_100,T1023,TOURTEAUX,Nkongsamba,Littoral,2026-12-01,12,2026,0.18,3.6,23890.0,0.09
S3_reappro_100,T1023,TOURTEAUX,Village,Littoral,2026-12-01,12,2026,0.01,0.1,23890.0,0.0
S3_reappro_100,T1024,TOURTEAUX,Nkongsamba,Littoral,2026-12-01,12,2026,0.56,11.3,23090.0,0.25
S3_reappro_100,T1024,TOURTEAUX,Village,Littoral,2026-12-01,12,2026,0.03,0.5,23090.0,0.01
S3_reappro_100,T102,TOURTEAUX,Djeleng,Ouest,2026-09-01,9,2026,60.01,1200.1,20600.0,24.86
S3_reappro_100,T102,TOURTEAUX,Famla,Ouest,2026-09-01,9,2026,218.59,4371.8,20600.0,89.8
S3_reappro_100,T102,TOURTEAUX,Mbouda,Ouest,2026-09-01,9,2026,37.89,757.8,20600.0,15.73
S3_reappro_100,T1024,TOURTEAUX,Djeleng,Ouest,2026-09-01,9,2026,0.0,0.0,23090.0,0.0
S3_reappro_100,T1024,TOURTEAUX,Mbouda,Ouest,2026-09-01,9,2026,0.04,0.7,23090.0,0.02
S3_reappro_100,T102,TOURTEAUX,Djeleng,Ouest,2026-10-01,10,2026,580.26,11605.2,20600.0,240.39
S3_reappro_100,T102,TOURTEAUX,Famla,Ouest,2026-10-01,10,2026,2113.73,42274.6,20600.0,868.34
S3_reappro_100,T102,TOURTEAUX,Mbouda,Ouest,2026-10-01,10,2026,366.4,7327.9,20600.0,152.15
S3_reappro_100,T1024,TOURTEAUX,Djeleng,Ouest,2026-10-01,10,2026,0.0,0.0,23090.0,0.0
S3_reappro_100,T1024,TOURTEAUX,Mbouda,Ouest,2026-10-01,10,2026,0.35,7.1,23090.0,0.16
S3_reappro_100,T102,TOURTEAUX,Djeleng,Ouest,2026-11-01,11,2026,643.42,12868.5,20600.0,266.56
S3_reappro_100,T102,TOURTEAUX,Famla,Ouest,2026-11-01,11,2026,2343.82,46876.4,20600.0,962.87
S3_reappro_100,T102,TOURTEAUX,Mbouda,Ouest,2026-11-01,11,2026,406.28,8125.6,20600.0,168.71
S3_reappro_100,T1024,TOURTEAUX,Djeleng,Ouest,2026-11-01,11,2026,0.0,0.0,23090.0,0.0
S3_reappro_100,T1024,TOURTEAUX,Mbouda,Ouest,2026-11-01,11,2026,0.39,7.8,23090.0,0.17
S3_reappro_100,T102,TOURTEAUX,Djeleng,Ouest,2026-12-01,12,2026,933.43,18668.6,20600.0,386.71
S3_reappro_100,T102,TOURTEAUX,Famla,Ouest,2026-12-01,12,2026,3400.23,68004.6,20600.0,1396.85
S3_reappro_100,T102,TOURTEAUX,Mbouda,Ouest,2026-12-01,12,2026,589.4,11788.0,20600.0,244.75
S3_reappro_100,T1024,TOURTEAUX,Djeleng,Ouest,2026-12-01,12,2026,0.0,0.1,23090.0,0.0
S3_reappro_100,T1024,TOURTEAUX,Mbouda,Ouest,2026-12-01,12,2026,0.57,11.4,23090.0,0.25
