scenario,ref,family,agence,region,date,month,year,tonnes,sacs_50,prix_ttc_sac,ca_m_fcfa
S3_reappro_100,ALAP25,ALIMENT_COMPLET,Ahala,Centre,2027-01-01,1,2027,0.57,11.4,0.0,0.2
S3_reappro_100,ALAP25,ALIMENT_COMPLET,Bertoua,Centre,2027-01-01,1,2027,0.29,5.8,0.0,0.04
S3_reappro_100,ALAP25,ALIMENT_COMPLET,Messassi,Centre,2027-01-01,1,2027,2.21,44.1,0.0,0.63
S3_reappro_100,ALAP25,ALIMENT_COMPLET,Ngaoundere,Centre,2027-01-01,1,2027,0.05,0.9,0.0,0.03
S3_reappro_100,ALAP25,ALIMENT_COMPLET,Nkoabang,Centre,2027-01-01,1,2027,0.39,7.8,0.0,0.09
S3_reappro_100,ALAP25,ALIMENT_COMPLET,Nkolbisson,Centre,2027-01-01,1,2027,0.64,12.7,0.0,0.16
S3_reappro_100,CB100,ALIMENT_COMPLET,Ahala,Centre,2027-01-01,1,2027,1.96,39.3,42000.0,1.86
S3_reappro_100,CB100,ALIMENT_COMPLET,Bertoua,Centre,2027-01-01,1,2027,3.36,67.2,42000.0,1.78
S3_reappro_100,CB100,ALIMENT_COMPLET,Messassi,Centre,2027-01-01,1,2027,6.56,131.1,42000.0,4.88
S3_reappro_100,CB100,ALIMENT_COMPLET,Ngaoundere,Centre,2027-01-01,1,2027,2.73,54.6,42000.0,2.57
S3_reappro_100,CB100,ALIMENT_COMPLET,Nkoabang,Centre,2027-01-01,1,2027,2.06,41.2,42000.0,1.41
S3_reappro_100,CB100,ALIMENT_COMPLET,Nkolbisson,Centre,2027-01-01,1,2027,1.66,33.3,42000.0,1.2
S3_reappro_100,CB101,ALIMENT_COMPLET,Bertoua,Centre,2027-01-01,1,2027,0.04,0.9,0.0,0.05
S3_reappro_100,CB101,ALIMENT_COMPLET,Messassi,Centre,2027-01-01,1,2027,0.01,0.2,0.0,0.01
S3_reappro_100,CB101,ALIMENT_COMPLET,Ngaoundere,Centre,2027-01-01,1,2027,0.14,2.7,0.0,0.09
S3_reappro_100,CB200,ALIMENT_COMPLET,Ahala,Centre,2027-01-01,1,2027,3.1,62.1,40000.0,2.94
S3_reappro_100,CB200,ALIMENT_COMPLET,Bertoua,Centre,2027-01-01,1,2027,2.28,45.5,40000.0,0.49
S3_reappro_100,CB200,ALIMENT_COMPLET,Messassi,Centre,2027-01-01,1,2027,11.73,234.7,40000.0,10.48
S3_reappro_100,CB200,ALIMENT_COMPLET,Ngaoundere,Centre,2027-01-01,1,2027,0.08,1.5,40000.0,0.06
S3_reappro_100,CB200,ALIMENT_COMPLET,Nkoabang,Centre,2027-01-01,1,2027,2.45,48.9,40000.0,2.08
S3_reappro_100,CB200,ALIMENT_COMPLET,Nkolbisson,Centre,2027-01-01,1,2027,0.3,6.0,40000.0,0.22
S3_reappro_100,CB201,ALIMENT_COMPLET,Bertoua,Centre,2027-01-01,1,2027,0.06,1.2,0.0,0.07
S3_reappro_100,CB201,ALIMENT_COMPLET,Messassi,Centre,2027-01-01,1,2027,0.02,0.5,0.0,0.02
S3_reappro_100,ALAP25,ALIMENT_COMPLET,Ahala,Centre,2027-02-01,2,2027,0.3,6.1,0.0,0.11
S3_reappro_100,ALAP25,ALIMENT_COMPLET,Bertoua,Centre,2027-02-01,2,2027,0.15,3.1,0.0,0.02
S3_reappro_100,ALAP25,ALIMENT_COMPLET,Messassi,Centre,2027-02-01,2,2027,1.18,23.5,0.0,0.33
S3_reappro_100,ALAP25,ALIMENT_COMPLET,Ngaoundere,Centre,2027-02-01,2,2027,0.02,0.5,0.0,0.01
S3_reappro_100,ALAP25,ALIMENT_COMPLET,Nkoabang,Centre,2027-02-01,2,2027,0.21,4.1,0.0,0.05
S3_reappro_100,ALAP25,ALIMENT_COMPLET,Nkolbisson,Centre,2027-02-01,2,2027,0.34,6.8,0.0,0.08
S3_reappro_100,CB100,ALIMENT_COMPLET,Ahala,Centre,2027-02-01,2,2027,1.05,20.9,42000.0,0.99
S3_reappro_100,CB100,ALIMENT_COMPLET,Bertoua,Centre,2027-02-01,2,2027,1.79,35.8,42000.0,0.95
S3_reappro_100,CB100,ALIMENT_COMPLET,Messassi,Centre,2027-02-01,2,2027,3.5,69.9,42000.0,2.6
S3_reappro_100,CB100,ALIMENT_COMPLET,Ngaoundere,Centre,2027-02-01,2,2027,1.46,29.1,42000.0,1.37
S3_reappro_100,CB100,ALIMENT_COMPLET,Nkoabang,Centre,2027-02-01,2,2027,1.1,21.9,42000.0,0.75
S3_reappro_100,CB100,ALIMENT_COMPLET,Nkolbisson,Centre,2027-02-01,2,2027,0.89,17.7,42000.0,0.64
S3_reappro_100,CB101,ALIMENT_COMPLET,Bertoua,Centre,2027-02-01,2,2027,0.02,0.5,0.0,0.03
S3_reappro_100,CB101,ALIMENT_COMPLET,Messassi,Centre,2027-02-01,2,2027,0.0,0.1,0.0,0.01
S3_reappro_100,CB101,ALIMENT_COMPLET,Ngaoundere,Centre,2027-02-01,2,2027,0.07,1.4,0.0,0.05
S3_reappro_100,CB200,ALIMENT_COMPLET,Ahala,Centre,2027-02-01,2,2027,1.66,33.1,40000.0,1.57
S3_reappro_100,CB200,ALIMENT_COMPLET,Bertoua,Centre,2027-02-01,2,2027,1.21,24.3,40000.0,0.26
S3_reappro_100,CB200,ALIMENT_COMPLET,Messassi,Centre,2027-02-01,2,2027,6.26,125.1,40000.0,5.59
S3_reappro_100,CB200,ALIMENT_COMPLET,Ngaoundere,Centre,2027-02-01,2,2027,0.04,0.8,40000.0,0.03
S3_reappro_100,CB200,ALIMENT_COMPLET,Nkoabang,Centre,2027-02-01,2,2027,1.3,26.1,40000.0,1.11
S3_reappro_100,CB200,ALIMENT_COMPLET,Nkolbisson,Centre,2027-02-01,2,2027,0.16,3.2,40000.0,0.12
S3_reappro_100,CB201,ALIMENT_COMPLET,Bertoua,Centre,2027-02-01,2,2027,0.03,0.6,0.0,0.04
S3_reappro_100,CB201,ALIMENT_COMPLET,Messassi,Centre,2027-02-01,2,2027,0.01,0.2,0.0,0.01
S3_reappro_100,ALAP25,ALIMENT_COMPLET,Ahala,Centre,2027-03-01,3,2027,0.31,6.2,0.0,0.11
S3_reappro_100,ALAP25,ALIMENT_COMPLET,Bertoua,Centre,2027-03-01,3,2027,0.16,3.2,0.0,0.02
S3_reappro_100,ALAP25,ALIMENT_COMPLET,Messassi,Centre,2027-03-01,3,2027,1.2,24.0,0.0,0.34
S3_reappro_100,ALAP25,ALIMENT_COMPLET,Ngaoundere,Centre,2027-03-01,3,2027,0.03,0.5,0.0,0.01
S3_reappro_100,ALAP25,ALIMENT_COMPLET,Nkoabang,Centre,2027-03-01,3,2027,0.21,4.2,0.0,0.05
S3_reappro_100,ALAP25,ALIMENT_COMPLET,Nkolbisson,Centre,2027-03-01,3,2027,0.35,6.9,0.0,0.08
S3_reappro_100,CB100,ALIMENT_COMPLET,Ahala,Centre,2027-03-01,3,2027,1.07,21.3,42000.0,1.01
S3_reappro_100,CB100,ALIMENT_COMPLET,Bertoua,Centre,2027-03-01,3,2027,1.82,36.5,42000.0,0.97
S3_reappro_100,CB100,ALIMENT_COMPLET,Messassi,Centre,2027-03-01,3,2027,3.56,71.2,42000.0,2.65
S3_reappro_100,CB100,ALIMENT_COMPLET,Ngaoundere,Centre,2027-03-01,3,2027,1.48,29.7,42000.0,1.4
S3_reappro_100,CB100,ALIMENT_COMPLET,Nkoabang,Centre,2027-03-01,3,2027,1.12,22.3,42000.0,0.77
S3_reappro_100,CB100,ALIMENT_COMPLET,Nkolbisson,Centre,2027-03-01,3,2027,0.9,18.1,42000.0,0.65
S3_reappro_100,CB101,ALIMENT_COMPLET,Bertoua,Centre,2027-03-01,3,2027,0.02,0.5,0.0,0.03
S3_reappro_100,CB101,ALIMENT_COMPLET,Messassi,Centre,2027-03-01,3,2027,0.01,0.1,0.0,0.01
S3_reappro_100,CB101,ALIMENT_COMPLET,Ngaoundere,Centre,2027-03-01,3,2027,0.07,1.5,0.0,0.05
S3_reappro_100,CB200,ALIMENT_COMPLET,Ahala,Centre,2027-03-01,3,2027,1.69,33.7,40000.0,1.6
S3_reappro_100,CB200,ALIMENT_COMPLET,Bertoua,Centre,2027-03-01,3,2027,1.24,24.7,40000.0,0.27
S3_reappro_100,CB200,ALIMENT_COMPLET,Messassi,Centre,2027-03-01,3,2027,6.37,127.4,40000.0,5.69
S3_reappro_100,CB200,ALIMENT_COMPLET,Ngaoundere,Centre,2027-03-01,3,2027,0.04,0.8,40000.0,0.03
S3_reappro_100,CB200,ALIMENT_COMPLET,Nkoabang,Centre,2027-03-01,3,2027,1.33,26.5,40000.0,1.13
S3_reappro_100,CB200,ALIMENT_COMPLET,Nkolbisson,Centre,2027-03-01,3,2027,0.16,3.3,40000.0,0.12
S3_reappro_100,CB201,ALIMENT_COMPLET,Bertoua,Centre,2027-03-01,3,2027,0.03,0.7,0.0,0.04
S3_reappro_100,CB201,ALIMENT_COMPLET,Messassi,Centre,2027-03-01,3,2027,0.01,0.2,0.0,0.01
S3_reappro_100,ALAP25,ALIMENT_COMPLET,Ahala,Centre,2027-04-01,4,2027,0.15,3.0,0.0,0.05
S3_reappro_100,ALAP25,ALIMENT_COMPLET,Bertoua,Centre,2027-04-01,4,2027,0.08,1.5,0.0,0.01
S3_reappro_100,ALAP25,ALIMENT_COMPLET,Messassi,Centre,2027-04-01,4,2027,0.58,11.6,0.0,0.17
S3_reappro_100,ALAP25,ALIMENT_COMPLET,Ngaoundere,Centre,2027-04-01,4,2027,0.01,0.2,0.0,0.01
S3_reappro_100,ALAP25,ALIMENT_COMPLET,Nkoabang,Centre,2027-04-01,4,2027,0.1,2.0,0.0,0.02
S3_reappro_100,ALAP25,ALIMENT_COMPLET,Nkolbisson,Centre,2027-04-01,4,2027,0.17,3.3,0.0,0.04
S3_reappro_100,CB100,ALIMENT_COMPLET,Ahala,Centre,2027-04-01,4,2027,0.52,10.3,42000.0,0.49
S3_reappro_100,CB100,ALIMENT_COMPLET,Bertoua,Centre,2027-04-01,4,2027,0.88,17.7,42000.0,0.47
S3_reappro_100,CB100,ALIMENT_COMPLET,Messassi,Centre,2027-04-01,4,2027,1.73,34.5,42000.0,1.28
S3_reappro_100,CB100,ALIMENT_COMPLET,Ngaoundere,Centre,2027-04-01,4,2027,0.72,14.4,42000.0,0.68
S3_reappro_100,CB100,ALIMENT_COMPLET,Nkoabang,Centre,2027-04-01,4,2027,0.54,10.8,42000.0,0.37
S3_reappro_100,CB100,ALIMENT_COMPLET,Nkolbisson,Centre,2027-04-01,4,2027,0.44,8.8,42000.0,0.32
S3_reappro_100,CB101,ALIMENT_COMPLET,Bertoua,Centre,2027-04-01,4,2027,0.01,0.2,0.0,0.01
S3_reappro_100,CB101,ALIMENT_COMPLET,Messassi,Centre,2027-04-01,4,2027,0.0,0.0,0.0,0.0
S3_reappro_100,CB101,ALIMENT_COMPLET,Ngaoundere,Centre,2027-04-01,4,2027,0.04,0.7,0.0,0.02
S3_reappro_100,CB200,ALIMENT_COMPLET,Ahala,Centre,2027-04-01,4,2027,0.82,16.3,40000.0,0.77
S3_reappro_100,CB200,ALIMENT_COMPLET,Bertoua,Centre,2027-04-01,4,2027,0.6,12.0,40000.0,0.13
S3_reappro_100,CB200,ALIMENT_COMPLET,Messassi,Centre,2027-04-01,4,2027,3.09,61.8,40000.0,2.76
S3_reappro_100,CB200,ALIMENT_COMPLET,Ngaoundere,Centre,2027-04-01,4,2027,0.02,0.4,40000.0,0.01
S3_reappro_100,CB200,ALIMENT_COMPLET,Nkoabang,Centre,2027-04-01,4,2027,0.64,12.9,40000.0,0.55
S3_reappro_100,CB200,ALIMENT_COMPLET,Nkolbisson,Centre,2027-04-01,4,2027,0.08,1.6,40000.0,0.06
S3_reappro_100,CB201,ALIMENT_COMPLET,Bertoua,Centre,2027-04-01,4,2027,0.02,0.3,0.0,0.02
S3_reappro_100,CB201,ALIMENT_COMPLET,Messassi,Centre,2027-04-01,4,2027,0.01,0.1,0.0,0.01
S3_reappro_100,ALAP25,ALIMENT_COMPLET,Ahala,Centre,2027-05-01,5,2027,0.09,1.7,0.0,0.03
S3_reappro_100,ALAP25,ALIMENT_COMPLET,Bertoua,Centre,2027-05-01,5,2027,0.04,0.9,0.0,0.01
S3_reappro_100,ALAP25,ALIMENT_COMPLET,Messassi,Centre,2027-05-01,5,2027,0.34,6.7,0.0,0.1
S3_reappro_100,ALAP25,ALIMENT_COMPLET,Ngaoundere,Centre,2027-05-01,5,2027,0.01,0.1,0.0,0.0
S3_reappro_100,ALAP25,ALIMENT_COMPLET,Nkoabang,Centre,2027-05-01,5,2027,0.06,1.2,0.0,0.01
S3_reappro_100,ALAP25,ALIMENT_COMPLET,Nkolbisson,Centre,2027-05-01,5,2027,0.1,1.9,0.0,0.02
S3_reappro_100,CB100,ALIMENT_COMPLET,Ahala,Centre,2027-05-01,5,2027,0.3,6.0,42000.0,0.28
S3_reappro_100,CB100,ALIMENT_COMPLET,Bertoua,Centre,2027-05-01,5,2027,0.51,10.3,42000.0,0.27
S3_reappro_100,CB100,ALIMENT_COMPLET,Messassi,Centre,2027-05-01,5,2027,1.0,20.0,42000.0,0.74
S3_reappro_100,CB100,ALIMENT_COMPLET,Ngaoundere,Centre,2027-05-01,5,2027,0.42,8.3,42000.0,0.39
S3_reappro_100,CB100,ALIMENT_COMPLET,Nkoabang,Centre,2027-05-01,5,2027,0.31,6.3,42000.0,0.22
S3_reappro_100,CB100,ALIMENT_COMPLET,Nkolbisson,Centre,2027-05-01,5,2027,0.25,5.1,42000.0,0.18
S3_reappro_100,CB101,ALIMENT_COMPLET,Bertoua,Centre,2027-05-01,5,2027,0.01,0.1,0.0,0.01
S3_reappro_100,CB101,ALIMENT_COMPLET,Messassi,Centre,2027-05-01,5,2027,0.0,0.0,0.0,0.0
S3_reappro_100,CB101,ALIMENT_COMPLET,Ngaoundere,Centre,2027-05-01,5,2027,0.02,0.4,0.0,0.01
S3_reappro_100,CB200,ALIMENT_COMPLET,Ahala,Centre,2027-05-01,5,2027,0.47,9.5,40000.0,0.45
S3_reappro_100,CB200,ALIMENT_COMPLET,Bertoua,Centre,2027-05-01,5,2027,0.35,6.9,40000.0,0.08
S3_reappro_100,CB200,ALIMENT_COMPLET,Messassi,Centre,2027-05-01,5,2027,1.79,35.8,40000.0,1.6
S3_reappro_100,CB200,ALIMENT_COMPLET,Ngaoundere,Centre,2027-05-01,5,2027,0.01,0.2,40000.0,0.01
S3_reappro_100,CB200,ALIMENT_COMPLET,Nkoabang,Centre,2027-05-01,5,2027,0.37,7.5,40000.0,0.32
S3_reappro_100,CB200,ALIMENT_COMPLET,Nkolbisson,Centre,2027-05-01,5,2027,0.05,0.9,40000.0,0.03
S3_reappro_100,CB201,ALIMENT_COMPLET,Bertoua,Centre,2027-05-01,5,2027,0.01,0.2,0.0,0.01
S3_reappro_100,CB201,ALIMENT_COMPLET,Messassi,Centre,2027-05-01,5,2027,0.0,0.1,0.0,0.0
S3_reappro_100,ALAP25,ALIMENT_COMPLET,Ahala,Centre,2027-06-01,6,2027,0.8,15.9,0.0,0.28
S3_reappro_100,ALAP25,ALIMENT_COMPLET,Bertoua,Centre,2027-06-01,6,2027,0.41,8.1,0.0,0.05
S3_reappro_100,ALAP25,ALIMENT_COMPLET,Messassi,Centre,2027-06-01,6,2027,3.08,61.6,0.0,0.88
S3_reappro_100,ALAP25,ALIMENT_COMPLET,Ngaoundere,Centre,2027-06-01,6,2027,0.06,1.3,0.0,0.04
S3_reappro_100,ALAP25,ALIMENT_COMPLET,Nkoabang,Centre,2027-06-01,6,2027,0.54,10.8,0.0,0.13
S3_reappro_100,ALAP25,ALIMENT_COMPLET,Nkolbisson,Centre,2027-06-01,6,2027,0.89,17.8,0.0,0.22
S3_reappro_100,CB100,ALIMENT_COMPLET,Ahala,Centre,2027-06-01,6,2027,2.74,54.8,42000.0,2.59
S3_reappro_100,CB100,ALIMENT_COMPLET,Bertoua,Centre,2027-06-01,6,2027,4.69,93.8,42000.0,2.49
S3_reappro_100,CB100,ALIMENT_COMPLET,Messassi,Centre,2027-06-01,6,2027,9.15,183.0,42000.0,6.81
S3_reappro_100,CB100,ALIMENT_COMPLET,Ngaoundere,Centre,2027-06-01,6,2027,3.81,76.2,42000.0,3.59
S3_reappro_100,CB100,ALIMENT_COMPLET,Nkoabang,Centre,2027-06-01,6,2027,2.87,57.4,42000.0,1.97
S3_reappro_100,CB100,ALIMENT_COMPLET,Nkolbisson,Centre,2027-06-01,6,2027,2.32,46.4,42000.0,1.68
S3_reappro_100,CB101,ALIMENT_COMPLET,Bertoua,Centre,2027-06-01,6,2027,0.06,1.2,0.0,0.07
S3_reappro_100,CB101,ALIMENT_COMPLET,Messassi,Centre,2027-06-01,6,2027,0.01,0.3,0.0,0.01
S3_reappro_100,CB101,ALIMENT_COMPLET,Ngaoundere,Centre,2027-06-01,6,2027,0.19,3.8,0.0,0.12
S3_reappro_100,CB200,ALIMENT_COMPLET,Ahala,Centre,2027-06-01,6,2027,4.33,86.7,40000.0,4.1
S3_reappro_100,CB200,ALIMENT_COMPLET,Bertoua,Centre,2027-06-01,6,2027,3.18,63.6,40000.0,0.69
S3_reappro_100,CB200,ALIMENT_COMPLET,Messassi,Centre,2027-06-01,6,2027,16.38,327.6,40000.0,14.62
S3_reappro_100,CB200,ALIMENT_COMPLET,Ngaoundere,Centre,2027-06-01,6,2027,0.11,2.1,40000.0,0.08
S3_reappro_100,CB200,ALIMENT_COMPLET,Nkoabang,Centre,2027-06-01,6,2027,3.41,68.3,40000.0,2.9
S3_reappro_100,CB200,ALIMENT_COMPLET,Nkolbisson,Centre,2027-06-01,6,2027,0.42,8.4,40000.0,0.31
S3_reappro_100,CB201,ALIMENT_COMPLET,Bertoua,Centre,2027-06-01,6,2027,0.08,1.7,0.0,0.09
S3_reappro_100,CB201,ALIMENT_COMPLET,Messassi,Centre,2027-06-01,6,2027,0.03,0.6,0.0,0.03
S3_reappro_100,ALAP25,ALIMENT_COMPLET,Ahala,Centre,2027-07-01,7,2027,0.38,7.7,0.0,0.14
S3_reappro_100,ALAP25,ALIMENT_COMPLET,Bertoua,Centre,2027-07-01,7,2027,0.2,3.9,0.0,0.02
S3_reappro_100,ALAP25,ALIMENT_COMPLET,Messassi,Centre,2027-07-01,7,2027,1.48,29.7,0.0,0.42
S3_reappro_100,ALAP25,ALIMENT_COMPLET,Ngaoundere,Centre,2027-07-01,7,2027,0.03,0.6,0.0,0.02
S3_reappro_100,ALAP25,ALIMENT_COMPLET,Nkoabang,Centre,2027-07-01,7,2027,0.26,5.2,0.0,0.06
S3_reappro_100,ALAP25,ALIMENT_COMPLET,Nkolbisson,Centre,2027-07-01,7,2027,0.43,8.6,0.0,0.1
S3_reappro_100,CB100,ALIMENT_COMPLET,Ahala,Centre,2027-07-01,7,2027,1.32,26.4,42000.0,1.25
S3_reappro_100,CB100,ALIMENT_COMPLET,Bertoua,Centre,2027-07-01,7,2027,2.26,45.2,42000.0,1.2
S3_reappro_100,CB100,ALIMENT_COMPLET,Messassi,Centre,2027-07-01,7,2027,4.41,88.2,42000.0,3.28
S3_reappro_100,CB100,ALIMENT_COMPLET,Ngaoundere,Centre,2027-07-01,7,2027,1.84,36.7,42000.0,1.73
S3_reappro_100,CB100,ALIMENT_COMPLET,Nkoabang,Centre,2027-07-01,7,2027,1.38,27.7,42000.0,0.95
S3_reappro_100,CB100,ALIMENT_COMPLET,Nkolbisson,Centre,2027-07-01,7,2027,1.12,22.4,42000.0,0.81
S3_reappro_100,CB101,ALIMENT_COMPLET,Bertoua,Centre,2027-07-01,7,2027,0.03,0.6,0.0,0.03
S3_reappro_100,CB101,ALIMENT_COMPLET,Messassi,Centre,2027-07-01,7,2027,0.01,0.1,0.0,0.01
S3_reappro_100,CB101,ALIMENT_COMPLET,Ngaoundere,Centre,2027-07-01,7,2027,0.09,1.8,0.0,0.06
S3_reappro_100,CB200,ALIMENT_COMPLET,Ahala,Centre,2027-07-01,7,2027,2.09,41.8,40000.0,1.98
S3_reappro_100,CB200,ALIMENT_COMPLET,Bertoua,Centre,2027-07-01,7,2027,1.53,30.6,40000.0,0.33
S3_reappro_100,CB200,ALIMENT_COMPLET,Messassi,Centre,2027-07-01,7,2027,7.89,157.8,40000.0,7.05
S3_reappro_100,CB200,ALIMENT_COMPLET,Ngaoundere,Centre,2027-07-01,7,2027,0.05,1.0,40000.0,0.04
S3_reappro_100,CB200,ALIMENT_COMPLET,Nkoabang,Centre,2027-07-01,7,2027,1.64,32.9,40000.0,1.4
S3_reappro_100,CB200,ALIMENT_COMPLET,Nkolbisson,Centre,2027-07-01,7,2027,0.2,4.1,40000.0,0.15
S3_reappro_100,CB201,ALIMENT_COMPLET,Bertoua,Centre,2027-07-01,7,2027,0.04,0.8,0.0,0.04
S3_reappro_100,CB201,ALIMENT_COMPLET,Messassi,Centre,2027-07-01,7,2027,0.02,0.3,0.0,0.02
S3_reappro_100,ALAP25,ALIMENT_COMPLET,Ahala,Centre,2027-08-01,8,2027,0.23,4.5,0.0,0.08
S3_reappro_100,ALAP25,ALIMENT_COMPLET,Bertoua,Centre,2027-08-01,8,2027,0.12,2.3,0.0,0.01
S3_reappro_100,ALAP25,ALIMENT_COMPLET,Messassi,Centre,2027-08-01,8,2027,0.88,17.5,0.0,0.25
S3_reappro_100,ALAP25,ALIMENT_COMPLET,Ngaoundere,Centre,2027-08-01,8,2027,0.02,0.4,0.0,0.01
S3_reappro_100,ALAP25,ALIMENT_COMPLET,Nkoabang,Centre,2027-08-01,8,2027,0.15,3.1,0.0,0.04
S3_reappro_100,ALAP25,ALIMENT_COMPLET,Nkolbisson,Centre,2027-08-01,8,2027,0.25,5.0,0.0,0.06
S3_reappro_100,CB100,ALIMENT_COMPLET,Ahala,Centre,2027-08-01,8,2027,0.78,15.6,42000.0,0.74
S3_reappro_100,CB100,ALIMENT_COMPLET,Bertoua,Centre,2027-08-01,8,2027,1.33,26.7,42000.0,0.71
S3_reappro_100,CB100,ALIMENT_COMPLET,Messassi,Centre,2027-08-01,8,2027,2.6,52.0,42000.0,1.94
S3_reappro_100,CB100,ALIMENT_COMPLET,Ngaoundere,Centre,2027-08-01,8,2027,1.08,21.7,42000.0,1.02
S3_reappro_100,CB100,ALIMENT_COMPLET,Nkoabang,Centre,2027-08-01,8,2027,0.82,16.3,42000.0,0.56
S3_reappro_100,CB100,ALIMENT_COMPLET,Nkolbisson,Centre,2027-08-01,8,2027,0.66,13.2,42000.0,0.48
S3_reappro_100,CB101,ALIMENT_COMPLET,Bertoua,Centre,2027-08-01,8,2027,0.02,0.4,0.0,0.02
S3_reappro_100,CB101,ALIMENT_COMPLET,Messassi,Centre,2027-08-01,8,2027,0.0,0.1,0.0,0.0
S3_reappro_100,CB101,ALIMENT_COMPLET,Ngaoundere,Centre,2027-08-01,8,2027,0.05,1.1,0.0,0.04
S3_reappro_100,CB200,ALIMENT_COMPLET,Ahala,Centre,2027-08-01,8,2027,1.23,24.6,40000.0,1.17
S3_reappro_100,CB200,ALIMENT_COMPLET,Bertoua,Centre,2027-08-01,8,2027,0.9,18.1,40000.0,0.2
S3_reappro_100,CB200,ALIMENT_COMPLET,Messassi,Centre,2027-08-01,8,2027,4.66,93.1,40000.0,4.16
S3_reappro_100,CB200,ALIMENT_COMPLET,Ngaoundere,Centre,2027-08-01,8,2027,0.03,0.6,40000.0,0.02
S3_reappro_100,CB200,ALIMENT_COMPLET,Nkoabang,Centre,2027-08-01,8,2027,0.97,19.4,40000.0,0.82
S3_reappro_100,CB200,ALIMENT_COMPLET,Nkolbisson,Centre,2027-08-01,8,2027,0.12,2.4,40000.0,0.09
S3_reappro_100,CB201,ALIMENT_COMPLET,Bertoua,Centre,2027-08-01,8,2027,0.02,0.5,0.0,0.03
S3_reappro_100,CB201,ALIMENT_COMPLET,Messassi,Centre,2027-08-01,8,2027,0.01,0.2,0.0,0.01
S3_reappro_100,ALAP25,ALIMENT_COMPLET,Ahala,Centre,2027-09-01,9,2027,0.51,10.2,0.0,0.18
S3_reappro_100,ALAP25,ALIMENT_COMPLET,Bertoua,Centre,2027-09-01,9,2027,0.26,5.2,0.0,0.03
S3_reappro_100,ALAP25,ALIMENT_COMPLET,Messassi,Centre,2027-09-01,9,2027,1.97,39.4,0.0,0.56
S3_reappro_100,ALAP25,ALIMENT_COMPLET,Ngaoundere,Centre,2027-09-01,9,2027,0.04,0.8,0.0,0.02
S3_reappro_100,ALAP25,ALIMENT_COMPLET,Nkoabang,Centre,2027-09-01,9,2027,0.35,6.9,0.0,0.08
S3_reappro_100,ALAP25,ALIMENT_COMPLET,Nkolbisson,Centre,2027-09-01,9,2027,0.57,11.4,0.0,0.14
S3_reappro_100,CB100,ALIMENT_COMPLET,Ahala,Centre,2027-09-01,9,2027,1.75,35.1,42000.0,1.66
S3_reappro_100,CB100,ALIMENT_COMPLET,Bertoua,Centre,2027-09-01,9,2027,3.0,60.0,42000.0,1.59
S3_reappro_100,CB100,ALIMENT_COMPLET,Messassi,Centre,2027-09-01,9,2027,5.86,117.1,42000.0,4.36
S3_reappro_100,CB100,ALIMENT_COMPLET,Ngaoundere,Centre,2027-09-01,9,2027,2.44,48.8,42000.0,2.3
S3_reappro_100,CB100,ALIMENT_COMPLET,Nkoabang,Centre,2027-09-01,9,2027,1.84,36.8,42000.0,1.26
S3_reappro_100,CB100,ALIMENT_COMPLET,Nkolbisson,Centre,2027-09-01,9,2027,1.49,29.7,42000.0,1.07
S3_reappro_100,CB101,ALIMENT_COMPLET,Bertoua,Centre,2027-09-01,9,2027,0.04,0.8,0.0,0.04
S3_reappro_100,CB101,ALIMENT_COMPLET,Messassi,Centre,2027-09-01,9,2027,0.01,0.2,0.0,0.01
S3_reappro_100,CB101,ALIMENT_COMPLET,Ngaoundere,Centre,2027-09-01,9,2027,0.12,2.4,0.0,0.08
S3_reappro_100,CB200,ALIMENT_COMPLET,Ahala,Centre,2027-09-01,9,2027,2.77,55.5,40000.0,2.63
S3_reappro_100,CB200,ALIMENT_COMPLET,Bertoua,Centre,2027-09-01,9,2027,2.03,40.7,40000.0,0.44
S3_reappro_100,CB200,ALIMENT_COMPLET,Messassi,Centre,2027-09-01,9,2027,10.48,209.6,40000.0,9.36
S3_reappro_100,CB200,ALIMENT_COMPLET,Ngaoundere,Centre,2027-09-01,9,2027,0.07,1.4,40000.0,0.05
S3_reappro_100,CB200,ALIMENT_COMPLET,Nkoabang,Centre,2027-09-01,9,2027,2.18,43.7,40000.0,1.85
S3_reappro_100,CB200,ALIMENT_COMPLET,Nkolbisson,Centre,2027-09-01,9,2027,0.27,5.4,40000.0,0.2
S3_reappro_100,CB201,ALIMENT_COMPLET,Bertoua,Centre,2027-09-01,9,2027,0.05,1.1,0.0,0.06
S3_reappro_100,CB201,ALIMENT_COMPLET,Messassi,Centre,2027-09-01,9,2027,0.02,0.4,0.0,0.02
S3_reappro_100,ALAP25,ALIMENT_COMPLET,Ahala,Centre,2027-10-01,10,2027,0.2,4.1,0.0,0.07
S3_reappro_100,ALAP25,ALIMENT_COMPLET,Bertoua,Centre,2027-10-01,10,2027,0.1,2.1,0.0,0.01
S3_reappro_100,ALAP25,ALIMENT_COMPLET,Messassi,Centre,2027-10-01,10,2027,0.79,15.8,0.0,0.22
S3_reappro_100,ALAP25,ALIMENT_COMPLET,Ngaoundere,Centre,2027-10-01,10,2027,0.02,0.3,0.0,0.01
S3_reappro_100,ALAP25,ALIMENT_COMPLET,Nkoabang,Centre,2027-10-01,10,2027,0.14,2.8,0.0,0.03
S3_reappro_100,ALAP25,ALIMENT_COMPLET,Nkolbisson,Centre,2027-10-01,10,2027,0.23,4.5,0.0,0.06
S3_reappro_100,CB100,ALIMENT_COMPLET,Ahala,Centre,2027-10-01,10,2027,0.7,14.0,42000.0,0.66
S3_reappro_100,CB100,ALIMENT_COMPLET,Bertoua,Centre,2027-10-01,10,2027,1.2,24.0,42000.0,0.64
S3_reappro_100,CB100,ALIMENT_COMPLET,Messassi,Centre,2027-10-01,10,2027,2.34,46.9,42000.0,1.74
S3_reappro_100,CB100,ALIMENT_COMPLET,Ngaoundere,Centre,2027-10-01,10,2027,0.98,19.5,42000.0,0.92
S3_reappro_100,CB100,ALIMENT_COMPLET,Nkoabang,Centre,2027-10-01,10,2027,0.74,14.7,42000.0,0.51
S3_reappro_100,CB100,ALIMENT_COMPLET,Nkolbisson,Centre,2027-10-01,10,2027,0.59,11.9,42000.0,0.43
S3_reappro_100,CB101,ALIMENT_COMPLET,Bertoua,Centre,2027-10-01,10,2027,0.02,0.3,0.0,0.02
S3_reappro_100,CB101,ALIMENT_COMPLET,Messassi,Centre,2027-10-01,10,2027,0.0,0.1,0.0,0.0
S3_reappro_100,CB101,ALIMENT_COMPLET,Ngaoundere,Centre,2027-10-01,10,2027,0.05,1.0,0.0,0.03
S3_reappro_100,CB200,ALIMENT_COMPLET,Ahala,Centre,2027-10-01,10,2027,1.11,22.2,40000.0,1.05
S3_reappro_100,CB200,ALIMENT_COMPLET,Bertoua,Centre,2027-10-01,10,2027,0.81,16.3,40000.0,0.18
S3_reappro_100,CB200,ALIMENT_COMPLET,Messassi,Centre,2027-10-01,10,2027,4.2,83.9,40000.0,3.75
S3_reappro_100,CB200,ALIMENT_COMPLET,Ngaoundere,Centre,2027-10-01,10,2027,0.03,0.5,40000.0,0.02
S3_reappro_100,CB200,ALIMENT_COMPLET,Nkoabang,Centre,2027-10-01,10,2027,0.87,17.5,40000.0,0.74
S3_reappro_100,CB200,ALIMENT_COMPLET,Nkolbisson,Centre,2027-10-01,10,2027,0.11,2.2,40000.0,0.08
S3_reappro_100,CB201,ALIMENT_COMPLET,Bertoua,Centre,2027-10-01,10,2027,0.02,0.4,0.0,0.02
S3_reappro_100,CB201,ALIMENT_COMPLET,Messassi,Centre,2027-10-01,10,2027,0.01,0.2,0.0,0.01
S3_reappro_100,ALAP25,ALIMENT_COMPLET,Ahala,Centre,2027-11-01,11,2027,0.57,11.3,0.0,0.2
S3_reappro_100,ALAP25,ALIMENT_COMPLET,Bertoua,Centre,2027-11-01,11,2027,0.29,5.8,0.0,0.04
S3_reappro_100,ALAP25,ALIMENT_COMPLET,Messassi,Centre,2027-11-01,11,2027,2.19,43.7,0.0,0.62
S3_reappro_100,ALAP25,ALIMENT_COMPLET,Ngaoundere,Centre,2027-11-01,11,2027,0.05,0.9,0.0,0.03
S3_reappro_100,ALAP25,ALIMENT_COMPLET,Nkoabang,Centre,2027-11-01,11,2027,0.38,7.7,0.0,0.09
S3_reappro_100,ALAP25,ALIMENT_COMPLET,Nkolbisson,Centre,2027-11-01,11,2027,0.63,12.6,0.0,0.15
S3_reappro_100,CB100,ALIMENT_COMPLET,Ahala,Centre,2027-11-01,11,2027,1.94,38.9,42000.0,1.84
S3_reappro_100,CB100,ALIMENT_COMPLET,Bertoua,Centre,2027-11-01,11,2027,3.33,66.6,42000.0,1.77
S3_reappro_100,CB100,ALIMENT_COMPLET,Messassi,Centre,2027-11-01,11,2027,6.49,129.9,42000.0,4.83
S3_reappro_100,CB100,ALIMENT_COMPLET,Ngaoundere,Centre,2027-11-01,11,2027,2.71,54.1,42000.0,2.55
S3_reappro_100,CB100,ALIMENT_COMPLET,Nkoabang,Centre,2027-11-01,11,2027,2.04,40.8,42000.0,1.4
S3_reappro_100,CB100,ALIMENT_COMPLET,Nkolbisson,Centre,2027-11-01,11,2027,1.65,33.0,42000.0,1.19
S3_reappro_100,CB101,ALIMENT_COMPLET,Bertoua,Centre,2027-11-01,11,2027,0.04,0.9,0.0,0.05
S3_reappro_100,CB101,ALIMENT_COMPLET,Messassi,Centre,2027-11-01,11,2027,0.01,0.2,0.0,0.01
S3_reappro_100,CB101,ALIMENT_COMPLET,Ngaoundere,Centre,2027-11-01,11,2027,0.13,2.7,0.0,0.09
S3_reappro_100,CB200,ALIMENT_COMPLET,Ahala,Centre,2027-11-01,11,2027,3.07,61.5,40000.0,2.91
S3_reappro_100,CB200,ALIMENT_COMPLET,Bertoua,Centre,2027-11-01,11,2027,2.26,45.1,40000.0,0.49
S3_reappro_100,CB200,ALIMENT_COMPLET,Messassi,Centre,2027-11-01,11,2027,11.62,232.5,40000.0,10.38
S3_reappro_100,CB200,ALIMENT_COMPLET,Ngaoundere,Centre,2027-11-01,11,2027,0.08,1.5,40000.0,0.05
S3_reappro_100,CB200,ALIMENT_COMPLET,Nkoabang,Centre,2027-11-01,11,2027,2.42,48.4,40000.0,2.06
S3_reappro_100,CB200,ALIMENT_COMPLET,Nkolbisson,Centre,2027-11-01,11,2027,0.3,6.0,40000.0,0.22
S3_reappro_100,CB201,ALIMENT_COMPLET,Bertoua,Centre,2027-11-01,11,2027,0.06,1.2,0.0,0.07
S3_reappro_100,CB201,ALIMENT_COMPLET,Messassi,Centre,2027-11-01,11,2027,0.02,0.5,0.0,0.02
S3_reappro_100,ALAP25,ALIMENT_COMPLET,Ahala,Centre,2027-12-01,12,2027,0.2,4.1,0.0,0.07
S3_reappro_100,ALAP25,ALIMENT_COMPLET,Bertoua,Centre,2027-12-01,12,2027,0.1,2.1,0.0,0.01
S3_reappro_100,ALAP25,ALIMENT_COMPLET,Messassi,Centre,2027-12-01,12,2027,0.79,15.9,0.0,0.23
S3_reappro_100,ALAP25,ALIMENT_COMPLET,Ngaoundere,Centre,2027-12-01,12,2027,0.02,0.3,0.0,0.01
S3_reappro_100,ALAP25,ALIMENT_COMPLET,Nkoabang,Centre,2027-12-01,12,2027,0.14,2.8,0.0,0.03
S3_reappro_100,ALAP25,ALIMENT_COMPLET,Nkolbisson,Centre,2027-12-01,12,2027,0.23,4.6,0.0,0.06
S3_reappro_100,CB100,ALIMENT_COMPLET,Ahala,Centre,2027-12-01,12,2027,0.7,14.1,42000.0,0.67
S3_reappro_100,CB100,ALIMENT_COMPLET,Bertoua,Centre,2027-12-01,12,2027,1.21,24.1,42000.0,0.64
S3_reappro_100,CB100,ALIMENT_COMPLET,Messassi,Centre,2027-12-01,12,2027,2.35,47.1,42000.0,1.75
S3_reappro_100,CB100,ALIMENT_COMPLET,Ngaoundere,Centre,2027-12-01,12,2027,0.98,19.6,42000.0,0.92
S3_reappro_100,CB100,ALIMENT_COMPLET,Nkoabang,Centre,2027-12-01,12,2027,0.74,14.8,42000.0,0.51
S3_reappro_100,CB100,ALIMENT_COMPLET,Nkolbisson,Centre,2027-12-01,12,2027,0.6,11.9,42000.0,0.43
S3_reappro_100,CB101,ALIMENT_COMPLET,Bertoua,Centre,2027-12-01,12,2027,0.02,0.3,0.0,0.02
S3_reappro_100,CB101,ALIMENT_COMPLET,Messassi,Centre,2027-12-01,12,2027,0.0,0.1,0.0,0.0
S3_reappro_100,CB101,ALIMENT_COMPLET,Ngaoundere,Centre,2027-12-01,12,2027,0.05,1.0,0.0,0.03
S3_reappro_100,CB200,ALIMENT_COMPLET,Ahala,Centre,2027-12-01,12,2027,1.11,22.3,40000.0,1.06
S3_reappro_100,CB200,ALIMENT_COMPLET,Bertoua,Centre,2027-12-01,12,2027,0.82,16.4,40000.0,0.18
S3_reappro_100,CB200,ALIMENT_COMPLET,Messassi,Centre,2027-12-01,12,2027,4.21,84.3,40000.0,3.76
S3_reappro_100,CB200,ALIMENT_COMPLET,Ngaoundere,Centre,2027-12-01,12,2027,0.03,0.5,40000.0,0.02
S3_reappro_100,CB200,ALIMENT_COMPLET,Nkoabang,Centre,2027-12-01,12,2027,0.88,17.6,40000.0,0.75
S3_reappro_100,CB200,ALIMENT_COMPLET,Nkolbisson,Centre,2027-12-01,12,2027,0.11,2.2,40000.0,0.08
S3_reappro_100,CB201,ALIMENT_COMPLET,Bertoua,Centre,2027-12-01,12,2027,0.02,0.4,0.0,0.02
S3_reappro_100,CB201,ALIMENT_COMPLET,Messassi,Centre,2027-12-01,12,2027,0.01,0.2,0.0,0.01
S3_reappro_100,ALAP25,ALIMENT_COMPLET,Ndobo,Littoral,2027-01-01,1,2027,0.08,1.6,0.0,0.0
S3_reappro_100,ALAP25,ALIMENT_COMPLET,Nkongsamba,Littoral,2027-01-01,1,2027,0.01,0.2,0.0,0.0
S3_reappro_100,ALAP25,ALIMENT_COMPLET,Pk11,Littoral,2027-01-01,1,2027,0.02,0.4,0.0,0.01
S3_reappro_100,ALAP25,ALIMENT_COMPLET,Village,Littoral,2027-01-01,1,2027,0.09,1.9,0.0,0.03
S3_reappro_100,CB100,ALIMENT_COMPLET,Buea,Littoral,2027-01-01,1,2027,4.57,91.5,42000.0,3.56
S3_reappro_100,CB100,ALIMENT_COMPLET,Ndobo,Littoral,2027-01-01,1,2027,6.09,121.8,42000.0,4.65
S3_reappro_100,CB100,ALIMENT_COMPLET,Nkongsamba,Littoral,2027-01-01,1,2027,3.52,70.5,42000.0,2.67
S3_reappro_100,CB100,ALIMENT_COMPLET,Pk11,Littoral,2027-01-01,1,2027,1.78,35.6,42000.0,1.24
S3_reappro_100,CB100,ALIMENT_COMPLET,Village,Littoral,2027-01-01,1,2027,4.26,85.2,42000.0,4.33
S3_reappro_100,CB101,ALIMENT_COMPLET,Ndobo,Littoral,2027-01-01,1,2027,0.03,0.5,0.0,0.01
S3_reappro_100,CB101,ALIMENT_COMPLET,Nkongsamba,Littoral,2027-01-01,1,2027,0.11,2.2,0.0,0.09
S3_reappro_100,CB101,ALIMENT_COMPLET,Village,Littoral,2027-01-01,1,2027,0.04,0.7,0.0,0.03
S3_reappro_100,CB200,ALIMENT_COMPLET,Buea,Littoral,2027-01-01,1,2027,1.68,33.5,40000.0,1.25
S3_reappro_100,CB200,ALIMENT_COMPLET,Ndobo,Littoral,2027-01-01,1,2027,5.14,102.8,40000.0,4.15
S3_reappro_100,CB200,ALIMENT_COMPLET,Nkongsamba,Littoral,2027-01-01,1,2027,1.19,23.7,40000.0,1.01
S3_reappro_100,CB200,ALIMENT_COMPLET,Pk11,Littoral,2027-01-01,1,2027,0.56,11.2,40000.0,0.13
S3_reappro_100,CB200,ALIMENT_COMPLET,Village,Littoral,2027-01-01,1,2027,3.63,72.7,40000.0,3.49
S3_reappro_100,CB201,ALIMENT_COMPLET,Ndobo,Littoral,2027-01-01,1,2027,0.07,1.4,0.0,0.02
S3_reappro_100,CB201,ALIMENT_COMPLET,Nkongsamba,Littoral,2027-01-01,1,2027,0.08,1.6,0.0,0.07
S3_reappro_100,CB201,ALIMENT_COMPLET,Pk11,Littoral,2027-01-01,1,2027,0.01,0.1,0.0,0.0
S3_reappro_100,CB201,ALIMENT_COMPLET,Village,Littoral,2027-01-01,1,2027,0.02,0.5,0.0,0.01
S3_reappro_100,ALAP25,ALIMENT_COMPLET,Ndobo,Littoral,2027-02-01,2,2027,0.15,3.0,0.0,0.0
S3_reappro_100,ALAP25,ALIMENT_COMPLET,Nkongsamba,Littoral,2027-02-01,2,2027,0.02,0.4,0.0,0.0
S3_reappro_100,ALAP25,ALIMENT_COMPLET,Pk11,Littoral,2027-02-01,2,2027,0.04,0.7,0.0,0.01
S3_reappro_100,ALAP25,ALIMENT_COMPLET,Village,Littoral,2027-02-01,2,2027,0.18,3.6,0.0,0.06
S3_reappro_100,CB100,ALIMENT_COMPLET,Buea,Littoral,2027-02-01,2,2027,8.59,171.7,42000.0,6.69
S3_reappro_100,CB100,ALIMENT_COMPLET,Ndobo,Littoral,2027-02-01,2,2027,11.43,228.6,42000.0,8.73
S3_reappro_100,CB100,ALIMENT_COMPLET,Nkongsamba,Littoral,2027-02-01,2,2027,6.62,132.4,42000.0,5.02
S3_reappro_100,CB100,ALIMENT_COMPLET,Pk11,Littoral,2027-02-01,2,2027,3.34,66.8,42000.0,2.32
S3_reappro_100,CB100,ALIMENT_COMPLET,Village,Littoral,2027-02-01,2,2027,8.0,160.0,42000.0,8.12
S3_reappro_100,CB101,ALIMENT_COMPLET,Ndobo,Littoral,2027-02-01,2,2027,0.05,1.0,0.0,0.02
S3_reappro_100,CB101,ALIMENT_COMPLET,Nkongsamba,Littoral,2027-02-01,2,2027,0.21,4.1,0.0,0.17
S3_reappro_100,CB101,ALIMENT_COMPLET,Village,Littoral,2027-02-01,2,2027,0.07,1.4,0.0,0.06
S3_reappro_100,CB200,ALIMENT_COMPLET,Buea,Littoral,2027-02-01,2,2027,3.15,63.0,40000.0,2.35
S3_reappro_100,CB200,ALIMENT_COMPLET,Ndobo,Littoral,2027-02-01,2,2027,9.65,193.1,40000.0,7.79
S3_reappro_100,CB200,ALIMENT_COMPLET,Nkongsamba,Littoral,2027-02-01,2,2027,2.23,44.6,40000.0,1.89
S3_reappro_100,CB200,ALIMENT_COMPLET,Pk11,Littoral,2027-02-01,2,2027,1.05,21.0,40000.0,0.24
S3_reappro_100,CB200,ALIMENT_COMPLET,Village,Littoral,2027-02-01,2,2027,6.83,136.5,40000.0,6.55
S3_reappro_100,CB201,ALIMENT_COMPLET,Ndobo,Littoral,2027-02-01,2,2027,0.13,2.7,0.0,0.04
S3_reappro_100,CB201,ALIMENT_COMPLET,Nkongsamba,Littoral,2027-02-01,2,2027,0.15,3.1,0.0,0.14
S3_reappro_100,CB201,ALIMENT_COMPLET,Pk11,Littoral,2027-02-01,2,2027,0.01,0.3,0.0,0.0
S3_reappro_100,CB201,ALIMENT_COMPLET,Village,Littoral,2027-02-01,2,2027,0.04,0.9,0.0,0.02
S3_reappro_100,ALAP25,ALIMENT_COMPLET,Ndobo,Littoral,2027-03-01,3,2027,0.08,1.7,0.0,0.0
S3_reappro_100,ALAP25,ALIMENT_COMPLET,Nkongsamba,Littoral,2027-03-01,3,2027,0.01,0.2,0.0,0.0
S3_reappro_100,ALAP25,ALIMENT_COMPLET,Pk11,Littoral,2027-03-01,3,2027,0.02,0.4,0.0,0.01
S3_reappro_100,ALAP25,ALIMENT_COMPLET,Village,Littoral,2027-03-01,3,2027,0.1,2.0,0.0,0.03
S3_reappro_100,CB100,ALIMENT_COMPLET,Buea,Littoral,2027-03-01,3,2027,4.79,95.8,42000.0,3.74
S3_reappro_100,CB100,ALIMENT_COMPLET,Ndobo,Littoral,2027-03-01,3,2027,6.38,127.6,42000.0,4.87
S3_reappro_100,CB100,ALIMENT_COMPLET,Nkongsamba,Littoral,2027-03-01,3,2027,3.69,73.9,42000.0,2.8
S3_reappro_100,CB100,ALIMENT_COMPLET,Pk11,Littoral,2027-03-01,3,2027,1.86,37.3,42000.0,1.29
S3_reappro_100,CB100,ALIMENT_COMPLET,Village,Littoral,2027-03-01,3,2027,4.46,89.3,42000.0,4.53
S3_reappro_100,CB101,ALIMENT_COMPLET,Ndobo,Littoral,2027-03-01,3,2027,0.03,0.6,0.0,0.01
S3_reappro_100,CB101,ALIMENT_COMPLET,Nkongsamba,Littoral,2027-03-01,3,2027,0.12,2.3,0.0,0.1
S3_reappro_100,CB101,ALIMENT_COMPLET,Village,Littoral,2027-03-01,3,2027,0.04,0.8,0.0,0.03
S3_reappro_100,CB200,ALIMENT_COMPLET,Buea,Littoral,2027-03-01,3,2027,1.76,35.1,40000.0,1.31
S3_reappro_100,CB200,ALIMENT_COMPLET,Ndobo,Littoral,2027-03-01,3,2027,5.39,107.7,40000.0,4.35
S3_reappro_100,CB200,ALIMENT_COMPLET,Nkongsamba,Littoral,2027-03-01,3,2027,1.24,24.9,40000.0,1.05
S3_reappro_100,CB200,ALIMENT_COMPLET,Pk11,Littoral,2027-03-01,3,2027,0.59,11.7,40000.0,0.13
S3_reappro_100,CB200,ALIMENT_COMPLET,Village,Littoral,2027-03-01,3,2027,3.81,76.2,40000.0,3.65
S3_reappro_100,CB201,ALIMENT_COMPLET,Ndobo,Littoral,2027-03-01,3,2027,0.07,1.5,0.0,0.02
S3_reappro_100,CB201,ALIMENT_COMPLET,Nkongsamba,Littoral,2027-03-01,3,2027,0.09,1.7,0.0,0.08
S3_reappro_100,CB201,ALIMENT_COMPLET,Pk11,Littoral,2027-03-01,3,2027,0.01,0.1,0.0,0.0
S3_reappro_100,CB201,ALIMENT_COMPLET,Village,Littoral,2027-03-01,3,2027,0.02,0.5,0.0,0.01
S3_reappro_100,ALAP25,ALIMENT_COMPLET,Ndobo,Littoral,2027-04-01,4,2027,0.04,0.7,0.0,0.0
S3_reappro_100,ALAP25,ALIMENT_COMPLET,Nkongsamba,Littoral,2027-04-01,4,2027,0.0,0.1,0.0,0.0
S3_reappro_100,ALAP25,ALIMENT_COMPLET,Pk11,Littoral,2027-04-01,4,2027,0.01,0.2,0.0,0.0
S3_reappro_100,ALAP25,ALIMENT_COMPLET,Village,Littoral,2027-04-01,4,2027,0.04,0.8,0.0,0.01
S3_reappro_100,CB100,ALIMENT_COMPLET,Buea,Littoral,2027-04-01,4,2027,2.02,40.4,42000.0,1.57
S3_reappro_100,CB100,ALIMENT_COMPLET,Ndobo,Littoral,2027-04-01,4,2027,2.69,53.7,42000.0,2.05
S3_reappro_100,CB100,ALIMENT_COMPLET,Nkongsamba,Littoral,2027-04-01,4,2027,1.56,31.1,42000.0,1.18
S3_reappro_100,CB100,ALIMENT_COMPLET,Pk11,Littoral,2027-04-01,4,2027,0.78,15.7,42000.0,0.55
S3_reappro_100,CB100,ALIMENT_COMPLET,Village,Littoral,2027-04-01,4,2027,1.88,37.6,42000.0,1.91
S3_reappro_100,CB101,ALIMENT_COMPLET,Ndobo,Littoral,2027-04-01,4,2027,0.01,0.2,0.0,0.01
S3_reappro_100,CB101,ALIMENT_COMPLET,Nkongsamba,Littoral,2027-04-01,4,2027,0.05,1.0,0.0,0.04
S3_reappro_100,CB101,ALIMENT_COMPLET,Village,Littoral,2027-04-01,4,2027,0.02,0.3,0.0,0.01
S3_reappro_100,CB200,ALIMENT_COMPLET,Buea,Littoral,2027-04-01,4,2027,0.74,14.8,40000.0,0.55
S3_reappro_100,CB200,ALIMENT_COMPLET,Ndobo,Littoral,2027-04-01,4,2027,2.27,45.4,40000.0,1.83
S3_reappro_100,CB200,ALIMENT_COMPLET,Nkongsamba,Littoral,2027-04-01,4,2027,0.52,10.5,40000.0,0.44
S3_reappro_100,CB200,ALIMENT_COMPLET,Pk11,Littoral,2027-04-01,4,2027,0.25,4.9,40000.0,0.06
S3_reappro_100,CB200,ALIMENT_COMPLET,Village,Littoral,2027-04-01,4,2027,1.6,32.1,40000.0,1.54
S3_reappro_100,CB201,ALIMENT_COMPLET,Ndobo,Littoral,2027-04-01,4,2027,0.03,0.6,0.0,0.01
S3_reappro_100,CB201,ALIMENT_COMPLET,Nkongsamba,Littoral,2027-04-01,4,2027,0.04,0.7,0.0,0.03
S3_reappro_100,CB201,ALIMENT_COMPLET,Pk11,Littoral,2027-04-01,4,2027,0.0,0.1,0.0,0.0
S3_reappro_100,CB201,ALIMENT_COMPLET,Village,Littoral,2027-04-01,4,2027,0.01,0.2,0.0,0.0
S3_reappro_100,ALAP25,ALIMENT_COMPLET,Ndobo,Littoral,2027-05-01,5,2027,0.05,0.9,0.0,0.0
S3_reappro_100,ALAP25,ALIMENT_COMPLET,Nkongsamba,Littoral,2027-05-01,5,2027,0.01,0.1,0.0,0.0
S3_reappro_100,ALAP25,ALIMENT_COMPLET,Pk11,Littoral,2027-05-01,5,2027,0.01,0.2,0.0,0.0
S3_reappro_100,ALAP25,ALIMENT_COMPLET,Village,Littoral,2027-05-01,5,2027,0.06,1.1,0.0,0.02
S3_reappro_100,CB100,ALIMENT_COMPLET,Buea,Littoral,2027-05-01,5,2027,2.67,53.4,42000.0,2.08
S3_reappro_100,CB100,ALIMENT_COMPLET,Ndobo,Littoral,2027-05-01,5,2027,3.55,71.1,42000.0,2.71
S3_reappro_100,CB100,ALIMENT_COMPLET,Nkongsamba,Littoral,2027-05-01,5,2027,2.06,41.2,42000.0,1.56
S3_reappro_100,CB100,ALIMENT_COMPLET,Pk11,Littoral,2027-05-01,5,2027,1.04,20.8,42000.0,0.72
S3_reappro_100,CB100,ALIMENT_COMPLET,Village,Littoral,2027-05-01,5,2027,2.49,49.7,42000.0,2.52
S3_reappro_100,CB101,ALIMENT_COMPLET,Ndobo,Littoral,2027-05-01,5,2027,0.02,0.3,0.0,0.01
S3_reappro_100,CB101,ALIMENT_COMPLET,Nkongsamba,Littoral,2027-05-01,5,2027,0.06,1.3,0.0,0.05
S3_reappro_100,CB101,ALIMENT_COMPLET,Village,Littoral,2027-05-01,5,2027,0.02,0.4,0.0,0.02
S3_reappro_100,CB200,ALIMENT_COMPLET,Buea,Littoral,2027-05-01,5,2027,0.98,19.6,40000.0,0.73
S3_reappro_100,CB200,ALIMENT_COMPLET,Ndobo,Littoral,2027-05-01,5,2027,3.0,60.0,40000.0,2.42
S3_reappro_100,CB200,ALIMENT_COMPLET,Nkongsamba,Littoral,2027-05-01,5,2027,0.69,13.9,40000.0,0.59
S3_reappro_100,CB200,ALIMENT_COMPLET,Pk11,Littoral,2027-05-01,5,2027,0.33,6.5,40000.0,0.07
S3_reappro_100,CB200,ALIMENT_COMPLET,Village,Littoral,2027-05-01,5,2027,2.12,42.4,40000.0,2.04
S3_reappro_100,CB201,ALIMENT_COMPLET,Ndobo,Littoral,2027-05-01,5,2027,0.04,0.8,0.0,0.01
S3_reappro_100,CB201,ALIMENT_COMPLET,Nkongsamba,Littoral,2027-05-01,5,2027,0.05,0.9,0.0,0.04
S3_reappro_100,CB201,ALIMENT_COMPLET,Pk11,Littoral,2027-05-01,5,2027,0.0,0.1,0.0,0.0
S3_reappro_100,CB201,ALIMENT_COMPLET,Village,Littoral,2027-05-01,5,2027,0.01,0.3,0.0,0.01
S3_reappro_100,ALAP25,ALIMENT_COMPLET,Ndobo,Littoral,2027-06-01,6,2027,0.07,1.3,0.0,0.0
S3_reappro_100,ALAP25,ALIMENT_COMPLET,Nkongsamba,Littoral,2027-06-01,6,2027,0.01,0.2,0.0,0.0
S3_reappro_100,ALAP25,ALIMENT_COMPLET,Pk11,Littoral,2027-06-01,6,2027,0.02,0.3,0.0,0.01
S3_reappro_100,ALAP25,ALIMENT_COMPLET,Village,Littoral,2027-06-01,6,2027,0.08,1.6,0.0,0.02
S3_reappro_100,CB100,ALIMENT_COMPLET,Buea,Littoral,2027-06-01,6,2027,3.87,77.3,42000.0,3.01
S3_reappro_100,CB100,ALIMENT_COMPLET,Ndobo,Littoral,2027-06-01,6,2027,5.15,102.9,42000.0,3.93
S3_reappro_100,CB100,ALIMENT_COMPLET,Nkongsamba,Littoral,2027-06-01,6,2027,2.98,59.6,42000.0,2.26
S3_reappro_100,CB100,ALIMENT_COMPLET,Pk11,Littoral,2027-06-01,6,2027,1.5,30.1,42000.0,1.04
S3_reappro_100,CB100,ALIMENT_COMPLET,Village,Littoral,2027-06-01,6,2027,3.6,72.0,42000.0,3.66
S3_reappro_100,CB101,ALIMENT_COMPLET,Ndobo,Littoral,2027-06-01,6,2027,0.02,0.5,0.0,0.01
S3_reappro_100,CB101,ALIMENT_COMPLET,Nkongsamba,Littoral,2027-06-01,6,2027,0.09,1.9,0.0,0.08
S3_reappro_100,CB101,ALIMENT_COMPLET,Village,Littoral,2027-06-01,6,2027,0.03,0.6,0.0,0.03
S3_reappro_100,CB200,ALIMENT_COMPLET,Buea,Littoral,2027-06-01,6,2027,1.42,28.4,40000.0,1.06
S3_reappro_100,CB200,ALIMENT_COMPLET,Ndobo,Littoral,2027-06-01,6,2027,4.35,86.9,40000.0,3.51
S3_reappro_100,CB200,ALIMENT_COMPLET,Nkongsamba,Littoral,2027-06-01,6,2027,1.0,20.1,40000.0,0.85
S3_reappro_100,CB200,ALIMENT_COMPLET,Pk11,Littoral,2027-06-01,6,2027,0.47,9.5,40000.0,0.11
S3_reappro_100,CB200,ALIMENT_COMPLET,Village,Littoral,2027-06-01,6,2027,3.07,61.5,40000.0,2.95
S3_reappro_100,CB201,ALIMENT_COMPLET,Ndobo,Littoral,2027-06-01,6,2027,0.06,1.2,0.0,0.02
S3_reappro_100,CB201,ALIMENT_COMPLET,Nkongsamba,Littoral,2027-06-01,6,2027,0.07,1.4,0.0,0.06
S3_reappro_100,CB201,ALIMENT_COMPLET,Pk11,Littoral,2027-06-01,6,2027,0.01,0.1,0.0,0.0
S3_reappro_100,CB201,ALIMENT_COMPLET,Village,Littoral,2027-06-01,6,2027,0.02,0.4,0.0,0.01
S3_reappro_100,ALAP25,ALIMENT_COMPLET,Ndobo,Littoral,2027-07-01,7,2027,0.09,1.8,0.0,0.0
S3_reappro_100,ALAP25,ALIMENT_COMPLET,Nkongsamba,Littoral,2027-07-01,7,2027,0.01,0.2,0.0,0.0
S3_reappro_100,ALAP25,ALIMENT_COMPLET,Pk11,Littoral,2027-07-01,7,2027,0.02,0.5,0.0,0.01
S3_reappro_100,ALAP25,ALIMENT_COMPLET,Village,Littoral,2027-07-01,7,2027,0.11,2.1,0.0,0.03
S3_reappro_100,CB100,ALIMENT_COMPLET,Buea,Littoral,2027-07-01,7,2027,5.19,103.8,42000.0,4.04
S3_reappro_100,CB100,ALIMENT_COMPLET,Ndobo,Littoral,2027-07-01,7,2027,6.91,138.2,42000.0,5.28
S3_reappro_100,CB100,ALIMENT_COMPLET,Nkongsamba,Littoral,2027-07-01,7,2027,4.0,80.0,42000.0,3.03
S3_reappro_100,CB100,ALIMENT_COMPLET,Pk11,Littoral,2027-07-01,7,2027,2.02,40.3,42000.0,1.4
S3_reappro_100,CB100,ALIMENT_COMPLET,Village,Littoral,2027-07-01,7,2027,4.83,96.7,42000.0,4.91
S3_reappro_100,CB101,ALIMENT_COMPLET,Ndobo,Littoral,2027-07-01,7,2027,0.03,0.6,0.0,0.01
S3_reappro_100,CB101,ALIMENT_COMPLET,Nkongsamba,Littoral,2027-07-01,7,2027,0.12,2.5,0.0,0.11
S3_reappro_100,CB101,ALIMENT_COMPLET,Village,Littoral,2027-07-01,7,2027,0.04,0.8,0.0,0.03
S3_reappro_100,CB200,ALIMENT_COMPLET,Buea,Littoral,2027-07-01,7,2027,1.9,38.1,40000.0,1.42
S3_reappro_100,CB200,ALIMENT_COMPLET,Ndobo,Littoral,2027-07-01,7,2027,5.83,116.7,40000.0,4.71
S3_reappro_100,CB200,ALIMENT_COMPLET,Nkongsamba,Littoral,2027-07-01,7,2027,1.35,26.9,40000.0,1.14
S3_reappro_100,CB200,ALIMENT_COMPLET,Pk11,Littoral,2027-07-01,7,2027,0.64,12.7,40000.0,0.14
S3_reappro_100,CB200,ALIMENT_COMPLET,Village,Littoral,2027-07-01,7,2027,4.12,82.5,40000.0,3.96
S3_reappro_100,CB201,ALIMENT_COMPLET,Ndobo,Littoral,2027-07-01,7,2027,0.08,1.6,0.0,0.03
S3_reappro_100,CB201,ALIMENT_COMPLET,Nkongsamba,Littoral,2027-07-01,7,2027,0.09,1.8,0.0,0.09
S3_reappro_100,CB201,ALIMENT_COMPLET,Pk11,Littoral,2027-07-01,7,2027,0.01,0.2,0.0,0.0
S3_reappro_100,CB201,ALIMENT_COMPLET,Village,Littoral,2027-07-01,7,2027,0.03,0.5,0.0,0.01
S3_reappro_100,ALAP25,ALIMENT_COMPLET,Ndobo,Littoral,2027-08-01,8,2027,0.09,1.8,0.0,0.0
S3_reappro_100,ALAP25,ALIMENT_COMPLET,Nkongsamba,Littoral,2027-08-01,8,2027,0.01,0.2,0.0,0.0
S3_reappro_100,ALAP25,ALIMENT_COMPLET,Pk11,Littoral,2027-08-01,8,2027,0.02,0.4,0.0,0.01
S3_reappro_100,ALAP25,ALIMENT_COMPLET,Village,Littoral,2027-08-01,8,2027,0.1,2.1,0.0,0.03
S3_reappro_100,CB100,ALIMENT_COMPLET,Buea,Littoral,2027-08-01,8,2027,5.05,101.1,42000.0,3.94
S3_reappro_100,CB100,ALIMENT_COMPLET,Ndobo,Littoral,2027-08-01,8,2027,6.73,134.6,42000.0,5.14
S3_reappro_100,CB100,ALIMENT_COMPLET,Nkongsamba,Littoral,2027-08-01,8,2027,3.9,77.9,42000.0,2.95
S3_reappro_100,CB100,ALIMENT_COMPLET,Pk11,Littoral,2027-08-01,8,2027,1.96,39.3,42000.0,1.37
S3_reappro_100,CB100,ALIMENT_COMPLET,Village,Littoral,2027-08-01,8,2027,4.71,94.1,42000.0,4.78
S3_reappro_100,CB101,ALIMENT_COMPLET,Ndobo,Littoral,2027-08-01,8,2027,0.03,0.6,0.0,0.01
S3_reappro_100,CB101,ALIMENT_COMPLET,Nkongsamba,Littoral,2027-08-01,8,2027,0.12,2.4,0.0,0.1
S3_reappro_100,CB101,ALIMENT_COMPLET,Village,Littoral,2027-08-01,8,2027,0.04,0.8,0.0,0.03
S3_reappro_100,CB200,ALIMENT_COMPLET,Buea,Littoral,2027-08-01,8,2027,1.85,37.1,40000.0,1.38
S3_reappro_100,CB200,ALIMENT_COMPLET,Ndobo,Littoral,2027-08-01,8,2027,5.68,113.6,40000.0,4.59
S3_reappro_100,CB200,ALIMENT_COMPLET,Nkongsamba,Littoral,2027-08-01,8,2027,1.31,26.2,40000.0,1.11
S3_reappro_100,CB200,ALIMENT_COMPLET,Pk11,Littoral,2027-08-01,8,2027,0.62,12.4,40000.0,0.14
S3_reappro_100,CB200,ALIMENT_COMPLET,Village,Littoral,2027-08-01,8,2027,4.02,80.3,40000.0,3.85
S3_reappro_100,CB201,ALIMENT_COMPLET,Ndobo,Littoral,2027-08-01,8,2027,0.08,1.6,0.0,0.02
S3_reappro_100,CB201,ALIMENT_COMPLET,Nkongsamba,Littoral,2027-08-01,8,2027,0.09,1.8,0.0,0.08
S3_reappro_100,CB201,ALIMENT_COMPLET,Pk11,Littoral,2027-08-01,8,2027,0.01,0.1,0.0,0.0
S3_reappro_100,CB201,ALIMENT_COMPLET,Village,Littoral,2027-08-01,8,2027,0.03,0.5,0.0,0.01
S3_reappro_100,ALAP25,ALIMENT_COMPLET,Ndobo,Littoral,2027-09-01,9,2027,0.22,4.4,0.0,0.0
S3_reappro_100,ALAP25,ALIMENT_COMPLET,Nkongsamba,Littoral,2027-09-01,9,2027,0.03,0.6,0.0,0.0
S3_reappro_100,ALAP25,ALIMENT_COMPLET,Pk11,Littoral,2027-09-01,9,2027,0.06,1.1,0.0,0.02
S3_reappro_100,ALAP25,ALIMENT_COMPLET,Village,Littoral,2027-09-01,9,2027,0.26,5.3,0.0,0.08
S3_reappro_100,CB100,ALIMENT_COMPLET,Buea,Littoral,2027-09-01,9,2027,12.72,254.5,42000.0,9.92
S3_reappro_100,CB100,ALIMENT_COMPLET,Ndobo,Littoral,2027-09-01,9,2027,16.94,338.8,42000.0,12.94
S3_reappro_100,CB100,ALIMENT_COMPLET,Nkongsamba,Littoral,2027-09-01,9,2027,9.81,196.2,42000.0,7.44
S3_reappro_100,CB100,ALIMENT_COMPLET,Pk11,Littoral,2027-09-01,9,2027,4.95,98.9,42000.0,3.44
S3_reappro_100,CB100,ALIMENT_COMPLET,Village,Littoral,2027-09-01,9,2027,11.85,237.0,42000.0,12.03
S3_reappro_100,CB101,ALIMENT_COMPLET,Ndobo,Littoral,2027-09-01,9,2027,0.08,1.5,0.0,0.03
S3_reappro_100,CB101,ALIMENT_COMPLET,Nkongsamba,Littoral,2027-09-01,9,2027,0.31,6.1,0.0,0.26
S3_reappro_100,CB101,ALIMENT_COMPLET,Village,Littoral,2027-09-01,9,2027,0.1,2.0,0.0,0.08
S3_reappro_100,CB200,ALIMENT_COMPLET,Buea,Littoral,2027-09-01,9,2027,4.67,93.3,40000.0,3.48
S3_reappro_100,CB200,ALIMENT_COMPLET,Ndobo,Littoral,2027-09-01,9,2027,14.3,286.1,40000.0,11.55
S3_reappro_100,CB200,ALIMENT_COMPLET,Nkongsamba,Littoral,2027-09-01,9,2027,3.3,66.0,40000.0,2.8
S3_reappro_100,CB200,ALIMENT_COMPLET,Pk11,Littoral,2027-09-01,9,2027,1.56,31.2,40000.0,0.35
S3_reappro_100,CB200,ALIMENT_COMPLET,Village,Littoral,2027-09-01,9,2027,10.11,202.3,40000.0,9.7
S3_reappro_100,CB201,ALIMENT_COMPLET,Ndobo,Littoral,2027-09-01,9,2027,0.2,3.9,0.0,0.06
S3_reappro_100,CB201,ALIMENT_COMPLET,Nkongsamba,Littoral,2027-09-01,9,2027,0.23,4.5,0.0,0.21
S3_reappro_100,CB201,ALIMENT_COMPLET,Pk11,Littoral,2027-09-01,9,2027,0.02,0.4,0.0,0.0
S3_reappro_100,CB201,ALIMENT_COMPLET,Village,Littoral,2027-09-01,9,2027,0.07,1.3,0.0,0.03
S3_reappro_100,ALAP25,ALIMENT_COMPLET,Ndobo,Littoral,2027-10-01,10,2027,0.07,1.4,0.0,0.0
S3_reappro_100,ALAP25,ALIMENT_COMPLET,Nkongsamba,Littoral,2027-10-01,10,2027,0.01,0.2,0.0,0.0
S3_reappro_100,ALAP25,ALIMENT_COMPLET,Pk11,Littoral,2027-10-01,10,2027,0.02,0.4,0.0,0.01
S3_reappro_100,ALAP25,ALIMENT_COMPLET,Village,Littoral,2027-10-01,10,2027,0.08,1.7,0.0,0.03
S3_reappro_100,CB100,ALIMENT_COMPLET,Buea,Littoral,2027-10-01,10,2027,4.03,80.6,42000.0,3.14
S3_reappro_100,CB100,ALIMENT_COMPLET,Ndobo,Littoral,2027-10-01,10,2027,5.37,107.3,42000.0,4.1
S3_reappro_100,CB100,ALIMENT_COMPLET,Nkongsamba,Littoral,2027-10-01,10,2027,3.11,62.2,42000.0,2.36
S3_reappro_100,CB100,ALIMENT_COMPLET,Pk11,Littoral,2027-10-01,10,2027,1.57,31.3,42000.0,1.09
S3_reappro_100,CB100,ALIMENT_COMPLET,Village,Littoral,2027-10-01,10,2027,3.76,75.1,42000.0,3.81
S3_reappro_100,CB101,ALIMENT_COMPLET,Ndobo,Littoral,2027-10-01,10,2027,0.02,0.5,0.0,0.01
S3_reappro_100,CB101,ALIMENT_COMPLET,Nkongsamba,Littoral,2027-10-01,10,2027,0.1,1.9,0.0,0.08
S3_reappro_100,CB101,ALIMENT_COMPLET,Village,Littoral,2027-10-01,10,2027,0.03,0.6,0.0,0.03
S3_reappro_100,CB200,ALIMENT_COMPLET,Buea,Littoral,2027-10-01,10,2027,1.48,29.6,40000.0,1.1
S3_reappro_100,CB200,ALIMENT_COMPLET,Ndobo,Littoral,2027-10-01,10,2027,4.53,90.6,40000.0,3.66
S3_reappro_100,CB200,ALIMENT_COMPLET,Nkongsamba,Littoral,2027-10-01,10,2027,1.05,20.9,40000.0,0.89
S3_reappro_100,CB200,ALIMENT_COMPLET,Pk11,Littoral,2027-10-01,10,2027,0.49,9.9,40000.0,0.11
S3_reappro_100,CB200,ALIMENT_COMPLET,Village,Littoral,2027-10-01,10,2027,3.2,64.1,40000.0,3.07
S3_reappro_100,CB201,ALIMENT_COMPLET,Ndobo,Littoral,2027-10-01,10,2027,0.06,1.2,0.0,0.02
S3_reappro_100,CB201,ALIMENT_COMPLET,Nkongsamba,Littoral,2027-10-01,10,2027,0.07,1.4,0.0,0.07
S3_reappro_100,CB201,ALIMENT_COMPLET,Pk11,Littoral,2027-10-01,10,2027,0.01,0.1,0.0,0.0
S3_reappro_100,CB201,ALIMENT_COMPLET,Village,Littoral,2027-10-01,10,2027,0.02,0.4,0.0,0.01
S3_reappro_100,ALAP25,ALIMENT_COMPLET,Ndobo,Littoral,2027-11-01,11,2027,0.04,0.8,0.0,0.0
S3_reappro_100,ALAP25,ALIMENT_COMPLET,Nkongsamba,Littoral,2027-11-01,11,2027,0.01,0.1,0.0,0.0
S3_reappro_100,ALAP25,ALIMENT_COMPLET,Pk11,Littoral,2027-11-01,11,2027,0.01,0.2,0.0,0.0
S3_reappro_100,ALAP25,ALIMENT_COMPLET,Village,Littoral,2027-11-01,11,2027,0.05,0.9,0.0,0.01
S3_reappro_100,CB100,ALIMENT_COMPLET,Buea,Littoral,2027-11-01,11,2027,2.21,44.3,42000.0,1.72
S3_reappro_100,CB100,ALIMENT_COMPLET,Ndobo,Littoral,2027-11-01,11,2027,2.95,58.9,42000.0,2.25
S3_reappro_100,CB100,ALIMENT_COMPLET,Nkongsamba,Littoral,2027-11-01,11,2027,1.71,34.1,42000.0,1.29
S3_reappro_100,CB100,ALIMENT_COMPLET,Pk11,Littoral,2027-11-01,11,2027,0.86,17.2,42000.0,0.6
S3_reappro_100,CB100,ALIMENT_COMPLET,Village,Littoral,2027-11-01,11,2027,2.06,41.2,42000.0,2.09
S3_reappro_100,CB101,ALIMENT_COMPLET,Ndobo,Littoral,2027-11-01,11,2027,0.01,0.3,0.0,0.01
S3_reappro_100,CB101,ALIMENT_COMPLET,Nkongsamba,Littoral,2027-11-01,11,2027,0.05,1.1,0.0,0.04
S3_reappro_100,CB101,ALIMENT_COMPLET,Village,Littoral,2027-11-01,11,2027,0.02,0.3,0.0,0.01
S3_reappro_100,CB200,ALIMENT_COMPLET,Buea,Littoral,2027-11-01,11,2027,0.81,16.2,40000.0,0.6
S3_reappro_100,CB200,ALIMENT_COMPLET,Ndobo,Littoral,2027-11-01,11,2027,2.49,49.8,40000.0,2.01
S3_reappro_100,CB200,ALIMENT_COMPLET,Nkongsamba,Littoral,2027-11-01,11,2027,0.57,11.5,40000.0,0.49
S3_reappro_100,CB200,ALIMENT_COMPLET,Pk11,Littoral,2027-11-01,11,2027,0.27,5.4,40000.0,0.06
S3_reappro_100,CB200,ALIMENT_COMPLET,Village,Littoral,2027-11-01,11,2027,1.76,35.2,40000.0,1.69
S3_reappro_100,CB201,ALIMENT_COMPLET,Ndobo,Littoral,2027-11-01,11,2027,0.03,0.7,0.0,0.01
S3_reappro_100,CB201,ALIMENT_COMPLET,Nkongsamba,Littoral,2027-11-01,11,2027,0.04,0.8,0.0,0.04
S3_reappro_100,CB201,ALIMENT_COMPLET,Pk11,Littoral,2027-11-01,11,2027,0.0,0.1,0.0,0.0
S3_reappro_100,CB201,ALIMENT_COMPLET,Village,Littoral,2027-11-01,11,2027,0.01,0.2,0.0,0.0
S3_reappro_100,ALAP25,ALIMENT_COMPLET,Ndobo,Littoral,2027-12-01,12,2027,0.0,0.0,0.0,0.0
S3_reappro_100,ALAP25,ALIMENT_COMPLET,Nkongsamba,Littoral,2027-12-01,12,2027,0.0,0.0,0.0,0.0
S3_reappro_100,ALAP25,ALIMENT_COMPLET,Pk11,Littoral,2027-12-01,12,2027,0.0,0.0,0.0,0.0
S3_reappro_100,ALAP25,ALIMENT_COMPLET,Village,Littoral,2027-12-01,12,2027,0.0,0.0,0.0,0.0
S3_reappro_100,CB100,ALIMENT_COMPLET,Buea,Littoral,2027-12-01,12,2027,0.0,0.0,42000.0,0.0
S3_reappro_100,CB100,ALIMENT_COMPLET,Ndobo,Littoral,2027-12-01,12,2027,0.0,0.0,42000.0,0.0
S3_reappro_100,CB100,ALIMENT_COMPLET,Nkongsamba,Littoral,2027-12-01,12,2027,0.0,0.0,42000.0,0.0
S3_reappro_100,CB100,ALIMENT_COMPLET,Pk11,Littoral,2027-12-01,12,2027,0.0,0.0,42000.0,0.0
S3_reappro_100,CB100,ALIMENT_COMPLET,Village,Littoral,2027-12-01,12,2027,0.0,0.0,42000.0,0.0
S3_reappro_100,CB101,ALIMENT_COMPLET,Ndobo,Littoral,2027-12-01,12,2027,0.0,0.0,0.0,0.0
S3_reappro_100,CB101,ALIMENT_COMPLET,Nkongsamba,Littoral,2027-12-01,12,2027,0.0,0.0,0.0,0.0
S3_reappro_100,CB101,ALIMENT_COMPLET,Village,Littoral,2027-12-01,12,2027,0.0,0.0,0.0,0.0
S3_reappro_100,CB200,ALIMENT_COMPLET,Buea,Littoral,2027-12-01,12,2027,0.0,0.0,40000.0,0.0
S3_reappro_100,CB200,ALIMENT_COMPLET,Ndobo,Littoral,2027-12-01,12,2027,0.0,0.0,40000.0,0.0
S3_reappro_100,CB200,ALIMENT_COMPLET,Nkongsamba,Littoral,2027-12-01,12,2027,0.0,0.0,40000.0,0.0
S3_reappro_100,CB200,ALIMENT_COMPLET,Pk11,Littoral,2027-12-01,12,2027,0.0,0.0,40000.0,0.0
S3_reappro_100,CB200,ALIMENT_COMPLET,Village,Littoral,2027-12-01,12,2027,0.0,0.0,40000.0,0.0
S3_reappro_100,CB201,ALIMENT_COMPLET,Ndobo,Littoral,2027-12-01,12,2027,0.0,0.0,0.0,0.0
S3_reappro_100,CB201,ALIMENT_COMPLET,Nkongsamba,Littoral,2027-12-01,12,2027,0.0,0.0,0.0,0.0
S3_reappro_100,CB201,ALIMENT_COMPLET,Pk11,Littoral,2027-12-01,12,2027,0.0,0.0,0.0,0.0
S3_reappro_100,CB201,ALIMENT_COMPLET,Village,Littoral,2027-12-01,12,2027,0.0,0.0,0.0,0.0
S3_reappro_100,ALAP25,ALIMENT_COMPLET,Famla,Ouest,2027-01-01,1,2027,0.24,4.7,0.0,0.03
S3_reappro_100,CB100,ALIMENT_COMPLET,Djeleng,Ouest,2027-01-01,1,2027,0.35,7.0,42000.0,0.28
S3_reappro_100,CB100,ALIMENT_COMPLET,Famla,Ouest,2027-01-01,1,2027,1.49,29.8,42000.0,1.14
S3_reappro_100,CB100,ALIMENT_COMPLET,Mbouda,Ouest,2027-01-01,1,2027,0.36,7.1,42000.0,0.29
S3_reappro_100,CB101,ALIMENT_COMPLET,Djeleng,Ouest,2027-01-01,1,2027,0.0,0.0,0.0,0.0
S3_reappro_100,CB101,ALIMENT_COMPLET,Famla,Ouest,2027-01-01,1,2027,0.01,0.2,0.0,0.0
S3_reappro_100,CB101,ALIMENT_COMPLET,Mbouda,Ouest,2027-01-01,1,2027,0.04,0.8,0.0,0.03
S3_reappro_100,CB200,ALIMENT_COMPLET,Djeleng,Ouest,2027-01-01,1,2027,0.45,9.1,40000.0,0.33
S3_reappro_100,CB200,ALIMENT_COMPLET,Famla,Ouest,2027-01-01,1,2027,0.9,18.0,40000.0,0.7
S3_reappro_100,CB200,ALIMENT_COMPLET,Mbouda,Ouest,2027-01-01,1,2027,0.83,16.6,40000.0,0.72
S3_reappro_100,CB201,ALIMENT_COMPLET,Djeleng,Ouest,2027-01-01,1,2027,0.01,0.1,0.0,0.01
S3_reappro_100,CB201,ALIMENT_COMPLET,Famla,Ouest,2027-01-01,1,2027,0.0,0.1,0.0,0.0
S3_reappro_100,CB201,ALIMENT_COMPLET,Mbouda,Ouest,2027-01-01,1,2027,0.08,1.7,0.0,0.07
S3_reappro_100,ALAP25,ALIMENT_COMPLET,Famla,Ouest,2027-02-01,2,2027,1.06,21.1,0.0,0.15
S3_reappro_100,CB100,ALIMENT_COMPLET,Djeleng,Ouest,2027-02-01,2,2027,1.56,31.2,42000.0,1.24
S3_reappro_100,CB100,ALIMENT_COMPLET,Famla,Ouest,2027-02-01,2,2027,6.67,133.4,42000.0,5.1
S3_reappro_100,CB100,ALIMENT_COMPLET,Mbouda,Ouest,2027-02-01,2,2027,1.59,31.8,42000.0,1.29
S3_reappro_100,CB101,ALIMENT_COMPLET,Djeleng,Ouest,2027-02-01,2,2027,0.01,0.2,0.0,0.01
S3_reappro_100,CB101,ALIMENT_COMPLET,Famla,Ouest,2027-02-01,2,2027,0.05,1.0,0.0,0.01
S3_reappro_100,CB101,ALIMENT_COMPLET,Mbouda,Ouest,2027-02-01,2,2027,0.18,3.6,0.0,0.12
S3_reappro_100,CB200,ALIMENT_COMPLET,Djeleng,Ouest,2027-02-01,2,2027,2.02,40.5,40000.0,1.47
S3_reappro_100,CB200,ALIMENT_COMPLET,Famla,Ouest,2027-02-01,2,2027,4.02,80.3,40000.0,3.11
S3_reappro_100,CB200,ALIMENT_COMPLET,Mbouda,Ouest,2027-02-01,2,2027,3.7,74.0,40000.0,3.2
S3_reappro_100,CB201,ALIMENT_COMPLET,Djeleng,Ouest,2027-02-01,2,2027,0.03,0.5,0.0,0.02
S3_reappro_100,CB201,ALIMENT_COMPLET,Famla,Ouest,2027-02-01,2,2027,0.02,0.4,0.0,0.02
S3_reappro_100,CB201,ALIMENT_COMPLET,Mbouda,Ouest,2027-02-01,2,2027,0.38,7.5,0.0,0.29
S3_reappro_100,ALAP25,ALIMENT_COMPLET,Famla,Ouest,2027-03-01,3,2027,0.72,14.3,0.0,0.1
S3_reappro_100,CB100,ALIMENT_COMPLET,Djeleng,Ouest,2027-03-01,3,2027,1.06,21.1,42000.0,0.84
S3_reappro_100,CB100,ALIMENT_COMPLET,Famla,Ouest,2027-03-01,3,2027,4.52,90.3,42000.0,3.45
S3_reappro_100,CB100,ALIMENT_COMPLET,Mbouda,Ouest,2027-03-01,3,2027,1.08,21.5,42000.0,0.87
S3_reappro_100,CB101,ALIMENT_COMPLET,Djeleng,Ouest,2027-03-01,3,2027,0.01,0.1,0.0,0.01
S3_reappro_100,CB101,ALIMENT_COMPLET,Famla,Ouest,2027-03-01,3,2027,0.03,0.7,0.0,0.01
S3_reappro_100,CB101,ALIMENT_COMPLET,Mbouda,Ouest,2027-03-01,3,2027,0.12,2.5,0.0,0.08
S3_reappro_100,CB200,ALIMENT_COMPLET,Djeleng,Ouest,2027-03-01,3,2027,1.37,27.4,40000.0,1.0
S3_reappro_100,CB200,ALIMENT_COMPLET,Famla,Ouest,2027-03-01,3,2027,2.72,54.4,40000.0,2.11
S3_reappro_100,CB200,ALIMENT_COMPLET,Mbouda,Ouest,2027-03-01,3,2027,2.51,50.1,40000.0,2.17
S3_reappro_100,CB201,ALIMENT_COMPLET,Djeleng,Ouest,2027-03-01,3,2027,0.02,0.3,0.0,0.02
S3_reappro_100,CB201,ALIMENT_COMPLET,Famla,Ouest,2027-03-01,3,2027,0.01,0.3,0.0,0.01
S3_reappro_100,CB201,ALIMENT_COMPLET,Mbouda,Ouest,2027-03-01,3,2027,0.25,5.1,0.0,0.2
S3_reappro_100,ALAP25,ALIMENT_COMPLET,Famla,Ouest,2027-04-01,4,2027,0.7,14.1,0.0,0.1
S3_reappro_100,CB100,ALIMENT_COMPLET,Djeleng,Ouest,2027-04-01,4,2027,1.04,20.7,42000.0,0.83
S3_reappro_100,CB100,ALIMENT_COMPLET,Famla,Ouest,2027-04-01,4,2027,4.43,88.6,42000.0,3.39
S3_reappro_100,CB100,ALIMENT_COMPLET,Mbouda,Ouest,2027-04-01,4,2027,1.06,21.1,42000.0,0.85
S3_reappro_100,CB101,ALIMENT_COMPLET,Djeleng,Ouest,2027-04-01,4,2027,0.01,0.1,0.0,0.01
S3_reappro_100,CB101,ALIMENT_COMPLET,Famla,Ouest,2027-04-01,4,2027,0.03,0.7,0.0,0.01
S3_reappro_100,CB101,ALIMENT_COMPLET,Mbouda,Ouest,2027-04-01,4,2027,0.12,2.4,0.0,0.08
S3_reappro_100,CB200,ALIMENT_COMPLET,Djeleng,Ouest,2027-04-01,4,2027,1.35,26.9,40000.0,0.98
S3_reappro_100,CB200,ALIMENT_COMPLET,Famla,Ouest,2027-04-01,4,2027,2.67,53.4,40000.0,2.07
S3_reappro_100,CB200,ALIMENT_COMPLET,Mbouda,Ouest,2027-04-01,4,2027,2.46,49.2,40000.0,2.13
S3_reappro_100,CB201,ALIMENT_COMPLET,Djeleng,Ouest,2027-04-01,4,2027,0.02,0.3,0.0,0.02
S3_reappro_100,CB201,ALIMENT_COMPLET,Famla,Ouest,2027-04-01,4,2027,0.01,0.3,0.0,0.01
S3_reappro_100,CB201,ALIMENT_COMPLET,Mbouda,Ouest,2027-04-01,4,2027,0.25,5.0,0.0,0.19
S3_reappro_100,ALAP25,ALIMENT_COMPLET,Famla,Ouest,2027-05-01,5,2027,0.5,9.9,0.0,0.07
S3_reappro_100,CB100,ALIMENT_COMPLET,Djeleng,Ouest,2027-05-01,5,2027,0.73,14.7,42000.0,0.59
S3_reappro_100,CB100,ALIMENT_COMPLET,Famla,Ouest,2027-05-01,5,2027,3.13,62.7,42000.0,2.4
S3_reappro_100,CB100,ALIMENT_COMPLET,Mbouda,Ouest,2027-05-01,5,2027,0.75,14.9,42000.0,0.6
S3_reappro_100,CB101,ALIMENT_COMPLET,Djeleng,Ouest,2027-05-01,5,2027,0.0,0.1,0.0,0.0
S3_reappro_100,CB101,ALIMENT_COMPLET,Famla,Ouest,2027-05-01,5,2027,0.02,0.5,0.0,0.0
S3_reappro_100,CB101,ALIMENT_COMPLET,Mbouda,Ouest,2027-05-01,5,2027,0.09,1.7,0.0,0.06
S3_reappro_100,CB200,ALIMENT_COMPLET,Djeleng,Ouest,2027-05-01,5,2027,0.95,19.0,40000.0,0.69
S3_reappro_100,CB200,ALIMENT_COMPLET,Famla,Ouest,2027-05-01,5,2027,1.89,37.8,40000.0,1.46
S3_reappro_100,CB200,ALIMENT_COMPLET,Mbouda,Ouest,2027-05-01,5,2027,1.74,34.8,40000.0,1.51
S3_reappro_100,CB201,ALIMENT_COMPLET,Djeleng,Ouest,2027-05-01,5,2027,0.01,0.2,0.0,0.01
S3_reappro_100,CB201,ALIMENT_COMPLET,Famla,Ouest,2027-05-01,5,2027,0.01,0.2,0.0,0.01
S3_reappro_100,CB201,ALIMENT_COMPLET,Mbouda,Ouest,2027-05-01,5,2027,0.18,3.5,0.0,0.14
S3_reappro_100,ALAP25,ALIMENT_COMPLET,Famla,Ouest,2027-06-01,6,2027,0.39,7.7,0.0,0.06
S3_reappro_100,CB100,ALIMENT_COMPLET,Djeleng,Ouest,2027-06-01,6,2027,0.57,11.4,42000.0,0.45
S3_reappro_100,CB100,ALIMENT_COMPLET,Famla,Ouest,2027-06-01,6,2027,2.43,48.7,42000.0,1.86
S3_reappro_100,CB100,ALIMENT_COMPLET,Mbouda,Ouest,2027-06-01,6,2027,0.58,11.6,42000.0,0.47
S3_reappro_100,CB101,ALIMENT_COMPLET,Djeleng,Ouest,2027-06-01,6,2027,0.0,0.1,0.0,0.0
S3_reappro_100,CB101,ALIMENT_COMPLET,Famla,Ouest,2027-06-01,6,2027,0.02,0.4,0.0,0.0
S3_reappro_100,CB101,ALIMENT_COMPLET,Mbouda,Ouest,2027-06-01,6,2027,0.07,1.3,0.0,0.04
S3_reappro_100,CB200,ALIMENT_COMPLET,Djeleng,Ouest,2027-06-01,6,2027,0.74,14.8,40000.0,0.54
S3_reappro_100,CB200,ALIMENT_COMPLET,Famla,Ouest,2027-06-01,6,2027,1.47,29.3,40000.0,1.14
S3_reappro_100,CB200,ALIMENT_COMPLET,Mbouda,Ouest,2027-06-01,6,2027,1.35,27.0,40000.0,1.17
S3_reappro_100,CB201,ALIMENT_COMPLET,Djeleng,Ouest,2027-06-01,6,2027,0.01,0.2,0.0,0.01
S3_reappro_100,CB201,ALIMENT_COMPLET,Famla,Ouest,2027-06-01,6,2027,0.01,0.2,0.0,0.01
S3_reappro_100,CB201,ALIMENT_COMPLET,Mbouda,Ouest,2027-06-01,6,2027,0.14,2.7,0.0,0.11
S3_reappro_100,ALAP25,ALIMENT_COMPLET,Famla,Ouest,2027-07-01,7,2027,1.01,20.2,0.0,0.15
S3_reappro_100,CB100,ALIMENT_COMPLET,Djeleng,Ouest,2027-07-01,7,2027,1.49,29.8,42000.0,1.19
S3_reappro_100,CB100,ALIMENT_COMPLET,Famla,Ouest,2027-07-01,7,2027,6.37,127.4,42000.0,4.87
S3_reappro_100,CB100,ALIMENT_COMPLET,Mbouda,Ouest,2027-07-01,7,2027,1.52,30.3,42000.0,1.23
S3_reappro_100,CB101,ALIMENT_COMPLET,Djeleng,Ouest,2027-07-01,7,2027,0.01,0.2,0.0,0.01
S3_reappro_100,CB101,ALIMENT_COMPLET,Famla,Ouest,2027-07-01,7,2027,0.05,1.0,0.0,0.01
S3_reappro_100,CB101,ALIMENT_COMPLET,Mbouda,Ouest,2027-07-01,7,2027,0.17,3.5,0.0,0.11
S3_reappro_100,CB200,ALIMENT_COMPLET,Djeleng,Ouest,2027-07-01,7,2027,1.93,38.7,40000.0,1.41
S3_reappro_100,CB200,ALIMENT_COMPLET,Famla,Ouest,2027-07-01,7,2027,3.84,76.7,40000.0,2.97
S3_reappro_100,CB200,ALIMENT_COMPLET,Mbouda,Ouest,2027-07-01,7,2027,3.53,70.7,40000.0,3.06
S3_reappro_100,CB201,ALIMENT_COMPLET,Djeleng,Ouest,2027-07-01,7,2027,0.02,0.5,0.0,0.02
S3_reappro_100,CB201,ALIMENT_COMPLET,Famla,Ouest,2027-07-01,7,2027,0.02,0.4,0.0,0.02
S3_reappro_100,CB201,ALIMENT_COMPLET,Mbouda,Ouest,2027-07-01,7,2027,0.36,7.2,0.0,0.28
S3_reappro_100,ALAP25,ALIMENT_COMPLET,Famla,Ouest,2027-08-01,8,2027,0.86,17.2,0.0,0.12
S3_reappro_100,CB100,ALIMENT_COMPLET,Djeleng,Ouest,2027-08-01,8,2027,1.27,25.3,42000.0,1.01
S3_reappro_100,CB100,ALIMENT_COMPLET,Famla,Ouest,2027-08-01,8,2027,5.41,108.3,42000.0,4.14
S3_reappro_100,CB100,ALIMENT_COMPLET,Mbouda,Ouest,2027-08-01,8,2027,1.29,25.8,42000.0,1.04
S3_reappro_100,CB101,ALIMENT_COMPLET,Djeleng,Ouest,2027-08-01,8,2027,0.01,0.1,0.0,0.01
S3_reappro_100,CB101,ALIMENT_COMPLET,Famla,Ouest,2027-08-01,8,2027,0.04,0.8,0.0,0.01
S3_reappro_100,CB101,ALIMENT_COMPLET,Mbouda,Ouest,2027-08-01,8,2027,0.15,2.9,0.0,0.1
S3_reappro_100,CB200,ALIMENT_COMPLET,Djeleng,Ouest,2027-08-01,8,2027,1.64,32.9,40000.0,1.19
S3_reappro_100,CB200,ALIMENT_COMPLET,Famla,Ouest,2027-08-01,8,2027,3.26,65.2,40000.0,2.53
S3_reappro_100,CB200,ALIMENT_COMPLET,Mbouda,Ouest,2027-08-01,8,2027,3.01,60.1,40000.0,2.6
S3_reappro_100,CB201,ALIMENT_COMPLET,Djeleng,Ouest,2027-08-01,8,2027,0.02,0.4,0.0,0.02
S3_reappro_100,CB201,ALIMENT_COMPLET,Famla,Ouest,2027-08-01,8,2027,0.02,0.3,0.0,0.02
S3_reappro_100,CB201,ALIMENT_COMPLET,Mbouda,Ouest,2027-08-01,8,2027,0.3,6.1,0.0,0.24
S3_reappro_100,ALAP25,ALIMENT_COMPLET,Famla,Ouest,2027-09-01,9,2027,1.06,21.2,0.0,0.15
S3_reappro_100,CB100,ALIMENT_COMPLET,Djeleng,Ouest,2027-09-01,9,2027,1.56,31.2,42000.0,1.25
S3_reappro_100,CB100,ALIMENT_COMPLET,Famla,Ouest,2027-09-01,9,2027,6.68,133.5,42000.0,5.1
S3_reappro_100,CB100,ALIMENT_COMPLET,Mbouda,Ouest,2027-09-01,9,2027,1.59,31.8,42000.0,1.29
S3_reappro_100,CB101,ALIMENT_COMPLET,Djeleng,Ouest,2027-09-01,9,2027,0.01,0.2,0.0,0.01
S3_reappro_100,CB101,ALIMENT_COMPLET,Famla,Ouest,2027-09-01,9,2027,0.05,1.0,0.0,0.01
S3_reappro_100,CB101,ALIMENT_COMPLET,Mbouda,Ouest,2027-09-01,9,2027,0.18,3.6,0.0,0.12
S3_reappro_100,CB200,ALIMENT_COMPLET,Djeleng,Ouest,2027-09-01,9,2027,2.03,40.5,40000.0,1.47
S3_reappro_100,CB200,ALIMENT_COMPLET,Famla,Ouest,2027-09-01,9,2027,4.02,80.5,40000.0,3.12
S3_reappro_100,CB200,ALIMENT_COMPLET,Mbouda,Ouest,2027-09-01,9,2027,3.71,74.1,40000.0,3.21
S3_reappro_100,CB201,ALIMENT_COMPLET,Djeleng,Ouest,2027-09-01,9,2027,0.03,0.5,0.0,0.02
S3_reappro_100,CB201,ALIMENT_COMPLET,Famla,Ouest,2027-09-01,9,2027,0.02,0.4,0.0,0.02
S3_reappro_100,CB201,ALIMENT_COMPLET,Mbouda,Ouest,2027-09-01,9,2027,0.38,7.5,0.0,0.29
S3_reappro_100,ALAP25,ALIMENT_COMPLET,Famla,Ouest,2027-10-01,10,2027,0.36,7.3,0.0,0.05
S3_reappro_100,CB100,ALIMENT_COMPLET,Djeleng,Ouest,2027-10-01,10,2027,0.54,10.7,42000.0,0.43
S3_reappro_100,CB100,ALIMENT_COMPLET,Famla,Ouest,2027-10-01,10,2027,2.29,45.9,42000.0,1.75
S3_reappro_100,CB100,ALIMENT_COMPLET,Mbouda,Ouest,2027-10-01,10,2027,0.55,10.9,42000.0,0.44
S3_reappro_100,CB101,ALIMENT_COMPLET,Djeleng,Ouest,2027-10-01,10,2027,0.0,0.1,0.0,0.0
S3_reappro_100,CB101,ALIMENT_COMPLET,Famla,Ouest,2027-10-01,10,2027,0.02,0.3,0.0,0.0
S3_reappro_100,CB101,ALIMENT_COMPLET,Mbouda,Ouest,2027-10-01,10,2027,0.06,1.2,0.0,0.04
S3_reappro_100,CB200,ALIMENT_COMPLET,Djeleng,Ouest,2027-10-01,10,2027,0.7,13.9,40000.0,0.51
S3_reappro_100,CB200,ALIMENT_COMPLET,Famla,Ouest,2027-10-01,10,2027,1.38,27.7,40000.0,1.07
S3_reappro_100,CB200,ALIMENT_COMPLET,Mbouda,Ouest,2027-10-01,10,2027,1.27,25.5,40000.0,1.1
S3_reappro_100,CB201,ALIMENT_COMPLET,Djeleng,Ouest,2027-10-01,10,2027,0.01,0.2,0.0,0.01
S3_reappro_100,CB201,ALIMENT_COMPLET,Famla,Ouest,2027-10-01,10,2027,0.01,0.1,0.0,0.01
S3_reappro_100,CB201,ALIMENT_COMPLET,Mbouda,Ouest,2027-10-01,10,2027,0.13,2.6,0.0,0.1
S3_reappro_100,ALAP25,ALIMENT_COMPLET,Famla,Ouest,2027-11-01,11,2027,0.52,10.5,0.0,0.08
S3_reappro_100,CB100,ALIMENT_COMPLET,Djeleng,Ouest,2027-11-01,11,2027,0.77,15.4,42000.0,0.62
S3_reappro_100,CB100,ALIMENT_COMPLET,Famla,Ouest,2027-11-01,11,2027,3.3,66.0,42000.0,2.52
S3_reappro_100,CB100,ALIMENT_COMPLET,Mbouda,Ouest,2027-11-01,11,2027,0.79,15.7,42000.0,0.64
S3_reappro_100,CB101,ALIMENT_COMPLET,Djeleng,Ouest,2027-11-01,11,2027,0.0,0.1,0.0,0.0
S3_reappro_100,CB101,ALIMENT_COMPLET,Famla,Ouest,2027-11-01,11,2027,0.03,0.5,0.0,0.0
S3_reappro_100,CB101,ALIMENT_COMPLET,Mbouda,Ouest,2027-11-01,11,2027,0.09,1.8,0.0,0.06
S3_reappro_100,CB200,ALIMENT_COMPLET,Djeleng,Ouest,2027-11-01,11,2027,1.0,20.0,40000.0,0.73
S3_reappro_100,CB200,ALIMENT_COMPLET,Famla,Ouest,2027-11-01,11,2027,1.99,39.8,40000.0,1.54
S3_reappro_100,CB200,ALIMENT_COMPLET,Mbouda,Ouest,2027-11-01,11,2027,1.83,36.6,40000.0,1.59
S3_reappro_100,CB201,ALIMENT_COMPLET,Djeleng,Ouest,2027-11-01,11,2027,0.01,0.3,0.0,0.01
S3_reappro_100,CB201,ALIMENT_COMPLET,Famla,Ouest,2027-11-01,11,2027,0.01,0.2,0.0,0.01
S3_reappro_100,CB201,ALIMENT_COMPLET,Mbouda,Ouest,2027-11-01,11,2027,0.19,3.7,0.0,0.14
S3_reappro_100,ALAP25,ALIMENT_COMPLET,Famla,Ouest,2027-12-01,12,2027,0.83,16.5,0.0,0.12
S3_reappro_100,CB100,ALIMENT_COMPLET,Djeleng,Ouest,2027-12-01,12,2027,1.22,24.4,42000.0,0.97
S3_reappro_100,CB100,ALIMENT_COMPLET,Famla,Ouest,2027-12-01,12,2027,5.21,104.2,42000.0,3.98
S3_reappro_100,CB100,ALIMENT_COMPLET,Mbouda,Ouest,2027-12-01,12,2027,1.24,24.8,42000.0,1.0
S3_reappro_100,CB101,ALIMENT_COMPLET,Djeleng,Ouest,2027-12-01,12,2027,0.01,0.1,0.0,0.01
S3_reappro_100,CB101,ALIMENT_COMPLET,Famla,Ouest,2027-12-01,12,2027,0.04,0.8,0.0,0.01
S3_reappro_100,CB101,ALIMENT_COMPLET,Mbouda,Ouest,2027-12-01,12,2027,0.14,2.8,0.0,0.09
S3_reappro_100,CB200,ALIMENT_COMPLET,Djeleng,Ouest,2027-12-01,12,2027,1.58,31.6,40000.0,1.15
S3_reappro_100,CB200,ALIMENT_COMPLET,Famla,Ouest,2027-12-01,12,2027,3.14,62.8,40000.0,2.43
S3_reappro_100,CB200,ALIMENT_COMPLET,Mbouda,Ouest,2027-12-01,12,2027,2.89,57.8,40000.0,2.5
S3_reappro_100,CB201,ALIMENT_COMPLET,Djeleng,Ouest,2027-12-01,12,2027,0.02,0.4,0.0,0.02
S3_reappro_100,CB201,ALIMENT_COMPLET,Famla,Ouest,2027-12-01,12,2027,0.02,0.3,0.0,0.02
S3_reappro_100,CB201,ALIMENT_COMPLET,Mbouda,Ouest,2027-12-01,12,2027,0.29,5.9,0.0,0.23
S3_reappro_100,CA001.1,COMPLEMENT_ALIMENTAIRE,Ahala,Centre,2027-01-01,1,2027,0.0,0.0,5500.0,0.0
S3_reappro_100,CA001.1,COMPLEMENT_ALIMENTAIRE,Bertoua,Centre,2027-01-01,1,2027,0.0,0.0,5500.0,0.01
S3_reappro_100,CA001.1,COMPLEMENT_ALIMENTAIRE,Messassi,Centre,2027-01-01,1,2027,0.0,0.0,5500.0,0.02
S3_reappro_100,CA001.1,COMPLEMENT_ALIMENTAIRE,Ngaoundere,Centre,2027-01-01,1,2027,0.0,0.0,5500.0,0.0
S3_reappro_100,CA001.1,COMPLEMENT_ALIMENTAIRE,Nkoabang,Centre,2027-01-01,1,2027,0.0,0.0,5500.0,0.0
S3_reappro_100,CA001.1,COMPLEMENT_ALIMENTAIRE,Nkolbisson,Centre,2027-01-01,1,2027,0.0,0.0,5500.0,0.0
S3_reappro_100,CA002.1,COMPLEMENT_ALIMENTAIRE,Ahala,Centre,2027-01-01,1,2027,0.0,0.0,10500.0,0.0
S3_reappro_100,CA002.1,COMPLEMENT_ALIMENTAIRE,Bertoua,Centre,2027-01-01,1,2027,0.0,0.0,10500.0,0.01
S3_reappro_100,CA002.1,COMPLEMENT_ALIMENTAIRE,Messassi,Centre,2027-01-01,1,2027,0.01,0.0,10500.0,0.06
S3_reappro_100,CA002.1,COMPLEMENT_ALIMENTAIRE,Ngaoundere,Centre,2027-01-01,1,2027,0.0,0.0,10500.0,0.0
S3_reappro_100,CA002.1,COMPLEMENT_ALIMENTAIRE,Nkoabang,Centre,2027-01-01,1,2027,0.0,0.0,10500.0,0.01
S3_reappro_100,CA003.1,COMPLEMENT_ALIMENTAIRE,Ahala,Centre,2027-01-01,1,2027,0.0,0.0,8000.0,0.04
S3_reappro_100,CA003.1,COMPLEMENT_ALIMENTAIRE,Bertoua,Centre,2027-01-01,1,2027,0.0,0.0,8000.0,0.02
S3_reappro_100,CA003.1,COMPLEMENT_ALIMENTAIRE,Messassi,Centre,2027-01-01,1,2027,0.01,0.0,8000.0,0.05
S3_reappro_100,CA003.1,COMPLEMENT_ALIMENTAIRE,Ngaoundere,Centre,2027-01-01,1,2027,0.0,0.0,8000.0,0.0
S3_reappro_100,CA003.1,COMPLEMENT_ALIMENTAIRE,Nkoabang,Centre,2027-01-01,1,2027,0.0,0.0,8000.0,0.03
S3_reappro_100,CA003.1,COMPLEMENT_ALIMENTAIRE,Nkolbisson,Centre,2027-01-01,1,2027,0.0,0.0,8000.0,0.0
S3_reappro_100,CA004.1,COMPLEMENT_ALIMENTAIRE,Ahala,Centre,2027-01-01,1,2027,0.0,0.0,9800.0,0.02
S3_reappro_100,CA004.1,COMPLEMENT_ALIMENTAIRE,Bertoua,Centre,2027-01-01,1,2027,0.0,0.0,9800.0,0.0
S3_reappro_100,CA004.1,COMPLEMENT_ALIMENTAIRE,Messassi,Centre,2027-01-01,1,2027,0.0,0.0,9800.0,0.05
S3_reappro_100,CA004.1,COMPLEMENT_ALIMENTAIRE,Ngaoundere,Centre,2027-01-01,1,2027,0.0,0.0,9800.0,0.0
S3_reappro_100,CA004.1,COMPLEMENT_ALIMENTAIRE,Nkoabang,Centre,2027-01-01,1,2027,0.0,0.0,9800.0,0.02
S3_reappro_100,CA004.1,COMPLEMENT_ALIMENTAIRE,Nkolbisson,Centre,2027-01-01,1,2027,0.0,0.0,9800.0,0.0
S3_reappro_100,CA005.1,COMPLEMENT_ALIMENTAIRE,Ahala,Centre,2027-01-01,1,2027,0.0,0.0,15000.0,0.0
S3_reappro_100,CA005.1,COMPLEMENT_ALIMENTAIRE,Bertoua,Centre,2027-01-01,1,2027,0.0,0.0,15000.0,0.0
S3_reappro_100,CA005.1,COMPLEMENT_ALIMENTAIRE,Messassi,Centre,2027-01-01,1,2027,0.0,0.0,15000.0,0.03
S3_reappro_100,CA005.1,COMPLEMENT_ALIMENTAIRE,Ngaoundere,Centre,2027-01-01,1,2027,0.0,0.0,15000.0,0.0
S3_reappro_100,CA005.1,COMPLEMENT_ALIMENTAIRE,Nkoabang,Centre,2027-01-01,1,2027,0.0,0.0,15000.0,0.01
S3_reappro_100,CA006.1,COMPLEMENT_ALIMENTAIRE,Ahala,Centre,2027-01-01,1,2027,0.0,0.0,6500.0,0.01
S3_reappro_100,CA006.1,COMPLEMENT_ALIMENTAIRE,Bertoua,Centre,2027-01-01,1,2027,0.0,0.0,6500.0,0.01
S3_reappro_100,CA006.1,COMPLEMENT_ALIMENTAIRE,Messassi,Centre,2027-01-01,1,2027,0.0,0.0,6500.0,0.01
S3_reappro_100,CA006.1,COMPLEMENT_ALIMENTAIRE,Ngaoundere,Centre,2027-01-01,1,2027,0.0,0.0,6500.0,0.0
S3_reappro_100,CA006.1,COMPLEMENT_ALIMENTAIRE,Nkoabang,Centre,2027-01-01,1,2027,0.0,0.0,6500.0,0.0
S3_reappro_100,CA006.1,COMPLEMENT_ALIMENTAIRE,Nkolbisson,Centre,2027-01-01,1,2027,0.0,0.0,6500.0,0.0
S3_reappro_100,CA007.1,COMPLEMENT_ALIMENTAIRE,Ahala,Centre,2027-01-01,1,2027,0.0,0.0,8000.0,0.0
S3_reappro_100,CA007.1,COMPLEMENT_ALIMENTAIRE,Bertoua,Centre,2027-01-01,1,2027,0.0,0.0,8000.0,0.01
S3_reappro_100,CA007.1,COMPLEMENT_ALIMENTAIRE,Messassi,Centre,2027-01-01,1,2027,0.0,0.0,8000.0,0.04
S3_reappro_100,CA007.1,COMPLEMENT_ALIMENTAIRE,Nkoabang,Centre,2027-01-01,1,2027,0.0,0.0,8000.0,0.01
S3_reappro_100,CA008.1,COMPLEMENT_ALIMENTAIRE,Ahala,Centre,2027-01-01,1,2027,0.0,0.0,14000.0,0.01
S3_reappro_100,CA008.1,COMPLEMENT_ALIMENTAIRE,Bertoua,Centre,2027-01-01,1,2027,0.0,0.0,14000.0,0.01
S3_reappro_100,CA008.1,COMPLEMENT_ALIMENTAIRE,Messassi,Centre,2027-01-01,1,2027,0.0,0.0,14000.0,0.02
S3_reappro_100,CA008.1,COMPLEMENT_ALIMENTAIRE,Ngaoundere,Centre,2027-01-01,1,2027,0.0,0.0,14000.0,0.0
S3_reappro_100,CA008.1,COMPLEMENT_ALIMENTAIRE,Nkoabang,Centre,2027-01-01,1,2027,0.0,0.0,14000.0,0.01
S3_reappro_100,V300,COMPLEMENT_ALIMENTAIRE,Ahala,Centre,2027-01-01,1,2027,0.02,0.0,2500.0,0.06
S3_reappro_100,V300,COMPLEMENT_ALIMENTAIRE,Bertoua,Centre,2027-01-01,1,2027,0.01,0.0,2500.0,0.02
S3_reappro_100,V300,COMPLEMENT_ALIMENTAIRE,Messassi,Centre,2027-01-01,1,2027,0.05,0.0,2500.0,0.1
S3_reappro_100,V300,COMPLEMENT_ALIMENTAIRE,Ngaoundere,Centre,2027-01-01,1,2027,0.01,0.0,2500.0,0.01
S3_reappro_100,V300,COMPLEMENT_ALIMENTAIRE,Nkoabang,Centre,2027-01-01,1,2027,0.01,0.0,2500.0,0.04
S3_reappro_100,V300,COMPLEMENT_ALIMENTAIRE,Nkolbisson,Centre,2027-01-01,1,2027,0.0,0.0,2500.0,0.0
S3_reappro_100,CA001.1,COMPLEMENT_ALIMENTAIRE,Ahala,Centre,2027-02-01,2,2027,0.0,0.0,5500.0,0.0
S3_reappro_100,CA001.1,COMPLEMENT_ALIMENTAIRE,Bertoua,Centre,2027-02-01,2,2027,0.0,0.0,5500.0,0.0
S3_reappro_100,CA001.1,COMPLEMENT_ALIMENTAIRE,Messassi,Centre,2027-02-01,2,2027,0.0,0.0,5500.0,0.01
S3_reappro_100,CA001.1,COMPLEMENT_ALIMENTAIRE,Ngaoundere,Centre,2027-02-01,2,2027,0.0,0.0,5500.0,0.0
S3_reappro_100,CA001.1,COMPLEMENT_ALIMENTAIRE,Nkoabang,Centre,2027-02-01,2,2027,0.0,0.0,5500.0,0.0
S3_reappro_100,CA001.1,COMPLEMENT_ALIMENTAIRE,Nkolbisson,Centre,2027-02-01,2,2027,0.0,0.0,5500.0,0.0
S3_reappro_100,CA002.1,COMPLEMENT_ALIMENTAIRE,Ahala,Centre,2027-02-01,2,2027,0.0,0.0,10500.0,0.0
S3_reappro_100,CA002.1,COMPLEMENT_ALIMENTAIRE,Bertoua,Centre,2027-02-01,2,2027,0.0,0.0,10500.0,0.01
S3_reappro_100,CA002.1,COMPLEMENT_ALIMENTAIRE,Messassi,Centre,2027-02-01,2,2027,0.0,0.0,10500.0,0.05
S3_reappro_100,CA002.1,COMPLEMENT_ALIMENTAIRE,Ngaoundere,Centre,2027-02-01,2,2027,0.0,0.0,10500.0,0.0
S3_reappro_100,CA002.1,COMPLEMENT_ALIMENTAIRE,Nkoabang,Centre,2027-02-01,2,2027,0.0,0.0,10500.0,0.01
S3_reappro_100,CA003.1,COMPLEMENT_ALIMENTAIRE,Ahala,Centre,2027-02-01,2,2027,0.0,0.0,8000.0,0.03
S3_reappro_100,CA003.1,COMPLEMENT_ALIMENTAIRE,Bertoua,Centre,2027-02-01,2,2027,0.0,0.0,8000.0,0.01
S3_reappro_100,CA003.1,COMPLEMENT_ALIMENTAIRE,Messassi,Centre,2027-02-01,2,2027,0.0,0.0,8000.0,0.04
S3_reappro_100,CA003.1,COMPLEMENT_ALIMENTAIRE,Ngaoundere,Centre,2027-02-01,2,2027,0.0,0.0,8000.0,0.0
S3_reappro_100,CA003.1,COMPLEMENT_ALIMENTAIRE,Nkoabang,Centre,2027-02-01,2,2027,0.0,0.0,8000.0,0.02
S3_reappro_100,CA003.1,COMPLEMENT_ALIMENTAIRE,Nkolbisson,Centre,2027-02-01,2,2027,0.0,0.0,8000.0,0.0
S3_reappro_100,CA004.1,COMPLEMENT_ALIMENTAIRE,Ahala,Centre,2027-02-01,2,2027,0.0,0.0,9800.0,0.01
S3_reappro_100,CA004.1,COMPLEMENT_ALIMENTAIRE,Bertoua,Centre,2027-02-01,2,2027,0.0,0.0,9800.0,0.0
S3_reappro_100,CA004.1,COMPLEMENT_ALIMENTAIRE,Messassi,Centre,2027-02-01,2,2027,0.0,0.0,9800.0,0.04
S3_reappro_100,CA004.1,COMPLEMENT_ALIMENTAIRE,Ngaoundere,Centre,2027-02-01,2,2027,0.0,0.0,9800.0,0.0
S3_reappro_100,CA004.1,COMPLEMENT_ALIMENTAIRE,Nkoabang,Centre,2027-02-01,2,2027,0.0,0.0,9800.0,0.02
S3_reappro_100,CA004.1,COMPLEMENT_ALIMENTAIRE,Nkolbisson,Centre,2027-02-01,2,2027,0.0,0.0,9800.0,0.0
S3_reappro_100,CA005.1,COMPLEMENT_ALIMENTAIRE,Ahala,Centre,2027-02-01,2,2027,0.0,0.0,15000.0,0.0
S3_reappro_100,CA005.1,COMPLEMENT_ALIMENTAIRE,Bertoua,Centre,2027-02-01,2,2027,0.0,0.0,15000.0,0.0
S3_reappro_100,CA005.1,COMPLEMENT_ALIMENTAIRE,Messassi,Centre,2027-02-01,2,2027,0.0,0.0,15000.0,0.02
S3_reappro_100,CA005.1,COMPLEMENT_ALIMENTAIRE,Ngaoundere,Centre,2027-02-01,2,2027,0.0,0.0,15000.0,0.0
S3_reappro_100,CA005.1,COMPLEMENT_ALIMENTAIRE,Nkoabang,Centre,2027-02-01,2,2027,0.0,0.0,15000.0,0.01
S3_reappro_100,CA006.1,COMPLEMENT_ALIMENTAIRE,Ahala,Centre,2027-02-01,2,2027,0.0,0.0,6500.0,0.0
S3_reappro_100,CA006.1,COMPLEMENT_ALIMENTAIRE,Bertoua,Centre,2027-02-01,2,2027,0.0,0.0,6500.0,0.01
S3_reappro_100,CA006.1,COMPLEMENT_ALIMENTAIRE,Messassi,Centre,2027-02-01,2,2027,0.0,0.0,6500.0,0.01
S3_reappro_100,CA006.1,COMPLEMENT_ALIMENTAIRE,Ngaoundere,Centre,2027-02-01,2,2027,0.0,0.0,6500.0,0.0
S3_reappro_100,CA006.1,COMPLEMENT_ALIMENTAIRE,Nkoabang,Centre,2027-02-01,2,2027,0.0,0.0,6500.0,0.0
S3_reappro_100,CA006.1,COMPLEMENT_ALIMENTAIRE,Nkolbisson,Centre,2027-02-01,2,2027,0.0,0.0,6500.0,0.0
S3_reappro_100,CA007.1,COMPLEMENT_ALIMENTAIRE,Ahala,Centre,2027-02-01,2,2027,0.0,0.0,8000.0,0.0
S3_reappro_100,CA007.1,COMPLEMENT_ALIMENTAIRE,Bertoua,Centre,2027-02-01,2,2027,0.0,0.0,8000.0,0.01
S3_reappro_100,CA007.1,COMPLEMENT_ALIMENTAIRE,Messassi,Centre,2027-02-01,2,2027,0.0,0.0,8000.0,0.03
S3_reappro_100,CA007.1,COMPLEMENT_ALIMENTAIRE,Nkoabang,Centre,2027-02-01,2,2027,0.0,0.0,8000.0,0.01
S3_reappro_100,CA008.1,COMPLEMENT_ALIMENTAIRE,Ahala,Centre,2027-02-01,2,2027,0.0,0.0,14000.0,0.01
S3_reappro_100,CA008.1,COMPLEMENT_ALIMENTAIRE,Bertoua,Centre,2027-02-01,2,2027,0.0,0.0,14000.0,0.01
S3_reappro_100,CA008.1,COMPLEMENT_ALIMENTAIRE,Messassi,Centre,2027-02-01,2,2027,0.0,0.0,14000.0,0.02
S3_reappro_100,CA008.1,COMPLEMENT_ALIMENTAIRE,Ngaoundere,Centre,2027-02-01,2,2027,0.0,0.0,14000.0,0.0
S3_reappro_100,CA008.1,COMPLEMENT_ALIMENTAIRE,Nkoabang,Centre,2027-02-01,2,2027,0.0,0.0,14000.0,0.01
S3_reappro_100,V300,COMPLEMENT_ALIMENTAIRE,Ahala,Centre,2027-02-01,2,2027,0.01,0.0,2500.0,0.04
S3_reappro_100,V300,COMPLEMENT_ALIMENTAIRE,Bertoua,Centre,2027-02-01,2,2027,0.01,0.0,2500.0,0.02
S3_reappro_100,V300,COMPLEMENT_ALIMENTAIRE,Messassi,Centre,2027-02-01,2,2027,0.04,0.0,2500.0,0.08
S3_reappro_100,V300,COMPLEMENT_ALIMENTAIRE,Ngaoundere,Centre,2027-02-01,2,2027,0.0,0.0,2500.0,0.01
S3_reappro_100,V300,COMPLEMENT_ALIMENTAIRE,Nkoabang,Centre,2027-02-01,2,2027,0.01,0.0,2500.0,0.03
S3_reappro_100,V300,COMPLEMENT_ALIMENTAIRE,Nkolbisson,Centre,2027-02-01,2,2027,0.0,0.0,2500.0,0.0
S3_reappro_100,CA001.1,COMPLEMENT_ALIMENTAIRE,Ahala,Centre,2027-03-01,3,2027,0.0,0.0,5500.0,0.0
S3_reappro_100,CA001.1,COMPLEMENT_ALIMENTAIRE,Bertoua,Centre,2027-03-01,3,2027,0.0,0.0,5500.0,0.0
S3_reappro_100,CA001.1,COMPLEMENT_ALIMENTAIRE,Messassi,Centre,2027-03-01,3,2027,0.0,0.0,5500.0,0.01
S3_reappro_100,CA001.1,COMPLEMENT_ALIMENTAIRE,Ngaoundere,Centre,2027-03-01,3,2027,0.0,0.0,5500.0,0.0
S3_reappro_100,CA001.1,COMPLEMENT_ALIMENTAIRE,Nkoabang,Centre,2027-03-01,3,2027,0.0,0.0,5500.0,0.0
S3_reappro_100,CA001.1,COMPLEMENT_ALIMENTAIRE,Nkolbisson,Centre,2027-03-01,3,2027,0.0,0.0,5500.0,0.0
S3_reappro_100,CA002.1,COMPLEMENT_ALIMENTAIRE,Ahala,Centre,2027-03-01,3,2027,0.0,0.0,10500.0,0.0
S3_reappro_100,CA002.1,COMPLEMENT_ALIMENTAIRE,Bertoua,Centre,2027-03-01,3,2027,0.0,0.0,10500.0,0.01
S3_reappro_100,CA002.1,COMPLEMENT_ALIMENTAIRE,Messassi,Centre,2027-03-01,3,2027,0.0,0.0,10500.0,0.04
S3_reappro_100,CA002.1,COMPLEMENT_ALIMENTAIRE,Ngaoundere,Centre,2027-03-01,3,2027,0.0,0.0,10500.0,0.0
S3_reappro_100,CA002.1,COMPLEMENT_ALIMENTAIRE,Nkoabang,Centre,2027-03-01,3,2027,0.0,0.0,10500.0,0.01
S3_reappro_100,CA003.1,COMPLEMENT_ALIMENTAIRE,Ahala,Centre,2027-03-01,3,2027,0.0,0.0,8000.0,0.03
S3_reappro_100,CA003.1,COMPLEMENT_ALIMENTAIRE,Bertoua,Centre,2027-03-01,3,2027,0.0,0.0,8000.0,0.01
S3_reappro_100,CA003.1,COMPLEMENT_ALIMENTAIRE,Messassi,Centre,2027-03-01,3,2027,0.0,0.0,8000.0,0.03
S3_reappro_100,CA003.1,COMPLEMENT_ALIMENTAIRE,Ngaoundere,Centre,2027-03-01,3,2027,0.0,0.0,8000.0,0.0
S3_reappro_100,CA003.1,COMPLEMENT_ALIMENTAIRE,Nkoabang,Centre,2027-03-01,3,2027,0.0,0.0,8000.0,0.02
S3_reappro_100,CA003.1,COMPLEMENT_ALIMENTAIRE,Nkolbisson,Centre,2027-03-01,3,2027,0.0,0.0,8000.0,0.0
S3_reappro_100,CA004.1,COMPLEMENT_ALIMENTAIRE,Ahala,Centre,2027-03-01,3,2027,0.0,0.0,9800.0,0.01
S3_reappro_100,CA004.1,COMPLEMENT_ALIMENTAIRE,Bertoua,Centre,2027-03-01,3,2027,0.0,0.0,9800.0,0.0
S3_reappro_100,CA004.1,COMPLEMENT_ALIMENTAIRE,Messassi,Centre,2027-03-01,3,2027,0.0,0.0,9800.0,0.03
S3_reappro_100,CA004.1,COMPLEMENT_ALIMENTAIRE,Ngaoundere,Centre,2027-03-01,3,2027,0.0,0.0,9800.0,0.0
S3_reappro_100,CA004.1,COMPLEMENT_ALIMENTAIRE,Nkoabang,Centre,2027-03-01,3,2027,0.0,0.0,9800.0,0.01
S3_reappro_100,CA004.1,COMPLEMENT_ALIMENTAIRE,Nkolbisson,Centre,2027-03-01,3,2027,0.0,0.0,9800.0,0.0
S3_reappro_100,CA005.1,COMPLEMENT_ALIMENTAIRE,Ahala,Centre,2027-03-01,3,2027,0.0,0.0,15000.0,0.0
S3_reappro_100,CA005.1,COMPLEMENT_ALIMENTAIRE,Bertoua,Centre,2027-03-01,3,2027,0.0,0.0,15000.0,0.0
S3_reappro_100,CA005.1,COMPLEMENT_ALIMENTAIRE,Messassi,Centre,2027-03-01,3,2027,0.0,0.0,15000.0,0.02
S3_reappro_100,CA005.1,COMPLEMENT_ALIMENTAIRE,Ngaoundere,Centre,2027-03-01,3,2027,0.0,0.0,15000.0,0.0
S3_reappro_100,CA005.1,COMPLEMENT_ALIMENTAIRE,Nkoabang,Centre,2027-03-01,3,2027,0.0,0.0,15000.0,0.0
S3_reappro_100,CA006.1,COMPLEMENT_ALIMENTAIRE,Ahala,Centre,2027-03-01,3,2027,0.0,0.0,6500.0,0.0
S3_reappro_100,CA006.1,COMPLEMENT_ALIMENTAIRE,Bertoua,Centre,2027-03-01,3,2027,0.0,0.0,6500.0,0.0
S3_reappro_100,CA006.1,COMPLEMENT_ALIMENTAIRE,Messassi,Centre,2027-03-01,3,2027,0.0,0.0,6500.0,0.01
S3_reappro_100,CA006.1,COMPLEMENT_ALIMENTAIRE,Ngaoundere,Centre,2027-03-01,3,2027,0.0,0.0,6500.0,0.0
S3_reappro_100,CA006.1,COMPLEMENT_ALIMENTAIRE,Nkoabang,Centre,2027-03-01,3,2027,0.0,0.0,6500.0,0.0
S3_reappro_100,CA006.1,COMPLEMENT_ALIMENTAIRE,Nkolbisson,Centre,2027-03-01,3,2027,0.0,0.0,6500.0,0.0
S3_reappro_100,CA007.1,COMPLEMENT_ALIMENTAIRE,Ahala,Centre,2027-03-01,3,2027,0.0,0.0,8000.0,0.0
S3_reappro_100,CA007.1,COMPLEMENT_ALIMENTAIRE,Bertoua,Centre,2027-03-01,3,2027,0.0,0.0,8000.0,0.0
S3_reappro_100,CA007.1,COMPLEMENT_ALIMENTAIRE,Messassi,Centre,2027-03-01,3,2027,0.0,0.0,8000.0,0.02
S3_reappro_100,CA007.1,COMPLEMENT_ALIMENTAIRE,Nkoabang,Centre,2027-03-01,3,2027,0.0,0.0,8000.0,0.0
S3_reappro_100,CA008.1,COMPLEMENT_ALIMENTAIRE,Ahala,Centre,2027-03-01,3,2027,0.0,0.0,14000.0,0.01
S3_reappro_100,CA008.1,COMPLEMENT_ALIMENTAIRE,Bertoua,Centre,2027-03-01,3,2027,0.0,0.0,14000.0,0.01
S3_reappro_100,CA008.1,COMPLEMENT_ALIMENTAIRE,Messassi,Centre,2027-03-01,3,2027,0.0,0.0,14000.0,0.01
S3_reappro_100,CA008.1,COMPLEMENT_ALIMENTAIRE,Ngaoundere,Centre,2027-03-01,3,2027,0.0,0.0,14000.0,0.0
S3_reappro_100,CA008.1,COMPLEMENT_ALIMENTAIRE,Nkoabang,Centre,2027-03-01,3,2027,0.0,0.0,14000.0,0.0
S3_reappro_100,V300,COMPLEMENT_ALIMENTAIRE,Ahala,Centre,2027-03-01,3,2027,0.01,0.0,2500.0,0.03
S3_reappro_100,V300,COMPLEMENT_ALIMENTAIRE,Bertoua,Centre,2027-03-01,3,2027,0.01,0.0,2500.0,0.01
S3_reappro_100,V300,COMPLEMENT_ALIMENTAIRE,Messassi,Centre,2027-03-01,3,2027,0.03,0.0,2500.0,0.06
S3_reappro_100,V300,COMPLEMENT_ALIMENTAIRE,Ngaoundere,Centre,2027-03-01,3,2027,0.0,0.0,2500.0,0.01
S3_reappro_100,V300,COMPLEMENT_ALIMENTAIRE,Nkoabang,Centre,2027-03-01,3,2027,0.01,0.0,2500.0,0.02
S3_reappro_100,V300,COMPLEMENT_ALIMENTAIRE,Nkolbisson,Centre,2027-03-01,3,2027,0.0,0.0,2500.0,0.0
S3_reappro_100,CA001.1,COMPLEMENT_ALIMENTAIRE,Ahala,Centre,2027-04-01,4,2027,0.0,0.0,5500.0,0.01
S3_reappro_100,CA001.1,COMPLEMENT_ALIMENTAIRE,Bertoua,Centre,2027-04-01,4,2027,0.0,0.0,5500.0,0.01
S3_reappro_100,CA001.1,COMPLEMENT_ALIMENTAIRE,Messassi,Centre,2027-04-01,4,2027,0.0,0.0,5500.0,0.03
S3_reappro_100,CA001.1,COMPLEMENT_ALIMENTAIRE,Ngaoundere,Centre,2027-04-01,4,2027,0.0,0.0,5500.0,0.0
S3_reappro_100,CA001.1,COMPLEMENT_ALIMENTAIRE,Nkoabang,Centre,2027-04-01,4,2027,0.0,0.0,5500.0,0.0
S3_reappro_100,CA001.1,COMPLEMENT_ALIMENTAIRE,Nkolbisson,Centre,2027-04-01,4,2027,0.0,0.0,5500.0,0.0
S3_reappro_100,CA002.1,COMPLEMENT_ALIMENTAIRE,Ahala,Centre,2027-04-01,4,2027,0.0,0.0,10500.0,0.01
S3_reappro_100,CA002.1,COMPLEMENT_ALIMENTAIRE,Bertoua,Centre,2027-04-01,4,2027,0.0,0.0,10500.0,0.02
S3_reappro_100,CA002.1,COMPLEMENT_ALIMENTAIRE,Messassi,Centre,2027-04-01,4,2027,0.01,0.0,10500.0,0.11
S3_reappro_100,CA002.1,COMPLEMENT_ALIMENTAIRE,Ngaoundere,Centre,2027-04-01,4,2027,0.0,0.0,10500.0,0.0
S3_reappro_100,CA002.1,COMPLEMENT_ALIMENTAIRE,Nkoabang,Centre,2027-04-01,4,2027,0.0,0.0,10500.0,0.03
S3_reappro_100,CA003.1,COMPLEMENT_ALIMENTAIRE,Ahala,Centre,2027-04-01,4,2027,0.01,0.0,8000.0,0.07
S3_reappro_100,CA003.1,COMPLEMENT_ALIMENTAIRE,Bertoua,Centre,2027-04-01,4,2027,0.0,0.0,8000.0,0.03
S3_reappro_100,CA003.1,COMPLEMENT_ALIMENTAIRE,Messassi,Centre,2027-04-01,4,2027,0.01,0.0,8000.0,0.08
S3_reappro_100,CA003.1,COMPLEMENT_ALIMENTAIRE,Ngaoundere,Centre,2027-04-01,4,2027,0.0,0.0,8000.0,0.0
S3_reappro_100,CA003.1,COMPLEMENT_ALIMENTAIRE,Nkoabang,Centre,2027-04-01,4,2027,0.01,0.0,8000.0,0.06
S3_reappro_100,CA003.1,COMPLEMENT_ALIMENTAIRE,Nkolbisson,Centre,2027-04-01,4,2027,0.0,0.0,8000.0,0.0
S3_reappro_100,CA004.1,COMPLEMENT_ALIMENTAIRE,Ahala,Centre,2027-04-01,4,2027,0.0,0.0,9800.0,0.03
S3_reappro_100,CA004.1,COMPLEMENT_ALIMENTAIRE,Bertoua,Centre,2027-04-01,4,2027,0.0,0.0,9800.0,0.0
S3_reappro_100,CA004.1,COMPLEMENT_ALIMENTAIRE,Messassi,Centre,2027-04-01,4,2027,0.01,0.0,9800.0,0.08
S3_reappro_100,CA004.1,COMPLEMENT_ALIMENTAIRE,Ngaoundere,Centre,2027-04-01,4,2027,0.0,0.0,9800.0,0.0
S3_reappro_100,CA004.1,COMPLEMENT_ALIMENTAIRE,Nkoabang,Centre,2027-04-01,4,2027,0.0,0.0,9800.0,0.04
S3_reappro_100,CA004.1,COMPLEMENT_ALIMENTAIRE,Nkolbisson,Centre,2027-04-01,4,2027,0.0,0.0,9800.0,0.0
S3_reappro_100,CA005.1,COMPLEMENT_ALIMENTAIRE,Ahala,Centre,2027-04-01,4,2027,0.0,0.0,15000.0,0.01
S3_reappro_100,CA005.1,COMPLEMENT_ALIMENTAIRE,Bertoua,Centre,2027-04-01,4,2027,0.0,0.0,15000.0,0.01
S3_reappro_100,CA005.1,COMPLEMENT_ALIMENTAIRE,Messassi,Centre,2027-04-01,4,2027,0.0,0.0,15000.0,0.05
S3_reappro_100,CA005.1,COMPLEMENT_ALIMENTAIRE,Ngaoundere,Centre,2027-04-01,4,2027,0.0,0.0,15000.0,0.0
S3_reappro_100,CA005.1,COMPLEMENT_ALIMENTAIRE,Nkoabang,Centre,2027-04-01,4,2027,0.0,0.0,15000.0,0.01
S3_reappro_100,CA006.1,COMPLEMENT_ALIMENTAIRE,Ahala,Centre,2027-04-01,4,2027,0.0,0.0,6500.0,0.01
S3_reappro_100,CA006.1,COMPLEMENT_ALIMENTAIRE,Bertoua,Centre,2027-04-01,4,2027,0.0,0.0,6500.0,0.01
S3_reappro_100,CA006.1,COMPLEMENT_ALIMENTAIRE,Messassi,Centre,2027-04-01,4,2027,0.0,0.0,6500.0,0.02
S3_reappro_100,CA006.1,COMPLEMENT_ALIMENTAIRE,Ngaoundere,Centre,2027-04-01,4,2027,0.0,0.0,6500.0,0.0
S3_reappro_100,CA006.1,COMPLEMENT_ALIMENTAIRE,Nkoabang,Centre,2027-04-01,4,2027,0.0,0.0,6500.0,0.01
S3_reappro_100,CA006.1,COMPLEMENT_ALIMENTAIRE,Nkolbisson,Centre,2027-04-01,4,2027,0.0,0.0,6500.0,0.0
S3_reappro_100,CA007.1,COMPLEMENT_ALIMENTAIRE,Ahala,Centre,2027-04-01,4,2027,0.0,0.0,8000.0,0.0
S3_reappro_100,CA007.1,COMPLEMENT_ALIMENTAIRE,Bertoua,Centre,2027-04-01,4,2027,0.0,0.0,8000.0,0.01
S3_reappro_100,CA007.1,COMPLEMENT_ALIMENTAIRE,Messassi,Centre,2027-04-01,4,2027,0.01,0.0,8000.0,0.06
S3_reappro_100,CA007.1,COMPLEMENT_ALIMENTAIRE,Nkoabang,Centre,2027-04-01,4,2027,0.0,0.0,8000.0,0.01
S3_reappro_100,CA008.1,COMPLEMENT_ALIMENTAIRE,Ahala,Centre,2027-04-01,4,2027,0.0,0.0,14000.0,0.02
S3_reappro_100,CA008.1,COMPLEMENT_ALIMENTAIRE,Bertoua,Centre,2027-04-01,4,2027,0.0,0.0,14000.0,0.01
S3_reappro_100,CA008.1,COMPLEMENT_ALIMENTAIRE,Messassi,Centre,2027-04-01,4,2027,0.0,0.0,14000.0,0.04
S3_reappro_100,CA008.1,COMPLEMENT_ALIMENTAIRE,Ngaoundere,Centre,2027-04-01,4,2027,0.0,0.0,14000.0,0.0
S3_reappro_100,CA008.1,COMPLEMENT_ALIMENTAIRE,Nkoabang,Centre,2027-04-01,4,2027,0.0,0.0,14000.0,0.01
S3_reappro_100,V300,COMPLEMENT_ALIMENTAIRE,Ahala,Centre,2027-04-01,4,2027,0.03,0.0,2500.0,0.09
S3_reappro_100,V300,COMPLEMENT_ALIMENTAIRE,Bertoua,Centre,2027-04-01,4,2027,0.02,0.0,2500.0,0.04
S3_reappro_100,V300,COMPLEMENT_ALIMENTAIRE,Messassi,Centre,2027-04-01,4,2027,0.09,0.0,2500.0,0.17
S3_reappro_100,V300,COMPLEMENT_ALIMENTAIRE,Ngaoundere,Centre,2027-04-01,4,2027,0.01,0.0,2500.0,0.02
S3_reappro_100,V300,COMPLEMENT_ALIMENTAIRE,Nkoabang,Centre,2027-04-01,4,2027,0.02,0.0,2500.0,0.06
S3_reappro_100,V300,COMPLEMENT_ALIMENTAIRE,Nkolbisson,Centre,2027-04-01,4,2027,0.0,0.0,2500.0,0.01
S3_reappro_100,CA001.1,COMPLEMENT_ALIMENTAIRE,Ahala,Centre,2027-05-01,5,2027,0.0,0.0,5500.0,0.0
S3_reappro_100,CA001.1,COMPLEMENT_ALIMENTAIRE,Bertoua,Centre,2027-05-01,5,2027,0.0,0.0,5500.0,0.0
S3_reappro_100,CA001.1,COMPLEMENT_ALIMENTAIRE,Messassi,Centre,2027-05-01,5,2027,0.0,0.0,5500.0,0.0
S3_reappro_100,CA001.1,COMPLEMENT_ALIMENTAIRE,Ngaoundere,Centre,2027-05-01,5,2027,0.0,0.0,5500.0,0.0
S3_reappro_100,CA001.1,COMPLEMENT_ALIMENTAIRE,Nkoabang,Centre,2027-05-01,5,2027,0.0,0.0,5500.0,0.0
S3_reappro_100,CA001.1,COMPLEMENT_ALIMENTAIRE,Nkolbisson,Centre,2027-05-01,5,2027,0.0,0.0,5500.0,0.0
S3_reappro_100,CA002.1,COMPLEMENT_ALIMENTAIRE,Ahala,Centre,2027-05-01,5,2027,0.0,0.0,10500.0,0.0
S3_reappro_100,CA002.1,COMPLEMENT_ALIMENTAIRE,Bertoua,Centre,2027-05-01,5,2027,0.0,0.0,10500.0,0.0
S3_reappro_100,CA002.1,COMPLEMENT_ALIMENTAIRE,Messassi,Centre,2027-05-01,5,2027,0.0,0.0,10500.0,0.02
S3_reappro_100,CA002.1,COMPLEMENT_ALIMENTAIRE,Ngaoundere,Centre,2027-05-01,5,2027,0.0,0.0,10500.0,0.0
S3_reappro_100,CA002.1,COMPLEMENT_ALIMENTAIRE,Nkoabang,Centre,2027-05-01,5,2027,0.0,0.0,10500.0,0.0
S3_reappro_100,CA003.1,COMPLEMENT_ALIMENTAIRE,Ahala,Centre,2027-05-01,5,2027,0.0,0.0,8000.0,0.01
S3_reappro_100,CA003.1,COMPLEMENT_ALIMENTAIRE,Bertoua,Centre,2027-05-01,5,2027,0.0,0.0,8000.0,0.0
S3_reappro_100,CA003.1,COMPLEMENT_ALIMENTAIRE,Messassi,Centre,2027-05-01,5,2027,0.0,0.0,8000.0,0.01
S3_reappro_100,CA003.1,COMPLEMENT_ALIMENTAIRE,Ngaoundere,Centre,2027-05-01,5,2027,0.0,0.0,8000.0,0.0
S3_reappro_100,CA003.1,COMPLEMENT_ALIMENTAIRE,Nkoabang,Centre,2027-05-01,5,2027,0.0,0.0,8000.0,0.01
S3_reappro_100,CA003.1,COMPLEMENT_ALIMENTAIRE,Nkolbisson,Centre,2027-05-01,5,2027,0.0,0.0,8000.0,0.0
S3_reappro_100,CA004.1,COMPLEMENT_ALIMENTAIRE,Ahala,Centre,2027-05-01,5,2027,0.0,0.0,9800.0,0.0
S3_reappro_100,CA004.1,COMPLEMENT_ALIMENTAIRE,Bertoua,Centre,2027-05-01,5,2027,0.0,0.0,9800.0,0.0
S3_reappro_100,CA004.1,COMPLEMENT_ALIMENTAIRE,Messassi,Centre,2027-05-01,5,2027,0.0,0.0,9800.0,0.01
S3_reappro_100,CA004.1,COMPLEMENT_ALIMENTAIRE,Ngaoundere,Centre,2027-05-01,5,2027,0.0,0.0,9800.0,0.0
S3_reappro_100,CA004.1,COMPLEMENT_ALIMENTAIRE,Nkoabang,Centre,2027-05-01,5,2027,0.0,0.0,9800.0,0.01
S3_reappro_100,CA004.1,COMPLEMENT_ALIMENTAIRE,Nkolbisson,Centre,2027-05-01,5,2027,0.0,0.0,9800.0,0.0
S3_reappro_100,CA005.1,COMPLEMENT_ALIMENTAIRE,Ahala,Centre,2027-05-01,5,2027,0.0,0.0,15000.0,0.0
S3_reappro_100,CA005.1,COMPLEMENT_ALIMENTAIRE,Bertoua,Centre,2027-05-01,5,2027,0.0,0.0,15000.0,0.0
S3_reappro_100,CA005.1,COMPLEMENT_ALIMENTAIRE,Messassi,Centre,2027-05-01,5,2027,0.0,0.0,15000.0,0.01
S3_reappro_100,CA005.1,COMPLEMENT_ALIMENTAIRE,Ngaoundere,Centre,2027-05-01,5,2027,0.0,0.0,15000.0,0.0
S3_reappro_100,CA005.1,COMPLEMENT_ALIMENTAIRE,Nkoabang,Centre,2027-05-01,5,2027,0.0,0.0,15000.0,0.0
S3_reappro_100,CA006.1,COMPLEMENT_ALIMENTAIRE,Ahala,Centre,2027-05-01,5,2027,0.0,0.0,6500.0,0.0
S3_reappro_100,CA006.1,COMPLEMENT_ALIMENTAIRE,Bertoua,Centre,2027-05-01,5,2027,0.0,0.0,6500.0,0.0
S3_reappro_100,CA006.1,COMPLEMENT_ALIMENTAIRE,Messassi,Centre,2027-05-01,5,2027,0.0,0.0,6500.0,0.0
S3_reappro_100,CA006.1,COMPLEMENT_ALIMENTAIRE,Ngaoundere,Centre,2027-05-01,5,2027,0.0,0.0,6500.0,0.0
S3_reappro_100,CA006.1,COMPLEMENT_ALIMENTAIRE,Nkoabang,Centre,2027-05-01,5,2027,0.0,0.0,6500.0,0.0
S3_reappro_100,CA006.1,COMPLEMENT_ALIMENTAIRE,Nkolbisson,Centre,2027-05-01,5,2027,0.0,0.0,6500.0,0.0
S3_reappro_100,CA007.1,COMPLEMENT_ALIMENTAIRE,Ahala,Centre,2027-05-01,5,2027,0.0,0.0,8000.0,0.0
S3_reappro_100,CA007.1,COMPLEMENT_ALIMENTAIRE,Bertoua,Centre,2027-05-01,5,2027,0.0,0.0,8000.0,0.0
S3_reappro_100,CA007.1,COMPLEMENT_ALIMENTAIRE,Messassi,Centre,2027-05-01,5,2027,0.0,0.0,8000.0,0.01
S3_reappro_100,CA007.1,COMPLEMENT_ALIMENTAIRE,Nkoabang,Centre,2027-05-01,5,2027,0.0,0.0,8000.0,0.0
S3_reappro_100,CA008.1,COMPLEMENT_ALIMENTAIRE,Ahala,Centre,2027-05-01,5,2027,0.0,0.0,14000.0,0.0
S3_reappro_100,CA008.1,COMPLEMENT_ALIMENTAIRE,Bertoua,Centre,2027-05-01,5,2027,0.0,0.0,14000.0,0.0
S3_reappro_100,CA008.1,COMPLEMENT_ALIMENTAIRE,Messassi,Centre,2027-05-01,5,2027,0.0,0.0,14000.0,0.01
S3_reappro_100,CA008.1,COMPLEMENT_ALIMENTAIRE,Ngaoundere,Centre,2027-05-01,5,2027,0.0,0.0,14000.0,0.0
S3_reappro_100,CA008.1,COMPLEMENT_ALIMENTAIRE,Nkoabang,Centre,2027-05-01,5,2027,0.0,0.0,14000.0,0.0
S3_reappro_100,V300,COMPLEMENT_ALIMENTAIRE,Ahala,Centre,2027-05-01,5,2027,0.0,0.0,2500.0,0.01
S3_reappro_100,V300,COMPLEMENT_ALIMENTAIRE,Bertoua,Centre,2027-05-01,5,2027,0.0,0.0,2500.0,0.01
S3_reappro_100,V300,COMPLEMENT_ALIMENTAIRE,Messassi,Centre,2027-05-01,5,2027,0.01,0.0,2500.0,0.02
S3_reappro_100,V300,COMPLEMENT_ALIMENTAIRE,Ngaoundere,Centre,2027-05-01,5,2027,0.0,0.0,2500.0,0.0
S3_reappro_100,V300,COMPLEMENT_ALIMENTAIRE,Nkoabang,Centre,2027-05-01,5,2027,0.0,0.0,2500.0,0.01
S3_reappro_100,V300,COMPLEMENT_ALIMENTAIRE,Nkolbisson,Centre,2027-05-01,5,2027,0.0,0.0,2500.0,0.0
S3_reappro_100,CA001.1,COMPLEMENT_ALIMENTAIRE,Ahala,Centre,2027-06-01,6,2027,0.0,0.0,5500.0,0.0
S3_reappro_100,CA001.1,COMPLEMENT_ALIMENTAIRE,Bertoua,Centre,2027-06-01,6,2027,0.0,0.0,5500.0,0.01
S3_reappro_100,CA001.1,COMPLEMENT_ALIMENTAIRE,Messassi,Centre,2027-06-01,6,2027,0.0,0.0,5500.0,0.02
S3_reappro_100,CA001.1,COMPLEMENT_ALIMENTAIRE,Ngaoundere,Centre,2027-06-01,6,2027,0.0,0.0,5500.0,0.0
S3_reappro_100,CA001.1,COMPLEMENT_ALIMENTAIRE,Nkoabang,Centre,2027-06-01,6,2027,0.0,0.0,5500.0,0.0
S3_reappro_100,CA001.1,COMPLEMENT_ALIMENTAIRE,Nkolbisson,Centre,2027-06-01,6,2027,0.0,0.0,5500.0,0.0
S3_reappro_100,CA002.1,COMPLEMENT_ALIMENTAIRE,Ahala,Centre,2027-06-01,6,2027,0.0,0.0,10500.0,0.0
S3_reappro_100,CA002.1,COMPLEMENT_ALIMENTAIRE,Bertoua,Centre,2027-06-01,6,2027,0.0,0.0,10500.0,0.01
S3_reappro_100,CA002.1,COMPLEMENT_ALIMENTAIRE,Messassi,Centre,2027-06-01,6,2027,0.01,0.0,10500.0,0.06
S3_reappro_100,CA002.1,COMPLEMENT_ALIMENTAIRE,Ngaoundere,Centre,2027-06-01,6,2027,0.0,0.0,10500.0,0.0
S3_reappro_100,CA002.1,COMPLEMENT_ALIMENTAIRE,Nkoabang,Centre,2027-06-01,6,2027,0.0,0.0,10500.0,0.01
S3_reappro_100,CA003.1,COMPLEMENT_ALIMENTAIRE,Ahala,Centre,2027-06-01,6,2027,0.0,0.0,8000.0,0.04
S3_reappro_100,CA003.1,COMPLEMENT_ALIMENTAIRE,Bertoua,Centre,2027-06-01,6,2027,0.0,0.0,8000.0,0.02
S3_reappro_100,CA003.1,COMPLEMENT_ALIMENTAIRE,Messassi,Centre,2027-06-01,6,2027,0.01,0.0,8000.0,0.05
S3_reappro_100,CA003.1,COMPLEMENT_ALIMENTAIRE,Ngaoundere,Centre,2027-06-01,6,2027,0.0,0.0,8000.0,0.0
S3_reappro_100,CA003.1,COMPLEMENT_ALIMENTAIRE,Nkoabang,Centre,2027-06-01,6,2027,0.0,0.0,8000.0,0.03
S3_reappro_100,CA003.1,COMPLEMENT_ALIMENTAIRE,Nkolbisson,Centre,2027-06-01,6,2027,0.0,0.0,8000.0,0.0
S3_reappro_100,CA004.1,COMPLEMENT_ALIMENTAIRE,Ahala,Centre,2027-06-01,6,2027,0.0,0.0,9800.0,0.02
S3_reappro_100,CA004.1,COMPLEMENT_ALIMENTAIRE,Bertoua,Centre,2027-06-01,6,2027,0.0,0.0,9800.0,0.0
S3_reappro_100,CA004.1,COMPLEMENT_ALIMENTAIRE,Messassi,Centre,2027-06-01,6,2027,0.0,0.0,9800.0,0.05
S3_reappro_100,CA004.1,COMPLEMENT_ALIMENTAIRE,Ngaoundere,Centre,2027-06-01,6,2027,0.0,0.0,9800.0,0.0
S3_reappro_100,CA004.1,COMPLEMENT_ALIMENTAIRE,Nkoabang,Centre,2027-06-01,6,2027,0.0,0.0,9800.0,0.02
S3_reappro_100,CA004.1,COMPLEMENT_ALIMENTAIRE,Nkolbisson,Centre,2027-06-01,6,2027,0.0,0.0,9800.0,0.0
S3_reappro_100,CA005.1,COMPLEMENT_ALIMENTAIRE,Ahala,Centre,2027-06-01,6,2027,0.0,0.0,15000.0,0.0
S3_reappro_100,CA005.1,COMPLEMENT_ALIMENTAIRE,Bertoua,Centre,2027-06-01,6,2027,0.0,0.0,15000.0,0.0
S3_reappro_100,CA005.1,COMPLEMENT_ALIMENTAIRE,Messassi,Centre,2027-06-01,6,2027,0.0,0.0,15000.0,0.03
S3_reappro_100,CA005.1,COMPLEMENT_ALIMENTAIRE,Ngaoundere,Centre,2027-06-01,6,2027,0.0,0.0,15000.0,0.0
S3_reappro_100,CA005.1,COMPLEMENT_ALIMENTAIRE,Nkoabang,Centre,2027-06-01,6,2027,0.0,0.0,15000.0,0.01
S3_reappro_100,CA006.1,COMPLEMENT_ALIMENTAIRE,Ahala,Centre,2027-06-01,6,2027,0.0,0.0,6500.0,0.01
S3_reappro_100,CA006.1,COMPLEMENT_ALIMENTAIRE,Bertoua,Centre,2027-06-01,6,2027,0.0,0.0,6500.0,0.01
S3_reappro_100,CA006.1,COMPLEMENT_ALIMENTAIRE,Messassi,Centre,2027-06-01,6,2027,0.0,0.0,6500.0,0.01
S3_reappro_100,CA006.1,COMPLEMENT_ALIMENTAIRE,Ngaoundere,Centre,2027-06-01,6,2027,0.0,0.0,6500.0,0.0
S3_reappro_100,CA006.1,COMPLEMENT_ALIMENTAIRE,Nkoabang,Centre,2027-06-01,6,2027,0.0,0.0,6500.0,0.0
S3_reappro_100,CA006.1,COMPLEMENT_ALIMENTAIRE,Nkolbisson,Centre,2027-06-01,6,2027,0.0,0.0,6500.0,0.0
S3_reappro_100,CA007.1,COMPLEMENT_ALIMENTAIRE,Ahala,Centre,2027-06-01,6,2027,0.0,0.0,8000.0,0.0
S3_reappro_100,CA007.1,COMPLEMENT_ALIMENTAIRE,Bertoua,Centre,2027-06-01,6,2027,0.0,0.0,8000.0,0.01
S3_reappro_100,CA007.1,COMPLEMENT_ALIMENTAIRE,Messassi,Centre,2027-06-01,6,2027,0.0,0.0,8000.0,0.04
S3_reappro_100,CA007.1,COMPLEMENT_ALIMENTAIRE,Nkoabang,Centre,2027-06-01,6,2027,0.0,0.0,8000.0,0.01
S3_reappro_100,CA008.1,COMPLEMENT_ALIMENTAIRE,Ahala,Centre,2027-06-01,6,2027,0.0,0.0,14000.0,0.01
S3_reappro_100,CA008.1,COMPLEMENT_ALIMENTAIRE,Bertoua,Centre,2027-06-01,6,2027,0.0,0.0,14000.0,0.01
S3_reappro_100,CA008.1,COMPLEMENT_ALIMENTAIRE,Messassi,Centre,2027-06-01,6,2027,0.0,0.0,14000.0,0.02
S3_reappro_100,CA008.1,COMPLEMENT_ALIMENTAIRE,Ngaoundere,Centre,2027-06-01,6,2027,0.0,0.0,14000.0,0.0
S3_reappro_100,CA008.1,COMPLEMENT_ALIMENTAIRE,Nkoabang,Centre,2027-06-01,6,2027,0.0,0.0,14000.0,0.01
S3_reappro_100,V300,COMPLEMENT_ALIMENTAIRE,Ahala,Centre,2027-06-01,6,2027,0.02,0.0,2500.0,0.05
S3_reappro_100,V300,COMPLEMENT_ALIMENTAIRE,Bertoua,Centre,2027-06-01,6,2027,0.01,0.0,2500.0,0.02
S3_reappro_100,V300,COMPLEMENT_ALIMENTAIRE,Messassi,Centre,2027-06-01,6,2027,0.05,0.0,2500.0,0.09
S3_reappro_100,V300,COMPLEMENT_ALIMENTAIRE,Ngaoundere,Centre,2027-06-01,6,2027,0.01,0.0,2500.0,0.01
S3_reappro_100,V300,COMPLEMENT_ALIMENTAIRE,Nkoabang,Centre,2027-06-01,6,2027,0.01,0.0,2500.0,0.04
S3_reappro_100,V300,COMPLEMENT_ALIMENTAIRE,Nkolbisson,Centre,2027-06-01,6,2027,0.0,0.0,2500.0,0.0
S3_reappro_100,CA001.1,COMPLEMENT_ALIMENTAIRE,Ahala,Centre,2027-07-01,7,2027,0.0,0.0,5500.0,0.01
S3_reappro_100,CA001.1,COMPLEMENT_ALIMENTAIRE,Bertoua,Centre,2027-07-01,7,2027,0.0,0.0,5500.0,0.01
S3_reappro_100,CA001.1,COMPLEMENT_ALIMENTAIRE,Messassi,Centre,2027-07-01,7,2027,0.0,0.0,5500.0,0.02
S3_reappro_100,CA001.1,COMPLEMENT_ALIMENTAIRE,Ngaoundere,Centre,2027-07-01,7,2027,0.0,0.0,5500.0,0.0
S3_reappro_100,CA001.1,COMPLEMENT_ALIMENTAIRE,Nkoabang,Centre,2027-07-01,7,2027,0.0,0.0,5500.0,0.0
S3_reappro_100,CA001.1,COMPLEMENT_ALIMENTAIRE,Nkolbisson,Centre,2027-07-01,7,2027,0.0,0.0,5500.0,0.0
S3_reappro_100,CA002.1,COMPLEMENT_ALIMENTAIRE,Ahala,Centre,2027-07-01,7,2027,0.0,0.0,10500.0,0.0
S3_reappro_100,CA002.1,COMPLEMENT_ALIMENTAIRE,Bertoua,Centre,2027-07-01,7,2027,0.0,0.0,10500.0,0.01
S3_reappro_100,CA002.1,COMPLEMENT_ALIMENTAIRE,Messassi,Centre,2027-07-01,7,2027,0.01,0.0,10500.0,0.07
S3_reappro_100,CA002.1,COMPLEMENT_ALIMENTAIRE,Ngaoundere,Centre,2027-07-01,7,2027,0.0,0.0,10500.0,0.0
S3_reappro_100,CA002.1,COMPLEMENT_ALIMENTAIRE,Nkoabang,Centre,2027-07-01,7,2027,0.0,0.0,10500.0,0.02
S3_reappro_100,CA003.1,COMPLEMENT_ALIMENTAIRE,Ahala,Centre,2027-07-01,7,2027,0.01,0.0,8000.0,0.05
S3_reappro_100,CA003.1,COMPLEMENT_ALIMENTAIRE,Bertoua,Centre,2027-07-01,7,2027,0.0,0.0,8000.0,0.02
S3_reappro_100,CA003.1,COMPLEMENT_ALIMENTAIRE,Messassi,Centre,2027-07-01,7,2027,0.01,0.0,8000.0,0.06
S3_reappro_100,CA003.1,COMPLEMENT_ALIMENTAIRE,Ngaoundere,Centre,2027-07-01,7,2027,0.0,0.0,8000.0,0.0
S3_reappro_100,CA003.1,COMPLEMENT_ALIMENTAIRE,Nkoabang,Centre,2027-07-01,7,2027,0.0,0.0,8000.0,0.04
S3_reappro_100,CA003.1,COMPLEMENT_ALIMENTAIRE,Nkolbisson,Centre,2027-07-01,7,2027,0.0,0.0,8000.0,0.0
S3_reappro_100,CA004.1,COMPLEMENT_ALIMENTAIRE,Ahala,Centre,2027-07-01,7,2027,0.0,0.0,9800.0,0.02
S3_reappro_100,CA004.1,COMPLEMENT_ALIMENTAIRE,Bertoua,Centre,2027-07-01,7,2027,0.0,0.0,9800.0,0.0
S3_reappro_100,CA004.1,COMPLEMENT_ALIMENTAIRE,Messassi,Centre,2027-07-01,7,2027,0.01,0.0,9800.0,0.06
S3_reappro_100,CA004.1,COMPLEMENT_ALIMENTAIRE,Ngaoundere,Centre,2027-07-01,7,2027,0.0,0.0,9800.0,0.0
S3_reappro_100,CA004.1,COMPLEMENT_ALIMENTAIRE,Nkoabang,Centre,2027-07-01,7,2027,0.0,0.0,9800.0,0.03
S3_reappro_100,CA004.1,COMPLEMENT_ALIMENTAIRE,Nkolbisson,Centre,2027-07-01,7,2027,0.0,0.0,9800.0,0.0
S3_reappro_100,CA005.1,COMPLEMENT_ALIMENTAIRE,Ahala,Centre,2027-07-01,7,2027,0.0,0.0,15000.0,0.0
S3_reappro_100,CA005.1,COMPLEMENT_ALIMENTAIRE,Bertoua,Centre,2027-07-01,7,2027,0.0,0.0,15000.0,0.01
S3_reappro_100,CA005.1,COMPLEMENT_ALIMENTAIRE,Messassi,Centre,2027-07-01,7,2027,0.0,0.0,15000.0,0.03
S3_reappro_100,CA005.1,COMPLEMENT_ALIMENTAIRE,Ngaoundere,Centre,2027-07-01,7,2027,0.0,0.0,15000.0,0.0
S3_reappro_100,CA005.1,COMPLEMENT_ALIMENTAIRE,Nkoabang,Centre,2027-07-01,7,2027,0.0,0.0,15000.0,0.01
S3_reappro_100,CA006.1,COMPLEMENT_ALIMENTAIRE,Ahala,Centre,2027-07-01,7,2027,0.0,0.0,6500.0,0.01
S3_reappro_100,CA006.1,COMPLEMENT_ALIMENTAIRE,Bertoua,Centre,2027-07-01,7,2027,0.0,0.0,6500.0,0.01
S3_reappro_100,CA006.1,COMPLEMENT_ALIMENTAIRE,Messassi,Centre,2027-07-01,7,2027,0.0,0.0,6500.0,0.02
S3_reappro_100,CA006.1,COMPLEMENT_ALIMENTAIRE,Ngaoundere,Centre,2027-07-01,7,2027,0.0,0.0,6500.0,0.0
S3_reappro_100,CA006.1,COMPLEMENT_ALIMENTAIRE,Nkoabang,Centre,2027-07-01,7,2027,0.0,0.0,6500.0,0.01
S3_reappro_100,CA006.1,COMPLEMENT_ALIMENTAIRE,Nkolbisson,Centre,2027-07-01,7,2027,0.0,0.0,6500.0,0.0
S3_reappro_100,CA007.1,COMPLEMENT_ALIMENTAIRE,Ahala,Centre,2027-07-01,7,2027,0.0,0.0,8000.0,0.0
S3_reappro_100,CA007.1,COMPLEMENT_ALIMENTAIRE,Bertoua,Centre,2027-07-01,7,2027,0.0,0.0,8000.0,0.01
S3_reappro_100,CA007.1,COMPLEMENT_ALIMENTAIRE,Messassi,Centre,2027-07-01,7,2027,0.01,0.0,8000.0,0.04
S3_reappro_100,CA007.1,COMPLEMENT_ALIMENTAIRE,Nkoabang,Centre,2027-07-01,7,2027,0.0,0.0,8000.0,0.01
S3_reappro_100,CA008.1,COMPLEMENT_ALIMENTAIRE,Ahala,Centre,2027-07-01,7,2027,0.0,0.0,14000.0,0.01
S3_reappro_100,CA008.1,COMPLEMENT_ALIMENTAIRE,Bertoua,Centre,2027-07-01,7,2027,0.0,0.0,14000.0,0.01
S3_reappro_100,CA008.1,COMPLEMENT_ALIMENTAIRE,Messassi,Centre,2027-07-01,7,2027,0.0,0.0,14000.0,0.03
S3_reappro_100,CA008.1,COMPLEMENT_ALIMENTAIRE,Ngaoundere,Centre,2027-07-01,7,2027,0.0,0.0,14000.0,0.0
S3_reappro_100,CA008.1,COMPLEMENT_ALIMENTAIRE,Nkoabang,Centre,2027-07-01,7,2027,0.0,0.0,14000.0,0.01
S3_reappro_100,V300,COMPLEMENT_ALIMENTAIRE,Ahala,Centre,2027-07-01,7,2027,0.02,0.0,2500.0,0.06
S3_reappro_100,V300,COMPLEMENT_ALIMENTAIRE,Bertoua,Centre,2027-07-01,7,2027,0.01,0.0,2500.0,0.02
S3_reappro_100,V300,COMPLEMENT_ALIMENTAIRE,Messassi,Centre,2027-07-01,7,2027,0.06,0.0,2500.0,0.12
S3_reappro_100,V300,COMPLEMENT_ALIMENTAIRE,Ngaoundere,Centre,2027-07-01,7,2027,0.01,0.0,2500.0,0.02
S3_reappro_100,V300,COMPLEMENT_ALIMENTAIRE,Nkoabang,Centre,2027-07-01,7,2027,0.02,0.0,2500.0,0.04
S3_reappro_100,V300,COMPLEMENT_ALIMENTAIRE,Nkolbisson,Centre,2027-07-01,7,2027,0.0,0.0,2500.0,0.01
S3_reappro_100,CA001.1,COMPLEMENT_ALIMENTAIRE,Ahala,Centre,2027-08-01,8,2027,0.0,0.0,5500.0,0.0
S3_reappro_100,CA001.1,COMPLEMENT_ALIMENTAIRE,Bertoua,Centre,2027-08-01,8,2027,0.0,0.0,5500.0,0.0
S3_reappro_100,CA001.1,COMPLEMENT_ALIMENTAIRE,Messassi,Centre,2027-08-01,8,2027,0.0,0.0,5500.0,0.0
S3_reappro_100,CA001.1,COMPLEMENT_ALIMENTAIRE,Ngaoundere,Centre,2027-08-01,8,2027,0.0,0.0,5500.0,0.0
S3_reappro_100,CA001.1,COMPLEMENT_ALIMENTAIRE,Nkoabang,Centre,2027-08-01,8,2027,0.0,0.0,5500.0,0.0
S3_reappro_100,CA001.1,COMPLEMENT_ALIMENTAIRE,Nkolbisson,Centre,2027-08-01,8,2027,0.0,0.0,5500.0,0.0
S3_reappro_100,CA002.1,COMPLEMENT_ALIMENTAIRE,Ahala,Centre,2027-08-01,8,2027,0.0,0.0,10500.0,0.0
S3_reappro_100,CA002.1,COMPLEMENT_ALIMENTAIRE,Bertoua,Centre,2027-08-01,8,2027,0.0,0.0,10500.0,0.0
S3_reappro_100,CA002.1,COMPLEMENT_ALIMENTAIRE,Messassi,Centre,2027-08-01,8,2027,0.0,0.0,10500.0,0.01
S3_reappro_100,CA002.1,COMPLEMENT_ALIMENTAIRE,Ngaoundere,Centre,2027-08-01,8,2027,0.0,0.0,10500.0,0.0
S3_reappro_100,CA002.1,COMPLEMENT_ALIMENTAIRE,Nkoabang,Centre,2027-08-01,8,2027,0.0,0.0,10500.0,0.0
S3_reappro_100,CA003.1,COMPLEMENT_ALIMENTAIRE,Ahala,Centre,2027-08-01,8,2027,0.0,0.0,8000.0,0.01
S3_reappro_100,CA003.1,COMPLEMENT_ALIMENTAIRE,Bertoua,Centre,2027-08-01,8,2027,0.0,0.0,8000.0,0.0
S3_reappro_100,CA003.1,COMPLEMENT_ALIMENTAIRE,Messassi,Centre,2027-08-01,8,2027,0.0,0.0,8000.0,0.01
S3_reappro_100,CA003.1,COMPLEMENT_ALIMENTAIRE,Ngaoundere,Centre,2027-08-01,8,2027,0.0,0.0,8000.0,0.0
S3_reappro_100,CA003.1,COMPLEMENT_ALIMENTAIRE,Nkoabang,Centre,2027-08-01,8,2027,0.0,0.0,8000.0,0.01
S3_reappro_100,CA003.1,COMPLEMENT_ALIMENTAIRE,Nkolbisson,Centre,2027-08-01,8,2027,0.0,0.0,8000.0,0.0
S3_reappro_100,CA004.1,COMPLEMENT_ALIMENTAIRE,Ahala,Centre,2027-08-01,8,2027,0.0,0.0,9800.0,0.0
S3_reappro_100,CA004.1,COMPLEMENT_ALIMENTAIRE,Bertoua,Centre,2027-08-01,8,2027,0.0,0.0,9800.0,0.0
S3_reappro_100,CA004.1,COMPLEMENT_ALIMENTAIRE,Messassi,Centre,2027-08-01,8,2027,0.0,0.0,9800.0,0.01
S3_reappro_100,CA004.1,COMPLEMENT_ALIMENTAIRE,Ngaoundere,Centre,2027-08-01,8,2027,0.0,0.0,9800.0,0.0
S3_reappro_100,CA004.1,COMPLEMENT_ALIMENTAIRE,Nkoabang,Centre,2027-08-01,8,2027,0.0,0.0,9800.0,0.0
S3_reappro_100,CA004.1,COMPLEMENT_ALIMENTAIRE,Nkolbisson,Centre,2027-08-01,8,2027,0.0,0.0,9800.0,0.0
S3_reappro_100,CA005.1,COMPLEMENT_ALIMENTAIRE,Ahala,Centre,2027-08-01,8,2027,0.0,0.0,15000.0,0.0
S3_reappro_100,CA005.1,COMPLEMENT_ALIMENTAIRE,Bertoua,Centre,2027-08-01,8,2027,0.0,0.0,15000.0,0.0
S3_reappro_100,CA005.1,COMPLEMENT_ALIMENTAIRE,Messassi,Centre,2027-08-01,8,2027,0.0,0.0,15000.0,0.01
S3_reappro_100,CA005.1,COMPLEMENT_ALIMENTAIRE,Ngaoundere,Centre,2027-08-01,8,2027,0.0,0.0,15000.0,0.0
S3_reappro_100,CA005.1,COMPLEMENT_ALIMENTAIRE,Nkoabang,Centre,2027-08-01,8,2027,0.0,0.0,15000.0,0.0
S3_reappro_100,CA006.1,COMPLEMENT_ALIMENTAIRE,Ahala,Centre,2027-08-01,8,2027,0.0,0.0,6500.0,0.0
S3_reappro_100,CA006.1,COMPLEMENT_ALIMENTAIRE,Bertoua,Centre,2027-08-01,8,2027,0.0,0.0,6500.0,0.0
S3_reappro_100,CA006.1,COMPLEMENT_ALIMENTAIRE,Messassi,Centre,2027-08-01,8,2027,0.0,0.0,6500.0,0.0
S3_reappro_100,CA006.1,COMPLEMENT_ALIMENTAIRE,Ngaoundere,Centre,2027-08-01,8,2027,0.0,0.0,6500.0,0.0
S3_reappro_100,CA006.1,COMPLEMENT_ALIMENTAIRE,Nkoabang,Centre,2027-08-01,8,2027,0.0,0.0,6500.0,0.0
S3_reappro_100,CA006.1,COMPLEMENT_ALIMENTAIRE,Nkolbisson,Centre,2027-08-01,8,2027,0.0,0.0,6500.0,0.0
S3_reappro_100,CA007.1,COMPLEMENT_ALIMENTAIRE,Ahala,Centre,2027-08-01,8,2027,0.0,0.0,8000.0,0.0
S3_reappro_100,CA007.1,COMPLEMENT_ALIMENTAIRE,Bertoua,Centre,2027-08-01,8,2027,0.0,0.0,8000.0,0.0
S3_reappro_100,CA007.1,COMPLEMENT_ALIMENTAIRE,Messassi,Centre,2027-08-01,8,2027,0.0,0.0,8000.0,0.01
S3_reappro_100,CA007.1,COMPLEMENT_ALIMENTAIRE,Nkoabang,Centre,2027-08-01,8,2027,0.0,0.0,8000.0,0.0
S3_reappro_100,CA008.1,COMPLEMENT_ALIMENTAIRE,Ahala,Centre,2027-08-01,8,2027,0.0,0.0,14000.0,0.0
S3_reappro_100,CA008.1,COMPLEMENT_ALIMENTAIRE,Bertoua,Centre,2027-08-01,8,2027,0.0,0.0,14000.0,0.0
S3_reappro_100,CA008.1,COMPLEMENT_ALIMENTAIRE,Messassi,Centre,2027-08-01,8,2027,0.0,0.0,14000.0,0.0
S3_reappro_100,CA008.1,COMPLEMENT_ALIMENTAIRE,Ngaoundere,Centre,2027-08-01,8,2027,0.0,0.0,14000.0,0.0
S3_reappro_100,CA008.1,COMPLEMENT_ALIMENTAIRE,Nkoabang,Centre,2027-08-01,8,2027,0.0,0.0,14000.0,0.0
S3_reappro_100,V300,COMPLEMENT_ALIMENTAIRE,Ahala,Centre,2027-08-01,8,2027,0.0,0.0,2500.0,0.01
S3_reappro_100,V300,COMPLEMENT_ALIMENTAIRE,Bertoua,Centre,2027-08-01,8,2027,0.0,0.0,2500.0,0.0
S3_reappro_100,V300,COMPLEMENT_ALIMENTAIRE,Messassi,Centre,2027-08-01,8,2027,0.01,0.0,2500.0,0.02
S3_reappro_100,V300,COMPLEMENT_ALIMENTAIRE,Ngaoundere,Centre,2027-08-01,8,2027,0.0,0.0,2500.0,0.0
S3_reappro_100,V300,COMPLEMENT_ALIMENTAIRE,Nkoabang,Centre,2027-08-01,8,2027,0.0,0.0,2500.0,0.01
S3_reappro_100,V300,COMPLEMENT_ALIMENTAIRE,Nkolbisson,Centre,2027-08-01,8,2027,0.0,0.0,2500.0,0.0
S3_reappro_100,CA001.1,COMPLEMENT_ALIMENTAIRE,Ahala,Centre,2027-09-01,9,2027,0.0,0.0,5500.0,0.01
S3_reappro_100,CA001.1,COMPLEMENT_ALIMENTAIRE,Bertoua,Centre,2027-09-01,9,2027,0.0,0.0,5500.0,0.01
S3_reappro_100,CA001.1,COMPLEMENT_ALIMENTAIRE,Messassi,Centre,2027-09-01,9,2027,0.0,0.0,5500.0,0.03
S3_reappro_100,CA001.1,COMPLEMENT_ALIMENTAIRE,Ngaoundere,Centre,2027-09-01,9,2027,0.0,0.0,5500.0,0.0
S3_reappro_100,CA001.1,COMPLEMENT_ALIMENTAIRE,Nkoabang,Centre,2027-09-01,9,2027,0.0,0.0,5500.0,0.0
S3_reappro_100,CA001.1,COMPLEMENT_ALIMENTAIRE,Nkolbisson,Centre,2027-09-01,9,2027,0.0,0.0,5500.0,0.0
S3_reappro_100,CA002.1,COMPLEMENT_ALIMENTAIRE,Ahala,Centre,2027-09-01,9,2027,0.0,0.0,10500.0,0.01
S3_reappro_100,CA002.1,COMPLEMENT_ALIMENTAIRE,Bertoua,Centre,2027-09-01,9,2027,0.0,0.0,10500.0,0.02
S3_reappro_100,CA002.1,COMPLEMENT_ALIMENTAIRE,Messassi,Centre,2027-09-01,9,2027,0.01,0.0,10500.0,0.11
S3_reappro_100,CA002.1,COMPLEMENT_ALIMENTAIRE,Ngaoundere,Centre,2027-09-01,9,2027,0.0,0.0,10500.0,0.0
S3_reappro_100,CA002.1,COMPLEMENT_ALIMENTAIRE,Nkoabang,Centre,2027-09-01,9,2027,0.0,0.0,10500.0,0.03
S3_reappro_100,CA003.1,COMPLEMENT_ALIMENTAIRE,Ahala,Centre,2027-09-01,9,2027,0.01,0.0,8000.0,0.08
S3_reappro_100,CA003.1,COMPLEMENT_ALIMENTAIRE,Bertoua,Centre,2027-09-01,9,2027,0.0,0.0,8000.0,0.04
S3_reappro_100,CA003.1,COMPLEMENT_ALIMENTAIRE,Messassi,Centre,2027-09-01,9,2027,0.01,0.0,8000.0,0.08
S3_reappro_100,CA003.1,COMPLEMENT_ALIMENTAIRE,Ngaoundere,Centre,2027-09-01,9,2027,0.0,0.0,8000.0,0.0
S3_reappro_100,CA003.1,COMPLEMENT_ALIMENTAIRE,Nkoabang,Centre,2027-09-01,9,2027,0.01,0.0,8000.0,0.06
S3_reappro_100,CA003.1,COMPLEMENT_ALIMENTAIRE,Nkolbisson,Centre,2027-09-01,9,2027,0.0,0.0,8000.0,0.01
S3_reappro_100,CA004.1,COMPLEMENT_ALIMENTAIRE,Ahala,Centre,2027-09-01,9,2027,0.0,0.0,9800.0,0.03
S3_reappro_100,CA004.1,COMPLEMENT_ALIMENTAIRE,Bertoua,Centre,2027-09-01,9,2027,0.0,0.0,9800.0,0.0
S3_reappro_100,CA004.1,COMPLEMENT_ALIMENTAIRE,Messassi,Centre,2027-09-01,9,2027,0.01,0.0,9800.0,0.09
S3_reappro_100,CA004.1,COMPLEMENT_ALIMENTAIRE,Ngaoundere,Centre,2027-09-01,9,2027,0.0,0.0,9800.0,0.0
S3_reappro_100,CA004.1,COMPLEMENT_ALIMENTAIRE,Nkoabang,Centre,2027-09-01,9,2027,0.0,0.0,9800.0,0.04
S3_reappro_100,CA004.1,COMPLEMENT_ALIMENTAIRE,Nkolbisson,Centre,2027-09-01,9,2027,0.0,0.0,9800.0,0.01
S3_reappro_100,CA005.1,COMPLEMENT_ALIMENTAIRE,Ahala,Centre,2027-09-01,9,2027,0.0,0.0,15000.0,0.01
S3_reappro_100,CA005.1,COMPLEMENT_ALIMENTAIRE,Bertoua,Centre,2027-09-01,9,2027,0.0,0.0,15000.0,0.01
S3_reappro_100,CA005.1,COMPLEMENT_ALIMENTAIRE,Messassi,Centre,2027-09-01,9,2027,0.0,0.0,15000.0,0.05
S3_reappro_100,CA005.1,COMPLEMENT_ALIMENTAIRE,Ngaoundere,Centre,2027-09-01,9,2027,0.0,0.0,15000.0,0.0
S3_reappro_100,CA005.1,COMPLEMENT_ALIMENTAIRE,Nkoabang,Centre,2027-09-01,9,2027,0.0,0.0,15000.0,0.01
S3_reappro_100,CA006.1,COMPLEMENT_ALIMENTAIRE,Ahala,Centre,2027-09-01,9,2027,0.0,0.0,6500.0,0.01
S3_reappro_100,CA006.1,COMPLEMENT_ALIMENTAIRE,Bertoua,Centre,2027-09-01,9,2027,0.0,0.0,6500.0,0.01
S3_reappro_100,CA006.1,COMPLEMENT_ALIMENTAIRE,Messassi,Centre,2027-09-01,9,2027,0.0,0.0,6500.0,0.03
S3_reappro_100,CA006.1,COMPLEMENT_ALIMENTAIRE,Ngaoundere,Centre,2027-09-01,9,2027,0.0,0.0,6500.0,0.0
S3_reappro_100,CA006.1,COMPLEMENT_ALIMENTAIRE,Nkoabang,Centre,2027-09-01,9,2027,0.0,0.0,6500.0,0.01
S3_reappro_100,CA006.1,COMPLEMENT_ALIMENTAIRE,Nkolbisson,Centre,2027-09-01,9,2027,0.0,0.0,6500.0,0.0
S3_reappro_100,CA007.1,COMPLEMENT_ALIMENTAIRE,Ahala,Centre,2027-09-01,9,2027,0.0,0.0,8000.0,0.01
S3_reappro_100,CA007.1,COMPLEMENT_ALIMENTAIRE,Bertoua,Centre,2027-09-01,9,2027,0.0,0.0,8000.0,0.01
S3_reappro_100,CA007.1,COMPLEMENT_ALIMENTAIRE,Messassi,Centre,2027-09-01,9,2027,0.01,0.0,8000.0,0.07
S3_reappro_100,CA007.1,COMPLEMENT_ALIMENTAIRE,Nkoabang,Centre,2027-09-01,9,2027,0.0,0.0,8000.0,0.01
S3_reappro_100,CA008.1,COMPLEMENT_ALIMENTAIRE,Ahala,Centre,2027-09-01,9,2027,0.0,0.0,14000.0,0.02
S3_reappro_100,CA008.1,COMPLEMENT_ALIMENTAIRE,Bertoua,Centre,2027-09-01,9,2027,0.0,0.0,14000.0,0.02
S3_reappro_100,CA008.1,COMPLEMENT_ALIMENTAIRE,Messassi,Centre,2027-09-01,9,2027,0.0,0.0,14000.0,0.04
S3_reappro_100,CA008.1,COMPLEMENT_ALIMENTAIRE,Ngaoundere,Centre,2027-09-01,9,2027,0.0,0.0,14000.0,0.0
S3_reappro_100,CA008.1,COMPLEMENT_ALIMENTAIRE,Nkoabang,Centre,2027-09-01,9,2027,0.0,0.0,14000.0,0.01
S3_reappro_100,V300,COMPLEMENT_ALIMENTAIRE,Ahala,Centre,2027-09-01,9,2027,0.03,0.0,2500.0,0.1
S3_reappro_100,V300,COMPLEMENT_ALIMENTAIRE,Bertoua,Centre,2027-09-01,9,2027,0.02,0.0,2500.0,0.04
S3_reappro_100,V300,COMPLEMENT_ALIMENTAIRE,Messassi,Centre,2027-09-01,9,2027,0.09,0.0,2500.0,0.18
S3_reappro_100,V300,COMPLEMENT_ALIMENTAIRE,Ngaoundere,Centre,2027-09-01,9,2027,0.01,0.0,2500.0,0.02
S3_reappro_100,V300,COMPLEMENT_ALIMENTAIRE,Nkoabang,Centre,2027-09-01,9,2027,0.03,0.0,2500.0,0.07
S3_reappro_100,V300,COMPLEMENT_ALIMENTAIRE,Nkolbisson,Centre,2027-09-01,9,2027,0.0,0.0,2500.0,0.01
S3_reappro_100,CA001.1,COMPLEMENT_ALIMENTAIRE,Ahala,Centre,2027-10-01,10,2027,0.0,0.0,5500.0,0.0
S3_reappro_100,CA001.1,COMPLEMENT_ALIMENTAIRE,Bertoua,Centre,2027-10-01,10,2027,0.0,0.0,5500.0,0.0
S3_reappro_100,CA001.1,COMPLEMENT_ALIMENTAIRE,Messassi,Centre,2027-10-01,10,2027,0.0,0.0,5500.0,0.01
S3_reappro_100,CA001.1,COMPLEMENT_ALIMENTAIRE,Ngaoundere,Centre,2027-10-01,10,2027,0.0,0.0,5500.0,0.0
S3_reappro_100,CA001.1,COMPLEMENT_ALIMENTAIRE,Nkoabang,Centre,2027-10-01,10,2027,0.0,0.0,5500.0,0.0
S3_reappro_100,CA001.1,COMPLEMENT_ALIMENTAIRE,Nkolbisson,Centre,2027-10-01,10,2027,0.0,0.0,5500.0,0.0
S3_reappro_100,CA002.1,COMPLEMENT_ALIMENTAIRE,Ahala,Centre,2027-10-01,10,2027,0.0,0.0,10500.0,0.0
S3_reappro_100,CA002.1,COMPLEMENT_ALIMENTAIRE,Bertoua,Centre,2027-10-01,10,2027,0.0,0.0,10500.0,0.0
S3_reappro_100,CA002.1,COMPLEMENT_ALIMENTAIRE,Messassi,Centre,2027-10-01,10,2027,0.0,0.0,10500.0,0.03
S3_reappro_100,CA002.1,COMPLEMENT_ALIMENTAIRE,Ngaoundere,Centre,2027-10-01,10,2027,0.0,0.0,10500.0,0.0
S3_reappro_100,CA002.1,COMPLEMENT_ALIMENTAIRE,Nkoabang,Centre,2027-10-01,10,2027,0.0,0.0,10500.0,0.01
S3_reappro_100,CA003.1,COMPLEMENT_ALIMENTAIRE,Ahala,Centre,2027-10-01,10,2027,0.0,0.0,8000.0,0.02
S3_reappro_100,CA003.1,COMPLEMENT_ALIMENTAIRE,Bertoua,Centre,2027-10-01,10,2027,0.0,0.0,8000.0,0.01
S3_reappro_100,CA003.1,COMPLEMENT_ALIMENTAIRE,Messassi,Centre,2027-10-01,10,2027,0.0,0.0,8000.0,0.02
S3_reappro_100,CA003.1,COMPLEMENT_ALIMENTAIRE,Ngaoundere,Centre,2027-10-01,10,2027,0.0,0.0,8000.0,0.0
S3_reappro_100,CA003.1,COMPLEMENT_ALIMENTAIRE,Nkoabang,Centre,2027-10-01,10,2027,0.0,0.0,8000.0,0.01
S3_reappro_100,CA003.1,COMPLEMENT_ALIMENTAIRE,Nkolbisson,Centre,2027-10-01,10,2027,0.0,0.0,8000.0,0.0
S3_reappro_100,CA004.1,COMPLEMENT_ALIMENTAIRE,Ahala,Centre,2027-10-01,10,2027,0.0,0.0,9800.0,0.01
S3_reappro_100,CA004.1,COMPLEMENT_ALIMENTAIRE,Bertoua,Centre,2027-10-01,10,2027,0.0,0.0,9800.0,0.0
S3_reappro_100,CA004.1,COMPLEMENT_ALIMENTAIRE,Messassi,Centre,2027-10-01,10,2027,0.0,0.0,9800.0,0.02
S3_reappro_100,CA004.1,COMPLEMENT_ALIMENTAIRE,Ngaoundere,Centre,2027-10-01,10,2027,0.0,0.0,9800.0,0.0
S3_reappro_100,CA004.1,COMPLEMENT_ALIMENTAIRE,Nkoabang,Centre,2027-10-01,10,2027,0.0,0.0,9800.0,0.01
S3_reappro_100,CA004.1,COMPLEMENT_ALIMENTAIRE,Nkolbisson,Centre,2027-10-01,10,2027,0.0,0.0,9800.0,0.0
S3_reappro_100,CA005.1,COMPLEMENT_ALIMENTAIRE,Ahala,Centre,2027-10-01,10,2027,0.0,0.0,15000.0,0.0
S3_reappro_100,CA005.1,COMPLEMENT_ALIMENTAIRE,Bertoua,Centre,2027-10-01,10,2027,0.0,0.0,15000.0,0.0
S3_reappro_100,CA005.1,COMPLEMENT_ALIMENTAIRE,Messassi,Centre,2027-10-01,10,2027,0.0,0.0,15000.0,0.01
S3_reappro_100,CA005.1,COMPLEMENT_ALIMENTAIRE,Ngaoundere,Centre,2027-10-01,10,2027,0.0,0.0,15000.0,0.0
S3_reappro_100,CA005.1,COMPLEMENT_ALIMENTAIRE,Nkoabang,Centre,2027-10-01,10,2027,0.0,0.0,15000.0,0.0
S3_reappro_100,CA006.1,COMPLEMENT_ALIMENTAIRE,Ahala,Centre,2027-10-01,10,2027,0.0,0.0,6500.0,0.0
S3_reappro_100,CA006.1,COMPLEMENT_ALIMENTAIRE,Bertoua,Centre,2027-10-01,10,2027,0.0,0.0,6500.0,0.0
S3_reappro_100,CA006.1,COMPLEMENT_ALIMENTAIRE,Messassi,Centre,2027-10-01,10,2027,0.0,0.0,6500.0,0.01
S3_reappro_100,CA006.1,COMPLEMENT_ALIMENTAIRE,Ngaoundere,Centre,2027-10-01,10,2027,0.0,0.0,6500.0,0.0
S3_reappro_100,CA006.1,COMPLEMENT_ALIMENTAIRE,Nkoabang,Centre,2027-10-01,10,2027,0.0,0.0,6500.0,0.0
S3_reappro_100,CA006.1,COMPLEMENT_ALIMENTAIRE,Nkolbisson,Centre,2027-10-01,10,2027,0.0,0.0,6500.0,0.0
S3_reappro_100,CA007.1,COMPLEMENT_ALIMENTAIRE,Ahala,Centre,2027-10-01,10,2027,0.0,0.0,8000.0,0.0
S3_reappro_100,CA007.1,COMPLEMENT_ALIMENTAIRE,Bertoua,Centre,2027-10-01,10,2027,0.0,0.0,8000.0,0.0
S3_reappro_100,CA007.1,COMPLEMENT_ALIMENTAIRE,Messassi,Centre,2027-10-01,10,2027,0.0,0.0,8000.0,0.01
S3_reappro_100,CA007.1,COMPLEMENT_ALIMENTAIRE,Nkoabang,Centre,2027-10-01,10,2027,0.0,0.0,8000.0,0.0
S3_reappro_100,CA008.1,COMPLEMENT_ALIMENTAIRE,Ahala,Centre,2027-10-01,10,2027,0.0,0.0,14000.0,0.0
S3_reappro_100,CA008.1,COMPLEMENT_ALIMENTAIRE,Bertoua,Centre,2027-10-01,10,2027,0.0,0.0,14000.0,0.0
S3_reappro_100,CA008.1,COMPLEMENT_ALIMENTAIRE,Messassi,Centre,2027-10-01,10,2027,0.0,0.0,14000.0,0.01
S3_reappro_100,CA008.1,COMPLEMENT_ALIMENTAIRE,Ngaoundere,Centre,2027-10-01,10,2027,0.0,0.0,14000.0,0.0
S3_reappro_100,CA008.1,COMPLEMENT_ALIMENTAIRE,Nkoabang,Centre,2027-10-01,10,2027,0.0,0.0,14000.0,0.0
S3_reappro_100,V300,COMPLEMENT_ALIMENTAIRE,Ahala,Centre,2027-10-01,10,2027,0.01,0.0,2500.0,0.02
S3_reappro_100,V300,COMPLEMENT_ALIMENTAIRE,Bertoua,Centre,2027-10-01,10,2027,0.0,0.0,2500.0,0.01
S3_reappro_100,V300,COMPLEMENT_ALIMENTAIRE,Messassi,Centre,2027-10-01,10,2027,0.02,0.0,2500.0,0.04
S3_reappro_100,V300,COMPLEMENT_ALIMENTAIRE,Ngaoundere,Centre,2027-10-01,10,2027,0.0,0.0,2500.0,0.01
S3_reappro_100,V300,COMPLEMENT_ALIMENTAIRE,Nkoabang,Centre,2027-10-01,10,2027,0.01,0.0,2500.0,0.01
S3_reappro_100,V300,COMPLEMENT_ALIMENTAIRE,Nkolbisson,Centre,2027-10-01,10,2027,0.0,0.0,2500.0,0.0
S3_reappro_100,CA001.1,COMPLEMENT_ALIMENTAIRE,Ahala,Centre,2027-11-01,11,2027,0.0,0.0,5500.0,0.0
S3_reappro_100,CA001.1,COMPLEMENT_ALIMENTAIRE,Bertoua,Centre,2027-11-01,11,2027,0.0,0.0,5500.0,0.0
S3_reappro_100,CA001.1,COMPLEMENT_ALIMENTAIRE,Messassi,Centre,2027-11-01,11,2027,0.0,0.0,5500.0,0.01
S3_reappro_100,CA001.1,COMPLEMENT_ALIMENTAIRE,Ngaoundere,Centre,2027-11-01,11,2027,0.0,0.0,5500.0,0.0
S3_reappro_100,CA001.1,COMPLEMENT_ALIMENTAIRE,Nkoabang,Centre,2027-11-01,11,2027,0.0,0.0,5500.0,0.0
S3_reappro_100,CA001.1,COMPLEMENT_ALIMENTAIRE,Nkolbisson,Centre,2027-11-01,11,2027,0.0,0.0,5500.0,0.0
S3_reappro_100,CA002.1,COMPLEMENT_ALIMENTAIRE,Ahala,Centre,2027-11-01,11,2027,0.0,0.0,10500.0,0.0
S3_reappro_100,CA002.1,COMPLEMENT_ALIMENTAIRE,Bertoua,Centre,2027-11-01,11,2027,0.0,0.0,10500.0,0.01
S3_reappro_100,CA002.1,COMPLEMENT_ALIMENTAIRE,Messassi,Centre,2027-11-01,11,2027,0.0,0.0,10500.0,0.04
S3_reappro_100,CA002.1,COMPLEMENT_ALIMENTAIRE,Ngaoundere,Centre,2027-11-01,11,2027,0.0,0.0,10500.0,0.0
S3_reappro_100,CA002.1,COMPLEMENT_ALIMENTAIRE,Nkoabang,Centre,2027-11-01,11,2027,0.0,0.0,10500.0,0.01
S3_reappro_100,CA003.1,COMPLEMENT_ALIMENTAIRE,Ahala,Centre,2027-11-01,11,2027,0.0,0.0,8000.0,0.02
S3_reappro_100,CA003.1,COMPLEMENT_ALIMENTAIRE,Bertoua,Centre,2027-11-01,11,2027,0.0,0.0,8000.0,0.01
S3_reappro_100,CA003.1,COMPLEMENT_ALIMENTAIRE,Messassi,Centre,2027-11-01,11,2027,0.0,0.0,8000.0,0.03
S3_reappro_100,CA003.1,COMPLEMENT_ALIMENTAIRE,Ngaoundere,Centre,2027-11-01,11,2027,0.0,0.0,8000.0,0.0
S3_reappro_100,CA003.1,COMPLEMENT_ALIMENTAIRE,Nkoabang,Centre,2027-11-01,11,2027,0.0,0.0,8000.0,0.02
S3_reappro_100,CA003.1,COMPLEMENT_ALIMENTAIRE,Nkolbisson,Centre,2027-11-01,11,2027,0.0,0.0,8000.0,0.0
S3_reappro_100,CA004.1,COMPLEMENT_ALIMENTAIRE,Ahala,Centre,2027-11-01,11,2027,0.0,0.0,9800.0,0.01
S3_reappro_100,CA004.1,COMPLEMENT_ALIMENTAIRE,Bertoua,Centre,2027-11-01,11,2027,0.0,0.0,9800.0,0.0
S3_reappro_100,CA004.1,COMPLEMENT_ALIMENTAIRE,Messassi,Centre,2027-11-01,11,2027,0.0,0.0,9800.0,0.03
S3_reappro_100,CA004.1,COMPLEMENT_ALIMENTAIRE,Ngaoundere,Centre,2027-11-01,11,2027,0.0,0.0,9800.0,0.0
S3_reappro_100,CA004.1,COMPLEMENT_ALIMENTAIRE,Nkoabang,Centre,2027-11-01,11,2027,0.0,0.0,9800.0,0.01
S3_reappro_100,CA004.1,COMPLEMENT_ALIMENTAIRE,Nkolbisson,Centre,2027-11-01,11,2027,0.0,0.0,9800.0,0.0
S3_reappro_100,CA005.1,COMPLEMENT_ALIMENTAIRE,Ahala,Centre,2027-11-01,11,2027,0.0,0.0,15000.0,0.0
S3_reappro_100,CA005.1,COMPLEMENT_ALIMENTAIRE,Bertoua,Centre,2027-11-01,11,2027,0.0,0.0,15000.0,0.0
S3_reappro_100,CA005.1,COMPLEMENT_ALIMENTAIRE,Messassi,Centre,2027-11-01,11,2027,0.0,0.0,15000.0,0.02
S3_reappro_100,CA005.1,COMPLEMENT_ALIMENTAIRE,Ngaoundere,Centre,2027-11-01,11,2027,0.0,0.0,15000.0,0.0
S3_reappro_100,CA005.1,COMPLEMENT_ALIMENTAIRE,Nkoabang,Centre,2027-11-01,11,2027,0.0,0.0,15000.0,0.0
S3_reappro_100,CA006.1,COMPLEMENT_ALIMENTAIRE,Ahala,Centre,2027-11-01,11,2027,0.0,0.0,6500.0,0.0
S3_reappro_100,CA006.1,COMPLEMENT_ALIMENTAIRE,Bertoua,Centre,2027-11-01,11,2027,0.0,0.0,6500.0,0.0
S3_reappro_100,CA006.1,COMPLEMENT_ALIMENTAIRE,Messassi,Centre,2027-11-01,11,2027,0.0,0.0,6500.0,0.01
S3_reappro_100,CA006.1,COMPLEMENT_ALIMENTAIRE,Ngaoundere,Centre,2027-11-01,11,2027,0.0,0.0,6500.0,0.0
S3_reappro_100,CA006.1,COMPLEMENT_ALIMENTAIRE,Nkoabang,Centre,2027-11-01,11,2027,0.0,0.0,6500.0,0.0
S3_reappro_100,CA006.1,COMPLEMENT_ALIMENTAIRE,Nkolbisson,Centre,2027-11-01,11,2027,0.0,0.0,6500.0,0.0
S3_reappro_100,CA007.1,COMPLEMENT_ALIMENTAIRE,Ahala,Centre,2027-11-01,11,2027,0.0,0.0,8000.0,0.0
S3_reappro_100,CA007.1,COMPLEMENT_ALIMENTAIRE,Bertoua,Centre,2027-11-01,11,2027,0.0,0.0,8000.0,0.0
S3_reappro_100,CA007.1,COMPLEMENT_ALIMENTAIRE,Messassi,Centre,2027-11-01,11,2027,0.0,0.0,8000.0,0.02
S3_reappro_100,CA007.1,COMPLEMENT_ALIMENTAIRE,Nkoabang,Centre,2027-11-01,11,2027,0.0,0.0,8000.0,0.0
S3_reappro_100,CA008.1,COMPLEMENT_ALIMENTAIRE,Ahala,Centre,2027-11-01,11,2027,0.0,0.0,14000.0,0.01
S3_reappro_100,CA008.1,COMPLEMENT_ALIMENTAIRE,Bertoua,Centre,2027-11-01,11,2027,0.0,0.0,14000.0,0.0
S3_reappro_100,CA008.1,COMPLEMENT_ALIMENTAIRE,Messassi,Centre,2027-11-01,11,2027,0.0,0.0,14000.0,0.01
S3_reappro_100,CA008.1,COMPLEMENT_ALIMENTAIRE,Ngaoundere,Centre,2027-11-01,11,2027,0.0,0.0,14000.0,0.0
S3_reappro_100,CA008.1,COMPLEMENT_ALIMENTAIRE,Nkoabang,Centre,2027-11-01,11,2027,0.0,0.0,14000.0,0.0
S3_reappro_100,V300,COMPLEMENT_ALIMENTAIRE,Ahala,Centre,2027-11-01,11,2027,0.01,0.0,2500.0,0.03
S3_reappro_100,V300,COMPLEMENT_ALIMENTAIRE,Bertoua,Centre,2027-11-01,11,2027,0.01,0.0,2500.0,0.01
S3_reappro_100,V300,COMPLEMENT_ALIMENTAIRE,Messassi,Centre,2027-11-01,11,2027,0.03,0.0,2500.0,0.06
S3_reappro_100,V300,COMPLEMENT_ALIMENTAIRE,Ngaoundere,Centre,2027-11-01,11,2027,0.0,0.0,2500.0,0.01
S3_reappro_100,V300,COMPLEMENT_ALIMENTAIRE,Nkoabang,Centre,2027-11-01,11,2027,0.01,0.0,2500.0,0.02
S3_reappro_100,V300,COMPLEMENT_ALIMENTAIRE,Nkolbisson,Centre,2027-11-01,11,2027,0.0,0.0,2500.0,0.0
S3_reappro_100,CA001.1,COMPLEMENT_ALIMENTAIRE,Ahala,Centre,2027-12-01,12,2027,0.0,0.0,5500.0,0.0
S3_reappro_100,CA001.1,COMPLEMENT_ALIMENTAIRE,Bertoua,Centre,2027-12-01,12,2027,0.0,0.0,5500.0,0.0
S3_reappro_100,CA001.1,COMPLEMENT_ALIMENTAIRE,Messassi,Centre,2027-12-01,12,2027,0.0,0.0,5500.0,0.0
S3_reappro_100,CA001.1,COMPLEMENT_ALIMENTAIRE,Ngaoundere,Centre,2027-12-01,12,2027,0.0,0.0,5500.0,0.0
S3_reappro_100,CA001.1,COMPLEMENT_ALIMENTAIRE,Nkoabang,Centre,2027-12-01,12,2027,0.0,0.0,5500.0,0.0
S3_reappro_100,CA001.1,COMPLEMENT_ALIMENTAIRE,Nkolbisson,Centre,2027-12-01,12,2027,0.0,0.0,5500.0,0.0
S3_reappro_100,CA002.1,COMPLEMENT_ALIMENTAIRE,Ahala,Centre,2027-12-01,12,2027,0.0,0.0,10500.0,0.0
S3_reappro_100,CA002.1,COMPLEMENT_ALIMENTAIRE,Bertoua,Centre,2027-12-01,12,2027,0.0,0.0,10500.0,0.0
S3_reappro_100,CA002.1,COMPLEMENT_ALIMENTAIRE,Messassi,Centre,2027-12-01,12,2027,0.0,0.0,10500.0,0.02
S3_reappro_100,CA002.1,COMPLEMENT_ALIMENTAIRE,Ngaoundere,Centre,2027-12-01,12,2027,0.0,0.0,10500.0,0.0
S3_reappro_100,CA002.1,COMPLEMENT_ALIMENTAIRE,Nkoabang,Centre,2027-12-01,12,2027,0.0,0.0,10500.0,0.0
S3_reappro_100,CA003.1,COMPLEMENT_ALIMENTAIRE,Ahala,Centre,2027-12-01,12,2027,0.0,0.0,8000.0,0.01
S3_reappro_100,CA003.1,COMPLEMENT_ALIMENTAIRE,Bertoua,Centre,2027-12-01,12,2027,0.0,0.0,8000.0,0.0
S3_reappro_100,CA003.1,COMPLEMENT_ALIMENTAIRE,Messassi,Centre,2027-12-01,12,2027,0.0,0.0,8000.0,0.01
S3_reappro_100,CA003.1,COMPLEMENT_ALIMENTAIRE,Ngaoundere,Centre,2027-12-01,12,2027,0.0,0.0,8000.0,0.0
S3_reappro_100,CA003.1,COMPLEMENT_ALIMENTAIRE,Nkoabang,Centre,2027-12-01,12,2027,0.0,0.0,8000.0,0.01
S3_reappro_100,CA003.1,COMPLEMENT_ALIMENTAIRE,Nkolbisson,Centre,2027-12-01,12,2027,0.0,0.0,8000.0,0.0
S3_reappro_100,CA004.1,COMPLEMENT_ALIMENTAIRE,Ahala,Centre,2027-12-01,12,2027,0.0,0.0,9800.0,0.0
S3_reappro_100,CA004.1,COMPLEMENT_ALIMENTAIRE,Bertoua,Centre,2027-12-01,12,2027,0.0,0.0,9800.0,0.0
S3_reappro_100,CA004.1,COMPLEMENT_ALIMENTAIRE,Messassi,Centre,2027-12-01,12,2027,0.0,0.0,9800.0,0.01
S3_reappro_100,CA004.1,COMPLEMENT_ALIMENTAIRE,Ngaoundere,Centre,2027-12-01,12,2027,0.0,0.0,9800.0,0.0
S3_reappro_100,CA004.1,COMPLEMENT_ALIMENTAIRE,Nkoabang,Centre,2027-12-01,12,2027,0.0,0.0,9800.0,0.01
S3_reappro_100,CA004.1,COMPLEMENT_ALIMENTAIRE,Nkolbisson,Centre,2027-12-01,12,2027,0.0,0.0,9800.0,0.0
S3_reappro_100,CA005.1,COMPLEMENT_ALIMENTAIRE,Ahala,Centre,2027-12-01,12,2027,0.0,0.0,15000.0,0.0
S3_reappro_100,CA005.1,COMPLEMENT_ALIMENTAIRE,Bertoua,Centre,2027-12-01,12,2027,0.0,0.0,15000.0,0.0
S3_reappro_100,CA005.1,COMPLEMENT_ALIMENTAIRE,Messassi,Centre,2027-12-01,12,2027,0.0,0.0,15000.0,0.01
S3_reappro_100,CA005.1,COMPLEMENT_ALIMENTAIRE,Ngaoundere,Centre,2027-12-01,12,2027,0.0,0.0,15000.0,0.0
S3_reappro_100,CA005.1,COMPLEMENT_ALIMENTAIRE,Nkoabang,Centre,2027-12-01,12,2027,0.0,0.0,15000.0,0.0
S3_reappro_100,CA006.1,COMPLEMENT_ALIMENTAIRE,Ahala,Centre,2027-12-01,12,2027,0.0,0.0,6500.0,0.0
S3_reappro_100,CA006.1,COMPLEMENT_ALIMENTAIRE,Bertoua,Centre,2027-12-01,12,2027,0.0,0.0,6500.0,0.0
S3_reappro_100,CA006.1,COMPLEMENT_ALIMENTAIRE,Messassi,Centre,2027-12-01,12,2027,0.0,0.0,6500.0,0.0
S3_reappro_100,CA006.1,COMPLEMENT_ALIMENTAIRE,Ngaoundere,Centre,2027-12-01,12,2027,0.0,0.0,6500.0,0.0
S3_reappro_100,CA006.1,COMPLEMENT_ALIMENTAIRE,Nkoabang,Centre,2027-12-01,12,2027,0.0,0.0,6500.0,0.0
S3_reappro_100,CA006.1,COMPLEMENT_ALIMENTAIRE,Nkolbisson,Centre,2027-12-01,12,2027,0.0,0.0,6500.0,0.0
S3_reappro_100,CA007.1,COMPLEMENT_ALIMENTAIRE,Ahala,Centre,2027-12-01,12,2027,0.0,0.0,8000.0,0.0
S3_reappro_100,CA007.1,COMPLEMENT_ALIMENTAIRE,Bertoua,Centre,2027-12-01,12,2027,0.0,0.0,8000.0,0.0
S3_reappro_100,CA007.1,COMPLEMENT_ALIMENTAIRE,Messassi,Centre,2027-12-01,12,2027,0.0,0.0,8000.0,0.01
S3_reappro_100,CA007.1,COMPLEMENT_ALIMENTAIRE,Nkoabang,Centre,2027-12-01,12,2027,0.0,0.0,8000.0,0.0
S3_reappro_100,CA008.1,COMPLEMENT_ALIMENTAIRE,Ahala,Centre,2027-12-01,12,2027,0.0,0.0,14000.0,0.0
S3_reappro_100,CA008.1,COMPLEMENT_ALIMENTAIRE,Bertoua,Centre,2027-12-01,12,2027,0.0,0.0,14000.0,0.0
S3_reappro_100,CA008.1,COMPLEMENT_ALIMENTAIRE,Messassi,Centre,2027-12-01,12,2027,0.0,0.0,14000.0,0.01
S3_reappro_100,CA008.1,COMPLEMENT_ALIMENTAIRE,Ngaoundere,Centre,2027-12-01,12,2027,0.0,0.0,14000.0,0.0
S3_reappro_100,CA008.1,COMPLEMENT_ALIMENTAIRE,Nkoabang,Centre,2027-12-01,12,2027,0.0,0.0,14000.0,0.0
S3_reappro_100,V300,COMPLEMENT_ALIMENTAIRE,Ahala,Centre,2027-12-01,12,2027,0.0,0.0,2500.0,0.01
S3_reappro_100,V300,COMPLEMENT_ALIMENTAIRE,Bertoua,Centre,2027-12-01,12,2027,0.0,0.0,2500.0,0.01
S3_reappro_100,V300,COMPLEMENT_ALIMENTAIRE,Messassi,Centre,2027-12-01,12,2027,0.01,0.0,2500.0,0.02
S3_reappro_100,V300,COMPLEMENT_ALIMENTAIRE,Ngaoundere,Centre,2027-12-01,12,2027,0.0,0.0,2500.0,0.0
S3_reappro_100,V300,COMPLEMENT_ALIMENTAIRE,Nkoabang,Centre,2027-12-01,12,2027,0.0,0.0,2500.0,0.01
S3_reappro_100,V300,COMPLEMENT_ALIMENTAIRE,Nkolbisson,Centre,2027-12-01,12,2027,0.0,0.0,2500.0,0.0
S3_reappro_100,CA001.1,COMPLEMENT_ALIMENTAIRE,Ndobo,Littoral,2027-01-01,1,2027,0.0,0.0,5500.0,0.0
S3_reappro_100,CA001.1,COMPLEMENT_ALIMENTAIRE,Nkongsamba,Littoral,2027-01-01,1,2027,0.0,0.0,5500.0,0.01
S3_reappro_100,CA001.1,COMPLEMENT_ALIMENTAIRE,Pk11,Littoral,2027-01-01,1,2027,0.0,0.0,5500.0,0.0
S3_reappro_100,CA001.1,COMPLEMENT_ALIMENTAIRE,Village,Littoral,2027-01-01,1,2027,0.0,0.0,5500.0,0.0
S3_reappro_100,CA002.1,COMPLEMENT_ALIMENTAIRE,Ndobo,Littoral,2027-01-01,1,2027,0.01,0.0,10500.0,0.06
S3_reappro_100,CA002.1,COMPLEMENT_ALIMENTAIRE,Nkongsamba,Littoral,2027-01-01,1,2027,0.01,0.0,10500.0,0.08
S3_reappro_100,CA002.1,COMPLEMENT_ALIMENTAIRE,Pk11,Littoral,2027-01-01,1,2027,0.0,0.0,10500.0,0.0
S3_reappro_100,CA002.1,COMPLEMENT_ALIMENTAIRE,Village,Littoral,2027-01-01,1,2027,0.0,0.0,10500.0,0.01
S3_reappro_100,CA003.1,COMPLEMENT_ALIMENTAIRE,Buea,Littoral,2027-01-01,1,2027,0.0,0.0,8000.0,0.01
S3_reappro_100,CA003.1,COMPLEMENT_ALIMENTAIRE,Ndobo,Littoral,2027-01-01,1,2027,0.0,0.0,8000.0,0.02
S3_reappro_100,CA003.1,COMPLEMENT_ALIMENTAIRE,Nkongsamba,Littoral,2027-01-01,1,2027,0.0,0.0,8000.0,0.03
S3_reappro_100,CA003.1,COMPLEMENT_ALIMENTAIRE,Pk11,Littoral,2027-01-01,1,2027,0.0,0.0,8000.0,0.0
S3_reappro_100,CA003.1,COMPLEMENT_ALIMENTAIRE,Village,Littoral,2027-01-01,1,2027,0.0,0.0,8000.0,0.01
S3_reappro_100,CA004.1,COMPLEMENT_ALIMENTAIRE,Buea,Littoral,2027-01-01,1,2027,0.0,0.0,9800.0,0.0
S3_reappro_100,CA004.1,COMPLEMENT_ALIMENTAIRE,Ndobo,Littoral,2027-01-01,1,2027,0.0,0.0,9800.0,0.0
S3_reappro_100,CA004.1,COMPLEMENT_ALIMENTAIRE,Nkongsamba,Littoral,2027-01-01,1,2027,0.0,0.0,9800.0,0.01
S3_reappro_100,CA004.1,COMPLEMENT_ALIMENTAIRE,Pk11,Littoral,2027-01-01,1,2027,0.0,0.0,9800.0,0.0
S3_reappro_100,CA004.1,COMPLEMENT_ALIMENTAIRE,Village,Littoral,2027-01-01,1,2027,0.0,0.0,9800.0,0.01
S3_reappro_100,CA005.1,COMPLEMENT_ALIMENTAIRE,Buea,Littoral,2027-01-01,1,2027,0.0,0.0,15000.0,0.0
S3_reappro_100,CA005.1,COMPLEMENT_ALIMENTAIRE,Ndobo,Littoral,2027-01-01,1,2027,0.0,0.0,15000.0,0.01
S3_reappro_100,CA005.1,COMPLEMENT_ALIMENTAIRE,Nkongsamba,Littoral,2027-01-01,1,2027,0.0,0.0,15000.0,0.04
S3_reappro_100,CA005.1,COMPLEMENT_ALIMENTAIRE,Pk11,Littoral,2027-01-01,1,2027,0.0,0.0,15000.0,0.0
S3_reappro_100,CA005.1,COMPLEMENT_ALIMENTAIRE,Village,Littoral,2027-01-01,1,2027,0.0,0.0,15000.0,0.02
S3_reappro_100,CA006.1,COMPLEMENT_ALIMENTAIRE,Ndobo,Littoral,2027-01-01,1,2027,0.0,0.0,6500.0,0.0
S3_reappro_100,CA006.1,COMPLEMENT_ALIMENTAIRE,Nkongsamba,Littoral,2027-01-01,1,2027,0.0,0.0,6500.0,0.01
S3_reappro_100,CA006.1,COMPLEMENT_ALIMENTAIRE,Village,Littoral,2027-01-01,1,2027,0.0,0.0,6500.0,0.01
S3_reappro_100,CA007.1,COMPLEMENT_ALIMENTAIRE,Ndobo,Littoral,2027-01-01,1,2027,0.0,0.0,8000.0,0.0
S3_reappro_100,CA007.1,COMPLEMENT_ALIMENTAIRE,Nkongsamba,Littoral,2027-01-01,1,2027,0.0,0.0,8000.0,0.02
S3_reappro_100,CA007.1,COMPLEMENT_ALIMENTAIRE,Village,Littoral,2027-01-01,1,2027,0.0,0.0,8000.0,0.0
S3_reappro_100,CA008.1,COMPLEMENT_ALIMENTAIRE,Ndobo,Littoral,2027-01-01,1,2027,0.0,0.0,14000.0,0.01
S3_reappro_100,CA008.1,COMPLEMENT_ALIMENTAIRE,Nkongsamba,Littoral,2027-01-01,1,2027,0.0,0.0,14000.0,0.03
S3_reappro_100,CA008.1,COMPLEMENT_ALIMENTAIRE,Village,Littoral,2027-01-01,1,2027,0.0,0.0,14000.0,0.02
S3_reappro_100,V300,COMPLEMENT_ALIMENTAIRE,Buea,Littoral,2027-01-01,1,2027,0.02,0.0,2500.0,0.05
S3_reappro_100,V300,COMPLEMENT_ALIMENTAIRE,Ndobo,Littoral,2027-01-01,1,2027,0.02,0.0,2500.0,0.05
S3_reappro_100,V300,COMPLEMENT_ALIMENTAIRE,Nkongsamba,Littoral,2027-01-01,1,2027,0.02,0.0,2500.0,0.06
S3_reappro_100,V300,COMPLEMENT_ALIMENTAIRE,Pk11,Littoral,2027-01-01,1,2027,0.0,0.0,2500.0,0.01
S3_reappro_100,V300,COMPLEMENT_ALIMENTAIRE,Village,Littoral,2027-01-01,1,2027,0.01,0.0,2500.0,0.02
S3_reappro_100,CA001.1,COMPLEMENT_ALIMENTAIRE,Ndobo,Littoral,2027-02-01,2,2027,0.0,0.0,5500.0,0.0
S3_reappro_100,CA001.1,COMPLEMENT_ALIMENTAIRE,Nkongsamba,Littoral,2027-02-01,2,2027,0.0,0.0,5500.0,0.0
S3_reappro_100,CA001.1,COMPLEMENT_ALIMENTAIRE,Pk11,Littoral,2027-02-01,2,2027,0.0,0.0,5500.0,0.0
S3_reappro_100,CA001.1,COMPLEMENT_ALIMENTAIRE,Village,Littoral,2027-02-01,2,2027,0.0,0.0,5500.0,0.0
S3_reappro_100,CA002.1,COMPLEMENT_ALIMENTAIRE,Ndobo,Littoral,2027-02-01,2,2027,0.0,0.0,10500.0,0.01
S3_reappro_100,CA002.1,COMPLEMENT_ALIMENTAIRE,Nkongsamba,Littoral,2027-02-01,2,2027,0.0,0.0,10500.0,0.01
S3_reappro_100,CA002.1,COMPLEMENT_ALIMENTAIRE,Pk11,Littoral,2027-02-01,2,2027,0.0,0.0,10500.0,0.0
S3_reappro_100,CA002.1,COMPLEMENT_ALIMENTAIRE,Village,Littoral,2027-02-01,2,2027,0.0,0.0,10500.0,0.0
S3_reappro_100,CA003.1,COMPLEMENT_ALIMENTAIRE,Buea,Littoral,2027-02-01,2,2027,0.0,0.0,8000.0,0.0
S3_reappro_100,CA003.1,COMPLEMENT_ALIMENTAIRE,Ndobo,Littoral,2027-02-01,2,2027,0.0,0.0,8000.0,0.0
S3_reappro_100,CA003.1,COMPLEMENT_ALIMENTAIRE,Nkongsamba,Littoral,2027-02-01,2,2027,0.0,0.0,8000.0,0.0
S3_reappro_100,CA003.1,COMPLEMENT_ALIMENTAIRE,Pk11,Littoral,2027-02-01,2,2027,0.0,0.0,8000.0,0.0
S3_reappro_100,CA003.1,COMPLEMENT_ALIMENTAIRE,Village,Littoral,2027-02-01,2,2027,0.0,0.0,8000.0,0.0
S3_reappro_100,CA004.1,COMPLEMENT_ALIMENTAIRE,Buea,Littoral,2027-02-01,2,2027,0.0,0.0,9800.0,0.0
S3_reappro_100,CA004.1,COMPLEMENT_ALIMENTAIRE,Ndobo,Littoral,2027-02-01,2,2027,0.0,0.0,9800.0,0.0
S3_reappro_100,CA004.1,COMPLEMENT_ALIMENTAIRE,Nkongsamba,Littoral,2027-02-01,2,2027,0.0,0.0,9800.0,0.0
S3_reappro_100,CA004.1,COMPLEMENT_ALIMENTAIRE,Pk11,Littoral,2027-02-01,2,2027,0.0,0.0,9800.0,0.0
S3_reappro_100,CA004.1,COMPLEMENT_ALIMENTAIRE,Village,Littoral,2027-02-01,2,2027,0.0,0.0,9800.0,0.0
S3_reappro_100,CA005.1,COMPLEMENT_ALIMENTAIRE,Buea,Littoral,2027-02-01,2,2027,0.0,0.0,15000.0,0.0
S3_reappro_100,CA005.1,COMPLEMENT_ALIMENTAIRE,Ndobo,Littoral,2027-02-01,2,2027,0.0,0.0,15000.0,0.0
S3_reappro_100,CA005.1,COMPLEMENT_ALIMENTAIRE,Nkongsamba,Littoral,2027-02-01,2,2027,0.0,0.0,15000.0,0.01
S3_reappro_100,CA005.1,COMPLEMENT_ALIMENTAIRE,Pk11,Littoral,2027-02-01,2,2027,0.0,0.0,15000.0,0.0
S3_reappro_100,CA005.1,COMPLEMENT_ALIMENTAIRE,Village,Littoral,2027-02-01,2,2027,0.0,0.0,15000.0,0.0
S3_reappro_100,CA006.1,COMPLEMENT_ALIMENTAIRE,Ndobo,Littoral,2027-02-01,2,2027,0.0,0.0,6500.0,0.0
S3_reappro_100,CA006.1,COMPLEMENT_ALIMENTAIRE,Nkongsamba,Littoral,2027-02-01,2,2027,0.0,0.0,6500.0,0.0
S3_reappro_100,CA006.1,COMPLEMENT_ALIMENTAIRE,Village,Littoral,2027-02-01,2,2027,0.0,0.0,6500.0,0.0
S3_reappro_100,CA007.1,COMPLEMENT_ALIMENTAIRE,Ndobo,Littoral,2027-02-01,2,2027,0.0,0.0,8000.0,0.0
S3_reappro_100,CA007.1,COMPLEMENT_ALIMENTAIRE,Nkongsamba,Littoral,2027-02-01,2,2027,0.0,0.0,8000.0,0.0
S3_reappro_100,CA007.1,COMPLEMENT_ALIMENTAIRE,Village,Littoral,2027-02-01,2,2027,0.0,0.0,8000.0,0.0
S3_reappro_100,CA008.1,COMPLEMENT_ALIMENTAIRE,Ndobo,Littoral,2027-02-01,2,2027,0.0,0.0,14000.0,0.0
S3_reappro_100,CA008.1,COMPLEMENT_ALIMENTAIRE,Nkongsamba,Littoral,2027-02-01,2,2027,0.0,0.0,14000.0,0.0
S3_reappro_100,CA008.1,COMPLEMENT_ALIMENTAIRE,Village,Littoral,2027-02-01,2,2027,0.0,0.0,14000.0,0.0
S3_reappro_100,V300,COMPLEMENT_ALIMENTAIRE,Buea,Littoral,2027-02-01,2,2027,0.0,0.0,2500.0,0.01
S3_reappro_100,V300,COMPLEMENT_ALIMENTAIRE,Ndobo,Littoral,2027-02-01,2,2027,0.0,0.0,2500.0,0.01
S3_reappro_100,V300,COMPLEMENT_ALIMENTAIRE,Nkongsamba,Littoral,2027-02-01,2,2027,0.0,0.0,2500.0,0.01
S3_reappro_100,V300,COMPLEMENT_ALIMENTAIRE,Pk11,Littoral,2027-02-01,2,2027,0.0,0.0,2500.0,0.0
S3_reappro_100,V300,COMPLEMENT_ALIMENTAIRE,Village,Littoral,2027-02-01,2,2027,0.0,0.0,2500.0,0.0
S3_reappro_100,CA001.1,COMPLEMENT_ALIMENTAIRE,Ndobo,Littoral,2027-03-01,3,2027,0.0,0.0,5500.0,0.0
S3_reappro_100,CA001.1,COMPLEMENT_ALIMENTAIRE,Nkongsamba,Littoral,2027-03-01,3,2027,0.0,0.0,5500.0,0.0
S3_reappro_100,CA001.1,COMPLEMENT_ALIMENTAIRE,Pk11,Littoral,2027-03-01,3,2027,0.0,0.0,5500.0,0.0
S3_reappro_100,CA001.1,COMPLEMENT_ALIMENTAIRE,Village,Littoral,2027-03-01,3,2027,0.0,0.0,5500.0,0.0
S3_reappro_100,CA002.1,COMPLEMENT_ALIMENTAIRE,Ndobo,Littoral,2027-03-01,3,2027,0.0,0.0,10500.0,0.01
S3_reappro_100,CA002.1,COMPLEMENT_ALIMENTAIRE,Nkongsamba,Littoral,2027-03-01,3,2027,0.0,0.0,10500.0,0.01
S3_reappro_100,CA002.1,COMPLEMENT_ALIMENTAIRE,Pk11,Littoral,2027-03-01,3,2027,0.0,0.0,10500.0,0.0
S3_reappro_100,CA002.1,COMPLEMENT_ALIMENTAIRE,Village,Littoral,2027-03-01,3,2027,0.0,0.0,10500.0,0.0
S3_reappro_100,CA003.1,COMPLEMENT_ALIMENTAIRE,Buea,Littoral,2027-03-01,3,2027,0.0,0.0,8000.0,0.0
S3_reappro_100,CA003.1,COMPLEMENT_ALIMENTAIRE,Ndobo,Littoral,2027-03-01,3,2027,0.0,0.0,8000.0,0.0
S3_reappro_100,CA003.1,COMPLEMENT_ALIMENTAIRE,Nkongsamba,Littoral,2027-03-01,3,2027,0.0,0.0,8000.0,0.0
S3_reappro_100,CA003.1,COMPLEMENT_ALIMENTAIRE,Pk11,Littoral,2027-03-01,3,2027,0.0,0.0,8000.0,0.0
S3_reappro_100,CA003.1,COMPLEMENT_ALIMENTAIRE,Village,Littoral,2027-03-01,3,2027,0.0,0.0,8000.0,0.0
S3_reappro_100,CA004.1,COMPLEMENT_ALIMENTAIRE,Buea,Littoral,2027-03-01,3,2027,0.0,0.0,9800.0,0.0
S3_reappro_100,CA004.1,COMPLEMENT_ALIMENTAIRE,Ndobo,Littoral,2027-03-01,3,2027,0.0,0.0,9800.0,0.0
S3_reappro_100,CA004.1,COMPLEMENT_ALIMENTAIRE,Nkongsamba,Littoral,2027-03-01,3,2027,0.0,0.0,9800.0,0.0
S3_reappro_100,CA004.1,COMPLEMENT_ALIMENTAIRE,Pk11,Littoral,2027-03-01,3,2027,0.0,0.0,9800.0,0.0
S3_reappro_100,CA004.1,COMPLEMENT_ALIMENTAIRE,Village,Littoral,2027-03-01,3,2027,0.0,0.0,9800.0,0.0
S3_reappro_100,CA005.1,COMPLEMENT_ALIMENTAIRE,Buea,Littoral,2027-03-01,3,2027,0.0,0.0,15000.0,0.0
S3_reappro_100,CA005.1,COMPLEMENT_ALIMENTAIRE,Ndobo,Littoral,2027-03-01,3,2027,0.0,0.0,15000.0,0.0
S3_reappro_100,CA005.1,COMPLEMENT_ALIMENTAIRE,Nkongsamba,Littoral,2027-03-01,3,2027,0.0,0.0,15000.0,0.01
S3_reappro_100,CA005.1,COMPLEMENT_ALIMENTAIRE,Pk11,Littoral,2027-03-01,3,2027,0.0,0.0,15000.0,0.0
S3_reappro_100,CA005.1,COMPLEMENT_ALIMENTAIRE,Village,Littoral,2027-03-01,3,2027,0.0,0.0,15000.0,0.0
S3_reappro_100,CA006.1,COMPLEMENT_ALIMENTAIRE,Ndobo,Littoral,2027-03-01,3,2027,0.0,0.0,6500.0,0.0
S3_reappro_100,CA006.1,COMPLEMENT_ALIMENTAIRE,Nkongsamba,Littoral,2027-03-01,3,2027,0.0,0.0,6500.0,0.0
S3_reappro_100,CA006.1,COMPLEMENT_ALIMENTAIRE,Village,Littoral,2027-03-01,3,2027,0.0,0.0,6500.0,0.0
S3_reappro_100,CA007.1,COMPLEMENT_ALIMENTAIRE,Ndobo,Littoral,2027-03-01,3,2027,0.0,0.0,8000.0,0.0
S3_reappro_100,CA007.1,COMPLEMENT_ALIMENTAIRE,Nkongsamba,Littoral,2027-03-01,3,2027,0.0,0.0,8000.0,0.0
S3_reappro_100,CA007.1,COMPLEMENT_ALIMENTAIRE,Village,Littoral,2027-03-01,3,2027,0.0,0.0,8000.0,0.0
S3_reappro_100,CA008.1,COMPLEMENT_ALIMENTAIRE,Ndobo,Littoral,2027-03-01,3,2027,0.0,0.0,14000.0,0.0
S3_reappro_100,CA008.1,COMPLEMENT_ALIMENTAIRE,Nkongsamba,Littoral,2027-03-01,3,2027,0.0,0.0,14000.0,0.0
S3_reappro_100,CA008.1,COMPLEMENT_ALIMENTAIRE,Village,Littoral,2027-03-01,3,2027,0.0,0.0,14000.0,0.0
S3_reappro_100,V300,COMPLEMENT_ALIMENTAIRE,Buea,Littoral,2027-03-01,3,2027,0.0,0.0,2500.0,0.01
S3_reappro_100,V300,COMPLEMENT_ALIMENTAIRE,Ndobo,Littoral,2027-03-01,3,2027,0.0,0.0,2500.0,0.01
S3_reappro_100,V300,COMPLEMENT_ALIMENTAIRE,Nkongsamba,Littoral,2027-03-01,3,2027,0.0,0.0,2500.0,0.01
S3_reappro_100,V300,COMPLEMENT_ALIMENTAIRE,Pk11,Littoral,2027-03-01,3,2027,0.0,0.0,2500.0,0.0
S3_reappro_100,V300,COMPLEMENT_ALIMENTAIRE,Village,Littoral,2027-03-01,3,2027,0.0,0.0,2500.0,0.0
S3_reappro_100,CA001.1,COMPLEMENT_ALIMENTAIRE,Ndobo,Littoral,2027-04-01,4,2027,0.0,0.0,5500.0,0.01
S3_reappro_100,CA001.1,COMPLEMENT_ALIMENTAIRE,Nkongsamba,Littoral,2027-04-01,4,2027,0.0,0.0,5500.0,0.01
S3_reappro_100,CA001.1,COMPLEMENT_ALIMENTAIRE,Pk11,Littoral,2027-04-01,4,2027,0.0,0.0,5500.0,0.0
S3_reappro_100,CA001.1,COMPLEMENT_ALIMENTAIRE,Village,Littoral,2027-04-01,4,2027,0.0,0.0,5500.0,0.0
S3_reappro_100,CA002.1,COMPLEMENT_ALIMENTAIRE,Ndobo,Littoral,2027-04-01,4,2027,0.01,0.0,10500.0,0.07
S3_reappro_100,CA002.1,COMPLEMENT_ALIMENTAIRE,Nkongsamba,Littoral,2027-04-01,4,2027,0.01,0.0,10500.0,0.1
S3_reappro_100,CA002.1,COMPLEMENT_ALIMENTAIRE,Pk11,Littoral,2027-04-01,4,2027,0.0,0.0,10500.0,0.0
S3_reappro_100,CA002.1,COMPLEMENT_ALIMENTAIRE,Village,Littoral,2027-04-01,4,2027,0.0,0.0,10500.0,0.01
S3_reappro_100,CA003.1,COMPLEMENT_ALIMENTAIRE,Buea,Littoral,2027-04-01,4,2027,0.0,0.0,8000.0,0.02
S3_reappro_100,CA003.1,COMPLEMENT_ALIMENTAIRE,Ndobo,Littoral,2027-04-01,4,2027,0.0,0.0,8000.0,0.02
S3_reappro_100,CA003.1,COMPLEMENT_ALIMENTAIRE,Nkongsamba,Littoral,2027-04-01,4,2027,0.0,0.0,8000.0,0.04
S3_reappro_100,CA003.1,COMPLEMENT_ALIMENTAIRE,Pk11,Littoral,2027-04-01,4,2027,0.0,0.0,8000.0,0.0
S3_reappro_100,CA003.1,COMPLEMENT_ALIMENTAIRE,Village,Littoral,2027-04-01,4,2027,0.0,0.0,8000.0,0.01
S3_reappro_100,CA004.1,COMPLEMENT_ALIMENTAIRE,Buea,Littoral,2027-04-01,4,2027,0.0,0.0,9800.0,0.01
S3_reappro_100,CA004.1,COMPLEMENT_ALIMENTAIRE,Ndobo,Littoral,2027-04-01,4,2027,0.0,0.0,9800.0,0.0
S3_reappro_100,CA004.1,COMPLEMENT_ALIMENTAIRE,Nkongsamba,Littoral,2027-04-01,4,2027,0.0,0.0,9800.0,0.02
S3_reappro_100,CA004.1,COMPLEMENT_ALIMENTAIRE,Pk11,Littoral,2027-04-01,4,2027,0.0,0.0,9800.0,0.0
S3_reappro_100,CA004.1,COMPLEMENT_ALIMENTAIRE,Village,Littoral,2027-04-01,4,2027,0.0,0.0,9800.0,0.01
S3_reappro_100,CA005.1,COMPLEMENT_ALIMENTAIRE,Buea,Littoral,2027-04-01,4,2027,0.0,0.0,15000.0,0.0
S3_reappro_100,CA005.1,COMPLEMENT_ALIMENTAIRE,Ndobo,Littoral,2027-04-01,4,2027,0.0,0.0,15000.0,0.02
S3_reappro_100,CA005.1,COMPLEMENT_ALIMENTAIRE,Nkongsamba,Littoral,2027-04-01,4,2027,0.0,0.0,15000.0,0.06
S3_reappro_100,CA005.1,COMPLEMENT_ALIMENTAIRE,Pk11,Littoral,2027-04-01,4,2027,0.0,0.0,15000.0,0.0
S3_reappro_100,CA005.1,COMPLEMENT_ALIMENTAIRE,Village,Littoral,2027-04-01,4,2027,0.0,0.0,15000.0,0.03
S3_reappro_100,CA006.1,COMPLEMENT_ALIMENTAIRE,Ndobo,Littoral,2027-04-01,4,2027,0.0,0.0,6500.0,0.01
S3_reappro_100,CA006.1,COMPLEMENT_ALIMENTAIRE,Nkongsamba,Littoral,2027-04-01,4,2027,0.0,0.0,6500.0,0.01
S3_reappro_100,CA006.1,COMPLEMENT_ALIMENTAIRE,Village,Littoral,2027-04-01,4,2027,0.0,0.0,6500.0,0.01
S3_reappro_100,CA007.1,COMPLEMENT_ALIMENTAIRE,Ndobo,Littoral,2027-04-01,4,2027,0.0,0.0,8000.0,0.0
S3_reappro_100,CA007.1,COMPLEMENT_ALIMENTAIRE,Nkongsamba,Littoral,2027-04-01,4,2027,0.0,0.0,8000.0,0.02
S3_reappro_100,CA007.1,COMPLEMENT_ALIMENTAIRE,Village,Littoral,2027-04-01,4,2027,0.0,0.0,8000.0,0.0
S3_reappro_100,CA008.1,COMPLEMENT_ALIMENTAIRE,Ndobo,Littoral,2027-04-01,4,2027,0.0,0.0,14000.0,0.02
S3_reappro_100,CA008.1,COMPLEMENT_ALIMENTAIRE,Nkongsamba,Littoral,2027-04-01,4,2027,0.0,0.0,14000.0,0.04
S3_reappro_100,CA008.1,COMPLEMENT_ALIMENTAIRE,Village,Littoral,2027-04-01,4,2027,0.0,0.0,14000.0,0.02
S3_reappro_100,V300,COMPLEMENT_ALIMENTAIRE,Buea,Littoral,2027-04-01,4,2027,0.02,0.0,2500.0,0.06
S3_reappro_100,V300,COMPLEMENT_ALIMENTAIRE,Ndobo,Littoral,2027-04-01,4,2027,0.03,0.0,2500.0,0.07
S3_reappro_100,V300,COMPLEMENT_ALIMENTAIRE,Nkongsamba,Littoral,2027-04-01,4,2027,0.03,0.0,2500.0,0.08
S3_reappro_100,V300,COMPLEMENT_ALIMENTAIRE,Pk11,Littoral,2027-04-01,4,2027,0.01,0.0,2500.0,0.01
S3_reappro_100,V300,COMPLEMENT_ALIMENTAIRE,Village,Littoral,2027-04-01,4,2027,0.01,0.0,2500.0,0.02
S3_reappro_100,CA001.1,COMPLEMENT_ALIMENTAIRE,Ndobo,Littoral,2027-05-01,5,2027,0.0,0.0,5500.0,0.01
S3_reappro_100,CA001.1,COMPLEMENT_ALIMENTAIRE,Nkongsamba,Littoral,2027-05-01,5,2027,0.0,0.0,5500.0,0.02
S3_reappro_100,CA001.1,COMPLEMENT_ALIMENTAIRE,Pk11,Littoral,2027-05-01,5,2027,0.0,0.0,5500.0,0.0
S3_reappro_100,CA001.1,COMPLEMENT_ALIMENTAIRE,Village,Littoral,2027-05-01,5,2027,0.0,0.0,5500.0,0.01
S3_reappro_100,CA002.1,COMPLEMENT_ALIMENTAIRE,Ndobo,Littoral,2027-05-01,5,2027,0.01,0.0,10500.0,0.12
S3_reappro_100,CA002.1,COMPLEMENT_ALIMENTAIRE,Nkongsamba,Littoral,2027-05-01,5,2027,0.02,0.0,10500.0,0.17
S3_reappro_100,CA002.1,COMPLEMENT_ALIMENTAIRE,Pk11,Littoral,2027-05-01,5,2027,0.0,0.0,10500.0,0.01
S3_reappro_100,CA002.1,COMPLEMENT_ALIMENTAIRE,Village,Littoral,2027-05-01,5,2027,0.0,0.0,10500.0,0.01
S3_reappro_100,CA003.1,COMPLEMENT_ALIMENTAIRE,Buea,Littoral,2027-05-01,5,2027,0.0,0.0,8000.0,0.03
S3_reappro_100,CA003.1,COMPLEMENT_ALIMENTAIRE,Ndobo,Littoral,2027-05-01,5,2027,0.01,0.0,8000.0,0.04
S3_reappro_100,CA003.1,COMPLEMENT_ALIMENTAIRE,Nkongsamba,Littoral,2027-05-01,5,2027,0.01,0.0,8000.0,0.06
S3_reappro_100,CA003.1,COMPLEMENT_ALIMENTAIRE,Pk11,Littoral,2027-05-01,5,2027,0.0,0.0,8000.0,0.01
S3_reappro_100,CA003.1,COMPLEMENT_ALIMENTAIRE,Village,Littoral,2027-05-01,5,2027,0.0,0.0,8000.0,0.02
S3_reappro_100,CA004.1,COMPLEMENT_ALIMENTAIRE,Buea,Littoral,2027-05-01,5,2027,0.0,0.0,9800.0,0.01
S3_reappro_100,CA004.1,COMPLEMENT_ALIMENTAIRE,Ndobo,Littoral,2027-05-01,5,2027,0.0,0.0,9800.0,0.01
S3_reappro_100,CA004.1,COMPLEMENT_ALIMENTAIRE,Nkongsamba,Littoral,2027-05-01,5,2027,0.0,0.0,9800.0,0.02
S3_reappro_100,CA004.1,COMPLEMENT_ALIMENTAIRE,Pk11,Littoral,2027-05-01,5,2027,0.0,0.0,9800.0,0.0
S3_reappro_100,CA004.1,COMPLEMENT_ALIMENTAIRE,Village,Littoral,2027-05-01,5,2027,0.0,0.0,9800.0,0.02
S3_reappro_100,CA005.1,COMPLEMENT_ALIMENTAIRE,Buea,Littoral,2027-05-01,5,2027,0.0,0.0,15000.0,0.01
S3_reappro_100,CA005.1,COMPLEMENT_ALIMENTAIRE,Ndobo,Littoral,2027-05-01,5,2027,0.0,0.0,15000.0,0.03
S3_reappro_100,CA005.1,COMPLEMENT_ALIMENTAIRE,Nkongsamba,Littoral,2027-05-01,5,2027,0.01,0.0,15000.0,0.09
S3_reappro_100,CA005.1,COMPLEMENT_ALIMENTAIRE,Pk11,Littoral,2027-05-01,5,2027,0.0,0.0,15000.0,0.0
S3_reappro_100,CA005.1,COMPLEMENT_ALIMENTAIRE,Village,Littoral,2027-05-01,5,2027,0.0,0.0,15000.0,0.05
S3_reappro_100,CA006.1,COMPLEMENT_ALIMENTAIRE,Ndobo,Littoral,2027-05-01,5,2027,0.0,0.0,6500.0,0.01
S3_reappro_100,CA006.1,COMPLEMENT_ALIMENTAIRE,Nkongsamba,Littoral,2027-05-01,5,2027,0.0,0.0,6500.0,0.02
S3_reappro_100,CA006.1,COMPLEMENT_ALIMENTAIRE,Village,Littoral,2027-05-01,5,2027,0.0,0.0,6500.0,0.01
S3_reappro_100,CA007.1,COMPLEMENT_ALIMENTAIRE,Ndobo,Littoral,2027-05-01,5,2027,0.0,0.0,8000.0,0.01
S3_reappro_100,CA007.1,COMPLEMENT_ALIMENTAIRE,Nkongsamba,Littoral,2027-05-01,5,2027,0.01,0.0,8000.0,0.04
S3_reappro_100,CA007.1,COMPLEMENT_ALIMENTAIRE,Village,Littoral,2027-05-01,5,2027,0.0,0.0,8000.0,0.0
S3_reappro_100,CA008.1,COMPLEMENT_ALIMENTAIRE,Ndobo,Littoral,2027-05-01,5,2027,0.0,0.0,14000.0,0.03
S3_reappro_100,CA008.1,COMPLEMENT_ALIMENTAIRE,Nkongsamba,Littoral,2027-05-01,5,2027,0.0,0.0,14000.0,0.07
S3_reappro_100,CA008.1,COMPLEMENT_ALIMENTAIRE,Village,Littoral,2027-05-01,5,2027,0.0,0.0,14000.0,0.04
S3_reappro_100,V300,COMPLEMENT_ALIMENTAIRE,Buea,Littoral,2027-05-01,5,2027,0.04,0.0,2500.0,0.1
S3_reappro_100,V300,COMPLEMENT_ALIMENTAIRE,Ndobo,Littoral,2027-05-01,5,2027,0.05,0.0,2500.0,0.11
S3_reappro_100,V300,COMPLEMENT_ALIMENTAIRE,Nkongsamba,Littoral,2027-05-01,5,2027,0.05,0.0,2500.0,0.13
S3_reappro_100,V300,COMPLEMENT_ALIMENTAIRE,Pk11,Littoral,2027-05-01,5,2027,0.01,0.0,2500.0,0.02
S3_reappro_100,V300,COMPLEMENT_ALIMENTAIRE,Village,Littoral,2027-05-01,5,2027,0.01,0.0,2500.0,0.04
S3_reappro_100,CA001.1,COMPLEMENT_ALIMENTAIRE,Ndobo,Littoral,2027-06-01,6,2027,0.0,0.0,5500.0,0.0
S3_reappro_100,CA001.1,COMPLEMENT_ALIMENTAIRE,Nkongsamba,Littoral,2027-06-01,6,2027,0.0,0.0,5500.0,0.0
S3_reappro_100,CA001.1,COMPLEMENT_ALIMENTAIRE,Pk11,Littoral,2027-06-01,6,2027,0.0,0.0,5500.0,0.0
S3_reappro_100,CA001.1,COMPLEMENT_ALIMENTAIRE,Village,Littoral,2027-06-01,6,2027,0.0,0.0,5500.0,0.0
S3_reappro_100,CA002.1,COMPLEMENT_ALIMENTAIRE,Ndobo,Littoral,2027-06-01,6,2027,0.0,0.0,10500.0,0.01
S3_reappro_100,CA002.1,COMPLEMENT_ALIMENTAIRE,Nkongsamba,Littoral,2027-06-01,6,2027,0.0,0.0,10500.0,0.01
S3_reappro_100,CA002.1,COMPLEMENT_ALIMENTAIRE,Pk11,Littoral,2027-06-01,6,2027,0.0,0.0,10500.0,0.0
S3_reappro_100,CA002.1,COMPLEMENT_ALIMENTAIRE,Village,Littoral,2027-06-01,6,2027,0.0,0.0,10500.0,0.0
S3_reappro_100,CA003.1,COMPLEMENT_ALIMENTAIRE,Buea,Littoral,2027-06-01,6,2027,0.0,0.0,8000.0,0.0
S3_reappro_100,CA003.1,COMPLEMENT_ALIMENTAIRE,Ndobo,Littoral,2027-06-01,6,2027,0.0,0.0,8000.0,0.0
S3_reappro_100,CA003.1,COMPLEMENT_ALIMENTAIRE,Nkongsamba,Littoral,2027-06-01,6,2027,0.0,0.0,8000.0,0.0
S3_reappro_100,CA003.1,COMPLEMENT_ALIMENTAIRE,Pk11,Littoral,2027-06-01,6,2027,0.0,0.0,8000.0,0.0
S3_reappro_100,CA003.1,COMPLEMENT_ALIMENTAIRE,Village,Littoral,2027-06-01,6,2027,0.0,0.0,8000.0,0.0
S3_reappro_100,CA004.1,COMPLEMENT_ALIMENTAIRE,Buea,Littoral,2027-06-01,6,2027,0.0,0.0,9800.0,0.0
S3_reappro_100,CA004.1,COMPLEMENT_ALIMENTAIRE,Ndobo,Littoral,2027-06-01,6,2027,0.0,0.0,9800.0,0.0
S3_reappro_100,CA004.1,COMPLEMENT_ALIMENTAIRE,Nkongsamba,Littoral,2027-06-01,6,2027,0.0,0.0,9800.0,0.0
S3_reappro_100,CA004.1,COMPLEMENT_ALIMENTAIRE,Pk11,Littoral,2027-06-01,6,2027,0.0,0.0,9800.0,0.0
S3_reappro_100,CA004.1,COMPLEMENT_ALIMENTAIRE,Village,Littoral,2027-06-01,6,2027,0.0,0.0,9800.0,0.0
S3_reappro_100,CA005.1,COMPLEMENT_ALIMENTAIRE,Buea,Littoral,2027-06-01,6,2027,0.0,0.0,15000.0,0.0
S3_reappro_100,CA005.1,COMPLEMENT_ALIMENTAIRE,Ndobo,Littoral,2027-06-01,6,2027,0.0,0.0,15000.0,0.0
S3_reappro_100,CA005.1,COMPLEMENT_ALIMENTAIRE,Nkongsamba,Littoral,2027-06-01,6,2027,0.0,0.0,15000.0,0.0
S3_reappro_100,CA005.1,COMPLEMENT_ALIMENTAIRE,Pk11,Littoral,2027-06-01,6,2027,0.0,0.0,15000.0,0.0
S3_reappro_100,CA005.1,COMPLEMENT_ALIMENTAIRE,Village,Littoral,2027-06-01,6,2027,0.0,0.0,15000.0,0.0
S3_reappro_100,CA006.1,COMPLEMENT_ALIMENTAIRE,Ndobo,Littoral,2027-06-01,6,2027,0.0,0.0,6500.0,0.0
S3_reappro_100,CA006.1,COMPLEMENT_ALIMENTAIRE,Nkongsamba,Littoral,2027-06-01,6,2027,0.0,0.0,6500.0,0.0
S3_reappro_100,CA006.1,COMPLEMENT_ALIMENTAIRE,Village,Littoral,2027-06-01,6,2027,0.0,0.0,6500.0,0.0
S3_reappro_100,CA007.1,COMPLEMENT_ALIMENTAIRE,Ndobo,Littoral,2027-06-01,6,2027,0.0,0.0,8000.0,0.0
S3_reappro_100,CA007.1,COMPLEMENT_ALIMENTAIRE,Nkongsamba,Littoral,2027-06-01,6,2027,0.0,0.0,8000.0,0.0
S3_reappro_100,CA007.1,COMPLEMENT_ALIMENTAIRE,Village,Littoral,2027-06-01,6,2027,0.0,0.0,8000.0,0.0
S3_reappro_100,CA008.1,COMPLEMENT_ALIMENTAIRE,Ndobo,Littoral,2027-06-01,6,2027,0.0,0.0,14000.0,0.0
S3_reappro_100,CA008.1,COMPLEMENT_ALIMENTAIRE,Nkongsamba,Littoral,2027-06-01,6,2027,0.0,0.0,14000.0,0.0
S3_reappro_100,CA008.1,COMPLEMENT_ALIMENTAIRE,Village,Littoral,2027-06-01,6,2027,0.0,0.0,14000.0,0.0
S3_reappro_100,V300,COMPLEMENT_ALIMENTAIRE,Buea,Littoral,2027-06-01,6,2027,0.0,0.0,2500.0,0.0
S3_reappro_100,V300,COMPLEMENT_ALIMENTAIRE,Ndobo,Littoral,2027-06-01,6,2027,0.0,0.0,2500.0,0.0
S3_reappro_100,V300,COMPLEMENT_ALIMENTAIRE,Nkongsamba,Littoral,2027-06-01,6,2027,0.0,0.0,2500.0,0.01
S3_reappro_100,V300,COMPLEMENT_ALIMENTAIRE,Pk11,Littoral,2027-06-01,6,2027,0.0,0.0,2500.0,0.0
S3_reappro_100,V300,COMPLEMENT_ALIMENTAIRE,Village,Littoral,2027-06-01,6,2027,0.0,0.0,2500.0,0.0
S3_reappro_100,CA001.1,COMPLEMENT_ALIMENTAIRE,Ndobo,Littoral,2027-07-01,7,2027,0.0,0.0,5500.0,0.01
S3_reappro_100,CA001.1,COMPLEMENT_ALIMENTAIRE,Nkongsamba,Littoral,2027-07-01,7,2027,0.0,0.0,5500.0,0.01
S3_reappro_100,CA001.1,COMPLEMENT_ALIMENTAIRE,Pk11,Littoral,2027-07-01,7,2027,0.0,0.0,5500.0,0.0
S3_reappro_100,CA001.1,COMPLEMENT_ALIMENTAIRE,Village,Littoral,2027-07-01,7,2027,0.0,0.0,5500.0,0.0
S3_reappro_100,CA002.1,COMPLEMENT_ALIMENTAIRE,Ndobo,Littoral,2027-07-01,7,2027,0.01,0.0,10500.0,0.07
S3_reappro_100,CA002.1,COMPLEMENT_ALIMENTAIRE,Nkongsamba,Littoral,2027-07-01,7,2027,0.01,0.0,10500.0,0.1
S3_reappro_100,CA002.1,COMPLEMENT_ALIMENTAIRE,Pk11,Littoral,2027-07-01,7,2027,0.0,0.0,10500.0,0.0
S3_reappro_100,CA002.1,COMPLEMENT_ALIMENTAIRE,Village,Littoral,2027-07-01,7,2027,0.0,0.0,10500.0,0.01
S3_reappro_100,CA003.1,COMPLEMENT_ALIMENTAIRE,Buea,Littoral,2027-07-01,7,2027,0.0,0.0,8000.0,0.02
S3_reappro_100,CA003.1,COMPLEMENT_ALIMENTAIRE,Ndobo,Littoral,2027-07-01,7,2027,0.0,0.0,8000.0,0.02
S3_reappro_100,CA003.1,COMPLEMENT_ALIMENTAIRE,Nkongsamba,Littoral,2027-07-01,7,2027,0.0,0.0,8000.0,0.04
S3_reappro_100,CA003.1,COMPLEMENT_ALIMENTAIRE,Pk11,Littoral,2027-07-01,7,2027,0.0,0.0,8000.0,0.0
S3_reappro_100,CA003.1,COMPLEMENT_ALIMENTAIRE,Village,Littoral,2027-07-01,7,2027,0.0,0.0,8000.0,0.01
S3_reappro_100,CA004.1,COMPLEMENT_ALIMENTAIRE,Buea,Littoral,2027-07-01,7,2027,0.0,0.0,9800.0,0.01
S3_reappro_100,CA004.1,COMPLEMENT_ALIMENTAIRE,Ndobo,Littoral,2027-07-01,7,2027,0.0,0.0,9800.0,0.0
S3_reappro_100,CA004.1,COMPLEMENT_ALIMENTAIRE,Nkongsamba,Littoral,2027-07-01,7,2027,0.0,0.0,9800.0,0.01
S3_reappro_100,CA004.1,COMPLEMENT_ALIMENTAIRE,Pk11,Littoral,2027-07-01,7,2027,0.0,0.0,9800.0,0.0
S3_reappro_100,CA004.1,COMPLEMENT_ALIMENTAIRE,Village,Littoral,2027-07-01,7,2027,0.0,0.0,9800.0,0.01
S3_reappro_100,CA005.1,COMPLEMENT_ALIMENTAIRE,Buea,Littoral,2027-07-01,7,2027,0.0,0.0,15000.0,0.0
S3_reappro_100,CA005.1,COMPLEMENT_ALIMENTAIRE,Ndobo,Littoral,2027-07-01,7,2027,0.0,0.0,15000.0,0.02
S3_reappro_100,CA005.1,COMPLEMENT_ALIMENTAIRE,Nkongsamba,Littoral,2027-07-01,7,2027,0.0,0.0,15000.0,0.05
S3_reappro_100,CA005.1,COMPLEMENT_ALIMENTAIRE,Pk11,Littoral,2027-07-01,7,2027,0.0,0.0,15000.0,0.0
S3_reappro_100,CA005.1,COMPLEMENT_ALIMENTAIRE,Village,Littoral,2027-07-01,7,2027,0.0,0.0,15000.0,0.03
S3_reappro_100,CA006.1,COMPLEMENT_ALIMENTAIRE,Ndobo,Littoral,2027-07-01,7,2027,0.0,0.0,6500.0,0.01
S3_reappro_100,CA006.1,COMPLEMENT_ALIMENTAIRE,Nkongsamba,Littoral,2027-07-01,7,2027,0.0,0.0,6500.0,0.01
S3_reappro_100,CA006.1,COMPLEMENT_ALIMENTAIRE,Village,Littoral,2027-07-01,7,2027,0.0,0.0,6500.0,0.01
S3_reappro_100,CA007.1,COMPLEMENT_ALIMENTAIRE,Ndobo,Littoral,2027-07-01,7,2027,0.0,0.0,8000.0,0.0
S3_reappro_100,CA007.1,COMPLEMENT_ALIMENTAIRE,Nkongsamba,Littoral,2027-07-01,7,2027,0.0,0.0,8000.0,0.02
S3_reappro_100,CA007.1,COMPLEMENT_ALIMENTAIRE,Village,Littoral,2027-07-01,7,2027,0.0,0.0,8000.0,0.0
S3_reappro_100,CA008.1,COMPLEMENT_ALIMENTAIRE,Ndobo,Littoral,2027-07-01,7,2027,0.0,0.0,14000.0,0.02
S3_reappro_100,CA008.1,COMPLEMENT_ALIMENTAIRE,Nkongsamba,Littoral,2027-07-01,7,2027,0.0,0.0,14000.0,0.04
S3_reappro_100,CA008.1,COMPLEMENT_ALIMENTAIRE,Village,Littoral,2027-07-01,7,2027,0.0,0.0,14000.0,0.02
S3_reappro_100,V300,COMPLEMENT_ALIMENTAIRE,Buea,Littoral,2027-07-01,7,2027,0.02,0.0,2500.0,0.06
S3_reappro_100,V300,COMPLEMENT_ALIMENTAIRE,Ndobo,Littoral,2027-07-01,7,2027,0.03,0.0,2500.0,0.06
S3_reappro_100,V300,COMPLEMENT_ALIMENTAIRE,Nkongsamba,Littoral,2027-07-01,7,2027,0.03,0.0,2500.0,0.08
S3_reappro_100,V300,COMPLEMENT_ALIMENTAIRE,Pk11,Littoral,2027-07-01,7,2027,0.01,0.0,2500.0,0.01
S3_reappro_100,V300,COMPLEMENT_ALIMENTAIRE,Village,Littoral,2027-07-01,7,2027,0.01,0.0,2500.0,0.02
S3_reappro_100,CA001.1,COMPLEMENT_ALIMENTAIRE,Ndobo,Littoral,2027-08-01,8,2027,0.0,0.0,5500.0,0.0
S3_reappro_100,CA001.1,COMPLEMENT_ALIMENTAIRE,Nkongsamba,Littoral,2027-08-01,8,2027,0.0,0.0,5500.0,0.01
S3_reappro_100,CA001.1,COMPLEMENT_ALIMENTAIRE,Pk11,Littoral,2027-08-01,8,2027,0.0,0.0,5500.0,0.0
S3_reappro_100,CA001.1,COMPLEMENT_ALIMENTAIRE,Village,Littoral,2027-08-01,8,2027,0.0,0.0,5500.0,0.0
S3_reappro_100,CA002.1,COMPLEMENT_ALIMENTAIRE,Ndobo,Littoral,2027-08-01,8,2027,0.01,0.0,10500.0,0.04
S3_reappro_100,CA002.1,COMPLEMENT_ALIMENTAIRE,Nkongsamba,Littoral,2027-08-01,8,2027,0.01,0.0,10500.0,0.06
S3_reappro_100,CA002.1,COMPLEMENT_ALIMENTAIRE,Pk11,Littoral,2027-08-01,8,2027,0.0,0.0,10500.0,0.0
S3_reappro_100,CA002.1,COMPLEMENT_ALIMENTAIRE,Village,Littoral,2027-08-01,8,2027,0.0,0.0,10500.0,0.0
S3_reappro_100,CA003.1,COMPLEMENT_ALIMENTAIRE,Buea,Littoral,2027-08-01,8,2027,0.0,0.0,8000.0,0.01
S3_reappro_100,CA003.1,COMPLEMENT_ALIMENTAIRE,Ndobo,Littoral,2027-08-01,8,2027,0.0,0.0,8000.0,0.01
S3_reappro_100,CA003.1,COMPLEMENT_ALIMENTAIRE,Nkongsamba,Littoral,2027-08-01,8,2027,0.0,0.0,8000.0,0.02
S3_reappro_100,CA003.1,COMPLEMENT_ALIMENTAIRE,Pk11,Littoral,2027-08-01,8,2027,0.0,0.0,8000.0,0.0
S3_reappro_100,CA003.1,COMPLEMENT_ALIMENTAIRE,Village,Littoral,2027-08-01,8,2027,0.0,0.0,8000.0,0.01
S3_reappro_100,CA004.1,COMPLEMENT_ALIMENTAIRE,Buea,Littoral,2027-08-01,8,2027,0.0,0.0,9800.0,0.0
S3_reappro_100,CA004.1,COMPLEMENT_ALIMENTAIRE,Ndobo,Littoral,2027-08-01,8,2027,0.0,0.0,9800.0,0.0
S3_reappro_100,CA004.1,COMPLEMENT_ALIMENTAIRE,Nkongsamba,Littoral,2027-08-01,8,2027,0.0,0.0,9800.0,0.01
S3_reappro_100,CA004.1,COMPLEMENT_ALIMENTAIRE,Pk11,Littoral,2027-08-01,8,2027,0.0,0.0,9800.0,0.0
S3_reappro_100,CA004.1,COMPLEMENT_ALIMENTAIRE,Village,Littoral,2027-08-01,8,2027,0.0,0.0,9800.0,0.01
S3_reappro_100,CA005.1,COMPLEMENT_ALIMENTAIRE,Buea,Littoral,2027-08-01,8,2027,0.0,0.0,15000.0,0.0
S3_reappro_100,CA005.1,COMPLEMENT_ALIMENTAIRE,Ndobo,Littoral,2027-08-01,8,2027,0.0,0.0,15000.0,0.01
S3_reappro_100,CA005.1,COMPLEMENT_ALIMENTAIRE,Nkongsamba,Littoral,2027-08-01,8,2027,0.0,0.0,15000.0,0.03
S3_reappro_100,CA005.1,COMPLEMENT_ALIMENTAIRE,Pk11,Littoral,2027-08-01,8,2027,0.0,0.0,15000.0,0.0
S3_reappro_100,CA005.1,COMPLEMENT_ALIMENTAIRE,Village,Littoral,2027-08-01,8,2027,0.0,0.0,15000.0,0.02
S3_reappro_100,CA006.1,COMPLEMENT_ALIMENTAIRE,Ndobo,Littoral,2027-08-01,8,2027,0.0,0.0,6500.0,0.0
S3_reappro_100,CA006.1,COMPLEMENT_ALIMENTAIRE,Nkongsamba,Littoral,2027-08-01,8,2027,0.0,0.0,6500.0,0.01
S3_reappro_100,CA006.1,COMPLEMENT_ALIMENTAIRE,Village,Littoral,2027-08-01,8,2027,0.0,0.0,6500.0,0.0
S3_reappro_100,CA007.1,COMPLEMENT_ALIMENTAIRE,Ndobo,Littoral,2027-08-01,8,2027,0.0,0.0,8000.0,0.0
S3_reappro_100,CA007.1,COMPLEMENT_ALIMENTAIRE,Nkongsamba,Littoral,2027-08-01,8,2027,0.0,0.0,8000.0,0.01
S3_reappro_100,CA007.1,COMPLEMENT_ALIMENTAIRE,Village,Littoral,2027-08-01,8,2027,0.0,0.0,8000.0,0.0
S3_reappro_100,CA008.1,COMPLEMENT_ALIMENTAIRE,Ndobo,Littoral,2027-08-01,8,2027,0.0,0.0,14000.0,0.01
S3_reappro_100,CA008.1,COMPLEMENT_ALIMENTAIRE,Nkongsamba,Littoral,2027-08-01,8,2027,0.0,0.0,14000.0,0.02
S3_reappro_100,CA008.1,COMPLEMENT_ALIMENTAIRE,Village,Littoral,2027-08-01,8,2027,0.0,0.0,14000.0,0.01
S3_reappro_100,V300,COMPLEMENT_ALIMENTAIRE,Buea,Littoral,2027-08-01,8,2027,0.01,0.0,2500.0,0.03
S3_reappro_100,V300,COMPLEMENT_ALIMENTAIRE,Ndobo,Littoral,2027-08-01,8,2027,0.02,0.0,2500.0,0.04
S3_reappro_100,V300,COMPLEMENT_ALIMENTAIRE,Nkongsamba,Littoral,2027-08-01,8,2027,0.02,0.0,2500.0,0.05
S3_reappro_100,V300,COMPLEMENT_ALIMENTAIRE,Pk11,Littoral,2027-08-01,8,2027,0.0,0.0,2500.0,0.01
S3_reappro_100,V300,COMPLEMENT_ALIMENTAIRE,Village,Littoral,2027-08-01,8,2027,0.0,0.0,2500.0,0.01
S3_reappro_100,CA001.1,COMPLEMENT_ALIMENTAIRE,Ndobo,Littoral,2027-09-01,9,2027,0.0,0.0,5500.0,0.01
S3_reappro_100,CA001.1,COMPLEMENT_ALIMENTAIRE,Nkongsamba,Littoral,2027-09-01,9,2027,0.0,0.0,5500.0,0.01
S3_reappro_100,CA001.1,COMPLEMENT_ALIMENTAIRE,Pk11,Littoral,2027-09-01,9,2027,0.0,0.0,5500.0,0.0
S3_reappro_100,CA001.1,COMPLEMENT_ALIMENTAIRE,Village,Littoral,2027-09-01,9,2027,0.0,0.0,5500.0,0.01
S3_reappro_100,CA002.1,COMPLEMENT_ALIMENTAIRE,Ndobo,Littoral,2027-09-01,9,2027,0.01,0.0,10500.0,0.09
S3_reappro_100,CA002.1,COMPLEMENT_ALIMENTAIRE,Nkongsamba,Littoral,2027-09-01,9,2027,0.01,0.0,10500.0,0.13
S3_reappro_100,CA002.1,COMPLEMENT_ALIMENTAIRE,Pk11,Littoral,2027-09-01,9,2027,0.0,0.0,10500.0,0.01
S3_reappro_100,CA002.1,COMPLEMENT_ALIMENTAIRE,Village,Littoral,2027-09-01,9,2027,0.0,0.0,10500.0,0.01
S3_reappro_100,CA003.1,COMPLEMENT_ALIMENTAIRE,Buea,Littoral,2027-09-01,9,2027,0.0,0.0,8000.0,0.02
S3_reappro_100,CA003.1,COMPLEMENT_ALIMENTAIRE,Ndobo,Littoral,2027-09-01,9,2027,0.01,0.0,8000.0,0.03
S3_reappro_100,CA003.1,COMPLEMENT_ALIMENTAIRE,Nkongsamba,Littoral,2027-09-01,9,2027,0.01,0.0,8000.0,0.05
S3_reappro_100,CA003.1,COMPLEMENT_ALIMENTAIRE,Pk11,Littoral,2027-09-01,9,2027,0.0,0.0,8000.0,0.0
S3_reappro_100,CA003.1,COMPLEMENT_ALIMENTAIRE,Village,Littoral,2027-09-01,9,2027,0.0,0.0,8000.0,0.02
S3_reappro_100,CA004.1,COMPLEMENT_ALIMENTAIRE,Buea,Littoral,2027-09-01,9,2027,0.0,0.0,9800.0,0.01
S3_reappro_100,CA004.1,COMPLEMENT_ALIMENTAIRE,Ndobo,Littoral,2027-09-01,9,2027,0.0,0.0,9800.0,0.01
S3_reappro_100,CA004.1,COMPLEMENT_ALIMENTAIRE,Nkongsamba,Littoral,2027-09-01,9,2027,0.0,0.0,9800.0,0.02
S3_reappro_100,CA004.1,COMPLEMENT_ALIMENTAIRE,Pk11,Littoral,2027-09-01,9,2027,0.0,0.0,9800.0,0.0
S3_reappro_100,CA004.1,COMPLEMENT_ALIMENTAIRE,Village,Littoral,2027-09-01,9,2027,0.0,0.0,9800.0,0.01
S3_reappro_100,CA005.1,COMPLEMENT_ALIMENTAIRE,Buea,Littoral,2027-09-01,9,2027,0.0,0.0,15000.0,0.0
S3_reappro_100,CA005.1,COMPLEMENT_ALIMENTAIRE,Ndobo,Littoral,2027-09-01,9,2027,0.0,0.0,15000.0,0.02
S3_reappro_100,CA005.1,COMPLEMENT_ALIMENTAIRE,Nkongsamba,Littoral,2027-09-01,9,2027,0.0,0.0,15000.0,0.07
S3_reappro_100,CA005.1,COMPLEMENT_ALIMENTAIRE,Pk11,Littoral,2027-09-01,9,2027,0.0,0.0,15000.0,0.0
S3_reappro_100,CA005.1,COMPLEMENT_ALIMENTAIRE,Village,Littoral,2027-09-01,9,2027,0.0,0.0,15000.0,0.04
S3_reappro_100,CA006.1,COMPLEMENT_ALIMENTAIRE,Ndobo,Littoral,2027-09-01,9,2027,0.0,0.0,6500.0,0.01
S3_reappro_100,CA006.1,COMPLEMENT_ALIMENTAIRE,Nkongsamba,Littoral,2027-09-01,9,2027,0.0,0.0,6500.0,0.01
S3_reappro_100,CA006.1,COMPLEMENT_ALIMENTAIRE,Village,Littoral,2027-09-01,9,2027,0.0,0.0,6500.0,0.01
S3_reappro_100,CA007.1,COMPLEMENT_ALIMENTAIRE,Ndobo,Littoral,2027-09-01,9,2027,0.0,0.0,8000.0,0.0
S3_reappro_100,CA007.1,COMPLEMENT_ALIMENTAIRE,Nkongsamba,Littoral,2027-09-01,9,2027,0.0,0.0,8000.0,0.03
S3_reappro_100,CA007.1,COMPLEMENT_ALIMENTAIRE,Village,Littoral,2027-09-01,9,2027,0.0,0.0,8000.0,0.0
S3_reappro_100,CA008.1,COMPLEMENT_ALIMENTAIRE,Ndobo,Littoral,2027-09-01,9,2027,0.0,0.0,14000.0,0.02
S3_reappro_100,CA008.1,COMPLEMENT_ALIMENTAIRE,Nkongsamba,Littoral,2027-09-01,9,2027,0.0,0.0,14000.0,0.05
S3_reappro_100,CA008.1,COMPLEMENT_ALIMENTAIRE,Village,Littoral,2027-09-01,9,2027,0.0,0.0,14000.0,0.03
S3_reappro_100,V300,COMPLEMENT_ALIMENTAIRE,Buea,Littoral,2027-09-01,9,2027,0.03,0.0,2500.0,0.08
S3_reappro_100,V300,COMPLEMENT_ALIMENTAIRE,Ndobo,Littoral,2027-09-01,9,2027,0.04,0.0,2500.0,0.08
S3_reappro_100,V300,COMPLEMENT_ALIMENTAIRE,Nkongsamba,Littoral,2027-09-01,9,2027,0.04,0.0,2500.0,0.1
S3_reappro_100,V300,COMPLEMENT_ALIMENTAIRE,Pk11,Littoral,2027-09-01,9,2027,0.01,0.0,2500.0,0.01
S3_reappro_100,V300,COMPLEMENT_ALIMENTAIRE,Village,Littoral,2027-09-01,9,2027,0.01,0.0,2500.0,0.03
S3_reappro_100,CA001.1,COMPLEMENT_ALIMENTAIRE,Ndobo,Littoral,2027-10-01,10,2027,0.0,0.0,5500.0,0.0
S3_reappro_100,CA001.1,COMPLEMENT_ALIMENTAIRE,Nkongsamba,Littoral,2027-10-01,10,2027,0.0,0.0,5500.0,0.0
S3_reappro_100,CA001.1,COMPLEMENT_ALIMENTAIRE,Pk11,Littoral,2027-10-01,10,2027,0.0,0.0,5500.0,0.0
S3_reappro_100,CA001.1,COMPLEMENT_ALIMENTAIRE,Village,Littoral,2027-10-01,10,2027,0.0,0.0,5500.0,0.0
S3_reappro_100,CA002.1,COMPLEMENT_ALIMENTAIRE,Ndobo,Littoral,2027-10-01,10,2027,0.0,0.0,10500.0,0.0
S3_reappro_100,CA002.1,COMPLEMENT_ALIMENTAIRE,Nkongsamba,Littoral,2027-10-01,10,2027,0.0,0.0,10500.0,0.0
S3_reappro_100,CA002.1,COMPLEMENT_ALIMENTAIRE,Pk11,Littoral,2027-10-01,10,2027,0.0,0.0,10500.0,0.0
S3_reappro_100,CA002.1,COMPLEMENT_ALIMENTAIRE,Village,Littoral,2027-10-01,10,2027,0.0,0.0,10500.0,0.0
S3_reappro_100,CA003.1,COMPLEMENT_ALIMENTAIRE,Buea,Littoral,2027-10-01,10,2027,0.0,0.0,8000.0,0.0
S3_reappro_100,CA003.1,COMPLEMENT_ALIMENTAIRE,Ndobo,Littoral,2027-10-01,10,2027,0.0,0.0,8000.0,0.0
S3_reappro_100,CA003.1,COMPLEMENT_ALIMENTAIRE,Nkongsamba,Littoral,2027-10-01,10,2027,0.0,0.0,8000.0,0.0
S3_reappro_100,CA003.1,COMPLEMENT_ALIMENTAIRE,Pk11,Littoral,2027-10-01,10,2027,0.0,0.0,8000.0,0.0
S3_reappro_100,CA003.1,COMPLEMENT_ALIMENTAIRE,Village,Littoral,2027-10-01,10,2027,0.0,0.0,8000.0,0.0
S3_reappro_100,CA004.1,COMPLEMENT_ALIMENTAIRE,Buea,Littoral,2027-10-01,10,2027,0.0,0.0,9800.0,0.0
S3_reappro_100,CA004.1,COMPLEMENT_ALIMENTAIRE,Ndobo,Littoral,2027-10-01,10,2027,0.0,0.0,9800.0,0.0
S3_reappro_100,CA004.1,COMPLEMENT_ALIMENTAIRE,Nkongsamba,Littoral,2027-10-01,10,2027,0.0,0.0,9800.0,0.0
S3_reappro_100,CA004.1,COMPLEMENT_ALIMENTAIRE,Pk11,Littoral,2027-10-01,10,2027,0.0,0.0,9800.0,0.0
S3_reappro_100,CA004.1,COMPLEMENT_ALIMENTAIRE,Village,Littoral,2027-10-01,10,2027,0.0,0.0,9800.0,0.0
S3_reappro_100,CA005.1,COMPLEMENT_ALIMENTAIRE,Buea,Littoral,2027-10-01,10,2027,0.0,0.0,15000.0,0.0
S3_reappro_100,CA005.1,COMPLEMENT_ALIMENTAIRE,Ndobo,Littoral,2027-10-01,10,2027,0.0,0.0,15000.0,0.0
S3_reappro_100,CA005.1,COMPLEMENT_ALIMENTAIRE,Nkongsamba,Littoral,2027-10-01,10,2027,0.0,0.0,15000.0,0.0
S3_reappro_100,CA005.1,COMPLEMENT_ALIMENTAIRE,Pk11,Littoral,2027-10-01,10,2027,0.0,0.0,15000.0,0.0
S3_reappro_100,CA005.1,COMPLEMENT_ALIMENTAIRE,Village,Littoral,2027-10-01,10,2027,0.0,0.0,15000.0,0.0
S3_reappro_100,CA006.1,COMPLEMENT_ALIMENTAIRE,Ndobo,Littoral,2027-10-01,10,2027,0.0,0.0,6500.0,0.0
S3_reappro_100,CA006.1,COMPLEMENT_ALIMENTAIRE,Nkongsamba,Littoral,2027-10-01,10,2027,0.0,0.0,6500.0,0.0
S3_reappro_100,CA006.1,COMPLEMENT_ALIMENTAIRE,Village,Littoral,2027-10-01,10,2027,0.0,0.0,6500.0,0.0
S3_reappro_100,CA007.1,COMPLEMENT_ALIMENTAIRE,Ndobo,Littoral,2027-10-01,10,2027,0.0,0.0,8000.0,0.0
S3_reappro_100,CA007.1,COMPLEMENT_ALIMENTAIRE,Nkongsamba,Littoral,2027-10-01,10,2027,0.0,0.0,8000.0,0.0
S3_reappro_100,CA007.1,COMPLEMENT_ALIMENTAIRE,Village,Littoral,2027-10-01,10,2027,0.0,0.0,8000.0,0.0
S3_reappro_100,CA008.1,COMPLEMENT_ALIMENTAIRE,Ndobo,Littoral,2027-10-01,10,2027,0.0,0.0,14000.0,0.0
S3_reappro_100,CA008.1,COMPLEMENT_ALIMENTAIRE,Nkongsamba,Littoral,2027-10-01,10,2027,0.0,0.0,14000.0,0.0
S3_reappro_100,CA008.1,COMPLEMENT_ALIMENTAIRE,Village,Littoral,2027-10-01,10,2027,0.0,0.0,14000.0,0.0
S3_reappro_100,V300,COMPLEMENT_ALIMENTAIRE,Buea,Littoral,2027-10-01,10,2027,0.0,0.0,2500.0,0.0
S3_reappro_100,V300,COMPLEMENT_ALIMENTAIRE,Ndobo,Littoral,2027-10-01,10,2027,0.0,0.0,2500.0,0.0
S3_reappro_100,V300,COMPLEMENT_ALIMENTAIRE,Nkongsamba,Littoral,2027-10-01,10,2027,0.0,0.0,2500.0,0.0
S3_reappro_100,V300,COMPLEMENT_ALIMENTAIRE,Pk11,Littoral,2027-10-01,10,2027,0.0,0.0,2500.0,0.0
S3_reappro_100,V300,COMPLEMENT_ALIMENTAIRE,Village,Littoral,2027-10-01,10,2027,0.0,0.0,2500.0,0.0
S3_reappro_100,CA001.1,COMPLEMENT_ALIMENTAIRE,Ndobo,Littoral,2027-11-01,11,2027,0.0,0.0,5500.0,0.0
S3_reappro_100,CA001.1,COMPLEMENT_ALIMENTAIRE,Nkongsamba,Littoral,2027-11-01,11,2027,0.0,0.0,5500.0,0.01
S3_reappro_100,CA001.1,COMPLEMENT_ALIMENTAIRE,Pk11,Littoral,2027-11-01,11,2027,0.0,0.0,5500.0,0.0
S3_reappro_100,CA001.1,COMPLEMENT_ALIMENTAIRE,Village,Littoral,2027-11-01,11,2027,0.0,0.0,5500.0,0.0
S3_reappro_100,CA002.1,COMPLEMENT_ALIMENTAIRE,Ndobo,Littoral,2027-11-01,11,2027,0.01,0.0,10500.0,0.05
S3_reappro_100,CA002.1,COMPLEMENT_ALIMENTAIRE,Nkongsamba,Littoral,2027-11-01,11,2027,0.01,0.0,10500.0,0.06
S3_reappro_100,CA002.1,COMPLEMENT_ALIMENTAIRE,Pk11,Littoral,2027-11-01,11,2027,0.0,0.0,10500.0,0.0
S3_reappro_100,CA002.1,COMPLEMENT_ALIMENTAIRE,Village,Littoral,2027-11-01,11,2027,0.0,0.0,10500.0,0.0
S3_reappro_100,CA003.1,COMPLEMENT_ALIMENTAIRE,Buea,Littoral,2027-11-01,11,2027,0.0,0.0,8000.0,0.01
S3_reappro_100,CA003.1,COMPLEMENT_ALIMENTAIRE,Ndobo,Littoral,2027-11-01,11,2027,0.0,0.0,8000.0,0.01
S3_reappro_100,CA003.1,COMPLEMENT_ALIMENTAIRE,Nkongsamba,Littoral,2027-11-01,11,2027,0.0,0.0,8000.0,0.02
S3_reappro_100,CA003.1,COMPLEMENT_ALIMENTAIRE,Pk11,Littoral,2027-11-01,11,2027,0.0,0.0,8000.0,0.0
S3_reappro_100,CA003.1,COMPLEMENT_ALIMENTAIRE,Village,Littoral,2027-11-01,11,2027,0.0,0.0,8000.0,0.01
S3_reappro_100,CA004.1,COMPLEMENT_ALIMENTAIRE,Buea,Littoral,2027-11-01,11,2027,0.0,0.0,9800.0,0.0
S3_reappro_100,CA004.1,COMPLEMENT_ALIMENTAIRE,Ndobo,Littoral,2027-11-01,11,2027,0.0,0.0,9800.0,0.0
S3_reappro_100,CA004.1,COMPLEMENT_ALIMENTAIRE,Nkongsamba,Littoral,2027-11-01,11,2027,0.0,0.0,9800.0,0.01
S3_reappro_100,CA004.1,COMPLEMENT_ALIMENTAIRE,Pk11,Littoral,2027-11-01,11,2027,0.0,0.0,9800.0,0.0
S3_reappro_100,CA004.1,COMPLEMENT_ALIMENTAIRE,Village,Littoral,2027-11-01,11,2027,0.0,0.0,9800.0,0.01
S3_reappro_100,CA005.1,COMPLEMENT_ALIMENTAIRE,Buea,Littoral,2027-11-01,11,2027,0.0,0.0,15000.0,0.0
S3_reappro_100,CA005.1,COMPLEMENT_ALIMENTAIRE,Ndobo,Littoral,2027-11-01,11,2027,0.0,0.0,15000.0,0.01
S3_reappro_100,CA005.1,COMPLEMENT_ALIMENTAIRE,Nkongsamba,Littoral,2027-11-01,11,2027,0.0,0.0,15000.0,0.04
S3_reappro_100,CA005.1,COMPLEMENT_ALIMENTAIRE,Pk11,Littoral,2027-11-01,11,2027,0.0,0.0,15000.0,0.0
S3_reappro_100,CA005.1,COMPLEMENT_ALIMENTAIRE,Village,Littoral,2027-11-01,11,2027,0.0,0.0,15000.0,0.02
S3_reappro_100,CA006.1,COMPLEMENT_ALIMENTAIRE,Ndobo,Littoral,2027-11-01,11,2027,0.0,0.0,6500.0,0.0
S3_reappro_100,CA006.1,COMPLEMENT_ALIMENTAIRE,Nkongsamba,Littoral,2027-11-01,11,2027,0.0,0.0,6500.0,0.01
S3_reappro_100,CA006.1,COMPLEMENT_ALIMENTAIRE,Village,Littoral,2027-11-01,11,2027,0.0,0.0,6500.0,0.0
S3_reappro_100,CA007.1,COMPLEMENT_ALIMENTAIRE,Ndobo,Littoral,2027-11-01,11,2027,0.0,0.0,8000.0,0.0
S3_reappro_100,CA007.1,COMPLEMENT_ALIMENTAIRE,Nkongsamba,Littoral,2027-11-01,11,2027,0.0,0.0,8000.0,0.01
S3_reappro_100,CA007.1,COMPLEMENT_ALIMENTAIRE,Village,Littoral,2027-11-01,11,2027,0.0,0.0,8000.0,0.0
S3_reappro_100,CA008.1,COMPLEMENT_ALIMENTAIRE,Ndobo,Littoral,2027-11-01,11,2027,0.0,0.0,14000.0,0.01
S3_reappro_100,CA008.1,COMPLEMENT_ALIMENTAIRE,Nkongsamba,Littoral,2027-11-01,11,2027,0.0,0.0,14000.0,0.03
S3_reappro_100,CA008.1,COMPLEMENT_ALIMENTAIRE,Village,Littoral,2027-11-01,11,2027,0.0,0.0,14000.0,0.01
S3_reappro_100,V300,COMPLEMENT_ALIMENTAIRE,Buea,Littoral,2027-11-01,11,2027,0.01,0.0,2500.0,0.04
S3_reappro_100,V300,COMPLEMENT_ALIMENTAIRE,Ndobo,Littoral,2027-11-01,11,2027,0.02,0.0,2500.0,0.04
S3_reappro_100,V300,COMPLEMENT_ALIMENTAIRE,Nkongsamba,Littoral,2027-11-01,11,2027,0.02,0.0,2500.0,0.05
S3_reappro_100,V300,COMPLEMENT_ALIMENTAIRE,Pk11,Littoral,2027-11-01,11,2027,0.0,0.0,2500.0,0.01
S3_reappro_100,V300,COMPLEMENT_ALIMENTAIRE,Village,Littoral,2027-11-01,11,2027,0.0,0.0,2500.0,0.01
S3_reappro_100,CA001.1,COMPLEMENT_ALIMENTAIRE,Ndobo,Littoral,2027-12-01,12,2027,0.0,0.0,5500.0,0.01
S3_reappro_100,CA001.1,COMPLEMENT_ALIMENTAIRE,Nkongsamba,Littoral,2027-12-01,12,2027,0.0,0.0,5500.0,0.01
S3_reappro_100,CA001.1,COMPLEMENT_ALIMENTAIRE,Pk11,Littoral,2027-12-01,12,2027,0.0,0.0,5500.0,0.0
S3_reappro_100,CA001.1,COMPLEMENT_ALIMENTAIRE,Village,Littoral,2027-12-01,12,2027,0.0,0.0,5500.0,0.01
S3_reappro_100,CA002.1,COMPLEMENT_ALIMENTAIRE,Ndobo,Littoral,2027-12-01,12,2027,0.01,0.0,10500.0,0.09
S3_reappro_100,CA002.1,COMPLEMENT_ALIMENTAIRE,Nkongsamba,Littoral,2027-12-01,12,2027,0.01,0.0,10500.0,0.13
S3_reappro_100,CA002.1,COMPLEMENT_ALIMENTAIRE,Pk11,Littoral,2027-12-01,12,2027,0.0,0.0,10500.0,0.01
S3_reappro_100,CA002.1,COMPLEMENT_ALIMENTAIRE,Village,Littoral,2027-12-01,12,2027,0.0,0.0,10500.0,0.01
S3_reappro_100,CA003.1,COMPLEMENT_ALIMENTAIRE,Buea,Littoral,2027-12-01,12,2027,0.0,0.0,8000.0,0.02
S3_reappro_100,CA003.1,COMPLEMENT_ALIMENTAIRE,Ndobo,Littoral,2027-12-01,12,2027,0.01,0.0,8000.0,0.03
S3_reappro_100,CA003.1,COMPLEMENT_ALIMENTAIRE,Nkongsamba,Littoral,2027-12-01,12,2027,0.01,0.0,8000.0,0.04
S3_reappro_100,CA003.1,COMPLEMENT_ALIMENTAIRE,Pk11,Littoral,2027-12-01,12,2027,0.0,0.0,8000.0,0.0
S3_reappro_100,CA003.1,COMPLEMENT_ALIMENTAIRE,Village,Littoral,2027-12-01,12,2027,0.0,0.0,8000.0,0.02
S3_reappro_100,CA004.1,COMPLEMENT_ALIMENTAIRE,Buea,Littoral,2027-12-01,12,2027,0.0,0.0,9800.0,0.01
S3_reappro_100,CA004.1,COMPLEMENT_ALIMENTAIRE,Ndobo,Littoral,2027-12-01,12,2027,0.0,0.0,9800.0,0.01
S3_reappro_100,CA004.1,COMPLEMENT_ALIMENTAIRE,Nkongsamba,Littoral,2027-12-01,12,2027,0.0,0.0,9800.0,0.02
S3_reappro_100,CA004.1,COMPLEMENT_ALIMENTAIRE,Pk11,Littoral,2027-12-01,12,2027,0.0,0.0,9800.0,0.0
S3_reappro_100,CA004.1,COMPLEMENT_ALIMENTAIRE,Village,Littoral,2027-12-01,12,2027,0.0,0.0,9800.0,0.01
S3_reappro_100,CA005.1,COMPLEMENT_ALIMENTAIRE,Buea,Littoral,2027-12-01,12,2027,0.0,0.0,15000.0,0.0
S3_reappro_100,CA005.1,COMPLEMENT_ALIMENTAIRE,Ndobo,Littoral,2027-12-01,12,2027,0.0,0.0,15000.0,0.02
S3_reappro_100,CA005.1,COMPLEMENT_ALIMENTAIRE,Nkongsamba,Littoral,2027-12-01,12,2027,0.0,0.0,15000.0,0.07
S3_reappro_100,CA005.1,COMPLEMENT_ALIMENTAIRE,Pk11,Littoral,2027-12-01,12,2027,0.0,0.0,15000.0,0.0
S3_reappro_100,CA005.1,COMPLEMENT_ALIMENTAIRE,Village,Littoral,2027-12-01,12,2027,0.0,0.0,15000.0,0.04
S3_reappro_100,CA006.1,COMPLEMENT_ALIMENTAIRE,Ndobo,Littoral,2027-12-01,12,2027,0.0,0.0,6500.0,0.01
S3_reappro_100,CA006.1,COMPLEMENT_ALIMENTAIRE,Nkongsamba,Littoral,2027-12-01,12,2027,0.0,0.0,6500.0,0.01
S3_reappro_100,CA006.1,COMPLEMENT_ALIMENTAIRE,Village,Littoral,2027-12-01,12,2027,0.0,0.0,6500.0,0.01
S3_reappro_100,CA007.1,COMPLEMENT_ALIMENTAIRE,Ndobo,Littoral,2027-12-01,12,2027,0.0,0.0,8000.0,0.0
S3_reappro_100,CA007.1,COMPLEMENT_ALIMENTAIRE,Nkongsamba,Littoral,2027-12-01,12,2027,0.0,0.0,8000.0,0.03
S3_reappro_100,CA007.1,COMPLEMENT_ALIMENTAIRE,Village,Littoral,2027-12-01,12,2027,0.0,0.0,8000.0,0.0
S3_reappro_100,CA008.1,COMPLEMENT_ALIMENTAIRE,Ndobo,Littoral,2027-12-01,12,2027,0.0,0.0,14000.0,0.02
S3_reappro_100,CA008.1,COMPLEMENT_ALIMENTAIRE,Nkongsamba,Littoral,2027-12-01,12,2027,0.0,0.0,14000.0,0.05
S3_reappro_100,CA008.1,COMPLEMENT_ALIMENTAIRE,Village,Littoral,2027-12-01,12,2027,0.0,0.0,14000.0,0.03
S3_reappro_100,V300,COMPLEMENT_ALIMENTAIRE,Buea,Littoral,2027-12-01,12,2027,0.03,0.0,2500.0,0.07
S3_reappro_100,V300,COMPLEMENT_ALIMENTAIRE,Ndobo,Littoral,2027-12-01,12,2027,0.04,0.0,2500.0,0.08
S3_reappro_100,V300,COMPLEMENT_ALIMENTAIRE,Nkongsamba,Littoral,2027-12-01,12,2027,0.03,0.0,2500.0,0.1
S3_reappro_100,V300,COMPLEMENT_ALIMENTAIRE,Pk11,Littoral,2027-12-01,12,2027,0.01,0.0,2500.0,0.01
S3_reappro_100,V300,COMPLEMENT_ALIMENTAIRE,Village,Littoral,2027-12-01,12,2027,0.01,0.0,2500.0,0.03
S3_reappro_100,CA001.1,COMPLEMENT_ALIMENTAIRE,Famla,Ouest,2027-01-01,1,2027,0.0,0.0,5500.0,0.0
S3_reappro_100,CA002.1,COMPLEMENT_ALIMENTAIRE,Famla,Ouest,2027-01-01,1,2027,0.0,0.0,10500.0,0.01
S3_reappro_100,CA003.1,COMPLEMENT_ALIMENTAIRE,Famla,Ouest,2027-01-01,1,2027,0.0,0.0,8000.0,0.03
S3_reappro_100,CA004.1,COMPLEMENT_ALIMENTAIRE,Famla,Ouest,2027-01-01,1,2027,0.0,0.0,9800.0,0.0
S3_reappro_100,CA005.1,COMPLEMENT_ALIMENTAIRE,Famla,Ouest,2027-01-01,1,2027,0.0,0.0,15000.0,0.01
S3_reappro_100,CA006.1,COMPLEMENT_ALIMENTAIRE,Famla,Ouest,2027-01-01,1,2027,0.0,0.0,6500.0,0.0
S3_reappro_100,CA007.1,COMPLEMENT_ALIMENTAIRE,Famla,Ouest,2027-01-01,1,2027,0.0,0.0,8000.0,0.0
S3_reappro_100,CA008.1,COMPLEMENT_ALIMENTAIRE,Famla,Ouest,2027-01-01,1,2027,0.0,0.0,14000.0,0.0
S3_reappro_100,V300,COMPLEMENT_ALIMENTAIRE,Djeleng,Ouest,2027-01-01,1,2027,0.01,0.0,2500.0,0.03
S3_reappro_100,V300,COMPLEMENT_ALIMENTAIRE,Famla,Ouest,2027-01-01,1,2027,0.02,0.0,2500.0,0.04
S3_reappro_100,V300,COMPLEMENT_ALIMENTAIRE,Mbouda,Ouest,2027-01-01,1,2027,0.01,0.0,2500.0,0.02
S3_reappro_100,CA001.1,COMPLEMENT_ALIMENTAIRE,Famla,Ouest,2027-02-01,2,2027,0.0,0.0,5500.0,0.01
S3_reappro_100,CA002.1,COMPLEMENT_ALIMENTAIRE,Famla,Ouest,2027-02-01,2,2027,0.0,0.0,10500.0,0.03
S3_reappro_100,CA003.1,COMPLEMENT_ALIMENTAIRE,Famla,Ouest,2027-02-01,2,2027,0.01,0.0,8000.0,0.1
S3_reappro_100,CA004.1,COMPLEMENT_ALIMENTAIRE,Famla,Ouest,2027-02-01,2,2027,0.0,0.0,9800.0,0.01
S3_reappro_100,CA005.1,COMPLEMENT_ALIMENTAIRE,Famla,Ouest,2027-02-01,2,2027,0.0,0.0,15000.0,0.04
S3_reappro_100,CA006.1,COMPLEMENT_ALIMENTAIRE,Famla,Ouest,2027-02-01,2,2027,0.0,0.0,6500.0,0.01
S3_reappro_100,CA007.1,COMPLEMENT_ALIMENTAIRE,Famla,Ouest,2027-02-01,2,2027,0.0,0.0,8000.0,0.01
S3_reappro_100,CA008.1,COMPLEMENT_ALIMENTAIRE,Famla,Ouest,2027-02-01,2,2027,0.0,0.0,14000.0,0.0
S3_reappro_100,V300,COMPLEMENT_ALIMENTAIRE,Djeleng,Ouest,2027-02-01,2,2027,0.04,0.0,2500.0,0.09
S3_reappro_100,V300,COMPLEMENT_ALIMENTAIRE,Famla,Ouest,2027-02-01,2,2027,0.06,0.0,2500.0,0.16
S3_reappro_100,V300,COMPLEMENT_ALIMENTAIRE,Mbouda,Ouest,2027-02-01,2,2027,0.03,0.0,2500.0,0.09
S3_reappro_100,CA001.1,COMPLEMENT_ALIMENTAIRE,Famla,Ouest,2027-03-01,3,2027,0.0,0.0,5500.0,0.0
S3_reappro_100,CA002.1,COMPLEMENT_ALIMENTAIRE,Famla,Ouest,2027-03-01,3,2027,0.0,0.0,10500.0,0.0
S3_reappro_100,CA003.1,COMPLEMENT_ALIMENTAIRE,Famla,Ouest,2027-03-01,3,2027,0.0,0.0,8000.0,0.0
S3_reappro_100,CA004.1,COMPLEMENT_ALIMENTAIRE,Famla,Ouest,2027-03-01,3,2027,0.0,0.0,9800.0,0.0
S3_reappro_100,CA005.1,COMPLEMENT_ALIMENTAIRE,Famla,Ouest,2027-03-01,3,2027,0.0,0.0,15000.0,0.0
S3_reappro_100,CA006.1,COMPLEMENT_ALIMENTAIRE,Famla,Ouest,2027-03-01,3,2027,0.0,0.0,6500.0,0.0
S3_reappro_100,CA007.1,COMPLEMENT_ALIMENTAIRE,Famla,Ouest,2027-03-01,3,2027,0.0,0.0,8000.0,0.0
S3_reappro_100,CA008.1,COMPLEMENT_ALIMENTAIRE,Famla,Ouest,2027-03-01,3,2027,0.0,0.0,14000.0,0.0
S3_reappro_100,V300,COMPLEMENT_ALIMENTAIRE,Djeleng,Ouest,2027-03-01,3,2027,0.0,0.0,2500.0,0.0
S3_reappro_100,V300,COMPLEMENT_ALIMENTAIRE,Famla,Ouest,2027-03-01,3,2027,0.0,0.0,2500.0,0.01
S3_reappro_100,V300,COMPLEMENT_ALIMENTAIRE,Mbouda,Ouest,2027-03-01,3,2027,0.0,0.0,2500.0,0.0
S3_reappro_100,CA001.1,COMPLEMENT_ALIMENTAIRE,Famla,Ouest,2027-04-01,4,2027,0.0,0.0,5500.0,0.01
S3_reappro_100,CA002.1,COMPLEMENT_ALIMENTAIRE,Famla,Ouest,2027-04-01,4,2027,0.0,0.0,10500.0,0.01
S3_reappro_100,CA003.1,COMPLEMENT_ALIMENTAIRE,Famla,Ouest,2027-04-01,4,2027,0.01,0.0,8000.0,0.05
S3_reappro_100,CA004.1,COMPLEMENT_ALIMENTAIRE,Famla,Ouest,2027-04-01,4,2027,0.0,0.0,9800.0,0.0
S3_reappro_100,CA005.1,COMPLEMENT_ALIMENTAIRE,Famla,Ouest,2027-04-01,4,2027,0.0,0.0,15000.0,0.02
S3_reappro_100,CA006.1,COMPLEMENT_ALIMENTAIRE,Famla,Ouest,2027-04-01,4,2027,0.0,0.0,6500.0,0.01
S3_reappro_100,CA007.1,COMPLEMENT_ALIMENTAIRE,Famla,Ouest,2027-04-01,4,2027,0.0,0.0,8000.0,0.01
S3_reappro_100,CA008.1,COMPLEMENT_ALIMENTAIRE,Famla,Ouest,2027-04-01,4,2027,0.0,0.0,14000.0,0.0
S3_reappro_100,V300,COMPLEMENT_ALIMENTAIRE,Djeleng,Ouest,2027-04-01,4,2027,0.02,0.0,2500.0,0.05
S3_reappro_100,V300,COMPLEMENT_ALIMENTAIRE,Famla,Ouest,2027-04-01,4,2027,0.03,0.0,2500.0,0.09
S3_reappro_100,V300,COMPLEMENT_ALIMENTAIRE,Mbouda,Ouest,2027-04-01,4,2027,0.02,0.0,2500.0,0.05
S3_reappro_100,CA001.1,COMPLEMENT_ALIMENTAIRE,Famla,Ouest,2027-05-01,5,2027,0.0,0.0,5500.0,0.0
S3_reappro_100,CA002.1,COMPLEMENT_ALIMENTAIRE,Famla,Ouest,2027-05-01,5,2027,0.0,0.0,10500.0,0.01
S3_reappro_100,CA003.1,COMPLEMENT_ALIMENTAIRE,Famla,Ouest,2027-05-01,5,2027,0.0,0.0,8000.0,0.04
S3_reappro_100,CA004.1,COMPLEMENT_ALIMENTAIRE,Famla,Ouest,2027-05-01,5,2027,0.0,0.0,9800.0,0.0
S3_reappro_100,CA005.1,COMPLEMENT_ALIMENTAIRE,Famla,Ouest,2027-05-01,5,2027,0.0,0.0,15000.0,0.02
S3_reappro_100,CA006.1,COMPLEMENT_ALIMENTAIRE,Famla,Ouest,2027-05-01,5,2027,0.0,0.0,6500.0,0.0
S3_reappro_100,CA007.1,COMPLEMENT_ALIMENTAIRE,Famla,Ouest,2027-05-01,5,2027,0.0,0.0,8000.0,0.0
S3_reappro_100,CA008.1,COMPLEMENT_ALIMENTAIRE,Famla,Ouest,2027-05-01,5,2027,0.0,0.0,14000.0,0.0
S3_reappro_100,V300,COMPLEMENT_ALIMENTAIRE,Djeleng,Ouest,2027-05-01,5,2027,0.01,0.0,2500.0,0.03
S3_reappro_100,V300,COMPLEMENT_ALIMENTAIRE,Famla,Ouest,2027-05-01,5,2027,0.02,0.0,2500.0,0.06
S3_reappro_100,V300,COMPLEMENT_ALIMENTAIRE,Mbouda,Ouest,2027-05-01,5,2027,0.01,0.0,2500.0,0.03
S3_reappro_100,CA001.1,COMPLEMENT_ALIMENTAIRE,Famla,Ouest,2027-06-01,6,2027,0.01,0.0,5500.0,0.02
S3_reappro_100,CA002.1,COMPLEMENT_ALIMENTAIRE,Famla,Ouest,2027-06-01,6,2027,0.0,0.0,10500.0,0.04
S3_reappro_100,CA003.1,COMPLEMENT_ALIMENTAIRE,Famla,Ouest,2027-06-01,6,2027,0.02,0.0,8000.0,0.15
S3_reappro_100,CA004.1,COMPLEMENT_ALIMENTAIRE,Famla,Ouest,2027-06-01,6,2027,0.0,0.0,9800.0,0.01
S3_reappro_100,CA005.1,COMPLEMENT_ALIMENTAIRE,Famla,Ouest,2027-06-01,6,2027,0.0,0.0,15000.0,0.07
S3_reappro_100,CA006.1,COMPLEMENT_ALIMENTAIRE,Famla,Ouest,2027-06-01,6,2027,0.0,0.0,6500.0,0.02
S3_reappro_100,CA007.1,COMPLEMENT_ALIMENTAIRE,Famla,Ouest,2027-06-01,6,2027,0.0,0.0,8000.0,0.02
S3_reappro_100,CA008.1,COMPLEMENT_ALIMENTAIRE,Famla,Ouest,2027-06-01,6,2027,0.0,0.0,14000.0,0.0
S3_reappro_100,V300,COMPLEMENT_ALIMENTAIRE,Djeleng,Ouest,2027-06-01,6,2027,0.06,0.0,2500.0,0.14
S3_reappro_100,V300,COMPLEMENT_ALIMENTAIRE,Famla,Ouest,2027-06-01,6,2027,0.09,0.0,2500.0,0.24
S3_reappro_100,V300,COMPLEMENT_ALIMENTAIRE,Mbouda,Ouest,2027-06-01,6,2027,0.04,0.0,2500.0,0.13
S3_reappro_100,CA001.1,COMPLEMENT_ALIMENTAIRE,Famla,Ouest,2027-07-01,7,2027,0.0,0.0,5500.0,0.0
S3_reappro_100,CA002.1,COMPLEMENT_ALIMENTAIRE,Famla,Ouest,2027-07-01,7,2027,0.0,0.0,10500.0,0.0
S3_reappro_100,CA003.1,COMPLEMENT_ALIMENTAIRE,Famla,Ouest,2027-07-01,7,2027,0.0,0.0,8000.0,0.01
S3_reappro_100,CA004.1,COMPLEMENT_ALIMENTAIRE,Famla,Ouest,2027-07-01,7,2027,0.0,0.0,9800.0,0.0
S3_reappro_100,CA005.1,COMPLEMENT_ALIMENTAIRE,Famla,Ouest,2027-07-01,7,2027,0.0,0.0,15000.0,0.0
S3_reappro_100,CA006.1,COMPLEMENT_ALIMENTAIRE,Famla,Ouest,2027-07-01,7,2027,0.0,0.0,6500.0,0.0
S3_reappro_100,CA007.1,COMPLEMENT_ALIMENTAIRE,Famla,Ouest,2027-07-01,7,2027,0.0,0.0,8000.0,0.0
S3_reappro_100,CA008.1,COMPLEMENT_ALIMENTAIRE,Famla,Ouest,2027-07-01,7,2027,0.0,0.0,14000.0,0.0
S3_reappro_100,V300,COMPLEMENT_ALIMENTAIRE,Djeleng,Ouest,2027-07-01,7,2027,0.0,0.0,2500.0,0.01
S3_reappro_100,V300,COMPLEMENT_ALIMENTAIRE,Famla,Ouest,2027-07-01,7,2027,0.01,0.0,2500.0,0.01
S3_reappro_100,V300,COMPLEMENT_ALIMENTAIRE,Mbouda,Ouest,2027-07-01,7,2027,0.0,0.0,2500.0,0.01
S3_reappro_100,CA001.1,COMPLEMENT_ALIMENTAIRE,Famla,Ouest,2027-08-01,8,2027,0.0,0.0,5500.0,0.0
S3_reappro_100,CA002.1,COMPLEMENT_ALIMENTAIRE,Famla,Ouest,2027-08-01,8,2027,0.0,0.0,10500.0,0.01
S3_reappro_100,CA003.1,COMPLEMENT_ALIMENTAIRE,Famla,Ouest,2027-08-01,8,2027,0.0,0.0,8000.0,0.04
S3_reappro_100,CA004.1,COMPLEMENT_ALIMENTAIRE,Famla,Ouest,2027-08-01,8,2027,0.0,0.0,9800.0,0.0
S3_reappro_100,CA005.1,COMPLEMENT_ALIMENTAIRE,Famla,Ouest,2027-08-01,8,2027,0.0,0.0,15000.0,0.02
S3_reappro_100,CA006.1,COMPLEMENT_ALIMENTAIRE,Famla,Ouest,2027-08-01,8,2027,0.0,0.0,6500.0,0.01
S3_reappro_100,CA007.1,COMPLEMENT_ALIMENTAIRE,Famla,Ouest,2027-08-01,8,2027,0.0,0.0,8000.0,0.01
S3_reappro_100,CA008.1,COMPLEMENT_ALIMENTAIRE,Famla,Ouest,2027-08-01,8,2027,0.0,0.0,14000.0,0.0
S3_reappro_100,V300,COMPLEMENT_ALIMENTAIRE,Djeleng,Ouest,2027-08-01,8,2027,0.02,0.0,2500.0,0.04
S3_reappro_100,V300,COMPLEMENT_ALIMENTAIRE,Famla,Ouest,2027-08-01,8,2027,0.03,0.0,2500.0,0.07
S3_reappro_100,V300,COMPLEMENT_ALIMENTAIRE,Mbouda,Ouest,2027-08-01,8,2027,0.01,0.0,2500.0,0.04
S3_reappro_100,CA001.1,COMPLEMENT_ALIMENTAIRE,Famla,Ouest,2027-09-01,9,2027,0.0,0.0,5500.0,0.0
S3_reappro_100,CA002.1,COMPLEMENT_ALIMENTAIRE,Famla,Ouest,2027-09-01,9,2027,0.0,0.0,10500.0,0.0
S3_reappro_100,CA003.1,COMPLEMENT_ALIMENTAIRE,Famla,Ouest,2027-09-01,9,2027,0.0,0.0,8000.0,0.0
S3_reappro_100,CA004.1,COMPLEMENT_ALIMENTAIRE,Famla,Ouest,2027-09-01,9,2027,0.0,0.0,9800.0,0.0
S3_reappro_100,CA005.1,COMPLEMENT_ALIMENTAIRE,Famla,Ouest,2027-09-01,9,2027,0.0,0.0,15000.0,0.0
S3_reappro_100,CA006.1,COMPLEMENT_ALIMENTAIRE,Famla,Ouest,2027-09-01,9,2027,0.0,0.0,6500.0,0.0
S3_reappro_100,CA007.1,COMPLEMENT_ALIMENTAIRE,Famla,Ouest,2027-09-01,9,2027,0.0,0.0,8000.0,0.0
S3_reappro_100,CA008.1,COMPLEMENT_ALIMENTAIRE,Famla,Ouest,2027-09-01,9,2027,0.0,0.0,14000.0,0.0
S3_reappro_100,V300,COMPLEMENT_ALIMENTAIRE,Djeleng,Ouest,2027-09-01,9,2027,0.0,0.0,2500.0,0.0
S3_reappro_100,V300,COMPLEMENT_ALIMENTAIRE,Famla,Ouest,2027-09-01,9,2027,0.0,0.0,2500.0,0.0
S3_reappro_100,V300,COMPLEMENT_ALIMENTAIRE,Mbouda,Ouest,2027-09-01,9,2027,0.0,0.0,2500.0,0.0
S3_reappro_100,CA001.1,COMPLEMENT_ALIMENTAIRE,Famla,Ouest,2027-10-01,10,2027,0.0,0.0,5500.0,0.01
S3_reappro_100,CA002.1,COMPLEMENT_ALIMENTAIRE,Famla,Ouest,2027-10-01,10,2027,0.0,0.0,10500.0,0.03
S3_reappro_100,CA003.1,COMPLEMENT_ALIMENTAIRE,Famla,Ouest,2027-10-01,10,2027,0.01,0.0,8000.0,0.09
S3_reappro_100,CA004.1,COMPLEMENT_ALIMENTAIRE,Famla,Ouest,2027-10-01,10,2027,0.0,0.0,9800.0,0.01
S3_reappro_100,CA005.1,COMPLEMENT_ALIMENTAIRE,Famla,Ouest,2027-10-01,10,2027,0.0,0.0,15000.0,0.04
S3_reappro_100,CA006.1,COMPLEMENT_ALIMENTAIRE,Famla,Ouest,2027-10-01,10,2027,0.0,0.0,6500.0,0.01
S3_reappro_100,CA007.1,COMPLEMENT_ALIMENTAIRE,Famla,Ouest,2027-10-01,10,2027,0.0,0.0,8000.0,0.01
S3_reappro_100,CA008.1,COMPLEMENT_ALIMENTAIRE,Famla,Ouest,2027-10-01,10,2027,0.0,0.0,14000.0,0.0
S3_reappro_100,V300,COMPLEMENT_ALIMENTAIRE,Djeleng,Ouest,2027-10-01,10,2027,0.04,0.0,2500.0,0.09
S3_reappro_100,V300,COMPLEMENT_ALIMENTAIRE,Famla,Ouest,2027-10-01,10,2027,0.06,0.0,2500.0,0.15
S3_reappro_100,V300,COMPLEMENT_ALIMENTAIRE,Mbouda,Ouest,2027-10-01,10,2027,0.03,0.0,2500.0,0.08
S3_reappro_100,CA001.1,COMPLEMENT_ALIMENTAIRE,Famla,Ouest,2027-11-01,11,2027,0.0,0.0,5500.0,0.01
S3_reappro_100,CA002.1,COMPLEMENT_ALIMENTAIRE,Famla,Ouest,2027-11-01,11,2027,0.0,0.0,10500.0,0.02
S3_reappro_100,CA003.1,COMPLEMENT_ALIMENTAIRE,Famla,Ouest,2027-11-01,11,2027,0.01,0.0,8000.0,0.07
S3_reappro_100,CA004.1,COMPLEMENT_ALIMENTAIRE,Famla,Ouest,2027-11-01,11,2027,0.0,0.0,9800.0,0.01
S3_reappro_100,CA005.1,COMPLEMENT_ALIMENTAIRE,Famla,Ouest,2027-11-01,11,2027,0.0,0.0,15000.0,0.03
S3_reappro_100,CA006.1,COMPLEMENT_ALIMENTAIRE,Famla,Ouest,2027-11-01,11,2027,0.0,0.0,6500.0,0.01
S3_reappro_100,CA007.1,COMPLEMENT_ALIMENTAIRE,Famla,Ouest,2027-11-01,11,2027,0.0,0.0,8000.0,0.01
S3_reappro_100,CA008.1,COMPLEMENT_ALIMENTAIRE,Famla,Ouest,2027-11-01,11,2027,0.0,0.0,14000.0,0.0
S3_reappro_100,V300,COMPLEMENT_ALIMENTAIRE,Djeleng,Ouest,2027-11-01,11,2027,0.03,0.0,2500.0,0.07
S3_reappro_100,V300,COMPLEMENT_ALIMENTAIRE,Famla,Ouest,2027-11-01,11,2027,0.05,0.0,2500.0,0.12
S3_reappro_100,V300,COMPLEMENT_ALIMENTAIRE,Mbouda,Ouest,2027-11-01,11,2027,0.02,0.0,2500.0,0.06
S3_reappro_100,CA001.1,COMPLEMENT_ALIMENTAIRE,Famla,Ouest,2027-12-01,12,2027,0.0,0.0,5500.0,0.0
S3_reappro_100,CA002.1,COMPLEMENT_ALIMENTAIRE,Famla,Ouest,2027-12-01,12,2027,0.0,0.0,10500.0,0.0
S3_reappro_100,CA003.1,COMPLEMENT_ALIMENTAIRE,Famla,Ouest,2027-12-01,12,2027,0.0,0.0,8000.0,0.0
S3_reappro_100,CA004.1,COMPLEMENT_ALIMENTAIRE,Famla,Ouest,2027-12-01,12,2027,0.0,0.0,9800.0,0.0
S3_reappro_100,CA005.1,COMPLEMENT_ALIMENTAIRE,Famla,Ouest,2027-12-01,12,2027,0.0,0.0,15000.0,0.0
S3_reappro_100,CA006.1,COMPLEMENT_ALIMENTAIRE,Famla,Ouest,2027-12-01,12,2027,0.0,0.0,6500.0,0.0
S3_reappro_100,CA007.1,COMPLEMENT_ALIMENTAIRE,Famla,Ouest,2027-12-01,12,2027,0.0,0.0,8000.0,0.0
S3_reappro_100,CA008.1,COMPLEMENT_ALIMENTAIRE,Famla,Ouest,2027-12-01,12,2027,0.0,0.0,14000.0,0.0
S3_reappro_100,V300,COMPLEMENT_ALIMENTAIRE,Djeleng,Ouest,2027-12-01,12,2027,0.0,0.0,2500.0,0.0
S3_reappro_100,V300,COMPLEMENT_ALIMENTAIRE,Famla,Ouest,2027-12-01,12,2027,0.0,0.0,2500.0,0.0
S3_reappro_100,V300,COMPLEMENT_ALIMENTAIRE,Mbouda,Ouest,2027-12-01,12,2027,0.0,0.0,2500.0,0.0
S3_reappro_100,C101,CONCENTRES,Ahala,Centre,2027-01-01,1,2027,18.78,375.6,36000.0,16.71
S3_reappro_100,C101,CONCENTRES,Bertoua,Centre,2027-01-01,1,2027,22.46,449.1,36000.0,16.35
S3_reappro_100,C101,CONCENTRES,Messassi,Centre,2027-01-01,1,2027,17.27,345.3,36000.0,11.92
S3_reappro_100,C101,CONCENTRES,Ngaoundere,Centre,2027-01-01,1,2027,17.9,358.0,36000.0,14.14
S3_reappro_100,C101,CONCENTRES,Nkoabang,Centre,2027-01-01,1,2027,7.74,154.7,36000.0,5.9
S3_reappro_100,C101,CONCENTRES,Nkolbisson,Centre,2027-01-01,1,2027,10.34,206.7,36000.0,9.25
S3_reappro_100,C102,CONCENTRES,Ahala,Centre,2027-01-01,1,2027,0.09,1.8,29500.0,0.07
S3_reappro_100,C102,CONCENTRES,Bertoua,Centre,2027-01-01,1,2027,6.25,124.9,29500.0,3.5
S3_reappro_100,C102,CONCENTRES,Messassi,Centre,2027-01-01,1,2027,0.23,4.6,29500.0,0.01
S3_reappro_100,C102,CONCENTRES,Ngaoundere,Centre,2027-01-01,1,2027,0.47,9.5,29500.0,0.33
S3_reappro_100,C102,CONCENTRES,Nkoabang,Centre,2027-01-01,1,2027,0.0,0.1,29500.0,0.0
S3_reappro_100,C1022,CONCENTRES,Bertoua,Centre,2027-01-01,1,2027,0.0,0.0,0.0,0.0
S3_reappro_100,C1022,CONCENTRES,Messassi,Centre,2027-01-01,1,2027,0.0,0.0,0.0,0.0
S3_reappro_100,C1022,CONCENTRES,Ngaoundere,Centre,2027-01-01,1,2027,0.01,0.1,0.0,0.0
S3_reappro_100,C103,CONCENTRES,Ahala,Centre,2027-01-01,1,2027,20.22,404.4,39500.0,19.44
S3_reappro_100,C103,CONCENTRES,Bertoua,Centre,2027-01-01,1,2027,7.95,159.0,39500.0,6.77
S3_reappro_100,C103,CONCENTRES,Messassi,Centre,2027-01-01,1,2027,21.7,433.9,39500.0,13.97
S3_reappro_100,C103,CONCENTRES,Ngaoundere,Centre,2027-01-01,1,2027,9.6,192.0,39500.0,8.26
S3_reappro_100,C103,CONCENTRES,Nkoabang,Centre,2027-01-01,1,2027,11.86,237.2,39500.0,9.85
S3_reappro_100,C103,CONCENTRES,Nkolbisson,Centre,2027-01-01,1,2027,6.24,124.7,39500.0,5.16
S3_reappro_100,C104,CONCENTRES,Ahala,Centre,2027-01-01,1,2027,42.92,858.5,32100.0,33.09
S3_reappro_100,C104,CONCENTRES,Bertoua,Centre,2027-01-01,1,2027,66.26,1325.3,32100.0,34.72
S3_reappro_100,C104,CONCENTRES,Messassi,Centre,2027-01-01,1,2027,126.33,2526.6,32100.0,76.8
S3_reappro_100,C104,CONCENTRES,Ngaoundere,Centre,2027-01-01,1,2027,16.34,326.9,32100.0,12.44
S3_reappro_100,C104,CONCENTRES,Nkoabang,Centre,2027-01-01,1,2027,29.53,590.7,32100.0,18.25
S3_reappro_100,C104,CONCENTRES,Nkolbisson,Centre,2027-01-01,1,2027,21.03,420.6,32100.0,12.9
S3_reappro_100,C1042,CONCENTRES,Bertoua,Centre,2027-01-01,1,2027,0.01,0.1,36500.0,0.01
S3_reappro_100,C1043,CONCENTRES,Ahala,Centre,2027-01-01,1,2027,0.02,0.3,36490.0,0.01
S3_reappro_100,C1043,CONCENTRES,Bertoua,Centre,2027-01-01,1,2027,0.2,3.9,36490.0,0.05
S3_reappro_100,C1043,CONCENTRES,Messassi,Centre,2027-01-01,1,2027,0.08,1.5,36490.0,0.0
S3_reappro_100,C1043,CONCENTRES,Ngaoundere,Centre,2027-01-01,1,2027,0.18,3.6,36490.0,0.04
S3_reappro_100,C1043,CONCENTRES,Nkoabang,Centre,2027-01-01,1,2027,0.01,0.2,36490.0,0.0
S3_reappro_100,C1043,CONCENTRES,Nkolbisson,Centre,2027-01-01,1,2027,0.04,0.7,36490.0,0.01
S3_reappro_100,C1044,CONCENTRES,Ahala,Centre,2027-01-01,1,2027,0.01,0.3,32900.0,0.01
S3_reappro_100,C1044,CONCENTRES,Bertoua,Centre,2027-01-01,1,2027,0.08,1.6,32900.0,0.07
S3_reappro_100,C1044,CONCENTRES,Messassi,Centre,2027-01-01,1,2027,0.25,4.9,32900.0,0.11
S3_reappro_100,C1044,CONCENTRES,Ngaoundere,Centre,2027-01-01,1,2027,0.14,2.7,32900.0,0.04
S3_reappro_100,C1044,CONCENTRES,Nkoabang,Centre,2027-01-01,1,2027,0.02,0.4,32900.0,0.0
S3_reappro_100,C1044,CONCENTRES,Nkolbisson,Centre,2027-01-01,1,2027,0.05,1.0,32900.0,0.02
S3_reappro_100,C105,CONCENTRES,Ahala,Centre,2027-01-01,1,2027,14.72,294.4,27500.0,10.03
S3_reappro_100,C105,CONCENTRES,Bertoua,Centre,2027-01-01,1,2027,14.74,294.8,27500.0,5.19
S3_reappro_100,C105,CONCENTRES,Messassi,Centre,2027-01-01,1,2027,15.34,306.9,27500.0,7.68
S3_reappro_100,C105,CONCENTRES,Ngaoundere,Centre,2027-01-01,1,2027,2.22,44.4,27500.0,1.21
S3_reappro_100,C105,CONCENTRES,Nkoabang,Centre,2027-01-01,1,2027,4.09,81.8,27500.0,2.12
S3_reappro_100,C105,CONCENTRES,Nkolbisson,Centre,2027-01-01,1,2027,3.48,69.7,27500.0,2.07
S3_reappro_100,C1053,CONCENTRES,Bertoua,Centre,2027-01-01,1,2027,0.01,0.1,32000.0,0.01
S3_reappro_100,C1053,CONCENTRES,Messassi,Centre,2027-01-01,1,2027,0.02,0.4,32000.0,0.01
S3_reappro_100,C1053,CONCENTRES,Ngaoundere,Centre,2027-01-01,1,2027,0.0,0.0,32000.0,0.0
S3_reappro_100,C1053,CONCENTRES,Nkoabang,Centre,2027-01-01,1,2027,0.0,0.1,32000.0,0.0
S3_reappro_100,C1054,CONCENTRES,Ahala,Centre,2027-01-01,1,2027,0.0,0.0,29500.0,0.0
S3_reappro_100,C1054,CONCENTRES,Bertoua,Centre,2027-01-01,1,2027,0.19,3.9,29500.0,0.03
S3_reappro_100,C1054,CONCENTRES,Messassi,Centre,2027-01-01,1,2027,0.04,0.8,29500.0,0.01
S3_reappro_100,C1054,CONCENTRES,Ngaoundere,Centre,2027-01-01,1,2027,0.02,0.4,29500.0,0.0
S3_reappro_100,C1054,CONCENTRES,Nkoabang,Centre,2027-01-01,1,2027,0.01,0.2,29500.0,0.0
S3_reappro_100,C1054,CONCENTRES,Nkolbisson,Centre,2027-01-01,1,2027,0.04,0.9,29500.0,0.0
S3_reappro_100,C1055,CONCENTRES,Bertoua,Centre,2027-01-01,1,2027,0.11,2.1,28500.0,0.08
S3_reappro_100,C1055,CONCENTRES,Messassi,Centre,2027-01-01,1,2027,0.03,0.6,28500.0,0.01
S3_reappro_100,C1055,CONCENTRES,Ngaoundere,Centre,2027-01-01,1,2027,0.07,1.5,28500.0,0.01
S3_reappro_100,C1055,CONCENTRES,Nkoabang,Centre,2027-01-01,1,2027,0.0,0.0,28500.0,0.0
S3_reappro_100,C1055,CONCENTRES,Nkolbisson,Centre,2027-01-01,1,2027,0.01,0.3,28500.0,0.01
S3_reappro_100,C101,CONCENTRES,Ahala,Centre,2027-02-01,2,2027,17.22,344.3,36000.0,15.32
S3_reappro_100,C101,CONCENTRES,Bertoua,Centre,2027-02-01,2,2027,20.59,411.7,36000.0,14.98
S3_reappro_100,C101,CONCENTRES,Messassi,Centre,2027-02-01,2,2027,15.83,316.5,36000.0,10.93
S3_reappro_100,C101,CONCENTRES,Ngaoundere,Centre,2027-02-01,2,2027,16.41,328.1,36000.0,12.96
S3_reappro_100,C101,CONCENTRES,Nkoabang,Centre,2027-02-01,2,2027,7.09,141.8,36000.0,5.41
S3_reappro_100,C101,CONCENTRES,Nkolbisson,Centre,2027-02-01,2,2027,9.48,189.5,36000.0,8.48
S3_reappro_100,C102,CONCENTRES,Ahala,Centre,2027-02-01,2,2027,0.08,1.6,29500.0,0.06
S3_reappro_100,C102,CONCENTRES,Bertoua,Centre,2027-02-01,2,2027,5.73,114.5,29500.0,3.21
S3_reappro_100,C102,CONCENTRES,Messassi,Centre,2027-02-01,2,2027,0.21,4.2,29500.0,0.01
S3_reappro_100,C102,CONCENTRES,Ngaoundere,Centre,2027-02-01,2,2027,0.43,8.7,29500.0,0.3
S3_reappro_100,C102,CONCENTRES,Nkoabang,Centre,2027-02-01,2,2027,0.0,0.1,29500.0,0.0
S3_reappro_100,C1022,CONCENTRES,Bertoua,Centre,2027-02-01,2,2027,0.0,0.0,0.0,0.0
S3_reappro_100,C1022,CONCENTRES,Messassi,Centre,2027-02-01,2,2027,0.0,0.0,0.0,0.0
S3_reappro_100,C1022,CONCENTRES,Ngaoundere,Centre,2027-02-01,2,2027,0.01,0.1,0.0,0.0
S3_reappro_100,C103,CONCENTRES,Ahala,Centre,2027-02-01,2,2027,18.54,370.7,39500.0,17.82
S3_reappro_100,C103,CONCENTRES,Bertoua,Centre,2027-02-01,2,2027,7.29,145.7,39500.0,6.2
S3_reappro_100,C103,CONCENTRES,Messassi,Centre,2027-02-01,2,2027,19.89,397.8,39500.0,12.81
S3_reappro_100,C103,CONCENTRES,Ngaoundere,Centre,2027-02-01,2,2027,8.8,176.0,39500.0,7.57
S3_reappro_100,C103,CONCENTRES,Nkoabang,Centre,2027-02-01,2,2027,10.87,217.5,39500.0,9.03
S3_reappro_100,C103,CONCENTRES,Nkolbisson,Centre,2027-02-01,2,2027,5.72,114.3,39500.0,4.73
S3_reappro_100,C104,CONCENTRES,Ahala,Centre,2027-02-01,2,2027,39.35,786.9,32100.0,30.33
S3_reappro_100,C104,CONCENTRES,Bertoua,Centre,2027-02-01,2,2027,60.74,1214.8,32100.0,31.82
S3_reappro_100,C104,CONCENTRES,Messassi,Centre,2027-02-01,2,2027,115.8,2316.0,32100.0,70.4
S3_reappro_100,C104,CONCENTRES,Ngaoundere,Centre,2027-02-01,2,2027,14.98,299.6,32100.0,11.4
S3_reappro_100,C104,CONCENTRES,Nkoabang,Centre,2027-02-01,2,2027,27.07,541.5,32100.0,16.73
S3_reappro_100,C104,CONCENTRES,Nkolbisson,Centre,2027-02-01,2,2027,19.28,385.5,32100.0,11.83
S3_reappro_100,C1042,CONCENTRES,Bertoua,Centre,2027-02-01,2,2027,0.01,0.1,36500.0,0.01
S3_reappro_100,C1043,CONCENTRES,Ahala,Centre,2027-02-01,2,2027,0.01,0.3,36490.0,0.01
S3_reappro_100,C1043,CONCENTRES,Bertoua,Centre,2027-02-01,2,2027,0.18,3.6,36490.0,0.05
S3_reappro_100,C1043,CONCENTRES,Messassi,Centre,2027-02-01,2,2027,0.07,1.4,36490.0,0.0
S3_reappro_100,C1043,CONCENTRES,Ngaoundere,Centre,2027-02-01,2,2027,0.17,3.3,36490.0,0.04
S3_reappro_100,C1043,CONCENTRES,Nkoabang,Centre,2027-02-01,2,2027,0.01,0.2,36490.0,0.0
S3_reappro_100,C1043,CONCENTRES,Nkolbisson,Centre,2027-02-01,2,2027,0.03,0.7,36490.0,0.01
S3_reappro_100,C1044,CONCENTRES,Ahala,Centre,2027-02-01,2,2027,0.01,0.3,32900.0,0.01
S3_reappro_100,C1044,CONCENTRES,Bertoua,Centre,2027-02-01,2,2027,0.07,1.5,32900.0,0.06
S3_reappro_100,C1044,CONCENTRES,Messassi,Centre,2027-02-01,2,2027,0.22,4.5,32900.0,0.1
S3_reappro_100,C1044,CONCENTRES,Ngaoundere,Centre,2027-02-01,2,2027,0.12,2.5,32900.0,0.04
S3_reappro_100,C1044,CONCENTRES,Nkoabang,Centre,2027-02-01,2,2027,0.02,0.3,32900.0,0.0
S3_reappro_100,C1044,CONCENTRES,Nkolbisson,Centre,2027-02-01,2,2027,0.05,0.9,32900.0,0.02
S3_reappro_100,C105,CONCENTRES,Ahala,Centre,2027-02-01,2,2027,13.5,269.9,27500.0,9.19
S3_reappro_100,C105,CONCENTRES,Bertoua,Centre,2027-02-01,2,2027,13.51,270.3,27500.0,4.76
S3_reappro_100,C105,CONCENTRES,Messassi,Centre,2027-02-01,2,2027,14.07,281.3,27500.0,7.04
S3_reappro_100,C105,CONCENTRES,Ngaoundere,Centre,2027-02-01,2,2027,2.03,40.7,27500.0,1.11
S3_reappro_100,C105,CONCENTRES,Nkoabang,Centre,2027-02-01,2,2027,3.75,75.0,27500.0,1.95
S3_reappro_100,C105,CONCENTRES,Nkolbisson,Centre,2027-02-01,2,2027,3.19,63.9,27500.0,1.9
S3_reappro_100,C1053,CONCENTRES,Bertoua,Centre,2027-02-01,2,2027,0.01,0.1,32000.0,0.01
S3_reappro_100,C1053,CONCENTRES,Messassi,Centre,2027-02-01,2,2027,0.02,0.4,32000.0,0.01
S3_reappro_100,C1053,CONCENTRES,Ngaoundere,Centre,2027-02-01,2,2027,0.0,0.0,32000.0,0.0
S3_reappro_100,C1053,CONCENTRES,Nkoabang,Centre,2027-02-01,2,2027,0.0,0.1,32000.0,0.0
S3_reappro_100,C1054,CONCENTRES,Ahala,Centre,2027-02-01,2,2027,0.0,0.0,29500.0,0.0
S3_reappro_100,C1054,CONCENTRES,Bertoua,Centre,2027-02-01,2,2027,0.18,3.6,29500.0,0.03
S3_reappro_100,C1054,CONCENTRES,Messassi,Centre,2027-02-01,2,2027,0.04,0.8,29500.0,0.01
S3_reappro_100,C1054,CONCENTRES,Ngaoundere,Centre,2027-02-01,2,2027,0.02,0.3,29500.0,0.0
S3_reappro_100,C1054,CONCENTRES,Nkoabang,Centre,2027-02-01,2,2027,0.01,0.2,29500.0,0.0
S3_reappro_100,C1054,CONCENTRES,Nkolbisson,Centre,2027-02-01,2,2027,0.04,0.8,29500.0,0.0
S3_reappro_100,C1055,CONCENTRES,Bertoua,Centre,2027-02-01,2,2027,0.1,1.9,28500.0,0.07
S3_reappro_100,C1055,CONCENTRES,Messassi,Centre,2027-02-01,2,2027,0.03,0.6,28500.0,0.01
S3_reappro_100,C1055,CONCENTRES,Ngaoundere,Centre,2027-02-01,2,2027,0.07,1.4,28500.0,0.01
S3_reappro_100,C1055,CONCENTRES,Nkoabang,Centre,2027-02-01,2,2027,0.0,0.0,28500.0,0.0
S3_reappro_100,C1055,CONCENTRES,Nkolbisson,Centre,2027-02-01,2,2027,0.01,0.3,28500.0,0.0
S3_reappro_100,C101,CONCENTRES,Ahala,Centre,2027-03-01,3,2027,17.73,354.7,36000.0,15.78
S3_reappro_100,C101,CONCENTRES,Bertoua,Centre,2027-03-01,3,2027,21.21,424.1,36000.0,15.44
S3_reappro_100,C101,CONCENTRES,Messassi,Centre,2027-03-01,3,2027,16.3,326.1,36000.0,11.26
S3_reappro_100,C101,CONCENTRES,Ngaoundere,Centre,2027-03-01,3,2027,16.9,338.0,36000.0,13.35
S3_reappro_100,C101,CONCENTRES,Nkoabang,Centre,2027-03-01,3,2027,7.3,146.1,36000.0,5.57
S3_reappro_100,C101,CONCENTRES,Nkolbisson,Centre,2027-03-01,3,2027,9.76,195.2,36000.0,8.73
S3_reappro_100,C102,CONCENTRES,Ahala,Centre,2027-03-01,3,2027,0.08,1.7,29500.0,0.06
S3_reappro_100,C102,CONCENTRES,Bertoua,Centre,2027-03-01,3,2027,5.9,118.0,29500.0,3.31
S3_reappro_100,C102,CONCENTRES,Messassi,Centre,2027-03-01,3,2027,0.22,4.3,29500.0,0.01
S3_reappro_100,C102,CONCENTRES,Ngaoundere,Centre,2027-03-01,3,2027,0.45,8.9,29500.0,0.31
S3_reappro_100,C102,CONCENTRES,Nkoabang,Centre,2027-03-01,3,2027,0.0,0.1,29500.0,0.0
S3_reappro_100,C1022,CONCENTRES,Bertoua,Centre,2027-03-01,3,2027,0.0,0.0,0.0,0.0
S3_reappro_100,C1022,CONCENTRES,Messassi,Centre,2027-03-01,3,2027,0.0,0.0,0.0,0.0
S3_reappro_100,C1022,CONCENTRES,Ngaoundere,Centre,2027-03-01,3,2027,0.01,0.1,0.0,0.0
S3_reappro_100,C103,CONCENTRES,Ahala,Centre,2027-03-01,3,2027,19.09,381.9,39500.0,18.36
S3_reappro_100,C103,CONCENTRES,Bertoua,Centre,2027-03-01,3,2027,7.51,150.1,39500.0,6.39
S3_reappro_100,C103,CONCENTRES,Messassi,Centre,2027-03-01,3,2027,20.49,409.8,39500.0,13.2
S3_reappro_100,C103,CONCENTRES,Ngaoundere,Centre,2027-03-01,3,2027,9.07,181.3,39500.0,7.8
S3_reappro_100,C103,CONCENTRES,Nkoabang,Centre,2027-03-01,3,2027,11.2,224.0,39500.0,9.3
S3_reappro_100,C103,CONCENTRES,Nkolbisson,Centre,2027-03-01,3,2027,5.89,117.8,39500.0,4.87
S3_reappro_100,C104,CONCENTRES,Ahala,Centre,2027-03-01,3,2027,40.53,810.7,32100.0,31.25
S3_reappro_100,C104,CONCENTRES,Bertoua,Centre,2027-03-01,3,2027,62.57,1251.5,32100.0,32.78
S3_reappro_100,C104,CONCENTRES,Messassi,Centre,2027-03-01,3,2027,119.3,2385.9,32100.0,72.53
S3_reappro_100,C104,CONCENTRES,Ngaoundere,Centre,2027-03-01,3,2027,15.43,308.7,32100.0,11.75
S3_reappro_100,C104,CONCENTRES,Nkoabang,Centre,2027-03-01,3,2027,27.89,557.8,32100.0,17.24
S3_reappro_100,C104,CONCENTRES,Nkolbisson,Centre,2027-03-01,3,2027,19.86,397.2,32100.0,12.19
S3_reappro_100,C1042,CONCENTRES,Bertoua,Centre,2027-03-01,3,2027,0.01,0.1,36500.0,0.01
S3_reappro_100,C1043,CONCENTRES,Ahala,Centre,2027-03-01,3,2027,0.01,0.3,36490.0,0.01
S3_reappro_100,C1043,CONCENTRES,Bertoua,Centre,2027-03-01,3,2027,0.18,3.7,36490.0,0.05
S3_reappro_100,C1043,CONCENTRES,Messassi,Centre,2027-03-01,3,2027,0.07,1.4,36490.0,0.0
S3_reappro_100,C1043,CONCENTRES,Ngaoundere,Centre,2027-03-01,3,2027,0.17,3.4,36490.0,0.04
S3_reappro_100,C1043,CONCENTRES,Nkoabang,Centre,2027-03-01,3,2027,0.01,0.2,36490.0,0.0
S3_reappro_100,C1043,CONCENTRES,Nkolbisson,Centre,2027-03-01,3,2027,0.04,0.7,36490.0,0.01
S3_reappro_100,C1044,CONCENTRES,Ahala,Centre,2027-03-01,3,2027,0.01,0.3,32900.0,0.01
S3_reappro_100,C1044,CONCENTRES,Bertoua,Centre,2027-03-01,3,2027,0.08,1.5,32900.0,0.07
S3_reappro_100,C1044,CONCENTRES,Messassi,Centre,2027-03-01,3,2027,0.23,4.6,32900.0,0.11
S3_reappro_100,C1044,CONCENTRES,Ngaoundere,Centre,2027-03-01,3,2027,0.13,2.6,32900.0,0.04
S3_reappro_100,C1044,CONCENTRES,Nkoabang,Centre,2027-03-01,3,2027,0.02,0.3,32900.0,0.0
S3_reappro_100,C1044,CONCENTRES,Nkolbisson,Centre,2027-03-01,3,2027,0.05,1.0,32900.0,0.02
S3_reappro_100,C105,CONCENTRES,Ahala,Centre,2027-03-01,3,2027,13.9,278.0,27500.0,9.47
S3_reappro_100,C105,CONCENTRES,Bertoua,Centre,2027-03-01,3,2027,13.92,278.4,27500.0,4.9
S3_reappro_100,C105,CONCENTRES,Messassi,Centre,2027-03-01,3,2027,14.49,289.8,27500.0,7.25
S3_reappro_100,C105,CONCENTRES,Ngaoundere,Centre,2027-03-01,3,2027,2.1,41.9,27500.0,1.14
S3_reappro_100,C105,CONCENTRES,Nkoabang,Centre,2027-03-01,3,2027,3.86,77.3,27500.0,2.0
S3_reappro_100,C105,CONCENTRES,Nkolbisson,Centre,2027-03-01,3,2027,3.29,65.8,27500.0,1.96
S3_reappro_100,C1053,CONCENTRES,Bertoua,Centre,2027-03-01,3,2027,0.01,0.1,32000.0,0.01
S3_reappro_100,C1053,CONCENTRES,Messassi,Centre,2027-03-01,3,2027,0.02,0.4,32000.0,0.01
S3_reappro_100,C1053,CONCENTRES,Ngaoundere,Centre,2027-03-01,3,2027,0.0,0.0,32000.0,0.0
S3_reappro_100,C1053,CONCENTRES,Nkoabang,Centre,2027-03-01,3,2027,0.0,0.1,32000.0,0.0
S3_reappro_100,C1054,CONCENTRES,Ahala,Centre,2027-03-01,3,2027,0.0,0.0,29500.0,0.0
S3_reappro_100,C1054,CONCENTRES,Bertoua,Centre,2027-03-01,3,2027,0.18,3.7,29500.0,0.03
S3_reappro_100,C1054,CONCENTRES,Messassi,Centre,2027-03-01,3,2027,0.04,0.8,29500.0,0.01
S3_reappro_100,C1054,CONCENTRES,Ngaoundere,Centre,2027-03-01,3,2027,0.02,0.3,29500.0,0.0
S3_reappro_100,C1054,CONCENTRES,Nkoabang,Centre,2027-03-01,3,2027,0.01,0.2,29500.0,0.0
S3_reappro_100,C1054,CONCENTRES,Nkolbisson,Centre,2027-03-01,3,2027,0.04,0.8,29500.0,0.0
S3_reappro_100,C1055,CONCENTRES,Bertoua,Centre,2027-03-01,3,2027,0.1,2.0,28500.0,0.07
S3_reappro_100,C1055,CONCENTRES,Messassi,Centre,2027-03-01,3,2027,0.03,0.6,28500.0,0.01
S3_reappro_100,C1055,CONCENTRES,Ngaoundere,Centre,2027-03-01,3,2027,0.07,1.4,28500.0,0.01
S3_reappro_100,C1055,CONCENTRES,Nkoabang,Centre,2027-03-01,3,2027,0.0,0.0,28500.0,0.0
S3_reappro_100,C1055,CONCENTRES,Nkolbisson,Centre,2027-03-01,3,2027,0.01,0.3,28500.0,0.0
S3_reappro_100,C101,CONCENTRES,Ahala,Centre,2027-04-01,4,2027,16.3,326.1,36000.0,14.51
S3_reappro_100,C101,CONCENTRES,Bertoua,Centre,2027-04-01,4,2027,19.5,389.9,36000.0,14.19
S3_reappro_100,C101,CONCENTRES,Messassi,Centre,2027-04-01,4,2027,14.99,299.8,36000.0,10.35
S3_reappro_100,C101,CONCENTRES,Ngaoundere,Centre,2027-04-01,4,2027,15.54,310.8,36000.0,12.27
S3_reappro_100,C101,CONCENTRES,Nkoabang,Centre,2027-04-01,4,2027,6.72,134.3,36000.0,5.12
S3_reappro_100,C101,CONCENTRES,Nkolbisson,Centre,2027-04-01,4,2027,8.97,179.5,36000.0,8.03
S3_reappro_100,C102,CONCENTRES,Ahala,Centre,2027-04-01,4,2027,0.08,1.6,29500.0,0.06
S3_reappro_100,C102,CONCENTRES,Bertoua,Centre,2027-04-01,4,2027,5.42,108.5,29500.0,3.04
S3_reappro_100,C102,CONCENTRES,Messassi,Centre,2027-04-01,4,2027,0.2,4.0,29500.0,0.01
S3_reappro_100,C102,CONCENTRES,Ngaoundere,Centre,2027-04-01,4,2027,0.41,8.2,29500.0,0.28
S3_reappro_100,C102,CONCENTRES,Nkoabang,Centre,2027-04-01,4,2027,0.0,0.1,29500.0,0.0
S3_reappro_100,C1022,CONCENTRES,Bertoua,Centre,2027-04-01,4,2027,0.0,0.0,0.0,0.0
S3_reappro_100,C1022,CONCENTRES,Messassi,Centre,2027-04-01,4,2027,0.0,0.0,0.0,0.0
S3_reappro_100,C1022,CONCENTRES,Ngaoundere,Centre,2027-04-01,4,2027,0.01,0.1,0.0,0.0
S3_reappro_100,C103,CONCENTRES,Ahala,Centre,2027-04-01,4,2027,17.55,351.1,39500.0,16.88
S3_reappro_100,C103,CONCENTRES,Bertoua,Centre,2027-04-01,4,2027,6.9,138.0,39500.0,5.87
S3_reappro_100,C103,CONCENTRES,Messassi,Centre,2027-04-01,4,2027,18.84,376.7,39500.0,12.13
S3_reappro_100,C103,CONCENTRES,Ngaoundere,Centre,2027-04-01,4,2027,8.34,166.7,39500.0,7.17
S3_reappro_100,C103,CONCENTRES,Nkoabang,Centre,2027-04-01,4,2027,10.3,206.0,39500.0,8.55
S3_reappro_100,C103,CONCENTRES,Nkolbisson,Centre,2027-04-01,4,2027,5.41,108.3,39500.0,4.48
S3_reappro_100,C104,CONCENTRES,Ahala,Centre,2027-04-01,4,2027,37.27,745.3,32100.0,28.73
S3_reappro_100,C104,CONCENTRES,Bertoua,Centre,2027-04-01,4,2027,57.53,1150.6,32100.0,30.14
S3_reappro_100,C104,CONCENTRES,Messassi,Centre,2027-04-01,4,2027,109.68,2193.6,32100.0,66.68
S3_reappro_100,C104,CONCENTRES,Ngaoundere,Centre,2027-04-01,4,2027,14.19,283.8,32100.0,10.8
S3_reappro_100,C104,CONCENTRES,Nkoabang,Centre,2027-04-01,4,2027,25.64,512.8,32100.0,15.85
S3_reappro_100,C104,CONCENTRES,Nkolbisson,Centre,2027-04-01,4,2027,18.26,365.1,32100.0,11.2
S3_reappro_100,C1042,CONCENTRES,Bertoua,Centre,2027-04-01,4,2027,0.01,0.1,36500.0,0.01
S3_reappro_100,C1043,CONCENTRES,Ahala,Centre,2027-04-01,4,2027,0.01,0.3,36490.0,0.01
S3_reappro_100,C1043,CONCENTRES,Bertoua,Centre,2027-04-01,4,2027,0.17,3.4,36490.0,0.05
S3_reappro_100,C1043,CONCENTRES,Messassi,Centre,2027-04-01,4,2027,0.07,1.3,36490.0,0.0
S3_reappro_100,C1043,CONCENTRES,Ngaoundere,Centre,2027-04-01,4,2027,0.16,3.2,36490.0,0.03
S3_reappro_100,C1043,CONCENTRES,Nkoabang,Centre,2027-04-01,4,2027,0.01,0.2,36490.0,0.0
S3_reappro_100,C1043,CONCENTRES,Nkolbisson,Centre,2027-04-01,4,2027,0.03,0.6,36490.0,0.01
S3_reappro_100,C1044,CONCENTRES,Ahala,Centre,2027-04-01,4,2027,0.01,0.3,32900.0,0.01
S3_reappro_100,C1044,CONCENTRES,Bertoua,Centre,2027-04-01,4,2027,0.07,1.4,32900.0,0.06
S3_reappro_100,C1044,CONCENTRES,Messassi,Centre,2027-04-01,4,2027,0.21,4.3,32900.0,0.1
S3_reappro_100,C1044,CONCENTRES,Ngaoundere,Centre,2027-04-01,4,2027,0.12,2.4,32900.0,0.04
S3_reappro_100,C1044,CONCENTRES,Nkoabang,Centre,2027-04-01,4,2027,0.02,0.3,32900.0,0.0
S3_reappro_100,C1044,CONCENTRES,Nkolbisson,Centre,2027-04-01,4,2027,0.04,0.9,32900.0,0.02
S3_reappro_100,C105,CONCENTRES,Ahala,Centre,2027-04-01,4,2027,12.78,255.6,27500.0,8.71
S3_reappro_100,C105,CONCENTRES,Bertoua,Centre,2027-04-01,4,2027,12.8,256.0,27500.0,4.51
S3_reappro_100,C105,CONCENTRES,Messassi,Centre,2027-04-01,4,2027,13.32,266.4,27500.0,6.67
S3_reappro_100,C105,CONCENTRES,Ngaoundere,Centre,2027-04-01,4,2027,1.93,38.5,27500.0,1.05
S3_reappro_100,C105,CONCENTRES,Nkoabang,Centre,2027-04-01,4,2027,3.55,71.0,27500.0,1.84
S3_reappro_100,C105,CONCENTRES,Nkolbisson,Centre,2027-04-01,4,2027,3.03,60.5,27500.0,1.8
S3_reappro_100,C1053,CONCENTRES,Bertoua,Centre,2027-04-01,4,2027,0.01,0.1,32000.0,0.01
S3_reappro_100,C1053,CONCENTRES,Messassi,Centre,2027-04-01,4,2027,0.02,0.4,32000.0,0.01
S3_reappro_100,C1053,CONCENTRES,Ngaoundere,Centre,2027-04-01,4,2027,0.0,0.0,32000.0,0.0
S3_reappro_100,C1053,CONCENTRES,Nkoabang,Centre,2027-04-01,4,2027,0.0,0.1,32000.0,0.0
S3_reappro_100,C1054,CONCENTRES,Ahala,Centre,2027-04-01,4,2027,0.0,0.0,29500.0,0.0
S3_reappro_100,C1054,CONCENTRES,Bertoua,Centre,2027-04-01,4,2027,0.17,3.4,29500.0,0.03
S3_reappro_100,C1054,CONCENTRES,Messassi,Centre,2027-04-01,4,2027,0.04,0.7,29500.0,0.01
S3_reappro_100,C1054,CONCENTRES,Ngaoundere,Centre,2027-04-01,4,2027,0.02,0.3,29500.0,0.0
S3_reappro_100,C1054,CONCENTRES,Nkoabang,Centre,2027-04-01,4,2027,0.01,0.2,29500.0,0.0
S3_reappro_100,C1054,CONCENTRES,Nkolbisson,Centre,2027-04-01,4,2027,0.04,0.7,29500.0,0.0
S3_reappro_100,C1055,CONCENTRES,Bertoua,Centre,2027-04-01,4,2027,0.09,1.8,28500.0,0.07
S3_reappro_100,C1055,CONCENTRES,Messassi,Centre,2027-04-01,4,2027,0.03,0.6,28500.0,0.01
S3_reappro_100,C1055,CONCENTRES,Ngaoundere,Centre,2027-04-01,4,2027,0.06,1.3,28500.0,0.01
S3_reappro_100,C1055,CONCENTRES,Nkoabang,Centre,2027-04-01,4,2027,0.0,0.0,28500.0,0.0
S3_reappro_100,C1055,CONCENTRES,Nkolbisson,Centre,2027-04-01,4,2027,0.01,0.3,28500.0,0.0
S3_reappro_100,C101,CONCENTRES,Ahala,Centre,2027-05-01,5,2027,14.17,283.3,36000.0,12.61
S3_reappro_100,C101,CONCENTRES,Bertoua,Centre,2027-05-01,5,2027,16.94,338.8,36000.0,12.33
S3_reappro_100,C101,CONCENTRES,Messassi,Centre,2027-05-01,5,2027,13.02,260.5,36000.0,9.0
S3_reappro_100,C101,CONCENTRES,Ngaoundere,Centre,2027-05-01,5,2027,13.5,270.0,36000.0,10.66
S3_reappro_100,C101,CONCENTRES,Nkoabang,Centre,2027-05-01,5,2027,5.83,116.7,36000.0,4.45
S3_reappro_100,C101,CONCENTRES,Nkolbisson,Centre,2027-05-01,5,2027,7.8,156.0,36000.0,6.98
S3_reappro_100,C102,CONCENTRES,Ahala,Centre,2027-05-01,5,2027,0.07,1.4,29500.0,0.05
S3_reappro_100,C102,CONCENTRES,Bertoua,Centre,2027-05-01,5,2027,4.71,94.2,29500.0,2.64
S3_reappro_100,C102,CONCENTRES,Messassi,Centre,2027-05-01,5,2027,0.17,3.4,29500.0,0.01
S3_reappro_100,C102,CONCENTRES,Ngaoundere,Centre,2027-05-01,5,2027,0.36,7.1,29500.0,0.25
S3_reappro_100,C102,CONCENTRES,Nkoabang,Centre,2027-05-01,5,2027,0.0,0.1,29500.0,0.0
S3_reappro_100,C1022,CONCENTRES,Bertoua,Centre,2027-05-01,5,2027,0.0,0.0,0.0,0.0
S3_reappro_100,C1022,CONCENTRES,Messassi,Centre,2027-05-01,5,2027,0.0,0.0,0.0,0.0
S3_reappro_100,C1022,CONCENTRES,Ngaoundere,Centre,2027-05-01,5,2027,0.0,0.1,0.0,0.0
S3_reappro_100,C103,CONCENTRES,Ahala,Centre,2027-05-01,5,2027,15.25,305.1,39500.0,14.67
S3_reappro_100,C103,CONCENTRES,Bertoua,Centre,2027-05-01,5,2027,6.0,119.9,39500.0,5.1
S3_reappro_100,C103,CONCENTRES,Messassi,Centre,2027-05-01,5,2027,16.37,327.3,39500.0,10.54
S3_reappro_100,C103,CONCENTRES,Ngaoundere,Centre,2027-05-01,5,2027,7.24,144.8,39500.0,6.23
S3_reappro_100,C103,CONCENTRES,Nkoabang,Centre,2027-05-01,5,2027,8.95,179.0,39500.0,7.43
S3_reappro_100,C103,CONCENTRES,Nkolbisson,Centre,2027-05-01,5,2027,4.7,94.1,39500.0,3.89
S3_reappro_100,C104,CONCENTRES,Ahala,Centre,2027-05-01,5,2027,32.38,647.6,32100.0,24.96
S3_reappro_100,C104,CONCENTRES,Bertoua,Centre,2027-05-01,5,2027,49.99,999.7,32100.0,26.19
S3_reappro_100,C104,CONCENTRES,Messassi,Centre,2027-05-01,5,2027,95.3,1905.9,32100.0,57.93
S3_reappro_100,C104,CONCENTRES,Ngaoundere,Centre,2027-05-01,5,2027,12.33,246.6,32100.0,9.38
S3_reappro_100,C104,CONCENTRES,Nkoabang,Centre,2027-05-01,5,2027,22.28,445.6,32100.0,13.77
S3_reappro_100,C104,CONCENTRES,Nkolbisson,Centre,2027-05-01,5,2027,15.86,317.3,32100.0,9.73
S3_reappro_100,C1042,CONCENTRES,Bertoua,Centre,2027-05-01,5,2027,0.01,0.1,36500.0,0.0
S3_reappro_100,C1043,CONCENTRES,Ahala,Centre,2027-05-01,5,2027,0.01,0.2,36490.0,0.01
S3_reappro_100,C1043,CONCENTRES,Bertoua,Centre,2027-05-01,5,2027,0.15,2.9,36490.0,0.04
S3_reappro_100,C1043,CONCENTRES,Messassi,Centre,2027-05-01,5,2027,0.06,1.2,36490.0,0.0
S3_reappro_100,C1043,CONCENTRES,Ngaoundere,Centre,2027-05-01,5,2027,0.14,2.8,36490.0,0.03
S3_reappro_100,C1043,CONCENTRES,Nkoabang,Centre,2027-05-01,5,2027,0.01,0.2,36490.0,0.0
S3_reappro_100,C1043,CONCENTRES,Nkolbisson,Centre,2027-05-01,5,2027,0.03,0.6,36490.0,0.01
S3_reappro_100,C1044,CONCENTRES,Ahala,Centre,2027-05-01,5,2027,0.01,0.2,32900.0,0.0
S3_reappro_100,C1044,CONCENTRES,Bertoua,Centre,2027-05-01,5,2027,0.06,1.2,32900.0,0.05
S3_reappro_100,C1044,CONCENTRES,Messassi,Centre,2027-05-01,5,2027,0.18,3.7,32900.0,0.09
S3_reappro_100,C1044,CONCENTRES,Ngaoundere,Centre,2027-05-01,5,2027,0.1,2.0,32900.0,0.03
S3_reappro_100,C1044,CONCENTRES,Nkoabang,Centre,2027-05-01,5,2027,0.01,0.3,32900.0,0.0
S3_reappro_100,C1044,CONCENTRES,Nkolbisson,Centre,2027-05-01,5,2027,0.04,0.8,32900.0,0.02
S3_reappro_100,C105,CONCENTRES,Ahala,Centre,2027-05-01,5,2027,11.11,222.1,27500.0,7.56
S3_reappro_100,C105,CONCENTRES,Bertoua,Centre,2027-05-01,5,2027,11.12,222.4,27500.0,3.92
S3_reappro_100,C105,CONCENTRES,Messassi,Centre,2027-05-01,5,2027,11.58,231.5,27500.0,5.79
S3_reappro_100,C105,CONCENTRES,Ngaoundere,Centre,2027-05-01,5,2027,1.67,33.5,27500.0,0.91
S3_reappro_100,C105,CONCENTRES,Nkoabang,Centre,2027-05-01,5,2027,3.09,61.7,27500.0,1.6
S3_reappro_100,C105,CONCENTRES,Nkolbisson,Centre,2027-05-01,5,2027,2.63,52.6,27500.0,1.56
S3_reappro_100,C1053,CONCENTRES,Bertoua,Centre,2027-05-01,5,2027,0.01,0.1,32000.0,0.0
S3_reappro_100,C1053,CONCENTRES,Messassi,Centre,2027-05-01,5,2027,0.02,0.3,32000.0,0.01
S3_reappro_100,C1053,CONCENTRES,Ngaoundere,Centre,2027-05-01,5,2027,0.0,0.0,32000.0,0.0
S3_reappro_100,C1053,CONCENTRES,Nkoabang,Centre,2027-05-01,5,2027,0.0,0.1,32000.0,0.0
S3_reappro_100,C1054,CONCENTRES,Ahala,Centre,2027-05-01,5,2027,0.0,0.0,29500.0,0.0
S3_reappro_100,C1054,CONCENTRES,Bertoua,Centre,2027-05-01,5,2027,0.15,2.9,29500.0,0.03
S3_reappro_100,C1054,CONCENTRES,Messassi,Centre,2027-05-01,5,2027,0.03,0.6,29500.0,0.01
S3_reappro_100,C1054,CONCENTRES,Ngaoundere,Centre,2027-05-01,5,2027,0.01,0.3,29500.0,0.0
S3_reappro_100,C1054,CONCENTRES,Nkoabang,Centre,2027-05-01,5,2027,0.01,0.1,29500.0,0.0
S3_reappro_100,C1054,CONCENTRES,Nkolbisson,Centre,2027-05-01,5,2027,0.03,0.6,29500.0,0.0
S3_reappro_100,C1055,CONCENTRES,Bertoua,Centre,2027-05-01,5,2027,0.08,1.6,28500.0,0.06
S3_reappro_100,C1055,CONCENTRES,Messassi,Centre,2027-05-01,5,2027,0.02,0.5,28500.0,0.01
S3_reappro_100,C1055,CONCENTRES,Ngaoundere,Centre,2027-05-01,5,2027,0.06,1.1,28500.0,0.01
S3_reappro_100,C1055,CONCENTRES,Nkoabang,Centre,2027-05-01,5,2027,0.0,0.0,28500.0,0.0
S3_reappro_100,C1055,CONCENTRES,Nkolbisson,Centre,2027-05-01,5,2027,0.01,0.2,28500.0,0.0
S3_reappro_100,C101,CONCENTRES,Ahala,Centre,2027-06-01,6,2027,18.12,362.3,36000.0,16.12
S3_reappro_100,C101,CONCENTRES,Bertoua,Centre,2027-06-01,6,2027,21.66,433.3,36000.0,15.77
S3_reappro_100,C101,CONCENTRES,Messassi,Centre,2027-06-01,6,2027,16.66,333.1,36000.0,11.5
S3_reappro_100,C101,CONCENTRES,Ngaoundere,Centre,2027-06-01,6,2027,17.26,345.3,36000.0,13.64
S3_reappro_100,C101,CONCENTRES,Nkoabang,Centre,2027-06-01,6,2027,7.46,149.2,36000.0,5.69
S3_reappro_100,C101,CONCENTRES,Nkolbisson,Centre,2027-06-01,6,2027,9.97,199.4,36000.0,8.92
S3_reappro_100,C102,CONCENTRES,Ahala,Centre,2027-06-01,6,2027,0.09,1.7,29500.0,0.07
S3_reappro_100,C102,CONCENTRES,Bertoua,Centre,2027-06-01,6,2027,6.02,120.5,29500.0,3.38
S3_reappro_100,C102,CONCENTRES,Messassi,Centre,2027-06-01,6,2027,0.22,4.4,29500.0,0.01
S3_reappro_100,C102,CONCENTRES,Ngaoundere,Centre,2027-06-01,6,2027,0.46,9.1,29500.0,0.32
S3_reappro_100,C102,CONCENTRES,Nkoabang,Centre,2027-06-01,6,2027,0.0,0.1,29500.0,0.0
S3_reappro_100,C1022,CONCENTRES,Bertoua,Centre,2027-06-01,6,2027,0.0,0.0,0.0,0.0
S3_reappro_100,C1022,CONCENTRES,Messassi,Centre,2027-06-01,6,2027,0.0,0.0,0.0,0.0
S3_reappro_100,C1022,CONCENTRES,Ngaoundere,Centre,2027-06-01,6,2027,0.01,0.1,0.0,0.0
S3_reappro_100,C103,CONCENTRES,Ahala,Centre,2027-06-01,6,2027,19.5,390.1,39500.0,18.76
S3_reappro_100,C103,CONCENTRES,Bertoua,Centre,2027-06-01,6,2027,7.67,153.3,39500.0,6.53
S3_reappro_100,C103,CONCENTRES,Messassi,Centre,2027-06-01,6,2027,20.93,418.6,39500.0,13.48
S3_reappro_100,C103,CONCENTRES,Ngaoundere,Centre,2027-06-01,6,2027,9.26,185.2,39500.0,7.97
S3_reappro_100,C103,CONCENTRES,Nkoabang,Centre,2027-06-01,6,2027,11.44,228.9,39500.0,9.5
S3_reappro_100,C103,CONCENTRES,Nkolbisson,Centre,2027-06-01,6,2027,6.02,120.3,39500.0,4.97
S3_reappro_100,C104,CONCENTRES,Ahala,Centre,2027-06-01,6,2027,41.41,828.1,32100.0,31.92
S3_reappro_100,C104,CONCENTRES,Bertoua,Centre,2027-06-01,6,2027,63.92,1278.4,32100.0,33.49
S3_reappro_100,C104,CONCENTRES,Messassi,Centre,2027-06-01,6,2027,121.86,2437.2,32100.0,74.09
S3_reappro_100,C104,CONCENTRES,Ngaoundere,Centre,2027-06-01,6,2027,15.77,315.3,32100.0,12.0
S3_reappro_100,C104,CONCENTRES,Nkoabang,Centre,2027-06-01,6,2027,28.49,569.8,32100.0,17.61
S3_reappro_100,C104,CONCENTRES,Nkolbisson,Centre,2027-06-01,6,2027,20.28,405.7,32100.0,12.45
S3_reappro_100,C1042,CONCENTRES,Bertoua,Centre,2027-06-01,6,2027,0.01,0.1,36500.0,0.01
S3_reappro_100,C1043,CONCENTRES,Ahala,Centre,2027-06-01,6,2027,0.01,0.3,36490.0,0.01
S3_reappro_100,C1043,CONCENTRES,Bertoua,Centre,2027-06-01,6,2027,0.19,3.8,36490.0,0.05
S3_reappro_100,C1043,CONCENTRES,Messassi,Centre,2027-06-01,6,2027,0.07,1.5,36490.0,0.0
S3_reappro_100,C1043,CONCENTRES,Ngaoundere,Centre,2027-06-01,6,2027,0.18,3.5,36490.0,0.04
S3_reappro_100,C1043,CONCENTRES,Nkoabang,Centre,2027-06-01,6,2027,0.01,0.2,36490.0,0.0
S3_reappro_100,C1043,CONCENTRES,Nkolbisson,Centre,2027-06-01,6,2027,0.04,0.7,36490.0,0.01
S3_reappro_100,C1044,CONCENTRES,Ahala,Centre,2027-06-01,6,2027,0.01,0.3,32900.0,0.01
S3_reappro_100,C1044,CONCENTRES,Bertoua,Centre,2027-06-01,6,2027,0.08,1.5,32900.0,0.07
S3_reappro_100,C1044,CONCENTRES,Messassi,Centre,2027-06-01,6,2027,0.24,4.7,32900.0,0.11
S3_reappro_100,C1044,CONCENTRES,Ngaoundere,Centre,2027-06-01,6,2027,0.13,2.6,32900.0,0.04
S3_reappro_100,C1044,CONCENTRES,Nkoabang,Centre,2027-06-01,6,2027,0.02,0.3,32900.0,0.0
S3_reappro_100,C1044,CONCENTRES,Nkolbisson,Centre,2027-06-01,6,2027,0.05,1.0,32900.0,0.02
S3_reappro_100,C105,CONCENTRES,Ahala,Centre,2027-06-01,6,2027,14.2,284.0,27500.0,9.67
S3_reappro_100,C105,CONCENTRES,Bertoua,Centre,2027-06-01,6,2027,14.22,284.4,27500.0,5.01
S3_reappro_100,C105,CONCENTRES,Messassi,Centre,2027-06-01,6,2027,14.8,296.0,27500.0,7.41
S3_reappro_100,C105,CONCENTRES,Ngaoundere,Centre,2027-06-01,6,2027,2.14,42.8,27500.0,1.17
S3_reappro_100,C105,CONCENTRES,Nkoabang,Centre,2027-06-01,6,2027,3.95,78.9,27500.0,2.05
S3_reappro_100,C105,CONCENTRES,Nkolbisson,Centre,2027-06-01,6,2027,3.36,67.2,27500.0,2.0
S3_reappro_100,C1053,CONCENTRES,Bertoua,Centre,2027-06-01,6,2027,0.01,0.1,32000.0,0.01
S3_reappro_100,C1053,CONCENTRES,Messassi,Centre,2027-06-01,6,2027,0.02,0.4,32000.0,0.01
S3_reappro_100,C1053,CONCENTRES,Ngaoundere,Centre,2027-06-01,6,2027,0.0,0.0,32000.0,0.0
S3_reappro_100,C1053,CONCENTRES,Nkoabang,Centre,2027-06-01,6,2027,0.0,0.1,32000.0,0.0
S3_reappro_100,C1054,CONCENTRES,Ahala,Centre,2027-06-01,6,2027,0.0,0.0,29500.0,0.0
S3_reappro_100,C1054,CONCENTRES,Bertoua,Centre,2027-06-01,6,2027,0.19,3.8,29500.0,0.03
S3_reappro_100,C1054,CONCENTRES,Messassi,Centre,2027-06-01,6,2027,0.04,0.8,29500.0,0.01
S3_reappro_100,C1054,CONCENTRES,Ngaoundere,Centre,2027-06-01,6,2027,0.02,0.3,29500.0,0.0
S3_reappro_100,C1054,CONCENTRES,Nkoabang,Centre,2027-06-01,6,2027,0.01,0.2,29500.0,0.0
S3_reappro_100,C1054,CONCENTRES,Nkolbisson,Centre,2027-06-01,6,2027,0.04,0.8,29500.0,0.0
S3_reappro_100,C1055,CONCENTRES,Bertoua,Centre,2027-06-01,6,2027,0.1,2.0,28500.0,0.08
S3_reappro_100,C1055,CONCENTRES,Messassi,Centre,2027-06-01,6,2027,0.03,0.6,28500.0,0.01
S3_reappro_100,C1055,CONCENTRES,Ngaoundere,Centre,2027-06-01,6,2027,0.07,1.4,28500.0,0.01
S3_reappro_100,C1055,CONCENTRES,Nkoabang,Centre,2027-06-01,6,2027,0.0,0.0,28500.0,0.0
S3_reappro_100,C1055,CONCENTRES,Nkolbisson,Centre,2027-06-01,6,2027,0.01,0.3,28500.0,0.0
S3_reappro_100,C101,CONCENTRES,Ahala,Centre,2027-07-01,7,2027,19.03,380.5,36000.0,16.93
S3_reappro_100,C101,CONCENTRES,Bertoua,Centre,2027-07-01,7,2027,22.75,455.0,36000.0,16.56
S3_reappro_100,C101,CONCENTRES,Messassi,Centre,2027-07-01,7,2027,17.49,349.8,36000.0,12.08
S3_reappro_100,C101,CONCENTRES,Ngaoundere,Centre,2027-07-01,7,2027,18.13,362.6,36000.0,14.32
S3_reappro_100,C101,CONCENTRES,Nkoabang,Centre,2027-07-01,7,2027,7.84,156.7,36000.0,5.98
S3_reappro_100,C101,CONCENTRES,Nkolbisson,Centre,2027-07-01,7,2027,10.47,209.4,36000.0,9.37
S3_reappro_100,C102,CONCENTRES,Ahala,Centre,2027-07-01,7,2027,0.09,1.8,29500.0,0.07
S3_reappro_100,C102,CONCENTRES,Bertoua,Centre,2027-07-01,7,2027,6.33,126.5,29500.0,3.55
S3_reappro_100,C102,CONCENTRES,Messassi,Centre,2027-07-01,7,2027,0.23,4.6,29500.0,0.01
S3_reappro_100,C102,CONCENTRES,Ngaoundere,Centre,2027-07-01,7,2027,0.48,9.6,29500.0,0.33
S3_reappro_100,C102,CONCENTRES,Nkoabang,Centre,2027-07-01,7,2027,0.0,0.1,29500.0,0.0
S3_reappro_100,C1022,CONCENTRES,Bertoua,Centre,2027-07-01,7,2027,0.0,0.0,0.0,0.0
S3_reappro_100,C1022,CONCENTRES,Messassi,Centre,2027-07-01,7,2027,0.0,0.0,0.0,0.0
S3_reappro_100,C1022,CONCENTRES,Ngaoundere,Centre,2027-07-01,7,2027,0.01,0.1,0.0,0.0
S3_reappro_100,C103,CONCENTRES,Ahala,Centre,2027-07-01,7,2027,20.48,409.7,39500.0,19.7
S3_reappro_100,C103,CONCENTRES,Bertoua,Centre,2027-07-01,7,2027,8.05,161.0,39500.0,6.86
S3_reappro_100,C103,CONCENTRES,Messassi,Centre,2027-07-01,7,2027,21.98,439.6,39500.0,14.16
S3_reappro_100,C103,CONCENTRES,Ngaoundere,Centre,2027-07-01,7,2027,9.73,194.5,39500.0,8.37
S3_reappro_100,C103,CONCENTRES,Nkoabang,Centre,2027-07-01,7,2027,12.02,240.3,39500.0,9.98
S3_reappro_100,C103,CONCENTRES,Nkolbisson,Centre,2027-07-01,7,2027,6.32,126.4,39500.0,5.22
S3_reappro_100,C104,CONCENTRES,Ahala,Centre,2027-07-01,7,2027,43.48,869.7,32100.0,33.52
S3_reappro_100,C104,CONCENTRES,Bertoua,Centre,2027-07-01,7,2027,67.13,1342.6,32100.0,35.17
S3_reappro_100,C104,CONCENTRES,Messassi,Centre,2027-07-01,7,2027,127.98,2559.6,32100.0,77.8
S3_reappro_100,C104,CONCENTRES,Ngaoundere,Centre,2027-07-01,7,2027,16.56,331.1,32100.0,12.6
S3_reappro_100,C104,CONCENTRES,Nkoabang,Centre,2027-07-01,7,2027,29.92,598.4,32100.0,18.49
S3_reappro_100,C104,CONCENTRES,Nkolbisson,Centre,2027-07-01,7,2027,21.3,426.1,32100.0,13.07
S3_reappro_100,C1042,CONCENTRES,Bertoua,Centre,2027-07-01,7,2027,0.01,0.1,36500.0,0.01
S3_reappro_100,C1043,CONCENTRES,Ahala,Centre,2027-07-01,7,2027,0.02,0.3,36490.0,0.01
S3_reappro_100,C1043,CONCENTRES,Bertoua,Centre,2027-07-01,7,2027,0.2,4.0,36490.0,0.05
S3_reappro_100,C1043,CONCENTRES,Messassi,Centre,2027-07-01,7,2027,0.08,1.5,36490.0,0.0
S3_reappro_100,C1043,CONCENTRES,Ngaoundere,Centre,2027-07-01,7,2027,0.18,3.7,36490.0,0.04
S3_reappro_100,C1043,CONCENTRES,Nkoabang,Centre,2027-07-01,7,2027,0.01,0.2,36490.0,0.0
S3_reappro_100,C1043,CONCENTRES,Nkolbisson,Centre,2027-07-01,7,2027,0.04,0.8,36490.0,0.01
S3_reappro_100,C1044,CONCENTRES,Ahala,Centre,2027-07-01,7,2027,0.01,0.3,32900.0,0.01
S3_reappro_100,C1044,CONCENTRES,Bertoua,Centre,2027-07-01,7,2027,0.08,1.6,32900.0,0.07
S3_reappro_100,C1044,CONCENTRES,Messassi,Centre,2027-07-01,7,2027,0.25,5.0,32900.0,0.11
S3_reappro_100,C1044,CONCENTRES,Ngaoundere,Centre,2027-07-01,7,2027,0.14,2.7,32900.0,0.04
S3_reappro_100,C1044,CONCENTRES,Nkoabang,Centre,2027-07-01,7,2027,0.02,0.4,32900.0,0.0
S3_reappro_100,C1044,CONCENTRES,Nkolbisson,Centre,2027-07-01,7,2027,0.05,1.0,32900.0,0.02
S3_reappro_100,C105,CONCENTRES,Ahala,Centre,2027-07-01,7,2027,14.91,298.3,27500.0,10.16
S3_reappro_100,C105,CONCENTRES,Bertoua,Centre,2027-07-01,7,2027,14.93,298.7,27500.0,5.26
S3_reappro_100,C105,CONCENTRES,Messassi,Centre,2027-07-01,7,2027,15.55,310.9,27500.0,7.78
S3_reappro_100,C105,CONCENTRES,Ngaoundere,Centre,2027-07-01,7,2027,2.25,45.0,27500.0,1.23
S3_reappro_100,C105,CONCENTRES,Nkoabang,Centre,2027-07-01,7,2027,4.14,82.9,27500.0,2.15
S3_reappro_100,C105,CONCENTRES,Nkolbisson,Centre,2027-07-01,7,2027,3.53,70.6,27500.0,2.1
S3_reappro_100,C1053,CONCENTRES,Bertoua,Centre,2027-07-01,7,2027,0.01,0.1,32000.0,0.01
S3_reappro_100,C1053,CONCENTRES,Messassi,Centre,2027-07-01,7,2027,0.02,0.4,32000.0,0.01
S3_reappro_100,C1053,CONCENTRES,Ngaoundere,Centre,2027-07-01,7,2027,0.0,0.0,32000.0,0.0
S3_reappro_100,C1053,CONCENTRES,Nkoabang,Centre,2027-07-01,7,2027,0.0,0.1,32000.0,0.0
S3_reappro_100,C1054,CONCENTRES,Ahala,Centre,2027-07-01,7,2027,0.0,0.0,29500.0,0.0
S3_reappro_100,C1054,CONCENTRES,Bertoua,Centre,2027-07-01,7,2027,0.2,3.9,29500.0,0.03
S3_reappro_100,C1054,CONCENTRES,Messassi,Centre,2027-07-01,7,2027,0.04,0.9,29500.0,0.01
S3_reappro_100,C1054,CONCENTRES,Ngaoundere,Centre,2027-07-01,7,2027,0.02,0.4,29500.0,0.0
S3_reappro_100,C1054,CONCENTRES,Nkoabang,Centre,2027-07-01,7,2027,0.01,0.2,29500.0,0.0
S3_reappro_100,C1054,CONCENTRES,Nkolbisson,Centre,2027-07-01,7,2027,0.04,0.9,29500.0,0.0
S3_reappro_100,C1055,CONCENTRES,Bertoua,Centre,2027-07-01,7,2027,0.11,2.1,28500.0,0.08
S3_reappro_100,C1055,CONCENTRES,Messassi,Centre,2027-07-01,7,2027,0.03,0.7,28500.0,0.01
S3_reappro_100,C1055,CONCENTRES,Ngaoundere,Centre,2027-07-01,7,2027,0.07,1.5,28500.0,0.01
S3_reappro_100,C1055,CONCENTRES,Nkoabang,Centre,2027-07-01,7,2027,0.0,0.0,28500.0,0.0
S3_reappro_100,C1055,CONCENTRES,Nkolbisson,Centre,2027-07-01,7,2027,0.01,0.3,28500.0,0.01
S3_reappro_100,C101,CONCENTRES,Ahala,Centre,2027-08-01,8,2027,19.71,394.3,36000.0,17.54
S3_reappro_100,C101,CONCENTRES,Bertoua,Centre,2027-08-01,8,2027,23.57,471.5,36000.0,17.16
S3_reappro_100,C101,CONCENTRES,Messassi,Centre,2027-08-01,8,2027,18.12,362.5,36000.0,12.52
S3_reappro_100,C101,CONCENTRES,Ngaoundere,Centre,2027-08-01,8,2027,18.79,375.7,36000.0,14.84
S3_reappro_100,C101,CONCENTRES,Nkoabang,Centre,2027-08-01,8,2027,8.12,162.4,36000.0,6.19
S3_reappro_100,C101,CONCENTRES,Nkolbisson,Centre,2027-08-01,8,2027,10.85,217.0,36000.0,9.71
S3_reappro_100,C102,CONCENTRES,Ahala,Centre,2027-08-01,8,2027,0.09,1.9,29500.0,0.07
S3_reappro_100,C102,CONCENTRES,Bertoua,Centre,2027-08-01,8,2027,6.56,131.1,29500.0,3.68
S3_reappro_100,C102,CONCENTRES,Messassi,Centre,2027-08-01,8,2027,0.24,4.8,29500.0,0.01
S3_reappro_100,C102,CONCENTRES,Ngaoundere,Centre,2027-08-01,8,2027,0.5,9.9,29500.0,0.34
S3_reappro_100,C102,CONCENTRES,Nkoabang,Centre,2027-08-01,8,2027,0.0,0.1,29500.0,0.0
S3_reappro_100,C1022,CONCENTRES,Bertoua,Centre,2027-08-01,8,2027,0.0,0.0,0.0,0.0
S3_reappro_100,C1022,CONCENTRES,Messassi,Centre,2027-08-01,8,2027,0.0,0.0,0.0,0.0
S3_reappro_100,C1022,CONCENTRES,Ngaoundere,Centre,2027-08-01,8,2027,0.01,0.1,0.0,0.0
S3_reappro_100,C103,CONCENTRES,Ahala,Centre,2027-08-01,8,2027,21.23,424.5,39500.0,20.41
S3_reappro_100,C103,CONCENTRES,Bertoua,Centre,2027-08-01,8,2027,8.34,166.9,39500.0,7.1
S3_reappro_100,C103,CONCENTRES,Messassi,Centre,2027-08-01,8,2027,22.77,455.5,39500.0,14.67
S3_reappro_100,C103,CONCENTRES,Ngaoundere,Centre,2027-08-01,8,2027,10.08,201.6,39500.0,8.67
S3_reappro_100,C103,CONCENTRES,Nkoabang,Centre,2027-08-01,8,2027,12.45,249.0,39500.0,10.34
S3_reappro_100,C103,CONCENTRES,Nkolbisson,Centre,2027-08-01,8,2027,6.55,130.9,39500.0,5.41
S3_reappro_100,C104,CONCENTRES,Ahala,Centre,2027-08-01,8,2027,45.06,901.1,32100.0,34.74
S3_reappro_100,C104,CONCENTRES,Bertoua,Centre,2027-08-01,8,2027,69.56,1391.1,32100.0,36.44
S3_reappro_100,C104,CONCENTRES,Messassi,Centre,2027-08-01,8,2027,132.61,2652.2,32100.0,80.62
S3_reappro_100,C104,CONCENTRES,Ngaoundere,Centre,2027-08-01,8,2027,17.16,343.1,32100.0,13.06
S3_reappro_100,C104,CONCENTRES,Nkoabang,Centre,2027-08-01,8,2027,31.0,620.0,32100.0,19.16
S3_reappro_100,C104,CONCENTRES,Nkolbisson,Centre,2027-08-01,8,2027,22.07,441.5,32100.0,13.55
S3_reappro_100,C1042,CONCENTRES,Bertoua,Centre,2027-08-01,8,2027,0.01,0.1,36500.0,0.01
S3_reappro_100,C1043,CONCENTRES,Ahala,Centre,2027-08-01,8,2027,0.02,0.3,36490.0,0.01
S3_reappro_100,C1043,CONCENTRES,Bertoua,Centre,2027-08-01,8,2027,0.2,4.1,36490.0,0.06
S3_reappro_100,C1043,CONCENTRES,Messassi,Centre,2027-08-01,8,2027,0.08,1.6,36490.0,0.0
S3_reappro_100,C1043,CONCENTRES,Ngaoundere,Centre,2027-08-01,8,2027,0.19,3.8,36490.0,0.04
S3_reappro_100,C1043,CONCENTRES,Nkoabang,Centre,2027-08-01,8,2027,0.01,0.2,36490.0,0.0
S3_reappro_100,C1043,CONCENTRES,Nkolbisson,Centre,2027-08-01,8,2027,0.04,0.8,36490.0,0.01
S3_reappro_100,C1044,CONCENTRES,Ahala,Centre,2027-08-01,8,2027,0.02,0.3,32900.0,0.01
S3_reappro_100,C1044,CONCENTRES,Bertoua,Centre,2027-08-01,8,2027,0.08,1.7,32900.0,0.07
S3_reappro_100,C1044,CONCENTRES,Messassi,Centre,2027-08-01,8,2027,0.26,5.1,32900.0,0.12
S3_reappro_100,C1044,CONCENTRES,Ngaoundere,Centre,2027-08-01,8,2027,0.14,2.8,32900.0,0.04
S3_reappro_100,C1044,CONCENTRES,Nkoabang,Centre,2027-08-01,8,2027,0.02,0.4,32900.0,0.0
S3_reappro_100,C1044,CONCENTRES,Nkolbisson,Centre,2027-08-01,8,2027,0.05,1.1,32900.0,0.03
S3_reappro_100,C105,CONCENTRES,Ahala,Centre,2027-08-01,8,2027,15.45,309.1,27500.0,10.53
S3_reappro_100,C105,CONCENTRES,Bertoua,Centre,2027-08-01,8,2027,15.48,309.5,27500.0,5.45
S3_reappro_100,C105,CONCENTRES,Messassi,Centre,2027-08-01,8,2027,16.11,322.1,27500.0,8.06
S3_reappro_100,C105,CONCENTRES,Ngaoundere,Centre,2027-08-01,8,2027,2.33,46.6,27500.0,1.27
S3_reappro_100,C105,CONCENTRES,Nkoabang,Centre,2027-08-01,8,2027,4.29,85.9,27500.0,2.23
S3_reappro_100,C105,CONCENTRES,Nkolbisson,Centre,2027-08-01,8,2027,3.66,73.2,27500.0,2.17
S3_reappro_100,C1053,CONCENTRES,Bertoua,Centre,2027-08-01,8,2027,0.01,0.2,32000.0,0.01
S3_reappro_100,C1053,CONCENTRES,Messassi,Centre,2027-08-01,8,2027,0.02,0.4,32000.0,0.01
S3_reappro_100,C1053,CONCENTRES,Ngaoundere,Centre,2027-08-01,8,2027,0.0,0.0,32000.0,0.0
S3_reappro_100,C1053,CONCENTRES,Nkoabang,Centre,2027-08-01,8,2027,0.0,0.1,32000.0,0.0
S3_reappro_100,C1054,CONCENTRES,Ahala,Centre,2027-08-01,8,2027,0.0,0.0,29500.0,0.0
S3_reappro_100,C1054,CONCENTRES,Bertoua,Centre,2027-08-01,8,2027,0.2,4.1,29500.0,0.04
S3_reappro_100,C1054,CONCENTRES,Messassi,Centre,2027-08-01,8,2027,0.04,0.9,29500.0,0.01
S3_reappro_100,C1054,CONCENTRES,Ngaoundere,Centre,2027-08-01,8,2027,0.02,0.4,29500.0,0.0
S3_reappro_100,C1054,CONCENTRES,Nkoabang,Centre,2027-08-01,8,2027,0.01,0.2,29500.0,0.0
S3_reappro_100,C1054,CONCENTRES,Nkolbisson,Centre,2027-08-01,8,2027,0.04,0.9,29500.0,0.0
S3_reappro_100,C1055,CONCENTRES,Bertoua,Centre,2027-08-01,8,2027,0.11,2.2,28500.0,0.08
S3_reappro_100,C1055,CONCENTRES,Messassi,Centre,2027-08-01,8,2027,0.03,0.7,28500.0,0.01
S3_reappro_100,C1055,CONCENTRES,Ngaoundere,Centre,2027-08-01,8,2027,0.08,1.6,28500.0,0.01
S3_reappro_100,C1055,CONCENTRES,Nkoabang,Centre,2027-08-01,8,2027,0.0,0.0,28500.0,0.0
S3_reappro_100,C1055,CONCENTRES,Nkolbisson,Centre,2027-08-01,8,2027,0.02,0.3,28500.0,0.01
S3_reappro_100,C101,CONCENTRES,Ahala,Centre,2027-09-01,9,2027,20.61,412.2,36000.0,18.34
S3_reappro_100,C101,CONCENTRES,Bertoua,Centre,2027-09-01,9,2027,24.65,492.9,36000.0,17.94
S3_reappro_100,C101,CONCENTRES,Messassi,Centre,2027-09-01,9,2027,18.95,379.0,36000.0,13.09
S3_reappro_100,C101,CONCENTRES,Ngaoundere,Centre,2027-09-01,9,2027,19.64,392.8,36000.0,15.51
S3_reappro_100,C101,CONCENTRES,Nkoabang,Centre,2027-09-01,9,2027,8.49,169.8,36000.0,6.48
S3_reappro_100,C101,CONCENTRES,Nkolbisson,Centre,2027-09-01,9,2027,11.35,226.9,36000.0,10.15
S3_reappro_100,C102,CONCENTRES,Ahala,Centre,2027-09-01,9,2027,0.1,2.0,29500.0,0.07
S3_reappro_100,C102,CONCENTRES,Bertoua,Centre,2027-09-01,9,2027,6.85,137.1,29500.0,3.85
S3_reappro_100,C102,CONCENTRES,Messassi,Centre,2027-09-01,9,2027,0.25,5.0,29500.0,0.01
S3_reappro_100,C102,CONCENTRES,Ngaoundere,Centre,2027-09-01,9,2027,0.52,10.4,29500.0,0.36
S3_reappro_100,C102,CONCENTRES,Nkoabang,Centre,2027-09-01,9,2027,0.0,0.1,29500.0,0.0
S3_reappro_100,C1022,CONCENTRES,Bertoua,Centre,2027-09-01,9,2027,0.0,0.0,0.0,0.0
S3_reappro_100,C1022,CONCENTRES,Messassi,Centre,2027-09-01,9,2027,0.0,0.0,0.0,0.0
S3_reappro_100,C1022,CONCENTRES,Ngaoundere,Centre,2027-09-01,9,2027,0.01,0.1,0.0,0.0
S3_reappro_100,C103,CONCENTRES,Ahala,Centre,2027-09-01,9,2027,22.19,443.8,39500.0,21.34
S3_reappro_100,C103,CONCENTRES,Bertoua,Centre,2027-09-01,9,2027,8.72,174.5,39500.0,7.43
S3_reappro_100,C103,CONCENTRES,Messassi,Centre,2027-09-01,9,2027,23.81,476.2,39500.0,15.34
S3_reappro_100,C103,CONCENTRES,Ngaoundere,Centre,2027-09-01,9,2027,10.54,210.7,39500.0,9.07
S3_reappro_100,C103,CONCENTRES,Nkoabang,Centre,2027-09-01,9,2027,13.02,260.4,39500.0,10.81
S3_reappro_100,C103,CONCENTRES,Nkolbisson,Centre,2027-09-01,9,2027,6.84,136.9,39500.0,5.66
S3_reappro_100,C104,CONCENTRES,Ahala,Centre,2027-09-01,9,2027,47.11,942.2,32100.0,36.32
S3_reappro_100,C104,CONCENTRES,Bertoua,Centre,2027-09-01,9,2027,72.72,1454.5,32100.0,38.1
S3_reappro_100,C104,CONCENTRES,Messassi,Centre,2027-09-01,9,2027,138.65,2772.9,32100.0,84.29
S3_reappro_100,C104,CONCENTRES,Ngaoundere,Centre,2027-09-01,9,2027,17.94,358.7,32100.0,13.65
S3_reappro_100,C104,CONCENTRES,Nkoabang,Centre,2027-09-01,9,2027,32.41,648.3,32100.0,20.03
S3_reappro_100,C104,CONCENTRES,Nkolbisson,Centre,2027-09-01,9,2027,23.08,461.6,32100.0,14.16
S3_reappro_100,C1042,CONCENTRES,Bertoua,Centre,2027-09-01,9,2027,0.01,0.2,36500.0,0.01
S3_reappro_100,C1043,CONCENTRES,Ahala,Centre,2027-09-01,9,2027,0.02,0.3,36490.0,0.01
S3_reappro_100,C1043,CONCENTRES,Bertoua,Centre,2027-09-01,9,2027,0.21,4.3,36490.0,0.06
S3_reappro_100,C1043,CONCENTRES,Messassi,Centre,2027-09-01,9,2027,0.08,1.7,36490.0,0.0
S3_reappro_100,C1043,CONCENTRES,Ngaoundere,Centre,2027-09-01,9,2027,0.2,4.0,36490.0,0.04
S3_reappro_100,C1043,CONCENTRES,Nkoabang,Centre,2027-09-01,9,2027,0.01,0.3,36490.0,0.0
S3_reappro_100,C1043,CONCENTRES,Nkolbisson,Centre,2027-09-01,9,2027,0.04,0.8,36490.0,0.01
S3_reappro_100,C1044,CONCENTRES,Ahala,Centre,2027-09-01,9,2027,0.02,0.3,32900.0,0.01
S3_reappro_100,C1044,CONCENTRES,Bertoua,Centre,2027-09-01,9,2027,0.09,1.7,32900.0,0.08
S3_reappro_100,C1044,CONCENTRES,Messassi,Centre,2027-09-01,9,2027,0.27,5.4,32900.0,0.12
S3_reappro_100,C1044,CONCENTRES,Ngaoundere,Centre,2027-09-01,9,2027,0.15,3.0,32900.0,0.05
S3_reappro_100,C1044,CONCENTRES,Nkoabang,Centre,2027-09-01,9,2027,0.02,0.4,32900.0,0.0
S3_reappro_100,C1044,CONCENTRES,Nkolbisson,Centre,2027-09-01,9,2027,0.06,1.1,32900.0,0.03
S3_reappro_100,C105,CONCENTRES,Ahala,Centre,2027-09-01,9,2027,16.16,323.1,27500.0,11.01
S3_reappro_100,C105,CONCENTRES,Bertoua,Centre,2027-09-01,9,2027,16.18,323.6,27500.0,5.7
S3_reappro_100,C105,CONCENTRES,Messassi,Centre,2027-09-01,9,2027,16.84,336.8,27500.0,8.43
S3_reappro_100,C105,CONCENTRES,Ngaoundere,Centre,2027-09-01,9,2027,2.44,48.7,27500.0,1.33
S3_reappro_100,C105,CONCENTRES,Nkoabang,Centre,2027-09-01,9,2027,4.49,89.8,27500.0,2.33
S3_reappro_100,C105,CONCENTRES,Nkolbisson,Centre,2027-09-01,9,2027,3.82,76.5,27500.0,2.27
S3_reappro_100,C1053,CONCENTRES,Bertoua,Centre,2027-09-01,9,2027,0.01,0.2,32000.0,0.01
S3_reappro_100,C1053,CONCENTRES,Messassi,Centre,2027-09-01,9,2027,0.02,0.5,32000.0,0.01
S3_reappro_100,C1053,CONCENTRES,Ngaoundere,Centre,2027-09-01,9,2027,0.0,0.0,32000.0,0.0
S3_reappro_100,C1053,CONCENTRES,Nkoabang,Centre,2027-09-01,9,2027,0.0,0.1,32000.0,0.0
S3_reappro_100,C1054,CONCENTRES,Ahala,Centre,2027-09-01,9,2027,0.0,0.0,29500.0,0.0
S3_reappro_100,C1054,CONCENTRES,Bertoua,Centre,2027-09-01,9,2027,0.21,4.3,29500.0,0.04
S3_reappro_100,C1054,CONCENTRES,Messassi,Centre,2027-09-01,9,2027,0.05,0.9,29500.0,0.01
S3_reappro_100,C1054,CONCENTRES,Ngaoundere,Centre,2027-09-01,9,2027,0.02,0.4,29500.0,0.0
S3_reappro_100,C1054,CONCENTRES,Nkoabang,Centre,2027-09-01,9,2027,0.01,0.2,29500.0,0.0
S3_reappro_100,C1054,CONCENTRES,Nkolbisson,Centre,2027-09-01,9,2027,0.05,0.9,29500.0,0.0
S3_reappro_100,C1055,CONCENTRES,Bertoua,Centre,2027-09-01,9,2027,0.12,2.3,28500.0,0.09
S3_reappro_100,C1055,CONCENTRES,Messassi,Centre,2027-09-01,9,2027,0.04,0.7,28500.0,0.01
S3_reappro_100,C1055,CONCENTRES,Ngaoundere,Centre,2027-09-01,9,2027,0.08,1.6,28500.0,0.01
S3_reappro_100,C1055,CONCENTRES,Nkoabang,Centre,2027-09-01,9,2027,0.0,0.0,28500.0,0.0
S3_reappro_100,C1055,CONCENTRES,Nkolbisson,Centre,2027-09-01,9,2027,0.02,0.3,28500.0,0.01
S3_reappro_100,C101,CONCENTRES,Ahala,Centre,2027-10-01,10,2027,23.94,478.7,36000.0,21.3
S3_reappro_100,C101,CONCENTRES,Bertoua,Centre,2027-10-01,10,2027,28.62,572.5,36000.0,20.83
S3_reappro_100,C101,CONCENTRES,Messassi,Centre,2027-10-01,10,2027,22.01,440.2,36000.0,15.2
S3_reappro_100,C101,CONCENTRES,Ngaoundere,Centre,2027-10-01,10,2027,22.81,456.3,36000.0,18.02
S3_reappro_100,C101,CONCENTRES,Nkoabang,Centre,2027-10-01,10,2027,9.86,197.2,36000.0,7.52
S3_reappro_100,C101,CONCENTRES,Nkolbisson,Centre,2027-10-01,10,2027,13.18,263.5,36000.0,11.79
S3_reappro_100,C102,CONCENTRES,Ahala,Centre,2027-10-01,10,2027,0.11,2.3,29500.0,0.09
S3_reappro_100,C102,CONCENTRES,Bertoua,Centre,2027-10-01,10,2027,7.96,159.2,29500.0,4.47
S3_reappro_100,C102,CONCENTRES,Messassi,Centre,2027-10-01,10,2027,0.29,5.8,29500.0,0.02
S3_reappro_100,C102,CONCENTRES,Ngaoundere,Centre,2027-10-01,10,2027,0.6,12.0,29500.0,0.42
S3_reappro_100,C102,CONCENTRES,Nkoabang,Centre,2027-10-01,10,2027,0.01,0.1,29500.0,0.0
S3_reappro_100,C1022,CONCENTRES,Bertoua,Centre,2027-10-01,10,2027,0.0,0.0,0.0,0.0
S3_reappro_100,C1022,CONCENTRES,Messassi,Centre,2027-10-01,10,2027,0.0,0.0,0.0,0.0
S3_reappro_100,C1022,CONCENTRES,Ngaoundere,Centre,2027-10-01,10,2027,0.01,0.2,0.0,0.0
S3_reappro_100,C103,CONCENTRES,Ahala,Centre,2027-10-01,10,2027,25.77,515.5,39500.0,24.78
S3_reappro_100,C103,CONCENTRES,Bertoua,Centre,2027-10-01,10,2027,10.13,202.6,39500.0,8.63
S3_reappro_100,C103,CONCENTRES,Messassi,Centre,2027-10-01,10,2027,27.65,553.1,39500.0,17.81
S3_reappro_100,C103,CONCENTRES,Ngaoundere,Centre,2027-10-01,10,2027,12.24,244.7,39500.0,10.53
S3_reappro_100,C103,CONCENTRES,Nkoabang,Centre,2027-10-01,10,2027,15.12,302.4,39500.0,12.56
S3_reappro_100,C103,CONCENTRES,Nkolbisson,Centre,2027-10-01,10,2027,7.95,159.0,39500.0,6.57
S3_reappro_100,C104,CONCENTRES,Ahala,Centre,2027-10-01,10,2027,54.71,1094.2,32100.0,42.18
S3_reappro_100,C104,CONCENTRES,Bertoua,Centre,2027-10-01,10,2027,84.46,1689.2,32100.0,44.25
S3_reappro_100,C104,CONCENTRES,Messassi,Centre,2027-10-01,10,2027,161.02,3220.5,32100.0,97.89
S3_reappro_100,C104,CONCENTRES,Ngaoundere,Centre,2027-10-01,10,2027,20.83,416.6,32100.0,15.86
S3_reappro_100,C104,CONCENTRES,Nkoabang,Centre,2027-10-01,10,2027,37.64,752.9,32100.0,23.26
S3_reappro_100,C104,CONCENTRES,Nkolbisson,Centre,2027-10-01,10,2027,26.8,536.1,32100.0,16.45
S3_reappro_100,C1042,CONCENTRES,Bertoua,Centre,2027-10-01,10,2027,0.01,0.2,36500.0,0.01
S3_reappro_100,C1043,CONCENTRES,Ahala,Centre,2027-10-01,10,2027,0.02,0.4,36490.0,0.02
S3_reappro_100,C1043,CONCENTRES,Bertoua,Centre,2027-10-01,10,2027,0.25,5.0,36490.0,0.07
S3_reappro_100,C1043,CONCENTRES,Messassi,Centre,2027-10-01,10,2027,0.1,1.9,36490.0,0.0
S3_reappro_100,C1043,CONCENTRES,Ngaoundere,Centre,2027-10-01,10,2027,0.23,4.6,36490.0,0.05
S3_reappro_100,C1043,CONCENTRES,Nkoabang,Centre,2027-10-01,10,2027,0.01,0.3,36490.0,0.0
S3_reappro_100,C1043,CONCENTRES,Nkolbisson,Centre,2027-10-01,10,2027,0.05,1.0,36490.0,0.01
S3_reappro_100,C1044,CONCENTRES,Ahala,Centre,2027-10-01,10,2027,0.02,0.4,32900.0,0.01
S3_reappro_100,C1044,CONCENTRES,Bertoua,Centre,2027-10-01,10,2027,0.1,2.0,32900.0,0.09
S3_reappro_100,C1044,CONCENTRES,Messassi,Centre,2027-10-01,10,2027,0.31,6.3,32900.0,0.14
S3_reappro_100,C1044,CONCENTRES,Ngaoundere,Centre,2027-10-01,10,2027,0.17,3.5,32900.0,0.05
S3_reappro_100,C1044,CONCENTRES,Nkoabang,Centre,2027-10-01,10,2027,0.02,0.5,32900.0,0.0
S3_reappro_100,C1044,CONCENTRES,Nkolbisson,Centre,2027-10-01,10,2027,0.07,1.3,32900.0,0.03
S3_reappro_100,C105,CONCENTRES,Ahala,Centre,2027-10-01,10,2027,18.77,375.3,27500.0,12.78
S3_reappro_100,C105,CONCENTRES,Bertoua,Centre,2027-10-01,10,2027,18.79,375.8,27500.0,6.62
S3_reappro_100,C105,CONCENTRES,Messassi,Centre,2027-10-01,10,2027,19.56,391.2,27500.0,9.79
S3_reappro_100,C105,CONCENTRES,Ngaoundere,Centre,2027-10-01,10,2027,2.83,56.6,27500.0,1.54
S3_reappro_100,C105,CONCENTRES,Nkoabang,Centre,2027-10-01,10,2027,5.22,104.3,27500.0,2.71
S3_reappro_100,C105,CONCENTRES,Nkolbisson,Centre,2027-10-01,10,2027,4.44,88.8,27500.0,2.64
S3_reappro_100,C1053,CONCENTRES,Bertoua,Centre,2027-10-01,10,2027,0.01,0.2,32000.0,0.01
S3_reappro_100,C1053,CONCENTRES,Messassi,Centre,2027-10-01,10,2027,0.03,0.5,32000.0,0.02
S3_reappro_100,C1053,CONCENTRES,Ngaoundere,Centre,2027-10-01,10,2027,0.0,0.0,32000.0,0.0
S3_reappro_100,C1053,CONCENTRES,Nkoabang,Centre,2027-10-01,10,2027,0.01,0.1,32000.0,0.0
S3_reappro_100,C1054,CONCENTRES,Ahala,Centre,2027-10-01,10,2027,0.0,0.0,29500.0,0.0
S3_reappro_100,C1054,CONCENTRES,Bertoua,Centre,2027-10-01,10,2027,0.25,5.0,29500.0,0.04
S3_reappro_100,C1054,CONCENTRES,Messassi,Centre,2027-10-01,10,2027,0.05,1.1,29500.0,0.02
S3_reappro_100,C1054,CONCENTRES,Ngaoundere,Centre,2027-10-01,10,2027,0.02,0.5,29500.0,0.0
S3_reappro_100,C1054,CONCENTRES,Nkoabang,Centre,2027-10-01,10,2027,0.01,0.2,29500.0,0.0
S3_reappro_100,C1054,CONCENTRES,Nkolbisson,Centre,2027-10-01,10,2027,0.05,1.1,29500.0,0.0
S3_reappro_100,C1055,CONCENTRES,Bertoua,Centre,2027-10-01,10,2027,0.13,2.7,28500.0,0.1
S3_reappro_100,C1055,CONCENTRES,Messassi,Centre,2027-10-01,10,2027,0.04,0.8,28500.0,0.01
S3_reappro_100,C1055,CONCENTRES,Ngaoundere,Centre,2027-10-01,10,2027,0.09,1.9,28500.0,0.01
S3_reappro_100,C1055,CONCENTRES,Nkoabang,Centre,2027-10-01,10,2027,0.0,0.1,28500.0,0.0
S3_reappro_100,C1055,CONCENTRES,Nkolbisson,Centre,2027-10-01,10,2027,0.02,0.4,28500.0,0.01
S3_reappro_100,C101,CONCENTRES,Ahala,Centre,2027-11-01,11,2027,10.4,208.0,36000.0,9.25
S3_reappro_100,C101,CONCENTRES,Bertoua,Centre,2027-11-01,11,2027,12.43,248.7,36000.0,9.05
S3_reappro_100,C101,CONCENTRES,Messassi,Centre,2027-11-01,11,2027,9.56,191.2,36000.0,6.6
S3_reappro_100,C101,CONCENTRES,Ngaoundere,Centre,2027-11-01,11,2027,9.91,198.2,36000.0,7.83
S3_reappro_100,C101,CONCENTRES,Nkoabang,Centre,2027-11-01,11,2027,4.28,85.7,36000.0,3.27
S3_reappro_100,C101,CONCENTRES,Nkolbisson,Centre,2027-11-01,11,2027,5.72,114.5,36000.0,5.12
S3_reappro_100,C102,CONCENTRES,Ahala,Centre,2027-11-01,11,2027,0.05,1.0,29500.0,0.04
S3_reappro_100,C102,CONCENTRES,Bertoua,Centre,2027-11-01,11,2027,3.46,69.2,29500.0,1.94
S3_reappro_100,C102,CONCENTRES,Messassi,Centre,2027-11-01,11,2027,0.13,2.5,29500.0,0.01
S3_reappro_100,C102,CONCENTRES,Ngaoundere,Centre,2027-11-01,11,2027,0.26,5.2,29500.0,0.18
S3_reappro_100,C102,CONCENTRES,Nkoabang,Centre,2027-11-01,11,2027,0.0,0.0,29500.0,0.0
S3_reappro_100,C1022,CONCENTRES,Bertoua,Centre,2027-11-01,11,2027,0.0,0.0,0.0,0.0
S3_reappro_100,C1022,CONCENTRES,Messassi,Centre,2027-11-01,11,2027,0.0,0.0,0.0,0.0
S3_reappro_100,C1022,CONCENTRES,Ngaoundere,Centre,2027-11-01,11,2027,0.0,0.1,0.0,0.0
S3_reappro_100,C103,CONCENTRES,Ahala,Centre,2027-11-01,11,2027,11.2,223.9,39500.0,10.77
S3_reappro_100,C103,CONCENTRES,Bertoua,Centre,2027-11-01,11,2027,4.4,88.0,39500.0,3.75
S3_reappro_100,C103,CONCENTRES,Messassi,Centre,2027-11-01,11,2027,12.01,240.3,39500.0,7.74
S3_reappro_100,C103,CONCENTRES,Ngaoundere,Centre,2027-11-01,11,2027,5.32,106.3,39500.0,4.57
S3_reappro_100,C103,CONCENTRES,Nkoabang,Centre,2027-11-01,11,2027,6.57,131.4,39500.0,5.45
S3_reappro_100,C103,CONCENTRES,Nkolbisson,Centre,2027-11-01,11,2027,3.45,69.1,39500.0,2.86
S3_reappro_100,C104,CONCENTRES,Ahala,Centre,2027-11-01,11,2027,23.77,475.3,32100.0,18.32
S3_reappro_100,C104,CONCENTRES,Bertoua,Centre,2027-11-01,11,2027,36.69,733.8,32100.0,19.22
S3_reappro_100,C104,CONCENTRES,Messassi,Centre,2027-11-01,11,2027,69.95,1399.0,32100.0,42.53
S3_reappro_100,C104,CONCENTRES,Ngaoundere,Centre,2027-11-01,11,2027,9.05,181.0,32100.0,6.89
S3_reappro_100,C104,CONCENTRES,Nkoabang,Centre,2027-11-01,11,2027,16.35,327.1,32100.0,10.11
S3_reappro_100,C104,CONCENTRES,Nkolbisson,Centre,2027-11-01,11,2027,11.64,232.9,32100.0,7.15
S3_reappro_100,C1042,CONCENTRES,Bertoua,Centre,2027-11-01,11,2027,0.0,0.1,36500.0,0.0
S3_reappro_100,C1043,CONCENTRES,Ahala,Centre,2027-11-01,11,2027,0.01,0.2,36490.0,0.01
S3_reappro_100,C1043,CONCENTRES,Bertoua,Centre,2027-11-01,11,2027,0.11,2.2,36490.0,0.03
S3_reappro_100,C1043,CONCENTRES,Messassi,Centre,2027-11-01,11,2027,0.04,0.8,36490.0,0.0
S3_reappro_100,C1043,CONCENTRES,Ngaoundere,Centre,2027-11-01,11,2027,0.1,2.0,36490.0,0.02
S3_reappro_100,C1043,CONCENTRES,Nkoabang,Centre,2027-11-01,11,2027,0.01,0.1,36490.0,0.0
S3_reappro_100,C1043,CONCENTRES,Nkolbisson,Centre,2027-11-01,11,2027,0.02,0.4,36490.0,0.0
S3_reappro_100,C1044,CONCENTRES,Ahala,Centre,2027-11-01,11,2027,0.01,0.2,32900.0,0.0
S3_reappro_100,C1044,CONCENTRES,Bertoua,Centre,2027-11-01,11,2027,0.04,0.9,32900.0,0.04
S3_reappro_100,C1044,CONCENTRES,Messassi,Centre,2027-11-01,11,2027,0.14,2.7,32900.0,0.06
S3_reappro_100,C1044,CONCENTRES,Ngaoundere,Centre,2027-11-01,11,2027,0.08,1.5,32900.0,0.02
S3_reappro_100,C1044,CONCENTRES,Nkoabang,Centre,2027-11-01,11,2027,0.01,0.2,32900.0,0.0
S3_reappro_100,C1044,CONCENTRES,Nkolbisson,Centre,2027-11-01,11,2027,0.03,0.6,32900.0,0.01
S3_reappro_100,C105,CONCENTRES,Ahala,Centre,2027-11-01,11,2027,8.15,163.0,27500.0,5.55
S3_reappro_100,C105,CONCENTRES,Bertoua,Centre,2027-11-01,11,2027,8.16,163.3,27500.0,2.88
S3_reappro_100,C105,CONCENTRES,Messassi,Centre,2027-11-01,11,2027,8.5,169.9,27500.0,4.25
S3_reappro_100,C105,CONCENTRES,Ngaoundere,Centre,2027-11-01,11,2027,1.23,24.6,27500.0,0.67
S3_reappro_100,C105,CONCENTRES,Nkoabang,Centre,2027-11-01,11,2027,2.27,45.3,27500.0,1.18
S3_reappro_100,C105,CONCENTRES,Nkolbisson,Centre,2027-11-01,11,2027,1.93,38.6,27500.0,1.15
S3_reappro_100,C1053,CONCENTRES,Bertoua,Centre,2027-11-01,11,2027,0.0,0.1,32000.0,0.0
S3_reappro_100,C1053,CONCENTRES,Messassi,Centre,2027-11-01,11,2027,0.01,0.2,32000.0,0.01
S3_reappro_100,C1053,CONCENTRES,Ngaoundere,Centre,2027-11-01,11,2027,0.0,0.0,32000.0,0.0
S3_reappro_100,C1053,CONCENTRES,Nkoabang,Centre,2027-11-01,11,2027,0.0,0.0,32000.0,0.0
S3_reappro_100,C1054,CONCENTRES,Ahala,Centre,2027-11-01,11,2027,0.0,0.0,29500.0,0.0
S3_reappro_100,C1054,CONCENTRES,Bertoua,Centre,2027-11-01,11,2027,0.11,2.2,29500.0,0.02
S3_reappro_100,C1054,CONCENTRES,Messassi,Centre,2027-11-01,11,2027,0.02,0.5,29500.0,0.01
S3_reappro_100,C1054,CONCENTRES,Ngaoundere,Centre,2027-11-01,11,2027,0.01,0.2,29500.0,0.0
S3_reappro_100,C1054,CONCENTRES,Nkoabang,Centre,2027-11-01,11,2027,0.0,0.1,29500.0,0.0
S3_reappro_100,C1054,CONCENTRES,Nkolbisson,Centre,2027-11-01,11,2027,0.02,0.5,29500.0,0.0
S3_reappro_100,C1055,CONCENTRES,Bertoua,Centre,2027-11-01,11,2027,0.06,1.2,28500.0,0.04
S3_reappro_100,C1055,CONCENTRES,Messassi,Centre,2027-11-01,11,2027,0.02,0.4,28500.0,0.0
S3_reappro_100,C1055,CONCENTRES,Ngaoundere,Centre,2027-11-01,11,2027,0.04,0.8,28500.0,0.01
S3_reappro_100,C1055,CONCENTRES,Nkoabang,Centre,2027-11-01,11,2027,0.0,0.0,28500.0,0.0
S3_reappro_100,C1055,CONCENTRES,Nkolbisson,Centre,2027-11-01,11,2027,0.01,0.2,28500.0,0.0
S3_reappro_100,C101,CONCENTRES,Ahala,Centre,2027-12-01,12,2027,20.85,416.9,36000.0,18.55
S3_reappro_100,C101,CONCENTRES,Bertoua,Centre,2027-12-01,12,2027,24.93,498.6,36000.0,18.14
S3_reappro_100,C101,CONCENTRES,Messassi,Centre,2027-12-01,12,2027,19.17,383.3,36000.0,13.24
S3_reappro_100,C101,CONCENTRES,Ngaoundere,Centre,2027-12-01,12,2027,19.87,397.3,36000.0,15.69
S3_reappro_100,C101,CONCENTRES,Nkoabang,Centre,2027-12-01,12,2027,8.59,171.7,36000.0,6.55
S3_reappro_100,C101,CONCENTRES,Nkolbisson,Centre,2027-12-01,12,2027,11.47,229.5,36000.0,10.27
S3_reappro_100,C102,CONCENTRES,Ahala,Centre,2027-12-01,12,2027,0.1,2.0,29500.0,0.07
S3_reappro_100,C102,CONCENTRES,Bertoua,Centre,2027-12-01,12,2027,6.93,138.7,29500.0,3.89
S3_reappro_100,C102,CONCENTRES,Messassi,Centre,2027-12-01,12,2027,0.25,5.1,29500.0,0.02
S3_reappro_100,C102,CONCENTRES,Ngaoundere,Centre,2027-12-01,12,2027,0.52,10.5,29500.0,0.36
S3_reappro_100,C102,CONCENTRES,Nkoabang,Centre,2027-12-01,12,2027,0.0,0.1,29500.0,0.0
S3_reappro_100,C1022,CONCENTRES,Bertoua,Centre,2027-12-01,12,2027,0.0,0.0,0.0,0.0
S3_reappro_100,C1022,CONCENTRES,Messassi,Centre,2027-12-01,12,2027,0.0,0.0,0.0,0.0
S3_reappro_100,C1022,CONCENTRES,Ngaoundere,Centre,2027-12-01,12,2027,0.01,0.1,0.0,0.0
S3_reappro_100,C103,CONCENTRES,Ahala,Centre,2027-12-01,12,2027,22.44,448.9,39500.0,21.58
S3_reappro_100,C103,CONCENTRES,Bertoua,Centre,2027-12-01,12,2027,8.82,176.4,39500.0,7.51
S3_reappro_100,C103,CONCENTRES,Messassi,Centre,2027-12-01,12,2027,24.08,481.6,39500.0,15.51
S3_reappro_100,C103,CONCENTRES,Ngaoundere,Centre,2027-12-01,12,2027,10.66,213.1,39500.0,9.17
S3_reappro_100,C103,CONCENTRES,Nkoabang,Centre,2027-12-01,12,2027,13.17,263.3,39500.0,10.94
S3_reappro_100,C103,CONCENTRES,Nkolbisson,Centre,2027-12-01,12,2027,6.92,138.5,39500.0,5.72
S3_reappro_100,C104,CONCENTRES,Ahala,Centre,2027-12-01,12,2027,47.65,952.9,32100.0,36.73
S3_reappro_100,C104,CONCENTRES,Bertoua,Centre,2027-12-01,12,2027,73.55,1471.0,32100.0,38.54
S3_reappro_100,C104,CONCENTRES,Messassi,Centre,2027-12-01,12,2027,140.23,2804.5,32100.0,85.25
S3_reappro_100,C104,CONCENTRES,Ngaoundere,Centre,2027-12-01,12,2027,18.14,362.8,32100.0,13.81
S3_reappro_100,C104,CONCENTRES,Nkoabang,Centre,2027-12-01,12,2027,32.78,655.7,32100.0,20.26
S3_reappro_100,C104,CONCENTRES,Nkolbisson,Centre,2027-12-01,12,2027,23.34,466.8,32100.0,14.32
S3_reappro_100,C1042,CONCENTRES,Bertoua,Centre,2027-12-01,12,2027,0.01,0.2,36500.0,0.01
S3_reappro_100,C1043,CONCENTRES,Ahala,Centre,2027-12-01,12,2027,0.02,0.3,36490.0,0.02
S3_reappro_100,C1043,CONCENTRES,Bertoua,Centre,2027-12-01,12,2027,0.22,4.3,36490.0,0.06
S3_reappro_100,C1043,CONCENTRES,Messassi,Centre,2027-12-01,12,2027,0.08,1.7,36490.0,0.0
S3_reappro_100,C1043,CONCENTRES,Ngaoundere,Centre,2027-12-01,12,2027,0.2,4.0,36490.0,0.04
S3_reappro_100,C1043,CONCENTRES,Nkoabang,Centre,2027-12-01,12,2027,0.01,0.3,36490.0,0.0
S3_reappro_100,C1043,CONCENTRES,Nkolbisson,Centre,2027-12-01,12,2027,0.04,0.8,36490.0,0.01
S3_reappro_100,C1044,CONCENTRES,Ahala,Centre,2027-12-01,12,2027,0.02,0.3,32900.0,0.01
S3_reappro_100,C1044,CONCENTRES,Bertoua,Centre,2027-12-01,12,2027,0.09,1.8,32900.0,0.08
S3_reappro_100,C1044,CONCENTRES,Messassi,Centre,2027-12-01,12,2027,0.27,5.4,32900.0,0.13
S3_reappro_100,C1044,CONCENTRES,Ngaoundere,Centre,2027-12-01,12,2027,0.15,3.0,32900.0,0.05
S3_reappro_100,C1044,CONCENTRES,Nkoabang,Centre,2027-12-01,12,2027,0.02,0.4,32900.0,0.0
S3_reappro_100,C1044,CONCENTRES,Nkolbisson,Centre,2027-12-01,12,2027,0.06,1.1,32900.0,0.03
S3_reappro_100,C105,CONCENTRES,Ahala,Centre,2027-12-01,12,2027,16.34,326.8,27500.0,11.13
S3_reappro_100,C105,CONCENTRES,Bertoua,Centre,2027-12-01,12,2027,16.36,327.3,27500.0,5.76
S3_reappro_100,C105,CONCENTRES,Messassi,Centre,2027-12-01,12,2027,17.03,340.7,27500.0,8.52
S3_reappro_100,C105,CONCENTRES,Ngaoundere,Centre,2027-12-01,12,2027,2.46,49.3,27500.0,1.34
S3_reappro_100,C105,CONCENTRES,Nkoabang,Centre,2027-12-01,12,2027,4.54,90.8,27500.0,2.36
S3_reappro_100,C105,CONCENTRES,Nkolbisson,Centre,2027-12-01,12,2027,3.87,77.4,27500.0,2.3
S3_reappro_100,C1053,CONCENTRES,Bertoua,Centre,2027-12-01,12,2027,0.01,0.2,32000.0,0.01
S3_reappro_100,C1053,CONCENTRES,Messassi,Centre,2027-12-01,12,2027,0.02,0.5,32000.0,0.02
S3_reappro_100,C1053,CONCENTRES,Ngaoundere,Centre,2027-12-01,12,2027,0.0,0.0,32000.0,0.0
S3_reappro_100,C1053,CONCENTRES,Nkoabang,Centre,2027-12-01,12,2027,0.0,0.1,32000.0,0.0
S3_reappro_100,C1054,CONCENTRES,Ahala,Centre,2027-12-01,12,2027,0.0,0.0,29500.0,0.0
S3_reappro_100,C1054,CONCENTRES,Bertoua,Centre,2027-12-01,12,2027,0.22,4.3,29500.0,0.04
S3_reappro_100,C1054,CONCENTRES,Messassi,Centre,2027-12-01,12,2027,0.05,0.9,29500.0,0.01
S3_reappro_100,C1054,CONCENTRES,Ngaoundere,Centre,2027-12-01,12,2027,0.02,0.4,29500.0,0.0
S3_reappro_100,C1054,CONCENTRES,Nkoabang,Centre,2027-12-01,12,2027,0.01,0.2,29500.0,0.0
S3_reappro_100,C1054,CONCENTRES,Nkolbisson,Centre,2027-12-01,12,2027,0.05,0.9,29500.0,0.0
S3_reappro_100,C1055,CONCENTRES,Bertoua,Centre,2027-12-01,12,2027,0.12,2.3,28500.0,0.09
S3_reappro_100,C1055,CONCENTRES,Messassi,Centre,2027-12-01,12,2027,0.04,0.7,28500.0,0.01
S3_reappro_100,C1055,CONCENTRES,Ngaoundere,Centre,2027-12-01,12,2027,0.08,1.6,28500.0,0.01
S3_reappro_100,C1055,CONCENTRES,Nkoabang,Centre,2027-12-01,12,2027,0.0,0.0,28500.0,0.0
S3_reappro_100,C1055,CONCENTRES,Nkolbisson,Centre,2027-12-01,12,2027,0.02,0.3,28500.0,0.01
S3_reappro_100,C101,CONCENTRES,Buea,Littoral,2027-01-01,1,2027,2.01,40.3,36000.0,1.47
S3_reappro_100,C101,CONCENTRES,Ndobo,Littoral,2027-01-01,1,2027,10.03,200.6,36000.0,7.73
S3_reappro_100,C101,CONCENTRES,Nkongsamba,Littoral,2027-01-01,1,2027,2.37,47.4,36000.0,1.96
S3_reappro_100,C101,CONCENTRES,Pk11,Littoral,2027-01-01,1,2027,0.16,3.3,36000.0,0.14
S3_reappro_100,C101,CONCENTRES,Village,Littoral,2027-01-01,1,2027,2.05,40.9,36000.0,1.84
S3_reappro_100,C102,CONCENTRES,Ndobo,Littoral,2027-01-01,1,2027,0.8,16.0,29500.0,0.51
S3_reappro_100,C102,CONCENTRES,Pk11,Littoral,2027-01-01,1,2027,0.3,6.0,29500.0,0.19
S3_reappro_100,C102,CONCENTRES,Village,Littoral,2027-01-01,1,2027,0.8,16.0,29500.0,0.57
S3_reappro_100,C1022,CONCENTRES,Ndobo,Littoral,2027-01-01,1,2027,0.0,0.1,0.0,0.0
S3_reappro_100,C103,CONCENTRES,Buea,Littoral,2027-01-01,1,2027,5.72,114.4,39500.0,4.33
S3_reappro_100,C103,CONCENTRES,Ndobo,Littoral,2027-01-01,1,2027,12.95,258.9,39500.0,9.54
S3_reappro_100,C103,CONCENTRES,Nkongsamba,Littoral,2027-01-01,1,2027,1.83,36.5,39500.0,1.61
S3_reappro_100,C103,CONCENTRES,Pk11,Littoral,2027-01-01,1,2027,1.41,28.3,39500.0,0.99
S3_reappro_100,C103,CONCENTRES,Village,Littoral,2027-01-01,1,2027,3.28,65.6,39500.0,3.14
S3_reappro_100,C104,CONCENTRES,Buea,Littoral,2027-01-01,1,2027,52.25,1044.9,32100.0,31.61
S3_reappro_100,C104,CONCENTRES,Ndobo,Littoral,2027-01-01,1,2027,125.35,2507.0,32100.0,78.0
S3_reappro_100,C104,CONCENTRES,Nkongsamba,Littoral,2027-01-01,1,2027,50.9,1018.1,32100.0,31.66
S3_reappro_100,C104,CONCENTRES,Pk11,Littoral,2027-01-01,1,2027,24.39,487.8,32100.0,12.12
S3_reappro_100,C104,CONCENTRES,Village,Littoral,2027-01-01,1,2027,63.64,1272.8,32100.0,48.95
S3_reappro_100,C1042,CONCENTRES,Buea,Littoral,2027-01-01,1,2027,0.0,0.0,36500.0,0.0
S3_reappro_100,C1042,CONCENTRES,Ndobo,Littoral,2027-01-01,1,2027,0.01,0.2,36500.0,0.0
S3_reappro_100,C1042,CONCENTRES,Nkongsamba,Littoral,2027-01-01,1,2027,0.39,7.8,36500.0,0.24
S3_reappro_100,C1042,CONCENTRES,Village,Littoral,2027-01-01,1,2027,0.0,0.0,36500.0,0.0
S3_reappro_100,C1043,CONCENTRES,Buea,Littoral,2027-01-01,1,2027,0.03,0.6,36490.0,0.0
S3_reappro_100,C1043,CONCENTRES,Ndobo,Littoral,2027-01-01,1,2027,0.11,2.1,36490.0,0.02
S3_reappro_100,C1043,CONCENTRES,Nkongsamba,Littoral,2027-01-01,1,2027,0.51,10.2,36490.0,0.32
S3_reappro_100,C1043,CONCENTRES,Pk11,Littoral,2027-01-01,1,2027,0.01,0.2,36490.0,0.01
S3_reappro_100,C1043,CONCENTRES,Village,Littoral,2027-01-01,1,2027,0.01,0.1,36490.0,0.0
S3_reappro_100,C1044,CONCENTRES,Buea,Littoral,2027-01-01,1,2027,0.02,0.4,32900.0,0.0
S3_reappro_100,C1044,CONCENTRES,Ndobo,Littoral,2027-01-01,1,2027,0.14,2.7,32900.0,0.0
S3_reappro_100,C1044,CONCENTRES,Nkongsamba,Littoral,2027-01-01,1,2027,0.08,1.6,32900.0,0.04
S3_reappro_100,C1044,CONCENTRES,Pk11,Littoral,2027-01-01,1,2027,0.02,0.4,32900.0,0.0
S3_reappro_100,C1044,CONCENTRES,Village,Littoral,2027-01-01,1,2027,0.02,0.4,32900.0,0.01
S3_reappro_100,C105,CONCENTRES,Buea,Littoral,2027-01-01,1,2027,1.93,38.6,27500.0,1.11
S3_reappro_100,C105,CONCENTRES,Ndobo,Littoral,2027-01-01,1,2027,19.12,382.4,27500.0,9.88
S3_reappro_100,C105,CONCENTRES,Nkongsamba,Littoral,2027-01-01,1,2027,21.62,432.4,27500.0,11.89
S3_reappro_100,C105,CONCENTRES,Pk11,Littoral,2027-01-01,1,2027,2.02,40.4,27500.0,0.56
S3_reappro_100,C105,CONCENTRES,Village,Littoral,2027-01-01,1,2027,15.52,310.3,27500.0,10.08
S3_reappro_100,C1053,CONCENTRES,Buea,Littoral,2027-01-01,1,2027,0.04,0.8,32000.0,0.03
S3_reappro_100,C1053,CONCENTRES,Ndobo,Littoral,2027-01-01,1,2027,0.08,1.5,32000.0,0.05
S3_reappro_100,C1053,CONCENTRES,Nkongsamba,Littoral,2027-01-01,1,2027,0.64,12.8,32000.0,0.35
S3_reappro_100,C1053,CONCENTRES,Village,Littoral,2027-01-01,1,2027,0.0,0.0,32000.0,0.0
S3_reappro_100,C1054,CONCENTRES,Buea,Littoral,2027-01-01,1,2027,0.0,0.1,29500.0,0.0
S3_reappro_100,C1054,CONCENTRES,Ndobo,Littoral,2027-01-01,1,2027,0.31,6.3,29500.0,0.08
S3_reappro_100,C1054,CONCENTRES,Nkongsamba,Littoral,2027-01-01,1,2027,0.78,15.6,29500.0,0.35
S3_reappro_100,C1054,CONCENTRES,Pk11,Littoral,2027-01-01,1,2027,0.01,0.2,29500.0,0.01
S3_reappro_100,C1054,CONCENTRES,Village,Littoral,2027-01-01,1,2027,0.01,0.2,29500.0,0.01
S3_reappro_100,C1055,CONCENTRES,Ndobo,Littoral,2027-01-01,1,2027,0.02,0.4,28500.0,0.02
S3_reappro_100,C1055,CONCENTRES,Nkongsamba,Littoral,2027-01-01,1,2027,0.04,0.9,28500.0,0.01
S3_reappro_100,C1055,CONCENTRES,Pk11,Littoral,2027-01-01,1,2027,0.0,0.1,28500.0,0.0
S3_reappro_100,C1055,CONCENTRES,Village,Littoral,2027-01-01,1,2027,0.01,0.2,28500.0,0.01
S3_reappro_100,C108,CONCENTRES,Ndobo,Littoral,2027-01-01,1,2027,0.0,0.0,30000.0,0.0
S3_reappro_100,C101,CONCENTRES,Buea,Littoral,2027-02-01,2,2027,1.82,36.5,36000.0,1.33
S3_reappro_100,C101,CONCENTRES,Ndobo,Littoral,2027-02-01,2,2027,9.07,181.5,36000.0,7.0
S3_reappro_100,C101,CONCENTRES,Nkongsamba,Littoral,2027-02-01,2,2027,2.15,42.9,36000.0,1.77
S3_reappro_100,C101,CONCENTRES,Pk11,Littoral,2027-02-01,2,2027,0.15,2.9,36000.0,0.12
S3_reappro_100,C101,CONCENTRES,Village,Littoral,2027-02-01,2,2027,1.85,37.0,36000.0,1.66
S3_reappro_100,C102,CONCENTRES,Ndobo,Littoral,2027-02-01,2,2027,0.73,14.5,29500.0,0.46
S3_reappro_100,C102,CONCENTRES,Pk11,Littoral,2027-02-01,2,2027,0.27,5.4,29500.0,0.17
S3_reappro_100,C102,CONCENTRES,Village,Littoral,2027-02-01,2,2027,0.72,14.4,29500.0,0.52
S3_reappro_100,C1022,CONCENTRES,Ndobo,Littoral,2027-02-01,2,2027,0.0,0.1,0.0,0.0
S3_reappro_100,C103,CONCENTRES,Buea,Littoral,2027-02-01,2,2027,5.18,103.5,39500.0,3.92
S3_reappro_100,C103,CONCENTRES,Ndobo,Littoral,2027-02-01,2,2027,11.72,234.3,39500.0,8.64
S3_reappro_100,C103,CONCENTRES,Nkongsamba,Littoral,2027-02-01,2,2027,1.65,33.1,39500.0,1.46
S3_reappro_100,C103,CONCENTRES,Pk11,Littoral,2027-02-01,2,2027,1.28,25.6,39500.0,0.9
S3_reappro_100,C103,CONCENTRES,Village,Littoral,2027-02-01,2,2027,2.97,59.3,39500.0,2.84
S3_reappro_100,C104,CONCENTRES,Buea,Littoral,2027-02-01,2,2027,47.27,945.5,32100.0,28.6
S3_reappro_100,C104,CONCENTRES,Ndobo,Littoral,2027-02-01,2,2027,113.42,2268.4,32100.0,70.57
S3_reappro_100,C104,CONCENTRES,Nkongsamba,Littoral,2027-02-01,2,2027,46.06,921.2,32100.0,28.64
S3_reappro_100,C104,CONCENTRES,Pk11,Littoral,2027-02-01,2,2027,22.07,441.3,32100.0,10.97
S3_reappro_100,C104,CONCENTRES,Village,Littoral,2027-02-01,2,2027,57.58,1151.7,32100.0,44.29
S3_reappro_100,C1042,CONCENTRES,Buea,Littoral,2027-02-01,2,2027,0.0,0.0,36500.0,0.0
S3_reappro_100,C1042,CONCENTRES,Ndobo,Littoral,2027-02-01,2,2027,0.01,0.2,36500.0,0.0
S3_reappro_100,C1042,CONCENTRES,Nkongsamba,Littoral,2027-02-01,2,2027,0.35,7.1,36500.0,0.21
S3_reappro_100,C1042,CONCENTRES,Village,Littoral,2027-02-01,2,2027,0.0,0.0,36500.0,0.0
S3_reappro_100,C1043,CONCENTRES,Buea,Littoral,2027-02-01,2,2027,0.03,0.5,36490.0,0.0
S3_reappro_100,C1043,CONCENTRES,Ndobo,Littoral,2027-02-01,2,2027,0.1,1.9,36490.0,0.02
S3_reappro_100,C1043,CONCENTRES,Nkongsamba,Littoral,2027-02-01,2,2027,0.46,9.2,36490.0,0.29
S3_reappro_100,C1043,CONCENTRES,Pk11,Littoral,2027-02-01,2,2027,0.01,0.2,36490.0,0.01
S3_reappro_100,C1043,CONCENTRES,Village,Littoral,2027-02-01,2,2027,0.01,0.1,36490.0,0.0
S3_reappro_100,C1044,CONCENTRES,Buea,Littoral,2027-02-01,2,2027,0.02,0.3,32900.0,0.0
S3_reappro_100,C1044,CONCENTRES,Ndobo,Littoral,2027-02-01,2,2027,0.12,2.4,32900.0,0.0
S3_reappro_100,C1044,CONCENTRES,Nkongsamba,Littoral,2027-02-01,2,2027,0.07,1.4,32900.0,0.04
S3_reappro_100,C1044,CONCENTRES,Pk11,Littoral,2027-02-01,2,2027,0.02,0.3,32900.0,0.0
S3_reappro_100,C1044,CONCENTRES,Village,Littoral,2027-02-01,2,2027,0.02,0.4,32900.0,0.01
S3_reappro_100,C105,CONCENTRES,Buea,Littoral,2027-02-01,2,2027,1.75,34.9,27500.0,1.01
S3_reappro_100,C105,CONCENTRES,Ndobo,Littoral,2027-02-01,2,2027,17.3,346.0,27500.0,8.94
S3_reappro_100,C105,CONCENTRES,Nkongsamba,Littoral,2027-02-01,2,2027,19.56,391.3,27500.0,10.76
S3_reappro_100,C105,CONCENTRES,Pk11,Littoral,2027-02-01,2,2027,1.83,36.5,27500.0,0.5
S3_reappro_100,C105,CONCENTRES,Village,Littoral,2027-02-01,2,2027,14.04,280.8,27500.0,9.12
S3_reappro_100,C1053,CONCENTRES,Buea,Littoral,2027-02-01,2,2027,0.04,0.7,32000.0,0.03
S3_reappro_100,C1053,CONCENTRES,Ndobo,Littoral,2027-02-01,2,2027,0.07,1.4,32000.0,0.04
S3_reappro_100,C1053,CONCENTRES,Nkongsamba,Littoral,2027-02-01,2,2027,0.58,11.6,32000.0,0.32
S3_reappro_100,C1053,CONCENTRES,Village,Littoral,2027-02-01,2,2027,0.0,0.0,32000.0,0.0
S3_reappro_100,C1054,CONCENTRES,Buea,Littoral,2027-02-01,2,2027,0.0,0.1,29500.0,0.0
S3_reappro_100,C1054,CONCENTRES,Ndobo,Littoral,2027-02-01,2,2027,0.28,5.7,29500.0,0.07
S3_reappro_100,C1054,CONCENTRES,Nkongsamba,Littoral,2027-02-01,2,2027,0.71,14.1,29500.0,0.31
S3_reappro_100,C1054,CONCENTRES,Pk11,Littoral,2027-02-01,2,2027,0.01,0.2,29500.0,0.01
S3_reappro_100,C1054,CONCENTRES,Village,Littoral,2027-02-01,2,2027,0.01,0.2,29500.0,0.01
S3_reappro_100,C1055,CONCENTRES,Ndobo,Littoral,2027-02-01,2,2027,0.02,0.4,28500.0,0.01
S3_reappro_100,C1055,CONCENTRES,Nkongsamba,Littoral,2027-02-01,2,2027,0.04,0.8,28500.0,0.01
S3_reappro_100,C1055,CONCENTRES,Pk11,Littoral,2027-02-01,2,2027,0.0,0.1,28500.0,0.0
S3_reappro_100,C1055,CONCENTRES,Village,Littoral,2027-02-01,2,2027,0.01,0.2,28500.0,0.01
S3_reappro_100,C108,CONCENTRES,Ndobo,Littoral,2027-02-01,2,2027,0.0,0.0,30000.0,0.0
S3_reappro_100,C101,CONCENTRES,Buea,Littoral,2027-03-01,3,2027,2.15,42.9,36000.0,1.56
S3_reappro_100,C101,CONCENTRES,Ndobo,Littoral,2027-03-01,3,2027,10.69,213.8,36000.0,8.24
S3_reappro_100,C101,CONCENTRES,Nkongsamba,Littoral,2027-03-01,3,2027,2.53,50.5,36000.0,2.09
S3_reappro_100,C101,CONCENTRES,Pk11,Littoral,2027-03-01,3,2027,0.17,3.5,36000.0,0.14
S3_reappro_100,C101,CONCENTRES,Village,Littoral,2027-03-01,3,2027,2.18,43.6,36000.0,1.96
S3_reappro_100,C102,CONCENTRES,Ndobo,Littoral,2027-03-01,3,2027,0.85,17.1,29500.0,0.55
S3_reappro_100,C102,CONCENTRES,Pk11,Littoral,2027-03-01,3,2027,0.32,6.4,29500.0,0.2
S3_reappro_100,C102,CONCENTRES,Village,Littoral,2027-03-01,3,2027,0.85,17.0,29500.0,0.61
S3_reappro_100,C1022,CONCENTRES,Ndobo,Littoral,2027-03-01,3,2027,0.0,0.1,0.0,0.0
S3_reappro_100,C103,CONCENTRES,Buea,Littoral,2027-03-01,3,2027,6.1,122.0,39500.0,4.62
S3_reappro_100,C103,CONCENTRES,Ndobo,Littoral,2027-03-01,3,2027,13.8,276.0,39500.0,10.17
S3_reappro_100,C103,CONCENTRES,Nkongsamba,Littoral,2027-03-01,3,2027,1.95,38.9,39500.0,1.72
S3_reappro_100,C103,CONCENTRES,Pk11,Littoral,2027-03-01,3,2027,1.51,30.1,39500.0,1.06
S3_reappro_100,C103,CONCENTRES,Village,Littoral,2027-03-01,3,2027,3.49,69.9,39500.0,3.35
S3_reappro_100,C104,CONCENTRES,Buea,Littoral,2027-03-01,3,2027,55.68,1113.7,32100.0,33.69
S3_reappro_100,C104,CONCENTRES,Ndobo,Littoral,2027-03-01,3,2027,133.59,2671.9,32100.0,83.13
S3_reappro_100,C104,CONCENTRES,Nkongsamba,Littoral,2027-03-01,3,2027,54.25,1085.1,32100.0,33.74
S3_reappro_100,C104,CONCENTRES,Pk11,Littoral,2027-03-01,3,2027,25.99,519.8,32100.0,12.92
S3_reappro_100,C104,CONCENTRES,Village,Littoral,2027-03-01,3,2027,67.83,1356.5,32100.0,52.17
S3_reappro_100,C1042,CONCENTRES,Buea,Littoral,2027-03-01,3,2027,0.0,0.0,36500.0,0.0
S3_reappro_100,C1042,CONCENTRES,Ndobo,Littoral,2027-03-01,3,2027,0.01,0.2,36500.0,0.0
S3_reappro_100,C1042,CONCENTRES,Nkongsamba,Littoral,2027-03-01,3,2027,0.42,8.3,36500.0,0.25
S3_reappro_100,C1042,CONCENTRES,Village,Littoral,2027-03-01,3,2027,0.0,0.0,36500.0,0.0
S3_reappro_100,C1043,CONCENTRES,Buea,Littoral,2027-03-01,3,2027,0.03,0.6,36490.0,0.0
S3_reappro_100,C1043,CONCENTRES,Ndobo,Littoral,2027-03-01,3,2027,0.11,2.3,36490.0,0.02
S3_reappro_100,C1043,CONCENTRES,Nkongsamba,Littoral,2027-03-01,3,2027,0.54,10.9,36490.0,0.34
S3_reappro_100,C1043,CONCENTRES,Pk11,Littoral,2027-03-01,3,2027,0.01,0.2,36490.0,0.01
S3_reappro_100,C1043,CONCENTRES,Village,Littoral,2027-03-01,3,2027,0.01,0.1,36490.0,0.0
S3_reappro_100,C1044,CONCENTRES,Buea,Littoral,2027-03-01,3,2027,0.02,0.4,32900.0,0.0
S3_reappro_100,C1044,CONCENTRES,Ndobo,Littoral,2027-03-01,3,2027,0.14,2.9,32900.0,0.0
S3_reappro_100,C1044,CONCENTRES,Nkongsamba,Littoral,2027-03-01,3,2027,0.08,1.7,32900.0,0.04
S3_reappro_100,C1044,CONCENTRES,Pk11,Littoral,2027-03-01,3,2027,0.02,0.4,32900.0,0.0
S3_reappro_100,C1044,CONCENTRES,Village,Littoral,2027-03-01,3,2027,0.02,0.4,32900.0,0.01
S3_reappro_100,C105,CONCENTRES,Buea,Littoral,2027-03-01,3,2027,2.06,41.1,27500.0,1.18
S3_reappro_100,C105,CONCENTRES,Ndobo,Littoral,2027-03-01,3,2027,20.38,407.6,27500.0,10.53
S3_reappro_100,C105,CONCENTRES,Nkongsamba,Littoral,2027-03-01,3,2027,23.04,460.9,27500.0,12.68
S3_reappro_100,C105,CONCENTRES,Pk11,Littoral,2027-03-01,3,2027,2.15,43.0,27500.0,0.59
S3_reappro_100,C105,CONCENTRES,Village,Littoral,2027-03-01,3,2027,16.54,330.7,27500.0,10.74
S3_reappro_100,C1053,CONCENTRES,Buea,Littoral,2027-03-01,3,2027,0.04,0.9,32000.0,0.04
S3_reappro_100,C1053,CONCENTRES,Ndobo,Littoral,2027-03-01,3,2027,0.08,1.6,32000.0,0.05
S3_reappro_100,C1053,CONCENTRES,Nkongsamba,Littoral,2027-03-01,3,2027,0.68,13.6,32000.0,0.37
S3_reappro_100,C1053,CONCENTRES,Village,Littoral,2027-03-01,3,2027,0.0,0.0,32000.0,0.0
S3_reappro_100,C1054,CONCENTRES,Buea,Littoral,2027-03-01,3,2027,0.0,0.1,29500.0,0.0
S3_reappro_100,C1054,CONCENTRES,Ndobo,Littoral,2027-03-01,3,2027,0.33,6.7,29500.0,0.09
S3_reappro_100,C1054,CONCENTRES,Nkongsamba,Littoral,2027-03-01,3,2027,0.83,16.7,29500.0,0.37
S3_reappro_100,C1054,CONCENTRES,Pk11,Littoral,2027-03-01,3,2027,0.01,0.2,29500.0,0.01
S3_reappro_100,C1054,CONCENTRES,Village,Littoral,2027-03-01,3,2027,0.01,0.2,29500.0,0.01
S3_reappro_100,C1055,CONCENTRES,Ndobo,Littoral,2027-03-01,3,2027,0.02,0.5,28500.0,0.02
S3_reappro_100,C1055,CONCENTRES,Nkongsamba,Littoral,2027-03-01,3,2027,0.05,0.9,28500.0,0.02
S3_reappro_100,C1055,CONCENTRES,Pk11,Littoral,2027-03-01,3,2027,0.0,0.1,28500.0,0.0
S3_reappro_100,C1055,CONCENTRES,Village,Littoral,2027-03-01,3,2027,0.01,0.2,28500.0,0.01
S3_reappro_100,C108,CONCENTRES,Ndobo,Littoral,2027-03-01,3,2027,0.0,0.0,30000.0,0.0
S3_reappro_100,C101,CONCENTRES,Buea,Littoral,2027-04-01,4,2027,2.12,42.3,36000.0,1.54
S3_reappro_100,C101,CONCENTRES,Ndobo,Littoral,2027-04-01,4,2027,10.54,210.8,36000.0,8.13
S3_reappro_100,C101,CONCENTRES,Nkongsamba,Littoral,2027-04-01,4,2027,2.49,49.8,36000.0,2.06
S3_reappro_100,C101,CONCENTRES,Pk11,Littoral,2027-04-01,4,2027,0.17,3.4,36000.0,0.14
S3_reappro_100,C101,CONCENTRES,Village,Littoral,2027-04-01,4,2027,2.15,43.0,36000.0,1.93
S3_reappro_100,C102,CONCENTRES,Ndobo,Littoral,2027-04-01,4,2027,0.84,16.9,29500.0,0.54
S3_reappro_100,C102,CONCENTRES,Pk11,Littoral,2027-04-01,4,2027,0.31,6.3,29500.0,0.2
S3_reappro_100,C102,CONCENTRES,Village,Littoral,2027-04-01,4,2027,0.84,16.8,29500.0,0.6
S3_reappro_100,C1022,CONCENTRES,Ndobo,Littoral,2027-04-01,4,2027,0.0,0.1,0.0,0.0
S3_reappro_100,C103,CONCENTRES,Buea,Littoral,2027-04-01,4,2027,6.01,120.3,39500.0,4.56
S3_reappro_100,C103,CONCENTRES,Ndobo,Littoral,2027-04-01,4,2027,13.61,272.1,39500.0,10.03
S3_reappro_100,C103,CONCENTRES,Nkongsamba,Littoral,2027-04-01,4,2027,1.92,38.4,39500.0,1.69
S3_reappro_100,C103,CONCENTRES,Pk11,Littoral,2027-04-01,4,2027,1.49,29.7,39500.0,1.04
S3_reappro_100,C103,CONCENTRES,Village,Littoral,2027-04-01,4,2027,3.45,68.9,39500.0,3.3
S3_reappro_100,C104,CONCENTRES,Buea,Littoral,2027-04-01,4,2027,54.91,1098.2,32100.0,33.22
S3_reappro_100,C104,CONCENTRES,Ndobo,Littoral,2027-04-01,4,2027,131.73,2634.7,32100.0,81.97
S3_reappro_100,C104,CONCENTRES,Nkongsamba,Littoral,2027-04-01,4,2027,53.5,1070.0,32100.0,33.27
S3_reappro_100,C104,CONCENTRES,Pk11,Littoral,2027-04-01,4,2027,25.63,512.6,32100.0,12.74
S3_reappro_100,C104,CONCENTRES,Village,Littoral,2027-04-01,4,2027,66.88,1337.6,32100.0,51.45
S3_reappro_100,C1042,CONCENTRES,Buea,Littoral,2027-04-01,4,2027,0.0,0.0,36500.0,0.0
S3_reappro_100,C1042,CONCENTRES,Ndobo,Littoral,2027-04-01,4,2027,0.01,0.2,36500.0,0.0
S3_reappro_100,C1042,CONCENTRES,Nkongsamba,Littoral,2027-04-01,4,2027,0.41,8.2,36500.0,0.25
S3_reappro_100,C1042,CONCENTRES,Village,Littoral,2027-04-01,4,2027,0.0,0.0,36500.0,0.0
S3_reappro_100,C1043,CONCENTRES,Buea,Littoral,2027-04-01,4,2027,0.03,0.6,36490.0,0.0
S3_reappro_100,C1043,CONCENTRES,Ndobo,Littoral,2027-04-01,4,2027,0.11,2.2,36490.0,0.02
S3_reappro_100,C1043,CONCENTRES,Nkongsamba,Littoral,2027-04-01,4,2027,0.54,10.7,36490.0,0.34
S3_reappro_100,C1043,CONCENTRES,Pk11,Littoral,2027-04-01,4,2027,0.01,0.2,36490.0,0.01
S3_reappro_100,C1043,CONCENTRES,Village,Littoral,2027-04-01,4,2027,0.01,0.1,36490.0,0.0
S3_reappro_100,C1044,CONCENTRES,Buea,Littoral,2027-04-01,4,2027,0.02,0.4,32900.0,0.0
S3_reappro_100,C1044,CONCENTRES,Ndobo,Littoral,2027-04-01,4,2027,0.14,2.8,32900.0,0.0
S3_reappro_100,C1044,CONCENTRES,Nkongsamba,Littoral,2027-04-01,4,2027,0.08,1.6,32900.0,0.04
S3_reappro_100,C1044,CONCENTRES,Pk11,Littoral,2027-04-01,4,2027,0.02,0.4,32900.0,0.0
S3_reappro_100,C1044,CONCENTRES,Village,Littoral,2027-04-01,4,2027,0.02,0.4,32900.0,0.01
S3_reappro_100,C105,CONCENTRES,Buea,Littoral,2027-04-01,4,2027,2.03,40.6,27500.0,1.17
S3_reappro_100,C105,CONCENTRES,Ndobo,Littoral,2027-04-01,4,2027,20.1,401.9,27500.0,10.38
S3_reappro_100,C105,CONCENTRES,Nkongsamba,Littoral,2027-04-01,4,2027,22.72,454.4,27500.0,12.5
S3_reappro_100,C105,CONCENTRES,Pk11,Littoral,2027-04-01,4,2027,2.12,42.4,27500.0,0.59
S3_reappro_100,C105,CONCENTRES,Village,Littoral,2027-04-01,4,2027,16.31,326.1,27500.0,10.59
S3_reappro_100,C1053,CONCENTRES,Buea,Littoral,2027-04-01,4,2027,0.04,0.9,32000.0,0.04
S3_reappro_100,C1053,CONCENTRES,Ndobo,Littoral,2027-04-01,4,2027,0.08,1.6,32000.0,0.05
S3_reappro_100,C1053,CONCENTRES,Nkongsamba,Littoral,2027-04-01,4,2027,0.67,13.5,32000.0,0.37
S3_reappro_100,C1053,CONCENTRES,Village,Littoral,2027-04-01,4,2027,0.0,0.0,32000.0,0.0
S3_reappro_100,C1054,CONCENTRES,Buea,Littoral,2027-04-01,4,2027,0.0,0.1,29500.0,0.0
S3_reappro_100,C1054,CONCENTRES,Ndobo,Littoral,2027-04-01,4,2027,0.33,6.6,29500.0,0.09
S3_reappro_100,C1054,CONCENTRES,Nkongsamba,Littoral,2027-04-01,4,2027,0.82,16.4,29500.0,0.36
S3_reappro_100,C1054,CONCENTRES,Pk11,Littoral,2027-04-01,4,2027,0.01,0.2,29500.0,0.01
S3_reappro_100,C1054,CONCENTRES,Village,Littoral,2027-04-01,4,2027,0.01,0.2,29500.0,0.01
S3_reappro_100,C1055,CONCENTRES,Ndobo,Littoral,2027-04-01,4,2027,0.02,0.5,28500.0,0.02
S3_reappro_100,C1055,CONCENTRES,Nkongsamba,Littoral,2027-04-01,4,2027,0.05,0.9,28500.0,0.01
S3_reappro_100,C1055,CONCENTRES,Pk11,Littoral,2027-04-01,4,2027,0.0,0.1,28500.0,0.0
S3_reappro_100,C1055,CONCENTRES,Village,Littoral,2027-04-01,4,2027,0.01,0.2,28500.0,0.01
S3_reappro_100,C108,CONCENTRES,Ndobo,Littoral,2027-04-01,4,2027,0.0,0.0,30000.0,0.0
S3_reappro_100,C101,CONCENTRES,Buea,Littoral,2027-05-01,5,2027,1.81,36.3,36000.0,1.32
S3_reappro_100,C101,CONCENTRES,Ndobo,Littoral,2027-05-01,5,2027,9.03,180.6,36000.0,6.96
S3_reappro_100,C101,CONCENTRES,Nkongsamba,Littoral,2027-05-01,5,2027,2.14,42.7,36000.0,1.77
S3_reappro_100,C101,CONCENTRES,Pk11,Littoral,2027-05-01,5,2027,0.15,2.9,36000.0,0.12
S3_reappro_100,C101,CONCENTRES,Village,Littoral,2027-05-01,5,2027,1.84,36.8,36000.0,1.65
S3_reappro_100,C102,CONCENTRES,Ndobo,Littoral,2027-05-01,5,2027,0.72,14.4,29500.0,0.46
S3_reappro_100,C102,CONCENTRES,Pk11,Littoral,2027-05-01,5,2027,0.27,5.4,29500.0,0.17
S3_reappro_100,C102,CONCENTRES,Village,Littoral,2027-05-01,5,2027,0.72,14.4,29500.0,0.52
S3_reappro_100,C1022,CONCENTRES,Ndobo,Littoral,2027-05-01,5,2027,0.0,0.1,0.0,0.0
S3_reappro_100,C103,CONCENTRES,Buea,Littoral,2027-05-01,5,2027,5.15,103.0,39500.0,3.9
S3_reappro_100,C103,CONCENTRES,Ndobo,Littoral,2027-05-01,5,2027,11.66,233.2,39500.0,8.59
S3_reappro_100,C103,CONCENTRES,Nkongsamba,Littoral,2027-05-01,5,2027,1.64,32.9,39500.0,1.45
S3_reappro_100,C103,CONCENTRES,Pk11,Littoral,2027-05-01,5,2027,1.27,25.5,39500.0,0.89
S3_reappro_100,C103,CONCENTRES,Village,Littoral,2027-05-01,5,2027,2.95,59.0,39500.0,2.83
S3_reappro_100,C104,CONCENTRES,Buea,Littoral,2027-05-01,5,2027,47.05,941.0,32100.0,28.47
S3_reappro_100,C104,CONCENTRES,Ndobo,Littoral,2027-05-01,5,2027,112.88,2257.5,32100.0,70.24
S3_reappro_100,C104,CONCENTRES,Nkongsamba,Littoral,2027-05-01,5,2027,45.84,916.8,32100.0,28.51
S3_reappro_100,C104,CONCENTRES,Pk11,Littoral,2027-05-01,5,2027,21.96,439.2,32100.0,10.91
S3_reappro_100,C104,CONCENTRES,Village,Littoral,2027-05-01,5,2027,57.31,1146.2,32100.0,44.08
S3_reappro_100,C1042,CONCENTRES,Buea,Littoral,2027-05-01,5,2027,0.0,0.0,36500.0,0.0
S3_reappro_100,C1042,CONCENTRES,Ndobo,Littoral,2027-05-01,5,2027,0.01,0.2,36500.0,0.0
S3_reappro_100,C1042,CONCENTRES,Nkongsamba,Littoral,2027-05-01,5,2027,0.35,7.0,36500.0,0.21
S3_reappro_100,C1042,CONCENTRES,Village,Littoral,2027-05-01,5,2027,0.0,0.0,36500.0,0.0
S3_reappro_100,C1043,CONCENTRES,Buea,Littoral,2027-05-01,5,2027,0.03,0.5,36490.0,0.0
S3_reappro_100,C1043,CONCENTRES,Ndobo,Littoral,2027-05-01,5,2027,0.1,1.9,36490.0,0.02
S3_reappro_100,C1043,CONCENTRES,Nkongsamba,Littoral,2027-05-01,5,2027,0.46,9.2,36490.0,0.29
S3_reappro_100,C1043,CONCENTRES,Pk11,Littoral,2027-05-01,5,2027,0.01,0.2,36490.0,0.01
S3_reappro_100,C1043,CONCENTRES,Village,Littoral,2027-05-01,5,2027,0.01,0.1,36490.0,0.0
S3_reappro_100,C1044,CONCENTRES,Buea,Littoral,2027-05-01,5,2027,0.02,0.3,32900.0,0.0
S3_reappro_100,C1044,CONCENTRES,Ndobo,Littoral,2027-05-01,5,2027,0.12,2.4,32900.0,0.0
S3_reappro_100,C1044,CONCENTRES,Nkongsamba,Littoral,2027-05-01,5,2027,0.07,1.4,32900.0,0.04
S3_reappro_100,C1044,CONCENTRES,Pk11,Littoral,2027-05-01,5,2027,0.02,0.3,32900.0,0.0
S3_reappro_100,C1044,CONCENTRES,Village,Littoral,2027-05-01,5,2027,0.02,0.4,32900.0,0.01
S3_reappro_100,C105,CONCENTRES,Buea,Littoral,2027-05-01,5,2027,1.74,34.8,27500.0,1.0
S3_reappro_100,C105,CONCENTRES,Ndobo,Littoral,2027-05-01,5,2027,17.22,344.4,27500.0,8.89
S3_reappro_100,C105,CONCENTRES,Nkongsamba,Littoral,2027-05-01,5,2027,19.47,389.4,27500.0,10.71
S3_reappro_100,C105,CONCENTRES,Pk11,Littoral,2027-05-01,5,2027,1.82,36.4,27500.0,0.5
S3_reappro_100,C105,CONCENTRES,Village,Littoral,2027-05-01,5,2027,13.97,279.4,27500.0,9.08
S3_reappro_100,C1053,CONCENTRES,Buea,Littoral,2027-05-01,5,2027,0.04,0.7,32000.0,0.03
S3_reappro_100,C1053,CONCENTRES,Ndobo,Littoral,2027-05-01,5,2027,0.07,1.4,32000.0,0.04
S3_reappro_100,C1053,CONCENTRES,Nkongsamba,Littoral,2027-05-01,5,2027,0.58,11.5,32000.0,0.31
S3_reappro_100,C1053,CONCENTRES,Village,Littoral,2027-05-01,5,2027,0.0,0.0,32000.0,0.0
S3_reappro_100,C1054,CONCENTRES,Buea,Littoral,2027-05-01,5,2027,0.0,0.1,29500.0,0.0
S3_reappro_100,C1054,CONCENTRES,Ndobo,Littoral,2027-05-01,5,2027,0.28,5.6,29500.0,0.07
S3_reappro_100,C1054,CONCENTRES,Nkongsamba,Littoral,2027-05-01,5,2027,0.7,14.1,29500.0,0.31
S3_reappro_100,C1054,CONCENTRES,Pk11,Littoral,2027-05-01,5,2027,0.01,0.2,29500.0,0.01
S3_reappro_100,C1054,CONCENTRES,Village,Littoral,2027-05-01,5,2027,0.01,0.2,29500.0,0.01
S3_reappro_100,C1055,CONCENTRES,Ndobo,Littoral,2027-05-01,5,2027,0.02,0.4,28500.0,0.01
S3_reappro_100,C1055,CONCENTRES,Nkongsamba,Littoral,2027-05-01,5,2027,0.04,0.8,28500.0,0.01
S3_reappro_100,C1055,CONCENTRES,Pk11,Littoral,2027-05-01,5,2027,0.0,0.1,28500.0,0.0
S3_reappro_100,C1055,CONCENTRES,Village,Littoral,2027-05-01,5,2027,0.01,0.2,28500.0,0.01
S3_reappro_100,C108,CONCENTRES,Ndobo,Littoral,2027-05-01,5,2027,0.0,0.0,30000.0,0.0
S3_reappro_100,C101,CONCENTRES,Buea,Littoral,2027-06-01,6,2027,1.8,36.0,36000.0,1.31
S3_reappro_100,C101,CONCENTRES,Ndobo,Littoral,2027-06-01,6,2027,8.97,179.3,36000.0,6.91
S3_reappro_100,C101,CONCENTRES,Nkongsamba,Littoral,2027-06-01,6,2027,2.12,42.4,36000.0,1.75
S3_reappro_100,C101,CONCENTRES,Pk11,Littoral,2027-06-01,6,2027,0.15,2.9,36000.0,0.12
S3_reappro_100,C101,CONCENTRES,Village,Littoral,2027-06-01,6,2027,1.83,36.6,36000.0,1.64
S3_reappro_100,C102,CONCENTRES,Ndobo,Littoral,2027-06-01,6,2027,0.72,14.3,29500.0,0.46
S3_reappro_100,C102,CONCENTRES,Pk11,Littoral,2027-06-01,6,2027,0.27,5.3,29500.0,0.17
S3_reappro_100,C102,CONCENTRES,Village,Littoral,2027-06-01,6,2027,0.71,14.3,29500.0,0.51
S3_reappro_100,C1022,CONCENTRES,Ndobo,Littoral,2027-06-01,6,2027,0.0,0.1,0.0,0.0
S3_reappro_100,C103,CONCENTRES,Buea,Littoral,2027-06-01,6,2027,5.12,102.3,39500.0,3.88
S3_reappro_100,C103,CONCENTRES,Ndobo,Littoral,2027-06-01,6,2027,11.58,231.5,39500.0,8.53
S3_reappro_100,C103,CONCENTRES,Nkongsamba,Littoral,2027-06-01,6,2027,1.63,32.7,39500.0,1.44
S3_reappro_100,C103,CONCENTRES,Pk11,Littoral,2027-06-01,6,2027,1.26,25.3,39500.0,0.89
S3_reappro_100,C103,CONCENTRES,Village,Littoral,2027-06-01,6,2027,2.93,58.6,39500.0,2.81
S3_reappro_100,C104,CONCENTRES,Buea,Littoral,2027-06-01,6,2027,46.72,934.3,32100.0,28.27
S3_reappro_100,C104,CONCENTRES,Ndobo,Littoral,2027-06-01,6,2027,112.08,2241.5,32100.0,69.74
S3_reappro_100,C104,CONCENTRES,Nkongsamba,Littoral,2027-06-01,6,2027,45.52,910.3,32100.0,28.3
S3_reappro_100,C104,CONCENTRES,Pk11,Littoral,2027-06-01,6,2027,21.81,436.1,32100.0,10.84
S3_reappro_100,C104,CONCENTRES,Village,Littoral,2027-06-01,6,2027,56.9,1138.0,32100.0,43.77
S3_reappro_100,C1042,CONCENTRES,Buea,Littoral,2027-06-01,6,2027,0.0,0.0,36500.0,0.0
S3_reappro_100,C1042,CONCENTRES,Ndobo,Littoral,2027-06-01,6,2027,0.01,0.2,36500.0,0.0
S3_reappro_100,C1042,CONCENTRES,Nkongsamba,Littoral,2027-06-01,6,2027,0.35,7.0,36500.0,0.21
S3_reappro_100,C1042,CONCENTRES,Village,Littoral,2027-06-01,6,2027,0.0,0.0,36500.0,0.0
S3_reappro_100,C1043,CONCENTRES,Buea,Littoral,2027-06-01,6,2027,0.03,0.5,36490.0,0.0
S3_reappro_100,C1043,CONCENTRES,Ndobo,Littoral,2027-06-01,6,2027,0.09,1.9,36490.0,0.02
S3_reappro_100,C1043,CONCENTRES,Nkongsamba,Littoral,2027-06-01,6,2027,0.46,9.1,36490.0,0.29
S3_reappro_100,C1043,CONCENTRES,Pk11,Littoral,2027-06-01,6,2027,0.01,0.2,36490.0,0.01
S3_reappro_100,C1043,CONCENTRES,Village,Littoral,2027-06-01,6,2027,0.01,0.1,36490.0,0.0
S3_reappro_100,C1044,CONCENTRES,Buea,Littoral,2027-06-01,6,2027,0.02,0.3,32900.0,0.0
S3_reappro_100,C1044,CONCENTRES,Ndobo,Littoral,2027-06-01,6,2027,0.12,2.4,32900.0,0.0
S3_reappro_100,C1044,CONCENTRES,Nkongsamba,Littoral,2027-06-01,6,2027,0.07,1.4,32900.0,0.04
S3_reappro_100,C1044,CONCENTRES,Pk11,Littoral,2027-06-01,6,2027,0.02,0.3,32900.0,0.0
S3_reappro_100,C1044,CONCENTRES,Village,Littoral,2027-06-01,6,2027,0.02,0.4,32900.0,0.01
S3_reappro_100,C105,CONCENTRES,Buea,Littoral,2027-06-01,6,2027,1.73,34.5,27500.0,0.99
S3_reappro_100,C105,CONCENTRES,Ndobo,Littoral,2027-06-01,6,2027,17.1,342.0,27500.0,8.83
S3_reappro_100,C105,CONCENTRES,Nkongsamba,Littoral,2027-06-01,6,2027,19.33,386.6,27500.0,10.64
S3_reappro_100,C105,CONCENTRES,Pk11,Littoral,2027-06-01,6,2027,1.8,36.1,27500.0,0.5
S3_reappro_100,C105,CONCENTRES,Village,Littoral,2027-06-01,6,2027,13.87,277.5,27500.0,9.01
S3_reappro_100,C1053,CONCENTRES,Buea,Littoral,2027-06-01,6,2027,0.04,0.7,32000.0,0.03
S3_reappro_100,C1053,CONCENTRES,Ndobo,Littoral,2027-06-01,6,2027,0.07,1.3,32000.0,0.04
S3_reappro_100,C1053,CONCENTRES,Nkongsamba,Littoral,2027-06-01,6,2027,0.57,11.5,32000.0,0.31
S3_reappro_100,C1053,CONCENTRES,Village,Littoral,2027-06-01,6,2027,0.0,0.0,32000.0,0.0
S3_reappro_100,C1054,CONCENTRES,Buea,Littoral,2027-06-01,6,2027,0.0,0.1,29500.0,0.0
S3_reappro_100,C1054,CONCENTRES,Ndobo,Littoral,2027-06-01,6,2027,0.28,5.6,29500.0,0.07
S3_reappro_100,C1054,CONCENTRES,Nkongsamba,Littoral,2027-06-01,6,2027,0.7,14.0,29500.0,0.31
S3_reappro_100,C1054,CONCENTRES,Pk11,Littoral,2027-06-01,6,2027,0.01,0.2,29500.0,0.01
S3_reappro_100,C1054,CONCENTRES,Village,Littoral,2027-06-01,6,2027,0.01,0.2,29500.0,0.01
S3_reappro_100,C1055,CONCENTRES,Ndobo,Littoral,2027-06-01,6,2027,0.02,0.4,28500.0,0.01
S3_reappro_100,C1055,CONCENTRES,Nkongsamba,Littoral,2027-06-01,6,2027,0.04,0.8,28500.0,0.01
S3_reappro_100,C1055,CONCENTRES,Pk11,Littoral,2027-06-01,6,2027,0.0,0.1,28500.0,0.0
S3_reappro_100,C1055,CONCENTRES,Village,Littoral,2027-06-01,6,2027,0.01,0.2,28500.0,0.01
S3_reappro_100,C108,CONCENTRES,Ndobo,Littoral,2027-06-01,6,2027,0.0,0.0,30000.0,0.0
S3_reappro_100,C101,CONCENTRES,Buea,Littoral,2027-07-01,7,2027,2.68,53.7,36000.0,1.96
S3_reappro_100,C101,CONCENTRES,Ndobo,Littoral,2027-07-01,7,2027,13.36,267.1,36000.0,10.3
S3_reappro_100,C101,CONCENTRES,Nkongsamba,Littoral,2027-07-01,7,2027,3.16,63.2,36000.0,2.61
S3_reappro_100,C101,CONCENTRES,Pk11,Littoral,2027-07-01,7,2027,0.22,4.3,36000.0,0.18
S3_reappro_100,C101,CONCENTRES,Village,Littoral,2027-07-01,7,2027,2.72,54.5,36000.0,2.44
S3_reappro_100,C102,CONCENTRES,Ndobo,Littoral,2027-07-01,7,2027,1.07,21.4,29500.0,0.68
S3_reappro_100,C102,CONCENTRES,Pk11,Littoral,2027-07-01,7,2027,0.4,8.0,29500.0,0.25
S3_reappro_100,C102,CONCENTRES,Village,Littoral,2027-07-01,7,2027,1.06,21.3,29500.0,0.77
S3_reappro_100,C1022,CONCENTRES,Ndobo,Littoral,2027-07-01,7,2027,0.0,0.1,0.0,0.0
S3_reappro_100,C103,CONCENTRES,Buea,Littoral,2027-07-01,7,2027,7.62,152.4,39500.0,5.77
S3_reappro_100,C103,CONCENTRES,Ndobo,Littoral,2027-07-01,7,2027,17.24,344.9,39500.0,12.71
S3_reappro_100,C103,CONCENTRES,Nkongsamba,Littoral,2027-07-01,7,2027,2.43,48.7,39500.0,2.15
S3_reappro_100,C103,CONCENTRES,Pk11,Littoral,2027-07-01,7,2027,1.88,37.7,39500.0,1.32
S3_reappro_100,C103,CONCENTRES,Village,Littoral,2027-07-01,7,2027,4.37,87.3,39500.0,4.19
S3_reappro_100,C104,CONCENTRES,Buea,Littoral,2027-07-01,7,2027,69.58,1391.6,32100.0,42.1
S3_reappro_100,C104,CONCENTRES,Ndobo,Littoral,2027-07-01,7,2027,166.94,3338.7,32100.0,103.87
S3_reappro_100,C104,CONCENTRES,Nkongsamba,Littoral,2027-07-01,7,2027,67.79,1355.9,32100.0,42.16
S3_reappro_100,C104,CONCENTRES,Pk11,Littoral,2027-07-01,7,2027,32.48,649.6,32100.0,16.14
S3_reappro_100,C104,CONCENTRES,Village,Littoral,2027-07-01,7,2027,84.75,1695.1,32100.0,65.19
S3_reappro_100,C1042,CONCENTRES,Buea,Littoral,2027-07-01,7,2027,0.0,0.0,36500.0,0.0
S3_reappro_100,C1042,CONCENTRES,Ndobo,Littoral,2027-07-01,7,2027,0.02,0.3,36500.0,0.0
S3_reappro_100,C1042,CONCENTRES,Nkongsamba,Littoral,2027-07-01,7,2027,0.52,10.4,36500.0,0.31
S3_reappro_100,C1042,CONCENTRES,Village,Littoral,2027-07-01,7,2027,0.0,0.0,36500.0,0.0
S3_reappro_100,C1043,CONCENTRES,Buea,Littoral,2027-07-01,7,2027,0.04,0.8,36490.0,0.0
S3_reappro_100,C1043,CONCENTRES,Ndobo,Littoral,2027-07-01,7,2027,0.14,2.8,36490.0,0.03
S3_reappro_100,C1043,CONCENTRES,Nkongsamba,Littoral,2027-07-01,7,2027,0.68,13.6,36490.0,0.42
S3_reappro_100,C1043,CONCENTRES,Pk11,Littoral,2027-07-01,7,2027,0.01,0.3,36490.0,0.01
S3_reappro_100,C1043,CONCENTRES,Village,Littoral,2027-07-01,7,2027,0.01,0.2,36490.0,0.0
S3_reappro_100,C1044,CONCENTRES,Buea,Littoral,2027-07-01,7,2027,0.02,0.5,32900.0,0.0
S3_reappro_100,C1044,CONCENTRES,Ndobo,Littoral,2027-07-01,7,2027,0.18,3.6,32900.0,0.0
S3_reappro_100,C1044,CONCENTRES,Nkongsamba,Littoral,2027-07-01,7,2027,0.1,2.1,32900.0,0.05
S3_reappro_100,C1044,CONCENTRES,Pk11,Littoral,2027-07-01,7,2027,0.02,0.5,32900.0,0.0
S3_reappro_100,C1044,CONCENTRES,Village,Littoral,2027-07-01,7,2027,0.03,0.5,32900.0,0.02
S3_reappro_100,C105,CONCENTRES,Buea,Littoral,2027-07-01,7,2027,2.57,51.4,27500.0,1.48
S3_reappro_100,C105,CONCENTRES,Ndobo,Littoral,2027-07-01,7,2027,25.47,509.3,27500.0,13.15
S3_reappro_100,C105,CONCENTRES,Nkongsamba,Littoral,2027-07-01,7,2027,28.79,575.9,27500.0,15.84
S3_reappro_100,C105,CONCENTRES,Pk11,Littoral,2027-07-01,7,2027,2.69,53.8,27500.0,0.74
S3_reappro_100,C105,CONCENTRES,Village,Littoral,2027-07-01,7,2027,20.66,413.3,27500.0,13.43
S3_reappro_100,C1053,CONCENTRES,Buea,Littoral,2027-07-01,7,2027,0.05,1.1,32000.0,0.04
S3_reappro_100,C1053,CONCENTRES,Ndobo,Littoral,2027-07-01,7,2027,0.1,2.0,32000.0,0.06
S3_reappro_100,C1053,CONCENTRES,Nkongsamba,Littoral,2027-07-01,7,2027,0.85,17.1,32000.0,0.46
S3_reappro_100,C1053,CONCENTRES,Village,Littoral,2027-07-01,7,2027,0.0,0.0,32000.0,0.0
S3_reappro_100,C1054,CONCENTRES,Buea,Littoral,2027-07-01,7,2027,0.0,0.1,29500.0,0.0
S3_reappro_100,C1054,CONCENTRES,Ndobo,Littoral,2027-07-01,7,2027,0.42,8.4,29500.0,0.11
S3_reappro_100,C1054,CONCENTRES,Nkongsamba,Littoral,2027-07-01,7,2027,1.04,20.8,29500.0,0.46
S3_reappro_100,C1054,CONCENTRES,Pk11,Littoral,2027-07-01,7,2027,0.01,0.3,29500.0,0.01
S3_reappro_100,C1054,CONCENTRES,Village,Littoral,2027-07-01,7,2027,0.01,0.3,29500.0,0.01
S3_reappro_100,C1055,CONCENTRES,Ndobo,Littoral,2027-07-01,7,2027,0.03,0.6,28500.0,0.02
S3_reappro_100,C1055,CONCENTRES,Nkongsamba,Littoral,2027-07-01,7,2027,0.06,1.2,28500.0,0.02
S3_reappro_100,C1055,CONCENTRES,Pk11,Littoral,2027-07-01,7,2027,0.01,0.1,28500.0,0.0
S3_reappro_100,C1055,CONCENTRES,Village,Littoral,2027-07-01,7,2027,0.02,0.3,28500.0,0.01
S3_reappro_100,C108,CONCENTRES,Ndobo,Littoral,2027-07-01,7,2027,0.0,0.1,30000.0,0.0
S3_reappro_100,C101,CONCENTRES,Buea,Littoral,2027-08-01,8,2027,2.49,49.8,36000.0,1.82
S3_reappro_100,C101,CONCENTRES,Ndobo,Littoral,2027-08-01,8,2027,12.4,248.1,36000.0,9.56
S3_reappro_100,C101,CONCENTRES,Nkongsamba,Littoral,2027-08-01,8,2027,2.93,58.7,36000.0,2.42
S3_reappro_100,C101,CONCENTRES,Pk11,Littoral,2027-08-01,8,2027,0.2,4.0,36000.0,0.17
S3_reappro_100,C101,CONCENTRES,Village,Littoral,2027-08-01,8,2027,2.53,50.6,36000.0,2.27
S3_reappro_100,C102,CONCENTRES,Ndobo,Littoral,2027-08-01,8,2027,0.99,19.8,29500.0,0.63
S3_reappro_100,C102,CONCENTRES,Pk11,Littoral,2027-08-01,8,2027,0.37,7.4,29500.0,0.23
S3_reappro_100,C102,CONCENTRES,Village,Littoral,2027-08-01,8,2027,0.99,19.7,29500.0,0.71
S3_reappro_100,C1022,CONCENTRES,Ndobo,Littoral,2027-08-01,8,2027,0.0,0.1,0.0,0.0
S3_reappro_100,C103,CONCENTRES,Buea,Littoral,2027-08-01,8,2027,7.08,141.5,39500.0,5.36
S3_reappro_100,C103,CONCENTRES,Ndobo,Littoral,2027-08-01,8,2027,16.01,320.3,39500.0,11.8
S3_reappro_100,C103,CONCENTRES,Nkongsamba,Littoral,2027-08-01,8,2027,2.26,45.2,39500.0,1.99
S3_reappro_100,C103,CONCENTRES,Pk11,Littoral,2027-08-01,8,2027,1.75,35.0,39500.0,1.23
S3_reappro_100,C103,CONCENTRES,Village,Littoral,2027-08-01,8,2027,4.05,81.1,39500.0,3.89
S3_reappro_100,C104,CONCENTRES,Buea,Littoral,2027-08-01,8,2027,64.62,1292.5,32100.0,39.1
S3_reappro_100,C104,CONCENTRES,Ndobo,Littoral,2027-08-01,8,2027,155.04,3100.9,32100.0,96.47
S3_reappro_100,C104,CONCENTRES,Nkongsamba,Littoral,2027-08-01,8,2027,62.96,1259.3,32100.0,39.15
S3_reappro_100,C104,CONCENTRES,Pk11,Littoral,2027-08-01,8,2027,30.17,603.3,32100.0,14.99
S3_reappro_100,C104,CONCENTRES,Village,Littoral,2027-08-01,8,2027,78.72,1574.3,32100.0,60.55
S3_reappro_100,C1042,CONCENTRES,Buea,Littoral,2027-08-01,8,2027,0.0,0.0,36500.0,0.0
S3_reappro_100,C1042,CONCENTRES,Ndobo,Littoral,2027-08-01,8,2027,0.01,0.3,36500.0,0.0
S3_reappro_100,C1042,CONCENTRES,Nkongsamba,Littoral,2027-08-01,8,2027,0.48,9.7,36500.0,0.29
S3_reappro_100,C1042,CONCENTRES,Village,Littoral,2027-08-01,8,2027,0.0,0.0,36500.0,0.0
S3_reappro_100,C1043,CONCENTRES,Buea,Littoral,2027-08-01,8,2027,0.04,0.7,36490.0,0.0
S3_reappro_100,C1043,CONCENTRES,Ndobo,Littoral,2027-08-01,8,2027,0.13,2.6,36490.0,0.03
S3_reappro_100,C1043,CONCENTRES,Nkongsamba,Littoral,2027-08-01,8,2027,0.63,12.6,36490.0,0.39
S3_reappro_100,C1043,CONCENTRES,Pk11,Littoral,2027-08-01,8,2027,0.01,0.3,36490.0,0.01
S3_reappro_100,C1043,CONCENTRES,Village,Littoral,2027-08-01,8,2027,0.01,0.1,36490.0,0.0
S3_reappro_100,C1044,CONCENTRES,Buea,Littoral,2027-08-01,8,2027,0.02,0.4,32900.0,0.0
S3_reappro_100,C1044,CONCENTRES,Ndobo,Littoral,2027-08-01,8,2027,0.17,3.3,32900.0,0.0
S3_reappro_100,C1044,CONCENTRES,Nkongsamba,Littoral,2027-08-01,8,2027,0.1,1.9,32900.0,0.05
S3_reappro_100,C1044,CONCENTRES,Pk11,Littoral,2027-08-01,8,2027,0.02,0.4,32900.0,0.0
S3_reappro_100,C1044,CONCENTRES,Village,Littoral,2027-08-01,8,2027,0.03,0.5,32900.0,0.02
S3_reappro_100,C105,CONCENTRES,Buea,Littoral,2027-08-01,8,2027,2.39,47.7,27500.0,1.37
S3_reappro_100,C105,CONCENTRES,Ndobo,Littoral,2027-08-01,8,2027,23.65,473.0,27500.0,12.22
S3_reappro_100,C105,CONCENTRES,Nkongsamba,Littoral,2027-08-01,8,2027,26.74,534.9,27500.0,14.71
S3_reappro_100,C105,CONCENTRES,Pk11,Littoral,2027-08-01,8,2027,2.5,49.9,27500.0,0.69
S3_reappro_100,C105,CONCENTRES,Village,Littoral,2027-08-01,8,2027,19.19,383.8,27500.0,12.47
S3_reappro_100,C1053,CONCENTRES,Buea,Littoral,2027-08-01,8,2027,0.05,1.0,32000.0,0.04
S3_reappro_100,C1053,CONCENTRES,Ndobo,Littoral,2027-08-01,8,2027,0.09,1.9,32000.0,0.06
S3_reappro_100,C1053,CONCENTRES,Nkongsamba,Littoral,2027-08-01,8,2027,0.79,15.8,32000.0,0.43
S3_reappro_100,C1053,CONCENTRES,Village,Littoral,2027-08-01,8,2027,0.0,0.0,32000.0,0.0
S3_reappro_100,C1054,CONCENTRES,Buea,Littoral,2027-08-01,8,2027,0.0,0.1,29500.0,0.0
S3_reappro_100,C1054,CONCENTRES,Ndobo,Littoral,2027-08-01,8,2027,0.39,7.8,29500.0,0.1
S3_reappro_100,C1054,CONCENTRES,Nkongsamba,Littoral,2027-08-01,8,2027,0.97,19.3,29500.0,0.43
S3_reappro_100,C1054,CONCENTRES,Pk11,Littoral,2027-08-01,8,2027,0.01,0.3,29500.0,0.01
S3_reappro_100,C1054,CONCENTRES,Village,Littoral,2027-08-01,8,2027,0.01,0.3,29500.0,0.01
S3_reappro_100,C1055,CONCENTRES,Ndobo,Littoral,2027-08-01,8,2027,0.03,0.5,28500.0,0.02
S3_reappro_100,C1055,CONCENTRES,Nkongsamba,Littoral,2027-08-01,8,2027,0.05,1.1,28500.0,0.02
S3_reappro_100,C1055,CONCENTRES,Pk11,Littoral,2027-08-01,8,2027,0.01,0.1,28500.0,0.0
S3_reappro_100,C1055,CONCENTRES,Village,Littoral,2027-08-01,8,2027,0.01,0.3,28500.0,0.01
S3_reappro_100,C108,CONCENTRES,Ndobo,Littoral,2027-08-01,8,2027,0.0,0.1,30000.0,0.0
S3_reappro_100,C101,CONCENTRES,Buea,Littoral,2027-09-01,9,2027,1.92,38.5,36000.0,1.4
S3_reappro_100,C101,CONCENTRES,Ndobo,Littoral,2027-09-01,9,2027,9.58,191.6,36000.0,7.39
S3_reappro_100,C101,CONCENTRES,Nkongsamba,Littoral,2027-09-01,9,2027,2.27,45.3,36000.0,1.87
S3_reappro_100,C101,CONCENTRES,Pk11,Littoral,2027-09-01,9,2027,0.16,3.1,36000.0,0.13
S3_reappro_100,C101,CONCENTRES,Village,Littoral,2027-09-01,9,2027,1.95,39.1,36000.0,1.75
S3_reappro_100,C102,CONCENTRES,Ndobo,Littoral,2027-09-01,9,2027,0.77,15.3,29500.0,0.49
S3_reappro_100,C102,CONCENTRES,Pk11,Littoral,2027-09-01,9,2027,0.29,5.7,29500.0,0.18
S3_reappro_100,C102,CONCENTRES,Village,Littoral,2027-09-01,9,2027,0.76,15.2,29500.0,0.55
S3_reappro_100,C1022,CONCENTRES,Ndobo,Littoral,2027-09-01,9,2027,0.0,0.1,0.0,0.0
S3_reappro_100,C103,CONCENTRES,Buea,Littoral,2027-09-01,9,2027,5.47,109.3,39500.0,4.14
S3_reappro_100,C103,CONCENTRES,Ndobo,Littoral,2027-09-01,9,2027,12.37,247.4,39500.0,9.12
S3_reappro_100,C103,CONCENTRES,Nkongsamba,Littoral,2027-09-01,9,2027,1.75,34.9,39500.0,1.54
S3_reappro_100,C103,CONCENTRES,Pk11,Littoral,2027-09-01,9,2027,1.35,27.0,39500.0,0.95
S3_reappro_100,C103,CONCENTRES,Village,Littoral,2027-09-01,9,2027,3.13,62.6,39500.0,3.0
S3_reappro_100,C104,CONCENTRES,Buea,Littoral,2027-09-01,9,2027,49.91,998.3,32100.0,30.2
S3_reappro_100,C104,CONCENTRES,Ndobo,Littoral,2027-09-01,9,2027,119.75,2395.0,32100.0,74.51
S3_reappro_100,C104,CONCENTRES,Nkongsamba,Littoral,2027-09-01,9,2027,48.63,972.6,32100.0,30.24
S3_reappro_100,C104,CONCENTRES,Pk11,Littoral,2027-09-01,9,2027,23.3,466.0,32100.0,11.58
S3_reappro_100,C104,CONCENTRES,Village,Littoral,2027-09-01,9,2027,60.8,1216.0,32100.0,46.77
S3_reappro_100,C1042,CONCENTRES,Buea,Littoral,2027-09-01,9,2027,0.0,0.0,36500.0,0.0
S3_reappro_100,C1042,CONCENTRES,Ndobo,Littoral,2027-09-01,9,2027,0.01,0.2,36500.0,0.0
S3_reappro_100,C1042,CONCENTRES,Nkongsamba,Littoral,2027-09-01,9,2027,0.37,7.5,36500.0,0.22
S3_reappro_100,C1042,CONCENTRES,Village,Littoral,2027-09-01,9,2027,0.0,0.0,36500.0,0.0
S3_reappro_100,C1043,CONCENTRES,Buea,Littoral,2027-09-01,9,2027,0.03,0.6,36490.0,0.0
S3_reappro_100,C1043,CONCENTRES,Ndobo,Littoral,2027-09-01,9,2027,0.1,2.0,36490.0,0.02
S3_reappro_100,C1043,CONCENTRES,Nkongsamba,Littoral,2027-09-01,9,2027,0.49,9.8,36490.0,0.3
S3_reappro_100,C1043,CONCENTRES,Pk11,Littoral,2027-09-01,9,2027,0.01,0.2,36490.0,0.01
S3_reappro_100,C1043,CONCENTRES,Village,Littoral,2027-09-01,9,2027,0.01,0.1,36490.0,0.0
S3_reappro_100,C1044,CONCENTRES,Buea,Littoral,2027-09-01,9,2027,0.02,0.3,32900.0,0.0
S3_reappro_100,C1044,CONCENTRES,Ndobo,Littoral,2027-09-01,9,2027,0.13,2.6,32900.0,0.0
S3_reappro_100,C1044,CONCENTRES,Nkongsamba,Littoral,2027-09-01,9,2027,0.07,1.5,32900.0,0.04
S3_reappro_100,C1044,CONCENTRES,Pk11,Littoral,2027-09-01,9,2027,0.02,0.3,32900.0,0.0
S3_reappro_100,C1044,CONCENTRES,Village,Littoral,2027-09-01,9,2027,0.02,0.4,32900.0,0.01
S3_reappro_100,C105,CONCENTRES,Buea,Littoral,2027-09-01,9,2027,1.84,36.9,27500.0,1.06
S3_reappro_100,C105,CONCENTRES,Ndobo,Littoral,2027-09-01,9,2027,18.27,365.4,27500.0,9.44
S3_reappro_100,C105,CONCENTRES,Nkongsamba,Littoral,2027-09-01,9,2027,20.66,413.1,27500.0,11.36
S3_reappro_100,C105,CONCENTRES,Pk11,Littoral,2027-09-01,9,2027,1.93,38.6,27500.0,0.53
S3_reappro_100,C105,CONCENTRES,Village,Littoral,2027-09-01,9,2027,14.82,296.5,27500.0,9.63
S3_reappro_100,C1053,CONCENTRES,Buea,Littoral,2027-09-01,9,2027,0.04,0.8,32000.0,0.03
S3_reappro_100,C1053,CONCENTRES,Ndobo,Littoral,2027-09-01,9,2027,0.07,1.4,32000.0,0.04
S3_reappro_100,C1053,CONCENTRES,Nkongsamba,Littoral,2027-09-01,9,2027,0.61,12.2,32000.0,0.33
S3_reappro_100,C1053,CONCENTRES,Village,Littoral,2027-09-01,9,2027,0.0,0.0,32000.0,0.0
S3_reappro_100,C1054,CONCENTRES,Buea,Littoral,2027-09-01,9,2027,0.0,0.1,29500.0,0.0
S3_reappro_100,C1054,CONCENTRES,Ndobo,Littoral,2027-09-01,9,2027,0.3,6.0,29500.0,0.08
S3_reappro_100,C1054,CONCENTRES,Nkongsamba,Littoral,2027-09-01,9,2027,0.75,14.9,29500.0,0.33
S3_reappro_100,C1054,CONCENTRES,Pk11,Littoral,2027-09-01,9,2027,0.01,0.2,29500.0,0.01
S3_reappro_100,C1054,CONCENTRES,Village,Littoral,2027-09-01,9,2027,0.01,0.2,29500.0,0.01
S3_reappro_100,C1055,CONCENTRES,Ndobo,Littoral,2027-09-01,9,2027,0.02,0.4,28500.0,0.02
S3_reappro_100,C1055,CONCENTRES,Nkongsamba,Littoral,2027-09-01,9,2027,0.04,0.8,28500.0,0.01
S3_reappro_100,C1055,CONCENTRES,Pk11,Littoral,2027-09-01,9,2027,0.0,0.1,28500.0,0.0
S3_reappro_100,C1055,CONCENTRES,Village,Littoral,2027-09-01,9,2027,0.01,0.2,28500.0,0.01
S3_reappro_100,C108,CONCENTRES,Ndobo,Littoral,2027-09-01,9,2027,0.0,0.0,30000.0,0.0
S3_reappro_100,C101,CONCENTRES,Buea,Littoral,2027-10-01,10,2027,0.0,0.0,36000.0,0.0
S3_reappro_100,C101,CONCENTRES,Ndobo,Littoral,2027-10-01,10,2027,0.0,0.0,36000.0,0.0
S3_reappro_100,C101,CONCENTRES,Nkongsamba,Littoral,2027-10-01,10,2027,0.0,0.0,36000.0,0.0
S3_reappro_100,C101,CONCENTRES,Pk11,Littoral,2027-10-01,10,2027,0.0,0.0,36000.0,0.0
S3_reappro_100,C101,CONCENTRES,Village,Littoral,2027-10-01,10,2027,0.0,0.0,36000.0,0.0
S3_reappro_100,C102,CONCENTRES,Ndobo,Littoral,2027-10-01,10,2027,0.0,0.0,29500.0,0.0
S3_reappro_100,C102,CONCENTRES,Pk11,Littoral,2027-10-01,10,2027,0.0,0.0,29500.0,0.0
S3_reappro_100,C102,CONCENTRES,Village,Littoral,2027-10-01,10,2027,0.0,0.0,29500.0,0.0
S3_reappro_100,C1022,CONCENTRES,Ndobo,Littoral,2027-10-01,10,2027,0.0,0.0,0.0,0.0
S3_reappro_100,C103,CONCENTRES,Buea,Littoral,2027-10-01,10,2027,0.0,0.0,39500.0,0.0
S3_reappro_100,C103,CONCENTRES,Ndobo,Littoral,2027-10-01,10,2027,0.0,0.0,39500.0,0.0
S3_reappro_100,C103,CONCENTRES,Nkongsamba,Littoral,2027-10-01,10,2027,0.0,0.0,39500.0,0.0
S3_reappro_100,C103,CONCENTRES,Pk11,Littoral,2027-10-01,10,2027,0.0,0.0,39500.0,0.0
S3_reappro_100,C103,CONCENTRES,Village,Littoral,2027-10-01,10,2027,0.0,0.0,39500.0,0.0
S3_reappro_100,C104,CONCENTRES,Buea,Littoral,2027-10-01,10,2027,0.0,0.0,32100.0,0.0
S3_reappro_100,C104,CONCENTRES,Ndobo,Littoral,2027-10-01,10,2027,0.0,0.0,32100.0,0.0
S3_reappro_100,C104,CONCENTRES,Nkongsamba,Littoral,2027-10-01,10,2027,0.0,0.0,32100.0,0.0
S3_reappro_100,C104,CONCENTRES,Pk11,Littoral,2027-10-01,10,2027,0.0,0.0,32100.0,0.0
S3_reappro_100,C104,CONCENTRES,Village,Littoral,2027-10-01,10,2027,0.0,0.0,32100.0,0.0
S3_reappro_100,C1042,CONCENTRES,Buea,Littoral,2027-10-01,10,2027,0.0,0.0,36500.0,0.0
S3_reappro_100,C1042,CONCENTRES,Ndobo,Littoral,2027-10-01,10,2027,0.0,0.0,36500.0,0.0
S3_reappro_100,C1042,CONCENTRES,Nkongsamba,Littoral,2027-10-01,10,2027,0.0,0.0,36500.0,0.0
S3_reappro_100,C1042,CONCENTRES,Village,Littoral,2027-10-01,10,2027,0.0,0.0,36500.0,0.0
S3_reappro_100,C1043,CONCENTRES,Buea,Littoral,2027-10-01,10,2027,0.0,0.0,36490.0,0.0
S3_reappro_100,C1043,CONCENTRES,Ndobo,Littoral,2027-10-01,10,2027,0.0,0.0,36490.0,0.0
S3_reappro_100,C1043,CONCENTRES,Nkongsamba,Littoral,2027-10-01,10,2027,0.0,0.0,36490.0,0.0
S3_reappro_100,C1043,CONCENTRES,Pk11,Littoral,2027-10-01,10,2027,0.0,0.0,36490.0,0.0
S3_reappro_100,C1043,CONCENTRES,Village,Littoral,2027-10-01,10,2027,0.0,0.0,36490.0,0.0
S3_reappro_100,C1044,CONCENTRES,Buea,Littoral,2027-10-01,10,2027,0.0,0.0,32900.0,0.0
S3_reappro_100,C1044,CONCENTRES,Ndobo,Littoral,2027-10-01,10,2027,0.0,0.0,32900.0,0.0
S3_reappro_100,C1044,CONCENTRES,Nkongsamba,Littoral,2027-10-01,10,2027,0.0,0.0,32900.0,0.0
S3_reappro_100,C1044,CONCENTRES,Pk11,Littoral,2027-10-01,10,2027,0.0,0.0,32900.0,0.0
S3_reappro_100,C1044,CONCENTRES,Village,Littoral,2027-10-01,10,2027,0.0,0.0,32900.0,0.0
S3_reappro_100,C105,CONCENTRES,Buea,Littoral,2027-10-01,10,2027,0.0,0.0,27500.0,0.0
S3_reappro_100,C105,CONCENTRES,Ndobo,Littoral,2027-10-01,10,2027,0.0,0.0,27500.0,0.0
S3_reappro_100,C105,CONCENTRES,Nkongsamba,Littoral,2027-10-01,10,2027,0.0,0.0,27500.0,0.0
S3_reappro_100,C105,CONCENTRES,Pk11,Littoral,2027-10-01,10,2027,0.0,0.0,27500.0,0.0
S3_reappro_100,C105,CONCENTRES,Village,Littoral,2027-10-01,10,2027,0.0,0.0,27500.0,0.0
S3_reappro_100,C1053,CONCENTRES,Buea,Littoral,2027-10-01,10,2027,0.0,0.0,32000.0,0.0
S3_reappro_100,C1053,CONCENTRES,Ndobo,Littoral,2027-10-01,10,2027,0.0,0.0,32000.0,0.0
S3_reappro_100,C1053,CONCENTRES,Nkongsamba,Littoral,2027-10-01,10,2027,0.0,0.0,32000.0,0.0
S3_reappro_100,C1053,CONCENTRES,Village,Littoral,2027-10-01,10,2027,0.0,0.0,32000.0,0.0
S3_reappro_100,C1054,CONCENTRES,Buea,Littoral,2027-10-01,10,2027,0.0,0.0,29500.0,0.0
S3_reappro_100,C1054,CONCENTRES,Ndobo,Littoral,2027-10-01,10,2027,0.0,0.0,29500.0,0.0
S3_reappro_100,C1054,CONCENTRES,Nkongsamba,Littoral,2027-10-01,10,2027,0.0,0.0,29500.0,0.0
S3_reappro_100,C1054,CONCENTRES,Pk11,Littoral,2027-10-01,10,2027,0.0,0.0,29500.0,0.0
S3_reappro_100,C1054,CONCENTRES,Village,Littoral,2027-10-01,10,2027,0.0,0.0,29500.0,0.0
S3_reappro_100,C1055,CONCENTRES,Ndobo,Littoral,2027-10-01,10,2027,0.0,0.0,28500.0,0.0
S3_reappro_100,C1055,CONCENTRES,Nkongsamba,Littoral,2027-10-01,10,2027,0.0,0.0,28500.0,0.0
S3_reappro_100,C1055,CONCENTRES,Pk11,Littoral,2027-10-01,10,2027,0.0,0.0,28500.0,0.0
S3_reappro_100,C1055,CONCENTRES,Village,Littoral,2027-10-01,10,2027,0.0,0.0,28500.0,0.0
S3_reappro_100,C108,CONCENTRES,Ndobo,Littoral,2027-10-01,10,2027,0.0,0.0,30000.0,0.0
S3_reappro_100,C101,CONCENTRES,Buea,Littoral,2027-11-01,11,2027,3.95,79.1,36000.0,2.88
S3_reappro_100,C101,CONCENTRES,Ndobo,Littoral,2027-11-01,11,2027,19.69,393.7,36000.0,15.18
S3_reappro_100,C101,CONCENTRES,Nkongsamba,Littoral,2027-11-01,11,2027,4.65,93.1,36000.0,3.85
S3_reappro_100,C101,CONCENTRES,Pk11,Littoral,2027-11-01,11,2027,0.32,6.4,36000.0,0.27
S3_reappro_100,C101,CONCENTRES,Village,Littoral,2027-11-01,11,2027,4.01,80.3,36000.0,3.6
S3_reappro_100,C102,CONCENTRES,Ndobo,Littoral,2027-11-01,11,2027,1.57,31.5,29500.0,1.01
S3_reappro_100,C102,CONCENTRES,Pk11,Littoral,2027-11-01,11,2027,0.59,11.7,29500.0,0.36
S3_reappro_100,C102,CONCENTRES,Village,Littoral,2027-11-01,11,2027,1.57,31.3,29500.0,1.13
S3_reappro_100,C1022,CONCENTRES,Ndobo,Littoral,2027-11-01,11,2027,0.01,0.1,0.0,0.01
S3_reappro_100,C103,CONCENTRES,Buea,Littoral,2027-11-01,11,2027,11.23,224.6,39500.0,8.51
S3_reappro_100,C103,CONCENTRES,Ndobo,Littoral,2027-11-01,11,2027,25.42,508.3,39500.0,18.73
S3_reappro_100,C103,CONCENTRES,Nkongsamba,Littoral,2027-11-01,11,2027,3.59,71.7,39500.0,3.16
S3_reappro_100,C103,CONCENTRES,Pk11,Littoral,2027-11-01,11,2027,2.78,55.5,39500.0,1.95
S3_reappro_100,C103,CONCENTRES,Village,Littoral,2027-11-01,11,2027,6.44,128.7,39500.0,6.17
S3_reappro_100,C104,CONCENTRES,Buea,Littoral,2027-11-01,11,2027,102.56,2051.3,32100.0,62.06
S3_reappro_100,C104,CONCENTRES,Ndobo,Littoral,2027-11-01,11,2027,246.06,4921.3,32100.0,153.11
S3_reappro_100,C104,CONCENTRES,Nkongsamba,Littoral,2027-11-01,11,2027,99.93,1998.6,32100.0,62.14
S3_reappro_100,C104,CONCENTRES,Pk11,Littoral,2027-11-01,11,2027,47.87,957.5,32100.0,23.79
S3_reappro_100,C104,CONCENTRES,Village,Littoral,2027-11-01,11,2027,124.93,2498.6,32100.0,96.1
S3_reappro_100,C1042,CONCENTRES,Buea,Littoral,2027-11-01,11,2027,0.0,0.0,36500.0,0.0
S3_reappro_100,C1042,CONCENTRES,Ndobo,Littoral,2027-11-01,11,2027,0.02,0.5,36500.0,0.0
S3_reappro_100,C1042,CONCENTRES,Nkongsamba,Littoral,2027-11-01,11,2027,0.77,15.4,36500.0,0.46
S3_reappro_100,C1042,CONCENTRES,Village,Littoral,2027-11-01,11,2027,0.0,0.0,36500.0,0.0
S3_reappro_100,C1043,CONCENTRES,Buea,Littoral,2027-11-01,11,2027,0.06,1.2,36490.0,0.0
S3_reappro_100,C1043,CONCENTRES,Ndobo,Littoral,2027-11-01,11,2027,0.21,4.2,36490.0,0.04
S3_reappro_100,C1043,CONCENTRES,Nkongsamba,Littoral,2027-11-01,11,2027,1.0,20.0,36490.0,0.63
S3_reappro_100,C1043,CONCENTRES,Pk11,Littoral,2027-11-01,11,2027,0.02,0.4,36490.0,0.02
S3_reappro_100,C1043,CONCENTRES,Village,Littoral,2027-11-01,11,2027,0.01,0.2,36490.0,0.0
S3_reappro_100,C1044,CONCENTRES,Buea,Littoral,2027-11-01,11,2027,0.03,0.7,32900.0,0.0
S3_reappro_100,C1044,CONCENTRES,Ndobo,Littoral,2027-11-01,11,2027,0.27,5.3,32900.0,0.0
S3_reappro_100,C1044,CONCENTRES,Nkongsamba,Littoral,2027-11-01,11,2027,0.15,3.1,32900.0,0.08
S3_reappro_100,C1044,CONCENTRES,Pk11,Littoral,2027-11-01,11,2027,0.03,0.7,32900.0,0.0
S3_reappro_100,C1044,CONCENTRES,Village,Littoral,2027-11-01,11,2027,0.04,0.8,32900.0,0.03
S3_reappro_100,C105,CONCENTRES,Buea,Littoral,2027-11-01,11,2027,3.79,75.8,27500.0,2.18
S3_reappro_100,C105,CONCENTRES,Ndobo,Littoral,2027-11-01,11,2027,37.54,750.8,27500.0,19.39
S3_reappro_100,C105,CONCENTRES,Nkongsamba,Littoral,2027-11-01,11,2027,42.44,848.9,27500.0,23.35
S3_reappro_100,C105,CONCENTRES,Pk11,Littoral,2027-11-01,11,2027,3.96,79.2,27500.0,1.09
S3_reappro_100,C105,CONCENTRES,Village,Littoral,2027-11-01,11,2027,30.46,609.2,27500.0,19.79
S3_reappro_100,C1053,CONCENTRES,Buea,Littoral,2027-11-01,11,2027,0.08,1.6,32000.0,0.07
S3_reappro_100,C1053,CONCENTRES,Ndobo,Littoral,2027-11-01,11,2027,0.15,2.9,32000.0,0.09
S3_reappro_100,C1053,CONCENTRES,Nkongsamba,Littoral,2027-11-01,11,2027,1.26,25.1,32000.0,0.68
S3_reappro_100,C1053,CONCENTRES,Village,Littoral,2027-11-01,11,2027,0.0,0.1,32000.0,0.0
S3_reappro_100,C1054,CONCENTRES,Buea,Littoral,2027-11-01,11,2027,0.01,0.1,29500.0,0.01
S3_reappro_100,C1054,CONCENTRES,Ndobo,Littoral,2027-11-01,11,2027,0.62,12.3,29500.0,0.16
S3_reappro_100,C1054,CONCENTRES,Nkongsamba,Littoral,2027-11-01,11,2027,1.53,30.7,29500.0,0.68
S3_reappro_100,C1054,CONCENTRES,Pk11,Littoral,2027-11-01,11,2027,0.02,0.4,29500.0,0.02
S3_reappro_100,C1054,CONCENTRES,Village,Littoral,2027-11-01,11,2027,0.02,0.4,29500.0,0.02
S3_reappro_100,C1055,CONCENTRES,Ndobo,Littoral,2027-11-01,11,2027,0.04,0.8,28500.0,0.03
S3_reappro_100,C1055,CONCENTRES,Nkongsamba,Littoral,2027-11-01,11,2027,0.09,1.7,28500.0,0.03
S3_reappro_100,C1055,CONCENTRES,Pk11,Littoral,2027-11-01,11,2027,0.01,0.2,28500.0,0.01
S3_reappro_100,C1055,CONCENTRES,Village,Littoral,2027-11-01,11,2027,0.02,0.4,28500.0,0.02
S3_reappro_100,C108,CONCENTRES,Ndobo,Littoral,2027-11-01,11,2027,0.0,0.1,30000.0,0.0
S3_reappro_100,C101,CONCENTRES,Buea,Littoral,2027-12-01,12,2027,3.13,62.6,36000.0,2.28
S3_reappro_100,C101,CONCENTRES,Ndobo,Littoral,2027-12-01,12,2027,15.57,311.5,36000.0,12.01
S3_reappro_100,C101,CONCENTRES,Nkongsamba,Littoral,2027-12-01,12,2027,3.68,73.6,36000.0,3.04
S3_reappro_100,C101,CONCENTRES,Pk11,Littoral,2027-12-01,12,2027,0.25,5.1,36000.0,0.21
S3_reappro_100,C101,CONCENTRES,Village,Littoral,2027-12-01,12,2027,3.18,63.5,36000.0,2.85
S3_reappro_100,C102,CONCENTRES,Ndobo,Littoral,2027-12-01,12,2027,1.25,24.9,29500.0,0.8
S3_reappro_100,C102,CONCENTRES,Pk11,Littoral,2027-12-01,12,2027,0.46,9.3,29500.0,0.29
S3_reappro_100,C102,CONCENTRES,Village,Littoral,2027-12-01,12,2027,1.24,24.8,29500.0,0.89
S3_reappro_100,C1022,CONCENTRES,Ndobo,Littoral,2027-12-01,12,2027,0.01,0.1,0.0,0.0
S3_reappro_100,C103,CONCENTRES,Buea,Littoral,2027-12-01,12,2027,8.88,177.7,39500.0,6.73
S3_reappro_100,C103,CONCENTRES,Ndobo,Littoral,2027-12-01,12,2027,20.11,402.1,39500.0,14.82
S3_reappro_100,C103,CONCENTRES,Nkongsamba,Littoral,2027-12-01,12,2027,2.84,56.7,39500.0,2.5
S3_reappro_100,C103,CONCENTRES,Pk11,Littoral,2027-12-01,12,2027,2.2,43.9,39500.0,1.54
S3_reappro_100,C103,CONCENTRES,Village,Littoral,2027-12-01,12,2027,5.09,101.8,39500.0,4.88
S3_reappro_100,C104,CONCENTRES,Buea,Littoral,2027-12-01,12,2027,81.14,1622.8,32100.0,49.09
S3_reappro_100,C104,CONCENTRES,Ndobo,Littoral,2027-12-01,12,2027,194.67,3893.3,32100.0,121.13
S3_reappro_100,C104,CONCENTRES,Nkongsamba,Littoral,2027-12-01,12,2027,79.06,1581.1,32100.0,49.16
S3_reappro_100,C104,CONCENTRES,Pk11,Littoral,2027-12-01,12,2027,37.87,757.5,32100.0,18.82
S3_reappro_100,C104,CONCENTRES,Village,Littoral,2027-12-01,12,2027,98.83,1976.7,32100.0,76.02
S3_reappro_100,C1042,CONCENTRES,Buea,Littoral,2027-12-01,12,2027,0.0,0.0,36500.0,0.0
S3_reappro_100,C1042,CONCENTRES,Ndobo,Littoral,2027-12-01,12,2027,0.02,0.4,36500.0,0.0
S3_reappro_100,C1042,CONCENTRES,Nkongsamba,Littoral,2027-12-01,12,2027,0.61,12.2,36500.0,0.37
S3_reappro_100,C1042,CONCENTRES,Village,Littoral,2027-12-01,12,2027,0.0,0.0,36500.0,0.0
S3_reappro_100,C1043,CONCENTRES,Buea,Littoral,2027-12-01,12,2027,0.05,0.9,36490.0,0.0
S3_reappro_100,C1043,CONCENTRES,Ndobo,Littoral,2027-12-01,12,2027,0.16,3.3,36490.0,0.03
S3_reappro_100,C1043,CONCENTRES,Nkongsamba,Littoral,2027-12-01,12,2027,0.79,15.9,36490.0,0.5
S3_reappro_100,C1043,CONCENTRES,Pk11,Littoral,2027-12-01,12,2027,0.02,0.3,36490.0,0.01
S3_reappro_100,C1043,CONCENTRES,Village,Littoral,2027-12-01,12,2027,0.01,0.2,36490.0,0.0
S3_reappro_100,C1044,CONCENTRES,Buea,Littoral,2027-12-01,12,2027,0.03,0.5,32900.0,0.0
S3_reappro_100,C1044,CONCENTRES,Ndobo,Littoral,2027-12-01,12,2027,0.21,4.2,32900.0,0.0
S3_reappro_100,C1044,CONCENTRES,Nkongsamba,Littoral,2027-12-01,12,2027,0.12,2.4,32900.0,0.06
S3_reappro_100,C1044,CONCENTRES,Pk11,Littoral,2027-12-01,12,2027,0.03,0.5,32900.0,0.0
S3_reappro_100,C1044,CONCENTRES,Village,Littoral,2027-12-01,12,2027,0.03,0.6,32900.0,0.02
S3_reappro_100,C105,CONCENTRES,Buea,Littoral,2027-12-01,12,2027,3.0,59.9,27500.0,1.73
S3_reappro_100,C105,CONCENTRES,Ndobo,Littoral,2027-12-01,12,2027,29.7,593.9,27500.0,15.34
S3_reappro_100,C105,CONCENTRES,Nkongsamba,Littoral,2027-12-01,12,2027,33.58,671.5,27500.0,18.47
S3_reappro_100,C105,CONCENTRES,Pk11,Littoral,2027-12-01,12,2027,3.13,62.7,27500.0,0.87
S3_reappro_100,C105,CONCENTRES,Village,Littoral,2027-12-01,12,2027,24.1,481.9,27500.0,15.66
S3_reappro_100,C1053,CONCENTRES,Buea,Littoral,2027-12-01,12,2027,0.06,1.3,32000.0,0.05
S3_reappro_100,C1053,CONCENTRES,Ndobo,Littoral,2027-12-01,12,2027,0.12,2.3,32000.0,0.07
S3_reappro_100,C1053,CONCENTRES,Nkongsamba,Littoral,2027-12-01,12,2027,0.99,19.9,32000.0,0.54
S3_reappro_100,C1053,CONCENTRES,Village,Littoral,2027-12-01,12,2027,0.0,0.0,32000.0,0.0
S3_reappro_100,C1054,CONCENTRES,Buea,Littoral,2027-12-01,12,2027,0.01,0.1,29500.0,0.0
S3_reappro_100,C1054,CONCENTRES,Ndobo,Littoral,2027-12-01,12,2027,0.49,9.7,29500.0,0.13
S3_reappro_100,C1054,CONCENTRES,Nkongsamba,Littoral,2027-12-01,12,2027,1.21,24.3,29500.0,0.54
S3_reappro_100,C1054,CONCENTRES,Pk11,Littoral,2027-12-01,12,2027,0.02,0.3,29500.0,0.01
S3_reappro_100,C1054,CONCENTRES,Village,Littoral,2027-12-01,12,2027,0.02,0.3,29500.0,0.01
S3_reappro_100,C1055,CONCENTRES,Ndobo,Littoral,2027-12-01,12,2027,0.03,0.7,28500.0,0.02
S3_reappro_100,C1055,CONCENTRES,Nkongsamba,Littoral,2027-12-01,12,2027,0.07,1.4,28500.0,0.02
S3_reappro_100,C1055,CONCENTRES,Pk11,Littoral,2027-12-01,12,2027,0.01,0.1,28500.0,0.0
S3_reappro_100,C1055,CONCENTRES,Village,Littoral,2027-12-01,12,2027,0.02,0.4,28500.0,0.01
S3_reappro_100,C108,CONCENTRES,Ndobo,Littoral,2027-12-01,12,2027,0.0,0.1,30000.0,0.0
S3_reappro_100,C101,CONCENTRES,Djeleng,Ouest,2027-01-01,1,2027,49.77,995.5,36000.0,35.95
S3_reappro_100,C101,CONCENTRES,Famla,Ouest,2027-01-01,1,2027,211.23,4224.7,36000.0,149.61
S3_reappro_100,C101,CONCENTRES,Mbouda,Ouest,2027-01-01,1,2027,34.62,692.4,36000.0,29.55
S3_reappro_100,C102,CONCENTRES,Famla,Ouest,2027-01-01,1,2027,0.02,0.3,29500.0,0.01
S3_reappro_100,C102,CONCENTRES,Mbouda,Ouest,2027-01-01,1,2027,0.01,0.1,29500.0,0.0
S3_reappro_100,C103,CONCENTRES,Djeleng,Ouest,2027-01-01,1,2027,36.59,731.8,39500.0,28.46
S3_reappro_100,C103,CONCENTRES,Famla,Ouest,2027-01-01,1,2027,162.1,3242.0,39500.0,127.41
S3_reappro_100,C103,CONCENTRES,Mbouda,Ouest,2027-01-01,1,2027,23.2,464.0,39500.0,20.91
S3_reappro_100,C104,CONCENTRES,Djeleng,Ouest,2027-01-01,1,2027,76.24,1524.9,32100.0,45.39
S3_reappro_100,C104,CONCENTRES,Famla,Ouest,2027-01-01,1,2027,172.45,3449.1,32100.0,107.17
S3_reappro_100,C104,CONCENTRES,Mbouda,Ouest,2027-01-01,1,2027,36.18,723.6,32100.0,27.02
S3_reappro_100,C1042,CONCENTRES,Djeleng,Ouest,2027-01-01,1,2027,0.18,3.7,36500.0,0.13
S3_reappro_100,C1042,CONCENTRES,Famla,Ouest,2027-01-01,1,2027,0.52,10.4,36500.0,0.36
S3_reappro_100,C1042,CONCENTRES,Mbouda,Ouest,2027-01-01,1,2027,0.12,2.4,36500.0,0.1
S3_reappro_100,C1043,CONCENTRES,Djeleng,Ouest,2027-01-01,1,2027,0.6,11.9,36490.0,0.36
S3_reappro_100,C1043,CONCENTRES,Famla,Ouest,2027-01-01,1,2027,0.61,12.1,36490.0,0.26
S3_reappro_100,C1043,CONCENTRES,Mbouda,Ouest,2027-01-01,1,2027,1.12,22.4,36490.0,0.76
S3_reappro_100,C1044,CONCENTRES,Famla,Ouest,2027-01-01,1,2027,0.15,3.0,32900.0,0.13
S3_reappro_100,C1044,CONCENTRES,Mbouda,Ouest,2027-01-01,1,2027,0.43,8.7,32900.0,0.28
S3_reappro_100,C105,CONCENTRES,Djeleng,Ouest,2027-01-01,1,2027,43.2,863.9,27500.0,24.03
S3_reappro_100,C105,CONCENTRES,Famla,Ouest,2027-01-01,1,2027,99.68,1993.7,27500.0,51.94
S3_reappro_100,C105,CONCENTRES,Mbouda,Ouest,2027-01-01,1,2027,36.44,728.8,27500.0,22.89
S3_reappro_100,C1053,CONCENTRES,Djeleng,Ouest,2027-01-01,1,2027,0.87,17.3,32000.0,0.42
S3_reappro_100,C1053,CONCENTRES,Famla,Ouest,2027-01-01,1,2027,2.32,46.4,32000.0,1.37
S3_reappro_100,C1053,CONCENTRES,Mbouda,Ouest,2027-01-01,1,2027,0.18,3.6,32000.0,0.13
S3_reappro_100,C1054,CONCENTRES,Djeleng,Ouest,2027-01-01,1,2027,1.9,38.0,29500.0,0.94
S3_reappro_100,C1054,CONCENTRES,Famla,Ouest,2027-01-01,1,2027,2.58,51.7,29500.0,1.43
S3_reappro_100,C1054,CONCENTRES,Mbouda,Ouest,2027-01-01,1,2027,2.84,56.7,29500.0,1.8
S3_reappro_100,C1055,CONCENTRES,Famla,Ouest,2027-01-01,1,2027,0.19,3.9,28500.0,0.14
S3_reappro_100,C1055,CONCENTRES,Mbouda,Ouest,2027-01-01,1,2027,0.45,9.0,28500.0,0.26
S3_reappro_100,C101,CONCENTRES,Djeleng,Ouest,2027-02-01,2,2027,48.31,966.1,36000.0,34.89
S3_reappro_100,C101,CONCENTRES,Famla,Ouest,2027-02-01,2,2027,205.01,4100.1,36000.0,145.19
S3_reappro_100,C101,CONCENTRES,Mbouda,Ouest,2027-02-01,2,2027,33.6,672.0,36000.0,28.68
S3_reappro_100,C102,CONCENTRES,Famla,Ouest,2027-02-01,2,2027,0.02,0.3,29500.0,0.01
S3_reappro_100,C102,CONCENTRES,Mbouda,Ouest,2027-02-01,2,2027,0.01,0.1,29500.0,0.0
S3_reappro_100,C103,CONCENTRES,Djeleng,Ouest,2027-02-01,2,2027,35.51,710.2,39500.0,27.62
S3_reappro_100,C103,CONCENTRES,Famla,Ouest,2027-02-01,2,2027,157.32,3146.4,39500.0,123.65
S3_reappro_100,C103,CONCENTRES,Mbouda,Ouest,2027-02-01,2,2027,22.51,450.3,39500.0,20.29
S3_reappro_100,C104,CONCENTRES,Djeleng,Ouest,2027-02-01,2,2027,74.0,1479.9,32100.0,44.05
S3_reappro_100,C104,CONCENTRES,Famla,Ouest,2027-02-01,2,2027,167.37,3347.4,32100.0,104.01
S3_reappro_100,C104,CONCENTRES,Mbouda,Ouest,2027-02-01,2,2027,35.11,702.2,32100.0,26.23
S3_reappro_100,C1042,CONCENTRES,Djeleng,Ouest,2027-02-01,2,2027,0.18,3.6,36500.0,0.13
S3_reappro_100,C1042,CONCENTRES,Famla,Ouest,2027-02-01,2,2027,0.5,10.1,36500.0,0.35
S3_reappro_100,C1042,CONCENTRES,Mbouda,Ouest,2027-02-01,2,2027,0.12,2.4,36500.0,0.09
S3_reappro_100,C1043,CONCENTRES,Djeleng,Ouest,2027-02-01,2,2027,0.58,11.6,36490.0,0.35
S3_reappro_100,C1043,CONCENTRES,Famla,Ouest,2027-02-01,2,2027,0.59,11.8,36490.0,0.25
S3_reappro_100,C1043,CONCENTRES,Mbouda,Ouest,2027-02-01,2,2027,1.09,21.8,36490.0,0.73
S3_reappro_100,C1044,CONCENTRES,Famla,Ouest,2027-02-01,2,2027,0.15,3.0,32900.0,0.13
S3_reappro_100,C1044,CONCENTRES,Mbouda,Ouest,2027-02-01,2,2027,0.42,8.4,32900.0,0.27
S3_reappro_100,C105,CONCENTRES,Djeleng,Ouest,2027-02-01,2,2027,41.92,838.5,27500.0,23.32
S3_reappro_100,C105,CONCENTRES,Famla,Ouest,2027-02-01,2,2027,96.75,1934.9,27500.0,50.41
S3_reappro_100,C105,CONCENTRES,Mbouda,Ouest,2027-02-01,2,2027,35.37,707.3,27500.0,22.21
S3_reappro_100,C1053,CONCENTRES,Djeleng,Ouest,2027-02-01,2,2027,0.84,16.8,32000.0,0.41
S3_reappro_100,C1053,CONCENTRES,Famla,Ouest,2027-02-01,2,2027,2.25,45.1,32000.0,1.33
S3_reappro_100,C1053,CONCENTRES,Mbouda,Ouest,2027-02-01,2,2027,0.18,3.5,32000.0,0.13
S3_reappro_100,C1054,CONCENTRES,Djeleng,Ouest,2027-02-01,2,2027,1.84,36.8,29500.0,0.91
S3_reappro_100,C1054,CONCENTRES,Famla,Ouest,2027-02-01,2,2027,2.51,50.1,29500.0,1.39
S3_reappro_100,C1054,CONCENTRES,Mbouda,Ouest,2027-02-01,2,2027,2.75,55.0,29500.0,1.74
S3_reappro_100,C1055,CONCENTRES,Famla,Ouest,2027-02-01,2,2027,0.19,3.8,28500.0,0.14
S3_reappro_100,C1055,CONCENTRES,Mbouda,Ouest,2027-02-01,2,2027,0.44,8.8,28500.0,0.25
S3_reappro_100,C101,CONCENTRES,Djeleng,Ouest,2027-03-01,3,2027,53.79,1075.8,36000.0,38.86
S3_reappro_100,C101,CONCENTRES,Famla,Ouest,2027-03-01,3,2027,228.29,4565.7,36000.0,161.68
S3_reappro_100,C101,CONCENTRES,Mbouda,Ouest,2027-03-01,3,2027,37.42,748.3,36000.0,31.93
S3_reappro_100,C102,CONCENTRES,Famla,Ouest,2027-03-01,3,2027,0.02,0.4,29500.0,0.01
S3_reappro_100,C102,CONCENTRES,Mbouda,Ouest,2027-03-01,3,2027,0.01,0.1,29500.0,0.01
S3_reappro_100,C103,CONCENTRES,Djeleng,Ouest,2027-03-01,3,2027,39.54,790.8,39500.0,30.76
S3_reappro_100,C103,CONCENTRES,Famla,Ouest,2027-03-01,3,2027,175.19,3503.7,39500.0,137.69
S3_reappro_100,C103,CONCENTRES,Mbouda,Ouest,2027-03-01,3,2027,25.07,501.4,39500.0,22.59
S3_reappro_100,C104,CONCENTRES,Djeleng,Ouest,2027-03-01,3,2027,82.4,1648.0,32100.0,49.05
S3_reappro_100,C104,CONCENTRES,Famla,Ouest,2027-03-01,3,2027,186.37,3727.5,32100.0,115.82
S3_reappro_100,C104,CONCENTRES,Mbouda,Ouest,2027-03-01,3,2027,39.1,782.0,32100.0,29.2
S3_reappro_100,C1042,CONCENTRES,Djeleng,Ouest,2027-03-01,3,2027,0.2,4.0,36500.0,0.14
S3_reappro_100,C1042,CONCENTRES,Famla,Ouest,2027-03-01,3,2027,0.56,11.2,36500.0,0.39
S3_reappro_100,C1042,CONCENTRES,Mbouda,Ouest,2027-03-01,3,2027,0.13,2.6,36500.0,0.11
S3_reappro_100,C1043,CONCENTRES,Djeleng,Ouest,2027-03-01,3,2027,0.64,12.9,36490.0,0.39
S3_reappro_100,C1043,CONCENTRES,Famla,Ouest,2027-03-01,3,2027,0.65,13.1,36490.0,0.28
S3_reappro_100,C1043,CONCENTRES,Mbouda,Ouest,2027-03-01,3,2027,1.21,24.2,36490.0,0.82
S3_reappro_100,C1044,CONCENTRES,Famla,Ouest,2027-03-01,3,2027,0.16,3.3,32900.0,0.14
S3_reappro_100,C1044,CONCENTRES,Mbouda,Ouest,2027-03-01,3,2027,0.47,9.4,32900.0,0.3
S3_reappro_100,C105,CONCENTRES,Djeleng,Ouest,2027-03-01,3,2027,46.68,933.7,27500.0,25.97
S3_reappro_100,C105,CONCENTRES,Famla,Ouest,2027-03-01,3,2027,107.73,2154.6,27500.0,56.14
S3_reappro_100,C105,CONCENTRES,Mbouda,Ouest,2027-03-01,3,2027,39.38,787.6,27500.0,24.74
S3_reappro_100,C1053,CONCENTRES,Djeleng,Ouest,2027-03-01,3,2027,0.94,18.7,32000.0,0.45
S3_reappro_100,C1053,CONCENTRES,Famla,Ouest,2027-03-01,3,2027,2.51,50.2,32000.0,1.48
S3_reappro_100,C1053,CONCENTRES,Mbouda,Ouest,2027-03-01,3,2027,0.19,3.9,32000.0,0.14
S3_reappro_100,C1054,CONCENTRES,Djeleng,Ouest,2027-03-01,3,2027,2.05,41.0,29500.0,1.02
S3_reappro_100,C1054,CONCENTRES,Famla,Ouest,2027-03-01,3,2027,2.79,55.8,29500.0,1.55
S3_reappro_100,C1054,CONCENTRES,Mbouda,Ouest,2027-03-01,3,2027,3.06,61.3,29500.0,1.94
S3_reappro_100,C1055,CONCENTRES,Famla,Ouest,2027-03-01,3,2027,0.21,4.2,28500.0,0.15
S3_reappro_100,C1055,CONCENTRES,Mbouda,Ouest,2027-03-01,3,2027,0.49,9.8,28500.0,0.28
S3_reappro_100,C101,CONCENTRES,Djeleng,Ouest,2027-04-01,4,2027,45.71,914.2,36000.0,33.02
S3_reappro_100,C101,CONCENTRES,Famla,Ouest,2027-04-01,4,2027,193.98,3879.7,36000.0,137.39
S3_reappro_100,C101,CONCENTRES,Mbouda,Ouest,2027-04-01,4,2027,31.79,635.9,36000.0,27.13
S3_reappro_100,C102,CONCENTRES,Famla,Ouest,2027-04-01,4,2027,0.02,0.3,29500.0,0.01
S3_reappro_100,C102,CONCENTRES,Mbouda,Ouest,2027-04-01,4,2027,0.01,0.1,29500.0,0.0
S3_reappro_100,C103,CONCENTRES,Djeleng,Ouest,2027-04-01,4,2027,33.6,672.0,39500.0,26.13
S3_reappro_100,C103,CONCENTRES,Famla,Ouest,2027-04-01,4,2027,148.86,2977.2,39500.0,117.0
S3_reappro_100,C103,CONCENTRES,Mbouda,Ouest,2027-04-01,4,2027,21.3,426.1,39500.0,19.2
S3_reappro_100,C104,CONCENTRES,Djeleng,Ouest,2027-04-01,4,2027,70.02,1400.3,32100.0,41.68
S3_reappro_100,C104,CONCENTRES,Famla,Ouest,2027-04-01,4,2027,158.37,3167.4,32100.0,98.41
S3_reappro_100,C104,CONCENTRES,Mbouda,Ouest,2027-04-01,4,2027,33.22,664.5,32100.0,24.82
S3_reappro_100,C1042,CONCENTRES,Djeleng,Ouest,2027-04-01,4,2027,0.17,3.4,36500.0,0.12
S3_reappro_100,C1042,CONCENTRES,Famla,Ouest,2027-04-01,4,2027,0.48,9.5,36500.0,0.33
S3_reappro_100,C1042,CONCENTRES,Mbouda,Ouest,2027-04-01,4,2027,0.11,2.2,36500.0,0.09
S3_reappro_100,C1043,CONCENTRES,Djeleng,Ouest,2027-04-01,4,2027,0.55,11.0,36490.0,0.33
S3_reappro_100,C1043,CONCENTRES,Famla,Ouest,2027-04-01,4,2027,0.56,11.1,36490.0,0.24
S3_reappro_100,C1043,CONCENTRES,Mbouda,Ouest,2027-04-01,4,2027,1.03,20.6,36490.0,0.69
S3_reappro_100,C1044,CONCENTRES,Famla,Ouest,2027-04-01,4,2027,0.14,2.8,32900.0,0.12
S3_reappro_100,C1044,CONCENTRES,Mbouda,Ouest,2027-04-01,4,2027,0.4,7.9,32900.0,0.26
S3_reappro_100,C105,CONCENTRES,Djeleng,Ouest,2027-04-01,4,2027,39.67,793.4,27500.0,22.07
S3_reappro_100,C105,CONCENTRES,Famla,Ouest,2027-04-01,4,2027,91.54,1830.9,27500.0,47.7
S3_reappro_100,C105,CONCENTRES,Mbouda,Ouest,2027-04-01,4,2027,33.46,669.3,27500.0,21.02
S3_reappro_100,C1053,CONCENTRES,Djeleng,Ouest,2027-04-01,4,2027,0.79,15.9,32000.0,0.39
S3_reappro_100,C1053,CONCENTRES,Famla,Ouest,2027-04-01,4,2027,2.13,42.6,32000.0,1.26
S3_reappro_100,C1053,CONCENTRES,Mbouda,Ouest,2027-04-01,4,2027,0.17,3.3,32000.0,0.12
S3_reappro_100,C1054,CONCENTRES,Djeleng,Ouest,2027-04-01,4,2027,1.74,34.9,29500.0,0.86
S3_reappro_100,C1054,CONCENTRES,Famla,Ouest,2027-04-01,4,2027,2.37,47.4,29500.0,1.31
S3_reappro_100,C1054,CONCENTRES,Mbouda,Ouest,2027-04-01,4,2027,2.6,52.1,29500.0,1.65
S3_reappro_100,C1055,CONCENTRES,Famla,Ouest,2027-04-01,4,2027,0.18,3.6,28500.0,0.13
S3_reappro_100,C1055,CONCENTRES,Mbouda,Ouest,2027-04-01,4,2027,0.42,8.3,28500.0,0.24
S3_reappro_100,C101,CONCENTRES,Djeleng,Ouest,2027-05-01,5,2027,41.21,824.2,36000.0,29.77
S3_reappro_100,C101,CONCENTRES,Famla,Ouest,2027-05-01,5,2027,174.9,3498.0,36000.0,123.87
S3_reappro_100,C101,CONCENTRES,Mbouda,Ouest,2027-05-01,5,2027,28.67,573.3,36000.0,24.46
S3_reappro_100,C102,CONCENTRES,Famla,Ouest,2027-05-01,5,2027,0.01,0.3,29500.0,0.01
S3_reappro_100,C102,CONCENTRES,Mbouda,Ouest,2027-05-01,5,2027,0.01,0.1,29500.0,0.0
S3_reappro_100,C103,CONCENTRES,Djeleng,Ouest,2027-05-01,5,2027,30.29,605.9,39500.0,23.56
S3_reappro_100,C103,CONCENTRES,Famla,Ouest,2027-05-01,5,2027,134.22,2684.3,39500.0,105.49
S3_reappro_100,C103,CONCENTRES,Mbouda,Ouest,2027-05-01,5,2027,19.21,384.2,39500.0,17.31
S3_reappro_100,C104,CONCENTRES,Djeleng,Ouest,2027-05-01,5,2027,63.13,1262.6,32100.0,37.58
S3_reappro_100,C104,CONCENTRES,Famla,Ouest,2027-05-01,5,2027,142.79,2855.8,32100.0,88.73
S3_reappro_100,C104,CONCENTRES,Mbouda,Ouest,2027-05-01,5,2027,29.95,599.1,32100.0,22.37
S3_reappro_100,C1042,CONCENTRES,Djeleng,Ouest,2027-05-01,5,2027,0.15,3.0,36500.0,0.11
S3_reappro_100,C1042,CONCENTRES,Famla,Ouest,2027-05-01,5,2027,0.43,8.6,36500.0,0.3
S3_reappro_100,C1042,CONCENTRES,Mbouda,Ouest,2027-05-01,5,2027,0.1,2.0,36500.0,0.08
S3_reappro_100,C1043,CONCENTRES,Djeleng,Ouest,2027-05-01,5,2027,0.49,9.9,36490.0,0.3
S3_reappro_100,C1043,CONCENTRES,Famla,Ouest,2027-05-01,5,2027,0.5,10.0,36490.0,0.22
S3_reappro_100,C1043,CONCENTRES,Mbouda,Ouest,2027-05-01,5,2027,0.93,18.6,36490.0,0.63
S3_reappro_100,C1044,CONCENTRES,Famla,Ouest,2027-05-01,5,2027,0.13,2.5,32900.0,0.11
S3_reappro_100,C1044,CONCENTRES,Mbouda,Ouest,2027-05-01,5,2027,0.36,7.2,32900.0,0.23
S3_reappro_100,C105,CONCENTRES,Djeleng,Ouest,2027-05-01,5,2027,35.77,715.3,27500.0,19.89
S3_reappro_100,C105,CONCENTRES,Famla,Ouest,2027-05-01,5,2027,82.54,1650.8,27500.0,43.01
S3_reappro_100,C105,CONCENTRES,Mbouda,Ouest,2027-05-01,5,2027,30.17,603.4,27500.0,18.95
S3_reappro_100,C1053,CONCENTRES,Djeleng,Ouest,2027-05-01,5,2027,0.72,14.3,32000.0,0.35
S3_reappro_100,C1053,CONCENTRES,Famla,Ouest,2027-05-01,5,2027,1.92,38.4,32000.0,1.14
S3_reappro_100,C1053,CONCENTRES,Mbouda,Ouest,2027-05-01,5,2027,0.15,3.0,32000.0,0.11
S3_reappro_100,C1054,CONCENTRES,Djeleng,Ouest,2027-05-01,5,2027,1.57,31.4,29500.0,0.78
S3_reappro_100,C1054,CONCENTRES,Famla,Ouest,2027-05-01,5,2027,2.14,42.8,29500.0,1.18
S3_reappro_100,C1054,CONCENTRES,Mbouda,Ouest,2027-05-01,5,2027,2.35,47.0,29500.0,1.49
S3_reappro_100,C1055,CONCENTRES,Famla,Ouest,2027-05-01,5,2027,0.16,3.2,28500.0,0.12
S3_reappro_100,C1055,CONCENTRES,Mbouda,Ouest,2027-05-01,5,2027,0.37,7.5,28500.0,0.21
S3_reappro_100,C101,CONCENTRES,Djeleng,Ouest,2027-06-01,6,2027,41.77,835.3,36000.0,30.17
S3_reappro_100,C101,CONCENTRES,Famla,Ouest,2027-06-01,6,2027,177.25,3545.0,36000.0,125.54
S3_reappro_100,C101,CONCENTRES,Mbouda,Ouest,2027-06-01,6,2027,29.05,581.0,36000.0,24.79
S3_reappro_100,C102,CONCENTRES,Famla,Ouest,2027-06-01,6,2027,0.01,0.3,29500.0,0.01
S3_reappro_100,C102,CONCENTRES,Mbouda,Ouest,2027-06-01,6,2027,0.01,0.1,29500.0,0.0
S3_reappro_100,C103,CONCENTRES,Djeleng,Ouest,2027-06-01,6,2027,30.7,614.0,39500.0,23.88
S3_reappro_100,C103,CONCENTRES,Famla,Ouest,2027-06-01,6,2027,136.02,2720.4,39500.0,106.91
S3_reappro_100,C103,CONCENTRES,Mbouda,Ouest,2027-06-01,6,2027,19.47,389.3,39500.0,17.54
S3_reappro_100,C104,CONCENTRES,Djeleng,Ouest,2027-06-01,6,2027,63.98,1279.5,32100.0,38.09
S3_reappro_100,C104,CONCENTRES,Famla,Ouest,2027-06-01,6,2027,144.71,2894.2,32100.0,89.92
S3_reappro_100,C104,CONCENTRES,Mbouda,Ouest,2027-06-01,6,2027,30.36,607.1,32100.0,22.67
S3_reappro_100,C1042,CONCENTRES,Djeleng,Ouest,2027-06-01,6,2027,0.15,3.1,36500.0,0.11
S3_reappro_100,C1042,CONCENTRES,Famla,Ouest,2027-06-01,6,2027,0.43,8.7,36500.0,0.3
S3_reappro_100,C1042,CONCENTRES,Mbouda,Ouest,2027-06-01,6,2027,0.1,2.0,36500.0,0.08
S3_reappro_100,C1043,CONCENTRES,Djeleng,Ouest,2027-06-01,6,2027,0.5,10.0,36490.0,0.3
S3_reappro_100,C1043,CONCENTRES,Famla,Ouest,2027-06-01,6,2027,0.51,10.2,36490.0,0.22
S3_reappro_100,C1043,CONCENTRES,Mbouda,Ouest,2027-06-01,6,2027,0.94,18.8,36490.0,0.63
S3_reappro_100,C1044,CONCENTRES,Famla,Ouest,2027-06-01,6,2027,0.13,2.6,32900.0,0.11
S3_reappro_100,C1044,CONCENTRES,Mbouda,Ouest,2027-06-01,6,2027,0.36,7.3,32900.0,0.24
S3_reappro_100,C105,CONCENTRES,Djeleng,Ouest,2027-06-01,6,2027,36.25,724.9,27500.0,20.16
S3_reappro_100,C105,CONCENTRES,Famla,Ouest,2027-06-01,6,2027,83.65,1672.9,27500.0,43.59
S3_reappro_100,C105,CONCENTRES,Mbouda,Ouest,2027-06-01,6,2027,30.58,611.5,27500.0,19.21
S3_reappro_100,C1053,CONCENTRES,Djeleng,Ouest,2027-06-01,6,2027,0.73,14.5,32000.0,0.35
S3_reappro_100,C1053,CONCENTRES,Famla,Ouest,2027-06-01,6,2027,1.95,39.0,32000.0,1.15
S3_reappro_100,C1053,CONCENTRES,Mbouda,Ouest,2027-06-01,6,2027,0.15,3.0,32000.0,0.11
S3_reappro_100,C1054,CONCENTRES,Djeleng,Ouest,2027-06-01,6,2027,1.59,31.9,29500.0,0.79
S3_reappro_100,C1054,CONCENTRES,Famla,Ouest,2027-06-01,6,2027,2.17,43.4,29500.0,1.2
S3_reappro_100,C1054,CONCENTRES,Mbouda,Ouest,2027-06-01,6,2027,2.38,47.6,29500.0,1.51
S3_reappro_100,C1055,CONCENTRES,Famla,Ouest,2027-06-01,6,2027,0.16,3.2,28500.0,0.12
S3_reappro_100,C1055,CONCENTRES,Mbouda,Ouest,2027-06-01,6,2027,0.38,7.6,28500.0,0.22
S3_reappro_100,C101,CONCENTRES,Djeleng,Ouest,2027-07-01,7,2027,60.7,1214.0,36000.0,43.84
S3_reappro_100,C101,CONCENTRES,Famla,Ouest,2027-07-01,7,2027,257.6,5152.0,36000.0,182.44
S3_reappro_100,C101,CONCENTRES,Mbouda,Ouest,2027-07-01,7,2027,42.22,844.4,36000.0,36.03
S3_reappro_100,C102,CONCENTRES,Famla,Ouest,2027-07-01,7,2027,0.02,0.4,29500.0,0.01
S3_reappro_100,C102,CONCENTRES,Mbouda,Ouest,2027-07-01,7,2027,0.01,0.2,29500.0,0.01
S3_reappro_100,C103,CONCENTRES,Djeleng,Ouest,2027-07-01,7,2027,44.62,892.4,39500.0,34.7
S3_reappro_100,C103,CONCENTRES,Famla,Ouest,2027-07-01,7,2027,197.68,3953.6,39500.0,155.37
S3_reappro_100,C103,CONCENTRES,Mbouda,Ouest,2027-07-01,7,2027,28.29,565.8,39500.0,25.5
S3_reappro_100,C104,CONCENTRES,Djeleng,Ouest,2027-07-01,7,2027,92.98,1859.6,32100.0,55.35
S3_reappro_100,C104,CONCENTRES,Famla,Ouest,2027-07-01,7,2027,210.31,4206.1,32100.0,130.69
S3_reappro_100,C104,CONCENTRES,Mbouda,Ouest,2027-07-01,7,2027,44.12,882.4,32100.0,32.95
S3_reappro_100,C1042,CONCENTRES,Djeleng,Ouest,2027-07-01,7,2027,0.22,4.5,36500.0,0.16
S3_reappro_100,C1042,CONCENTRES,Famla,Ouest,2027-07-01,7,2027,0.63,12.6,36500.0,0.44
S3_reappro_100,C1042,CONCENTRES,Mbouda,Ouest,2027-07-01,7,2027,0.15,3.0,36500.0,0.12
S3_reappro_100,C1043,CONCENTRES,Djeleng,Ouest,2027-07-01,7,2027,0.73,14.6,36490.0,0.44
S3_reappro_100,C1043,CONCENTRES,Famla,Ouest,2027-07-01,7,2027,0.74,14.8,36490.0,0.32
S3_reappro_100,C1043,CONCENTRES,Mbouda,Ouest,2027-07-01,7,2027,1.37,27.3,36490.0,0.92
S3_reappro_100,C1044,CONCENTRES,Famla,Ouest,2027-07-01,7,2027,0.19,3.7,32900.0,0.16
S3_reappro_100,C1044,CONCENTRES,Mbouda,Ouest,2027-07-01,7,2027,0.53,10.6,32900.0,0.34
S3_reappro_100,C105,CONCENTRES,Djeleng,Ouest,2027-07-01,7,2027,52.68,1053.6,27500.0,29.3
S3_reappro_100,C105,CONCENTRES,Famla,Ouest,2027-07-01,7,2027,121.56,2431.3,27500.0,63.34
S3_reappro_100,C105,CONCENTRES,Mbouda,Ouest,2027-07-01,7,2027,44.44,888.8,27500.0,27.91
S3_reappro_100,C1053,CONCENTRES,Djeleng,Ouest,2027-07-01,7,2027,1.06,21.1,32000.0,0.51
S3_reappro_100,C1053,CONCENTRES,Famla,Ouest,2027-07-01,7,2027,2.83,56.6,32000.0,1.67
S3_reappro_100,C1053,CONCENTRES,Mbouda,Ouest,2027-07-01,7,2027,0.22,4.4,32000.0,0.16
S3_reappro_100,C1054,CONCENTRES,Djeleng,Ouest,2027-07-01,7,2027,2.31,46.3,29500.0,1.15
S3_reappro_100,C1054,CONCENTRES,Famla,Ouest,2027-07-01,7,2027,3.15,63.0,29500.0,1.74
S3_reappro_100,C1054,CONCENTRES,Mbouda,Ouest,2027-07-01,7,2027,3.46,69.2,29500.0,2.19
S3_reappro_100,C1055,CONCENTRES,Famla,Ouest,2027-07-01,7,2027,0.24,4.7,28500.0,0.17
S3_reappro_100,C1055,CONCENTRES,Mbouda,Ouest,2027-07-01,7,2027,0.55,11.0,28500.0,0.31
S3_reappro_100,C101,CONCENTRES,Djeleng,Ouest,2027-08-01,8,2027,50.89,1017.7,36000.0,36.76
S3_reappro_100,C101,CONCENTRES,Famla,Ouest,2027-08-01,8,2027,215.96,4319.2,36000.0,152.95
S3_reappro_100,C101,CONCENTRES,Mbouda,Ouest,2027-08-01,8,2027,35.39,707.9,36000.0,30.21
S3_reappro_100,C102,CONCENTRES,Famla,Ouest,2027-08-01,8,2027,0.02,0.3,29500.0,0.01
S3_reappro_100,C102,CONCENTRES,Mbouda,Ouest,2027-08-01,8,2027,0.01,0.1,29500.0,0.0
S3_reappro_100,C103,CONCENTRES,Djeleng,Ouest,2027-08-01,8,2027,37.41,748.1,39500.0,29.09
S3_reappro_100,C103,CONCENTRES,Famla,Ouest,2027-08-01,8,2027,165.73,3314.5,39500.0,130.26
S3_reappro_100,C103,CONCENTRES,Mbouda,Ouest,2027-08-01,8,2027,23.72,474.3,39500.0,21.37
S3_reappro_100,C104,CONCENTRES,Djeleng,Ouest,2027-08-01,8,2027,77.95,1559.0,32100.0,46.4
S3_reappro_100,C104,CONCENTRES,Famla,Ouest,2027-08-01,8,2027,176.31,3526.2,32100.0,109.56
S3_reappro_100,C104,CONCENTRES,Mbouda,Ouest,2027-08-01,8,2027,36.99,739.7,32100.0,27.63
S3_reappro_100,C1042,CONCENTRES,Djeleng,Ouest,2027-08-01,8,2027,0.19,3.8,36500.0,0.13
S3_reappro_100,C1042,CONCENTRES,Famla,Ouest,2027-08-01,8,2027,0.53,10.6,36500.0,0.37
S3_reappro_100,C1042,CONCENTRES,Mbouda,Ouest,2027-08-01,8,2027,0.12,2.5,36500.0,0.1
S3_reappro_100,C1043,CONCENTRES,Djeleng,Ouest,2027-08-01,8,2027,0.61,12.2,36490.0,0.37
S3_reappro_100,C1043,CONCENTRES,Famla,Ouest,2027-08-01,8,2027,0.62,12.4,36490.0,0.27
S3_reappro_100,C1043,CONCENTRES,Mbouda,Ouest,2027-08-01,8,2027,1.15,22.9,36490.0,0.77
S3_reappro_100,C1044,CONCENTRES,Famla,Ouest,2027-08-01,8,2027,0.16,3.1,32900.0,0.13
S3_reappro_100,C1044,CONCENTRES,Mbouda,Ouest,2027-08-01,8,2027,0.44,8.8,32900.0,0.29
S3_reappro_100,C105,CONCENTRES,Djeleng,Ouest,2027-08-01,8,2027,44.16,883.3,27500.0,24.57
S3_reappro_100,C105,CONCENTRES,Famla,Ouest,2027-08-01,8,2027,101.91,2038.3,27500.0,53.1
S3_reappro_100,C105,CONCENTRES,Mbouda,Ouest,2027-08-01,8,2027,37.26,745.1,27500.0,23.4
S3_reappro_100,C1053,CONCENTRES,Djeleng,Ouest,2027-08-01,8,2027,0.88,17.7,32000.0,0.43
S3_reappro_100,C1053,CONCENTRES,Famla,Ouest,2027-08-01,8,2027,2.37,47.5,32000.0,1.4
S3_reappro_100,C1053,CONCENTRES,Mbouda,Ouest,2027-08-01,8,2027,0.18,3.7,32000.0,0.13
S3_reappro_100,C1054,CONCENTRES,Djeleng,Ouest,2027-08-01,8,2027,1.94,38.8,29500.0,0.96
S3_reappro_100,C1054,CONCENTRES,Famla,Ouest,2027-08-01,8,2027,2.64,52.8,29500.0,1.46
S3_reappro_100,C1054,CONCENTRES,Mbouda,Ouest,2027-08-01,8,2027,2.9,58.0,29500.0,1.84
S3_reappro_100,C1055,CONCENTRES,Famla,Ouest,2027-08-01,8,2027,0.2,4.0,28500.0,0.15
S3_reappro_100,C1055,CONCENTRES,Mbouda,Ouest,2027-08-01,8,2027,0.46,9.3,28500.0,0.26
S3_reappro_100,C101,CONCENTRES,Djeleng,Ouest,2027-09-01,9,2027,77.58,1551.5,36000.0,56.04
S3_reappro_100,C101,CONCENTRES,Famla,Ouest,2027-09-01,9,2027,329.23,6584.6,36000.0,233.17
S3_reappro_100,C101,CONCENTRES,Mbouda,Ouest,2027-09-01,9,2027,53.96,1079.2,36000.0,46.05
S3_reappro_100,C102,CONCENTRES,Famla,Ouest,2027-09-01,9,2027,0.03,0.5,29500.0,0.02
S3_reappro_100,C102,CONCENTRES,Mbouda,Ouest,2027-09-01,9,2027,0.01,0.2,29500.0,0.01
S3_reappro_100,C103,CONCENTRES,Djeleng,Ouest,2027-09-01,9,2027,57.03,1140.5,39500.0,44.35
S3_reappro_100,C103,CONCENTRES,Famla,Ouest,2027-09-01,9,2027,252.65,5052.9,39500.0,198.57
S3_reappro_100,C103,CONCENTRES,Mbouda,Ouest,2027-09-01,9,2027,36.16,723.1,39500.0,32.58
S3_reappro_100,C104,CONCENTRES,Djeleng,Ouest,2027-09-01,9,2027,118.83,2376.7,32100.0,70.74
S3_reappro_100,C104,CONCENTRES,Famla,Ouest,2027-09-01,9,2027,268.78,5375.7,32100.0,167.03
S3_reappro_100,C104,CONCENTRES,Mbouda,Ouest,2027-09-01,9,2027,56.39,1127.7,32100.0,42.12
S3_reappro_100,C1042,CONCENTRES,Djeleng,Ouest,2027-09-01,9,2027,0.29,5.7,36500.0,0.21
S3_reappro_100,C1042,CONCENTRES,Famla,Ouest,2027-09-01,9,2027,0.81,16.1,36500.0,0.56
S3_reappro_100,C1042,CONCENTRES,Mbouda,Ouest,2027-09-01,9,2027,0.19,3.8,36500.0,0.15
S3_reappro_100,C1043,CONCENTRES,Djeleng,Ouest,2027-09-01,9,2027,0.93,18.6,36490.0,0.56
S3_reappro_100,C1043,CONCENTRES,Famla,Ouest,2027-09-01,9,2027,0.94,18.9,36490.0,0.41
S3_reappro_100,C1043,CONCENTRES,Mbouda,Ouest,2027-09-01,9,2027,1.75,35.0,36490.0,1.18
S3_reappro_100,C1044,CONCENTRES,Famla,Ouest,2027-09-01,9,2027,0.24,4.8,32900.0,0.2
S3_reappro_100,C1044,CONCENTRES,Mbouda,Ouest,2027-09-01,9,2027,0.67,13.5,32900.0,0.44
S3_reappro_100,C105,CONCENTRES,Djeleng,Ouest,2027-09-01,9,2027,67.33,1346.5,27500.0,37.45
S3_reappro_100,C105,CONCENTRES,Famla,Ouest,2027-09-01,9,2027,155.37,3107.4,27500.0,80.96
S3_reappro_100,C105,CONCENTRES,Mbouda,Ouest,2027-09-01,9,2027,56.8,1135.9,27500.0,35.67
S3_reappro_100,C1053,CONCENTRES,Djeleng,Ouest,2027-09-01,9,2027,1.35,27.0,32000.0,0.65
S3_reappro_100,C1053,CONCENTRES,Famla,Ouest,2027-09-01,9,2027,3.62,72.4,32000.0,2.14
S3_reappro_100,C1053,CONCENTRES,Mbouda,Ouest,2027-09-01,9,2027,0.28,5.6,32000.0,0.2
S3_reappro_100,C1054,CONCENTRES,Djeleng,Ouest,2027-09-01,9,2027,2.96,59.2,29500.0,1.46
S3_reappro_100,C1054,CONCENTRES,Famla,Ouest,2027-09-01,9,2027,4.03,80.5,29500.0,2.23
S3_reappro_100,C1054,CONCENTRES,Mbouda,Ouest,2027-09-01,9,2027,4.42,88.4,29500.0,2.8
S3_reappro_100,C1055,CONCENTRES,Famla,Ouest,2027-09-01,9,2027,0.3,6.0,28500.0,0.22
S3_reappro_100,C1055,CONCENTRES,Mbouda,Ouest,2027-09-01,9,2027,0.71,14.1,28500.0,0.4
S3_reappro_100,C101,CONCENTRES,Djeleng,Ouest,2027-10-01,10,2027,31.34,626.8,36000.0,22.64
S3_reappro_100,C101,CONCENTRES,Famla,Ouest,2027-10-01,10,2027,133.01,2660.2,36000.0,94.2
S3_reappro_100,C101,CONCENTRES,Mbouda,Ouest,2027-10-01,10,2027,21.8,436.0,36000.0,18.6
S3_reappro_100,C102,CONCENTRES,Famla,Ouest,2027-10-01,10,2027,0.01,0.2,29500.0,0.01
S3_reappro_100,C102,CONCENTRES,Mbouda,Ouest,2027-10-01,10,2027,0.0,0.1,29500.0,0.0
S3_reappro_100,C103,CONCENTRES,Djeleng,Ouest,2027-10-01,10,2027,23.04,460.8,39500.0,17.92
S3_reappro_100,C103,CONCENTRES,Famla,Ouest,2027-10-01,10,2027,102.07,2041.4,39500.0,80.22
S3_reappro_100,C103,CONCENTRES,Mbouda,Ouest,2027-10-01,10,2027,14.61,292.1,39500.0,13.16
S3_reappro_100,C104,CONCENTRES,Djeleng,Ouest,2027-10-01,10,2027,48.01,960.2,32100.0,28.58
S3_reappro_100,C104,CONCENTRES,Famla,Ouest,2027-10-01,10,2027,108.59,2171.8,32100.0,67.48
S3_reappro_100,C104,CONCENTRES,Mbouda,Ouest,2027-10-01,10,2027,22.78,455.6,32100.0,17.02
S3_reappro_100,C1042,CONCENTRES,Djeleng,Ouest,2027-10-01,10,2027,0.12,2.3,36500.0,0.08
S3_reappro_100,C1042,CONCENTRES,Famla,Ouest,2027-10-01,10,2027,0.33,6.5,36500.0,0.22
S3_reappro_100,C1042,CONCENTRES,Mbouda,Ouest,2027-10-01,10,2027,0.08,1.5,36500.0,0.06
S3_reappro_100,C1043,CONCENTRES,Djeleng,Ouest,2027-10-01,10,2027,0.38,7.5,36490.0,0.23
S3_reappro_100,C1043,CONCENTRES,Famla,Ouest,2027-10-01,10,2027,0.38,7.6,36490.0,0.16
S3_reappro_100,C1043,CONCENTRES,Mbouda,Ouest,2027-10-01,10,2027,0.71,14.1,36490.0,0.48
S3_reappro_100,C1044,CONCENTRES,Famla,Ouest,2027-10-01,10,2027,0.1,1.9,32900.0,0.08
S3_reappro_100,C1044,CONCENTRES,Mbouda,Ouest,2027-10-01,10,2027,0.27,5.4,32900.0,0.18
S3_reappro_100,C105,CONCENTRES,Djeleng,Ouest,2027-10-01,10,2027,27.2,544.0,27500.0,15.13
S3_reappro_100,C105,CONCENTRES,Famla,Ouest,2027-10-01,10,2027,62.77,1255.4,27500.0,32.71
S3_reappro_100,C105,CONCENTRES,Mbouda,Ouest,2027-10-01,10,2027,22.95,458.9,27500.0,14.41
S3_reappro_100,C1053,CONCENTRES,Djeleng,Ouest,2027-10-01,10,2027,0.54,10.9,32000.0,0.26
S3_reappro_100,C1053,CONCENTRES,Famla,Ouest,2027-10-01,10,2027,1.46,29.2,32000.0,0.86
S3_reappro_100,C1053,CONCENTRES,Mbouda,Ouest,2027-10-01,10,2027,0.11,2.3,32000.0,0.08
S3_reappro_100,C1054,CONCENTRES,Djeleng,Ouest,2027-10-01,10,2027,1.2,23.9,29500.0,0.59
S3_reappro_100,C1054,CONCENTRES,Famla,Ouest,2027-10-01,10,2027,1.63,32.5,29500.0,0.9
S3_reappro_100,C1054,CONCENTRES,Mbouda,Ouest,2027-10-01,10,2027,1.79,35.7,29500.0,1.13
S3_reappro_100,C1055,CONCENTRES,Famla,Ouest,2027-10-01,10,2027,0.12,2.4,28500.0,0.09
S3_reappro_100,C1055,CONCENTRES,Mbouda,Ouest,2027-10-01,10,2027,0.28,5.7,28500.0,0.16
S3_reappro_100,C101,CONCENTRES,Djeleng,Ouest,2027-11-01,11,2027,73.77,1475.4,36000.0,53.29
S3_reappro_100,C101,CONCENTRES,Famla,Ouest,2027-11-01,11,2027,313.07,6261.4,36000.0,221.73
S3_reappro_100,C101,CONCENTRES,Mbouda,Ouest,2027-11-01,11,2027,51.31,1026.2,36000.0,43.79
S3_reappro_100,C102,CONCENTRES,Famla,Ouest,2027-11-01,11,2027,0.02,0.5,29500.0,0.02
S3_reappro_100,C102,CONCENTRES,Mbouda,Ouest,2027-11-01,11,2027,0.01,0.2,29500.0,0.01
S3_reappro_100,C103,CONCENTRES,Djeleng,Ouest,2027-11-01,11,2027,54.23,1084.5,39500.0,42.18
S3_reappro_100,C103,CONCENTRES,Famla,Ouest,2027-11-01,11,2027,240.25,4805.0,39500.0,188.83
S3_reappro_100,C103,CONCENTRES,Mbouda,Ouest,2027-11-01,11,2027,34.38,687.6,39500.0,30.99
S3_reappro_100,C104,CONCENTRES,Djeleng,Ouest,2027-11-01,11,2027,113.0,2260.0,32100.0,67.27
S3_reappro_100,C104,CONCENTRES,Famla,Ouest,2027-11-01,11,2027,255.59,5111.9,32100.0,158.83
S3_reappro_100,C104,CONCENTRES,Mbouda,Ouest,2027-11-01,11,2027,53.62,1072.4,32100.0,40.05
S3_reappro_100,C1042,CONCENTRES,Djeleng,Ouest,2027-11-01,11,2027,0.27,5.4,36500.0,0.19
S3_reappro_100,C1042,CONCENTRES,Famla,Ouest,2027-11-01,11,2027,0.77,15.4,36500.0,0.53
S3_reappro_100,C1042,CONCENTRES,Mbouda,Ouest,2027-11-01,11,2027,0.18,3.6,36500.0,0.14
S3_reappro_100,C1043,CONCENTRES,Djeleng,Ouest,2027-11-01,11,2027,0.88,17.7,36490.0,0.53
S3_reappro_100,C1043,CONCENTRES,Famla,Ouest,2027-11-01,11,2027,0.9,18.0,36490.0,0.39
S3_reappro_100,C1043,CONCENTRES,Mbouda,Ouest,2027-11-01,11,2027,1.66,33.2,36490.0,1.12
S3_reappro_100,C1044,CONCENTRES,Famla,Ouest,2027-11-01,11,2027,0.23,4.5,32900.0,0.19
S3_reappro_100,C1044,CONCENTRES,Mbouda,Ouest,2027-11-01,11,2027,0.64,12.8,32900.0,0.42
S3_reappro_100,C105,CONCENTRES,Djeleng,Ouest,2027-11-01,11,2027,64.02,1280.4,27500.0,35.61
S3_reappro_100,C105,CONCENTRES,Famla,Ouest,2027-11-01,11,2027,147.74,2954.9,27500.0,76.98
S3_reappro_100,C105,CONCENTRES,Mbouda,Ouest,2027-11-01,11,2027,54.01,1080.2,27500.0,33.92
S3_reappro_100,C1053,CONCENTRES,Djeleng,Ouest,2027-11-01,11,2027,1.28,25.7,32000.0,0.62
S3_reappro_100,C1053,CONCENTRES,Famla,Ouest,2027-11-01,11,2027,3.44,68.8,32000.0,2.03
S3_reappro_100,C1053,CONCENTRES,Mbouda,Ouest,2027-11-01,11,2027,0.27,5.3,32000.0,0.19
S3_reappro_100,C1054,CONCENTRES,Djeleng,Ouest,2027-11-01,11,2027,2.81,56.3,29500.0,1.39
S3_reappro_100,C1054,CONCENTRES,Famla,Ouest,2027-11-01,11,2027,3.83,76.6,29500.0,2.12
S3_reappro_100,C1054,CONCENTRES,Mbouda,Ouest,2027-11-01,11,2027,4.2,84.1,29500.0,2.66
S3_reappro_100,C1055,CONCENTRES,Famla,Ouest,2027-11-01,11,2027,0.29,5.7,28500.0,0.21
S3_reappro_100,C1055,CONCENTRES,Mbouda,Ouest,2027-11-01,11,2027,0.67,13.4,28500.0,0.38
S3_reappro_100,C101,CONCENTRES,Djeleng,Ouest,2027-12-01,12,2027,75.43,1508.7,36000.0,54.49
S3_reappro_100,C101,CONCENTRES,Famla,Ouest,2027-12-01,12,2027,320.13,6402.6,36000.0,226.73
S3_reappro_100,C101,CONCENTRES,Mbouda,Ouest,2027-12-01,12,2027,52.47,1049.4,36000.0,44.78
S3_reappro_100,C102,CONCENTRES,Famla,Ouest,2027-12-01,12,2027,0.02,0.5,29500.0,0.02
S3_reappro_100,C102,CONCENTRES,Mbouda,Ouest,2027-12-01,12,2027,0.01,0.2,29500.0,0.01
S3_reappro_100,C103,CONCENTRES,Djeleng,Ouest,2027-12-01,12,2027,55.45,1109.0,39500.0,43.13
S3_reappro_100,C103,CONCENTRES,Famla,Ouest,2027-12-01,12,2027,245.67,4913.3,39500.0,193.09
S3_reappro_100,C103,CONCENTRES,Mbouda,Ouest,2027-12-01,12,2027,35.16,703.2,39500.0,31.68
S3_reappro_100,C104,CONCENTRES,Djeleng,Ouest,2027-12-01,12,2027,115.55,2311.0,32100.0,68.79
S3_reappro_100,C104,CONCENTRES,Famla,Ouest,2027-12-01,12,2027,261.36,5227.1,32100.0,162.41
S3_reappro_100,C104,CONCENTRES,Mbouda,Ouest,2027-12-01,12,2027,54.83,1096.6,32100.0,40.95
S3_reappro_100,C1042,CONCENTRES,Djeleng,Ouest,2027-12-01,12,2027,0.28,5.6,36500.0,0.2
S3_reappro_100,C1042,CONCENTRES,Famla,Ouest,2027-12-01,12,2027,0.79,15.7,36500.0,0.54
S3_reappro_100,C1042,CONCENTRES,Mbouda,Ouest,2027-12-01,12,2027,0.18,3.7,36500.0,0.15
S3_reappro_100,C1043,CONCENTRES,Djeleng,Ouest,2027-12-01,12,2027,0.9,18.1,36490.0,0.55
S3_reappro_100,C1043,CONCENTRES,Famla,Ouest,2027-12-01,12,2027,0.92,18.4,36490.0,0.4
S3_reappro_100,C1043,CONCENTRES,Mbouda,Ouest,2027-12-01,12,2027,1.7,34.0,36490.0,1.15
S3_reappro_100,C1044,CONCENTRES,Famla,Ouest,2027-12-01,12,2027,0.23,4.6,32900.0,0.2
S3_reappro_100,C1044,CONCENTRES,Mbouda,Ouest,2027-12-01,12,2027,0.66,13.1,32900.0,0.43
S3_reappro_100,C105,CONCENTRES,Djeleng,Ouest,2027-12-01,12,2027,65.47,1309.3,27500.0,36.41
S3_reappro_100,C105,CONCENTRES,Famla,Ouest,2027-12-01,12,2027,151.07,3021.5,27500.0,78.72
S3_reappro_100,C105,CONCENTRES,Mbouda,Ouest,2027-12-01,12,2027,55.23,1104.5,27500.0,34.69
S3_reappro_100,C1053,CONCENTRES,Djeleng,Ouest,2027-12-01,12,2027,1.31,26.2,32000.0,0.64
S3_reappro_100,C1053,CONCENTRES,Famla,Ouest,2027-12-01,12,2027,3.52,70.4,32000.0,2.08
S3_reappro_100,C1053,CONCENTRES,Mbouda,Ouest,2027-12-01,12,2027,0.27,5.5,32000.0,0.2
S3_reappro_100,C1054,CONCENTRES,Djeleng,Ouest,2027-12-01,12,2027,2.88,57.5,29500.0,1.42
S3_reappro_100,C1054,CONCENTRES,Famla,Ouest,2027-12-01,12,2027,3.92,78.3,29500.0,2.17
S3_reappro_100,C1054,CONCENTRES,Mbouda,Ouest,2027-12-01,12,2027,4.3,86.0,29500.0,2.72
S3_reappro_100,C1055,CONCENTRES,Famla,Ouest,2027-12-01,12,2027,0.29,5.9,28500.0,0.22
S3_reappro_100,C1055,CONCENTRES,Mbouda,Ouest,2027-12-01,12,2027,0.69,13.7,28500.0,0.39
S3_reappro_100,B100,INGREDIENTS,Ahala,Centre,2027-01-01,1,2027,0.1,2.0,33500.0,0.01
S3_reappro_100,B100,INGREDIENTS,Bertoua,Centre,2027-01-01,1,2027,0.18,3.7,33500.0,0.02
S3_reappro_100,B100,INGREDIENTS,Messassi,Centre,2027-01-01,1,2027,0.6,12.0,33500.0,0.06
S3_reappro_100,B100,INGREDIENTS,Ngaoundere,Centre,2027-01-01,1,2027,0.18,3.6,33500.0,0.02
S3_reappro_100,B100,INGREDIENTS,Nkoabang,Centre,2027-01-01,1,2027,0.08,1.6,33500.0,0.01
S3_reappro_100,B100,INGREDIENTS,Nkolbisson,Centre,2027-01-01,1,2027,0.01,0.3,33500.0,0.0
S3_reappro_100,B1001,INGREDIENTS,Ahala,Centre,2027-01-01,1,2027,0.0,0.0,45950.0,0.0
S3_reappro_100,B1001,INGREDIENTS,Bertoua,Centre,2027-01-01,1,2027,0.02,0.4,45950.0,0.0
S3_reappro_100,B1001,INGREDIENTS,Messassi,Centre,2027-01-01,1,2027,0.0,0.1,45950.0,0.0
S3_reappro_100,B1001,INGREDIENTS,Ngaoundere,Centre,2027-01-01,1,2027,0.0,0.1,45950.0,0.0
S3_reappro_100,B1001,INGREDIENTS,Nkoabang,Centre,2027-01-01,1,2027,0.0,0.1,45950.0,0.0
S3_reappro_100,E101,INGREDIENTS,Ahala,Centre,2027-01-01,1,2027,0.5,10.0,60000.0,0.12
S3_reappro_100,E101,INGREDIENTS,Bertoua,Centre,2027-01-01,1,2027,0.59,11.8,60000.0,0.11
S3_reappro_100,E101,INGREDIENTS,Messassi,Centre,2027-01-01,1,2027,1.32,26.5,60000.0,0.25
S3_reappro_100,E101,INGREDIENTS,Ngaoundere,Centre,2027-01-01,1,2027,0.45,9.0,60000.0,0.1
S3_reappro_100,E101,INGREDIENTS,Nkoabang,Centre,2027-01-01,1,2027,0.25,5.0,60000.0,0.05
S3_reappro_100,E101,INGREDIENTS,Nkolbisson,Centre,2027-01-01,1,2027,0.16,3.2,60000.0,0.03
S3_reappro_100,E1011,INGREDIENTS,Ahala,Centre,2027-01-01,1,2027,0.01,0.3,61500.0,0.0
S3_reappro_100,E1011,INGREDIENTS,Bertoua,Centre,2027-01-01,1,2027,0.09,1.7,61500.0,0.02
S3_reappro_100,E1011,INGREDIENTS,Messassi,Centre,2027-01-01,1,2027,0.04,0.7,61500.0,0.01
S3_reappro_100,E1011,INGREDIENTS,Ngaoundere,Centre,2027-01-01,1,2027,0.07,1.3,61500.0,0.01
S3_reappro_100,E1011,INGREDIENTS,Nkoabang,Centre,2027-01-01,1,2027,0.02,0.4,61500.0,0.0
S3_reappro_100,E1011,INGREDIENTS,Nkolbisson,Centre,2027-01-01,1,2027,0.02,0.4,61500.0,0.0
S3_reappro_100,E1014,INGREDIENTS,Ahala,Centre,2027-01-01,1,2027,0.0,0.0,708.0,0.0
S3_reappro_100,E1014,INGREDIENTS,Bertoua,Centre,2027-01-01,1,2027,0.0,0.0,708.0,0.0
S3_reappro_100,E1014,INGREDIENTS,Messassi,Centre,2027-01-01,1,2027,0.01,0.1,708.0,0.0
S3_reappro_100,E1014,INGREDIENTS,Nkoabang,Centre,2027-01-01,1,2027,0.0,0.0,708.0,0.0
S3_reappro_100,F114,INGREDIENTS,Ahala,Centre,2027-01-01,1,2027,0.28,5.6,0.0,0.05
S3_reappro_100,F114,INGREDIENTS,Bertoua,Centre,2027-01-01,1,2027,1.13,22.6,0.0,0.1
S3_reappro_100,F114,INGREDIENTS,Messassi,Centre,2027-01-01,1,2027,1.16,23.3,0.0,0.06
S3_reappro_100,F114,INGREDIENTS,Ngaoundere,Centre,2027-01-01,1,2027,0.73,14.6,0.0,0.1
S3_reappro_100,F114,INGREDIENTS,Nkoabang,Centre,2027-01-01,1,2027,0.11,2.2,0.0,0.01
S3_reappro_100,F1145,INGREDIENTS,Ahala,Centre,2027-01-01,1,2027,0.44,8.9,0.0,0.11
S3_reappro_100,F1145,INGREDIENTS,Bertoua,Centre,2027-01-01,1,2027,0.17,3.5,0.0,0.04
S3_reappro_100,F1145,INGREDIENTS,Messassi,Centre,2027-01-01,1,2027,0.62,12.5,0.0,0.15
S3_reappro_100,F1145,INGREDIENTS,Ngaoundere,Centre,2027-01-01,1,2027,0.49,9.9,0.0,0.12
S3_reappro_100,F1145,INGREDIENTS,Nkoabang,Centre,2027-01-01,1,2027,0.23,4.7,0.0,0.06
S3_reappro_100,F1145,INGREDIENTS,Nkolbisson,Centre,2027-01-01,1,2027,0.01,0.3,0.0,0.0
S3_reappro_100,F1146,INGREDIENTS,Bertoua,Centre,2027-01-01,1,2027,0.0,0.1,0.0,0.0
S3_reappro_100,F1146,INGREDIENTS,Messassi,Centre,2027-01-01,1,2027,0.09,1.8,0.0,0.02
S3_reappro_100,F1146,INGREDIENTS,Ngaoundere,Centre,2027-01-01,1,2027,0.01,0.2,0.0,0.0
S3_reappro_100,F1146,INGREDIENTS,Nkoabang,Centre,2027-01-01,1,2027,0.05,0.9,0.0,0.01
S3_reappro_100,F1147,INGREDIENTS,Ahala,Centre,2027-01-01,1,2027,0.0,0.0,0.0,0.0
S3_reappro_100,F1147,INGREDIENTS,Bertoua,Centre,2027-01-01,1,2027,0.0,0.0,0.0,0.0
S3_reappro_100,F1147,INGREDIENTS,Messassi,Centre,2027-01-01,1,2027,0.01,0.1,0.0,0.0
S3_reappro_100,F1147,INGREDIENTS,Ngaoundere,Centre,2027-01-01,1,2027,0.0,0.1,0.0,0.0
S3_reappro_100,F1147,INGREDIENTS,Nkoabang,Centre,2027-01-01,1,2027,0.0,0.1,0.0,0.0
S3_reappro_100,F1147,INGREDIENTS,Nkolbisson,Centre,2027-01-01,1,2027,0.0,0.1,0.0,0.0
S3_reappro_100,I105,INGREDIENTS,Ahala,Centre,2027-01-01,1,2027,0.03,0.6,35500.0,0.0
S3_reappro_100,I105,INGREDIENTS,Bertoua,Centre,2027-01-01,1,2027,0.04,0.8,35500.0,0.0
S3_reappro_100,I105,INGREDIENTS,Messassi,Centre,2027-01-01,1,2027,0.08,1.5,35500.0,0.01
S3_reappro_100,I105,INGREDIENTS,Ngaoundere,Centre,2027-01-01,1,2027,0.04,0.9,35500.0,0.0
S3_reappro_100,I105,INGREDIENTS,Nkoabang,Centre,2027-01-01,1,2027,0.03,0.6,35500.0,0.0
S3_reappro_100,I105,INGREDIENTS,Nkolbisson,Centre,2027-01-01,1,2027,0.01,0.3,35500.0,0.0
S3_reappro_100,I1051,INGREDIENTS,Ahala,Centre,2027-01-01,1,2027,0.01,0.2,41000.0,0.0
S3_reappro_100,I1051,INGREDIENTS,Bertoua,Centre,2027-01-01,1,2027,0.06,1.1,41000.0,0.01
S3_reappro_100,I1051,INGREDIENTS,Messassi,Centre,2027-01-01,1,2027,0.03,0.7,41000.0,0.01
S3_reappro_100,I1051,INGREDIENTS,Ngaoundere,Centre,2027-01-01,1,2027,0.03,0.6,41000.0,0.0
S3_reappro_100,I1051,INGREDIENTS,Nkoabang,Centre,2027-01-01,1,2027,0.02,0.3,41000.0,0.0
S3_reappro_100,I1051,INGREDIENTS,Nkolbisson,Centre,2027-01-01,1,2027,0.01,0.2,41000.0,0.0
S3_reappro_100,I106,INGREDIENTS,Ahala,Centre,2027-01-01,1,2027,0.31,6.2,0.0,0.23
S3_reappro_100,I106,INGREDIENTS,Bertoua,Centre,2027-01-01,1,2027,0.15,3.1,0.0,0.09
S3_reappro_100,I106,INGREDIENTS,Messassi,Centre,2027-01-01,1,2027,0.56,11.3,0.0,0.26
S3_reappro_100,I106,INGREDIENTS,Ngaoundere,Centre,2027-01-01,1,2027,0.14,2.7,0.0,0.1
S3_reappro_100,I106,INGREDIENTS,Nkoabang,Centre,2027-01-01,1,2027,0.2,4.1,0.0,0.16
S3_reappro_100,I106,INGREDIENTS,Nkolbisson,Centre,2027-01-01,1,2027,0.05,1.0,0.0,0.03
S3_reappro_100,I1061,INGREDIENTS,Ahala,Centre,2027-01-01,1,2027,0.01,0.1,0.0,0.0
S3_reappro_100,I1061,INGREDIENTS,Bertoua,Centre,2027-01-01,1,2027,0.03,0.5,0.0,0.01
S3_reappro_100,I1061,INGREDIENTS,Messassi,Centre,2027-01-01,1,2027,0.02,0.5,0.0,0.01
S3_reappro_100,I1061,INGREDIENTS,Ngaoundere,Centre,2027-01-01,1,2027,0.01,0.2,0.0,0.01
S3_reappro_100,I1061,INGREDIENTS,Nkoabang,Centre,2027-01-01,1,2027,0.01,0.3,0.0,0.01
S3_reappro_100,I1061,INGREDIENTS,Nkolbisson,Centre,2027-01-01,1,2027,0.01,0.2,0.0,0.01
S3_reappro_100,I107,INGREDIENTS,Ahala,Centre,2027-01-01,1,2027,0.45,9.1,0.0,0.2
S3_reappro_100,I107,INGREDIENTS,Bertoua,Centre,2027-01-01,1,2027,0.17,3.4,0.0,0.05
S3_reappro_100,I107,INGREDIENTS,Messassi,Centre,2027-01-01,1,2027,0.56,11.1,0.0,0.17
S3_reappro_100,I107,INGREDIENTS,Ngaoundere,Centre,2027-01-01,1,2027,0.21,4.3,0.0,0.09
S3_reappro_100,I107,INGREDIENTS,Nkoabang,Centre,2027-01-01,1,2027,0.26,5.2,0.0,0.11
S3_reappro_100,I107,INGREDIENTS,Nkolbisson,Centre,2027-01-01,1,2027,0.07,1.3,0.0,0.02
S3_reappro_100,I1071,INGREDIENTS,Ahala,Centre,2027-01-01,1,2027,0.0,0.1,0.0,0.0
S3_reappro_100,I1071,INGREDIENTS,Bertoua,Centre,2027-01-01,1,2027,0.02,0.3,0.0,0.0
S3_reappro_100,I1071,INGREDIENTS,Messassi,Centre,2027-01-01,1,2027,0.02,0.3,0.0,0.01
S3_reappro_100,I1071,INGREDIENTS,Ngaoundere,Centre,2027-01-01,1,2027,0.01,0.2,0.0,0.01
S3_reappro_100,I1071,INGREDIENTS,Nkoabang,Centre,2027-01-01,1,2027,0.01,0.3,0.0,0.01
S3_reappro_100,I1071,INGREDIENTS,Nkolbisson,Centre,2027-01-01,1,2027,0.01,0.2,0.0,0.0
S3_reappro_100,P105,INGREDIENTS,Ahala,Centre,2027-01-01,1,2027,1.43,28.6,0.0,0.39
S3_reappro_100,P105,INGREDIENTS,Bertoua,Centre,2027-01-01,1,2027,1.18,23.6,0.0,0.2
S3_reappro_100,P105,INGREDIENTS,Messassi,Centre,2027-01-01,1,2027,3.25,65.0,0.0,0.68
S3_reappro_100,P105,INGREDIENTS,Ngaoundere,Centre,2027-01-01,1,2027,1.2,24.0,0.0,0.27
S3_reappro_100,P105,INGREDIENTS,Nkoabang,Centre,2027-01-01,1,2027,1.09,21.7,0.0,0.24
S3_reappro_100,P105,INGREDIENTS,Nkolbisson,Centre,2027-01-01,1,2027,0.66,13.2,0.0,0.15
S3_reappro_100,P1051,INGREDIENTS,Ahala,Centre,2027-01-01,1,2027,0.01,0.1,0.0,0.0
S3_reappro_100,P1051,INGREDIENTS,Bertoua,Centre,2027-01-01,1,2027,0.09,1.7,0.0,0.01
S3_reappro_100,P1051,INGREDIENTS,Messassi,Centre,2027-01-01,1,2027,0.04,0.9,0.0,0.0
S3_reappro_100,P1051,INGREDIENTS,Ngaoundere,Centre,2027-01-01,1,2027,0.03,0.6,0.0,0.0
S3_reappro_100,P1051,INGREDIENTS,Nkoabang,Centre,2027-01-01,1,2027,0.02,0.4,0.0,0.0
S3_reappro_100,P1051,INGREDIENTS,Nkolbisson,Centre,2027-01-01,1,2027,0.02,0.4,0.0,0.0
S3_reappro_100,P1053,INGREDIENTS,Ahala,Centre,2027-01-01,1,2027,0.03,0.7,0.0,0.01
S3_reappro_100,P1053,INGREDIENTS,Bertoua,Centre,2027-01-01,1,2027,0.1,2.0,0.0,0.01
S3_reappro_100,P1053,INGREDIENTS,Messassi,Centre,2027-01-01,1,2027,0.1,2.0,0.0,0.01
S3_reappro_100,P1053,INGREDIENTS,Ngaoundere,Centre,2027-01-01,1,2027,0.06,1.2,0.0,0.01
S3_reappro_100,P1053,INGREDIENTS,Nkoabang,Centre,2027-01-01,1,2027,0.02,0.4,0.0,0.0
S3_reappro_100,P1053,INGREDIENTS,Nkolbisson,Centre,2027-01-01,1,2027,0.03,0.6,0.0,0.0
S3_reappro_100,B100,INGREDIENTS,Ahala,Centre,2027-02-01,2,2027,0.09,1.9,33500.0,0.01
S3_reappro_100,B100,INGREDIENTS,Bertoua,Centre,2027-02-01,2,2027,0.17,3.5,33500.0,0.02
S3_reappro_100,B100,INGREDIENTS,Messassi,Centre,2027-02-01,2,2027,0.57,11.5,33500.0,0.06
S3_reappro_100,B100,INGREDIENTS,Ngaoundere,Centre,2027-02-01,2,2027,0.17,3.4,33500.0,0.02
S3_reappro_100,B100,INGREDIENTS,Nkoabang,Centre,2027-02-01,2,2027,0.08,1.6,33500.0,0.01
S3_reappro_100,B100,INGREDIENTS,Nkolbisson,Centre,2027-02-01,2,2027,0.01,0.3,33500.0,0.0
S3_reappro_100,B1001,INGREDIENTS,Ahala,Centre,2027-02-01,2,2027,0.0,0.0,45950.0,0.0
S3_reappro_100,B1001,INGREDIENTS,Bertoua,Centre,2027-02-01,2,2027,0.02,0.4,45950.0,0.0
S3_reappro_100,B1001,INGREDIENTS,Messassi,Centre,2027-02-01,2,2027,0.0,0.1,45950.0,0.0
S3_reappro_100,B1001,INGREDIENTS,Ngaoundere,Centre,2027-02-01,2,2027,0.0,0.1,45950.0,0.0
S3_reappro_100,B1001,INGREDIENTS,Nkoabang,Centre,2027-02-01,2,2027,0.0,0.1,45950.0,0.0
S3_reappro_100,E101,INGREDIENTS,Ahala,Centre,2027-02-01,2,2027,0.48,9.5,60000.0,0.12
S3_reappro_100,E101,INGREDIENTS,Bertoua,Centre,2027-02-01,2,2027,0.56,11.3,60000.0,0.1
S3_reappro_100,E101,INGREDIENTS,Messassi,Centre,2027-02-01,2,2027,1.26,25.3,60000.0,0.23
S3_reappro_100,E101,INGREDIENTS,Ngaoundere,Centre,2027-02-01,2,2027,0.43,8.6,60000.0,0.1
S3_reappro_100,E101,INGREDIENTS,Nkoabang,Centre,2027-02-01,2,2027,0.24,4.7,60000.0,0.05
S3_reappro_100,E101,INGREDIENTS,Nkolbisson,Centre,2027-02-01,2,2027,0.15,3.1,60000.0,0.03
S3_reappro_100,E1011,INGREDIENTS,Ahala,Centre,2027-02-01,2,2027,0.01,0.3,61500.0,0.0
S3_reappro_100,E1011,INGREDIENTS,Bertoua,Centre,2027-02-01,2,2027,0.08,1.6,61500.0,0.02
S3_reappro_100,E1011,INGREDIENTS,Messassi,Centre,2027-02-01,2,2027,0.03,0.7,61500.0,0.01
S3_reappro_100,E1011,INGREDIENTS,Ngaoundere,Centre,2027-02-01,2,2027,0.06,1.3,61500.0,0.01
S3_reappro_100,E1011,INGREDIENTS,Nkoabang,Centre,2027-02-01,2,2027,0.02,0.4,61500.0,0.0
S3_reappro_100,E1011,INGREDIENTS,Nkolbisson,Centre,2027-02-01,2,2027,0.02,0.3,61500.0,0.0
S3_reappro_100,E1014,INGREDIENTS,Ahala,Centre,2027-02-01,2,2027,0.0,0.0,708.0,0.0
S3_reappro_100,E1014,INGREDIENTS,Bertoua,Centre,2027-02-01,2,2027,0.0,0.0,708.0,0.0
S3_reappro_100,E1014,INGREDIENTS,Messassi,Centre,2027-02-01,2,2027,0.0,0.1,708.0,0.0
S3_reappro_100,E1014,INGREDIENTS,Nkoabang,Centre,2027-02-01,2,2027,0.0,0.0,708.0,0.0
S3_reappro_100,F114,INGREDIENTS,Ahala,Centre,2027-02-01,2,2027,0.27,5.4,0.0,0.05
S3_reappro_100,F114,INGREDIENTS,Bertoua,Centre,2027-02-01,2,2027,1.08,21.6,0.0,0.09
S3_reappro_100,F114,INGREDIENTS,Messassi,Centre,2027-02-01,2,2027,1.11,22.2,0.0,0.05
S3_reappro_100,F114,INGREDIENTS,Ngaoundere,Centre,2027-02-01,2,2027,0.7,14.0,0.0,0.1
S3_reappro_100,F114,INGREDIENTS,Nkoabang,Centre,2027-02-01,2,2027,0.1,2.1,0.0,0.01
S3_reappro_100,F1145,INGREDIENTS,Ahala,Centre,2027-02-01,2,2027,0.42,8.5,0.0,0.1
S3_reappro_100,F1145,INGREDIENTS,Bertoua,Centre,2027-02-01,2,2027,0.17,3.3,0.0,0.04
S3_reappro_100,F1145,INGREDIENTS,Messassi,Centre,2027-02-01,2,2027,0.6,11.9,0.0,0.14
S3_reappro_100,F1145,INGREDIENTS,Ngaoundere,Centre,2027-02-01,2,2027,0.47,9.4,0.0,0.12
S3_reappro_100,F1145,INGREDIENTS,Nkoabang,Centre,2027-02-01,2,2027,0.22,4.5,0.0,0.05
S3_reappro_100,F1145,INGREDIENTS,Nkolbisson,Centre,2027-02-01,2,2027,0.01,0.3,0.0,0.0
S3_reappro_100,F1146,INGREDIENTS,Bertoua,Centre,2027-02-01,2,2027,0.0,0.1,0.0,0.0
S3_reappro_100,F1146,INGREDIENTS,Messassi,Centre,2027-02-01,2,2027,0.09,1.7,0.0,0.02
S3_reappro_100,F1146,INGREDIENTS,Ngaoundere,Centre,2027-02-01,2,2027,0.01,0.2,0.0,0.0
S3_reappro_100,F1146,INGREDIENTS,Nkoabang,Centre,2027-02-01,2,2027,0.04,0.9,0.0,0.01
S3_reappro_100,F1147,INGREDIENTS,Ahala,Centre,2027-02-01,2,2027,0.0,0.0,0.0,0.0
S3_reappro_100,F1147,INGREDIENTS,Bertoua,Centre,2027-02-01,2,2027,0.0,0.0,0.0,0.0
S3_reappro_100,F1147,INGREDIENTS,Messassi,Centre,2027-02-01,2,2027,0.01,0.1,0.0,0.0
S3_reappro_100,F1147,INGREDIENTS,Ngaoundere,Centre,2027-02-01,2,2027,0.0,0.1,0.0,0.0
S3_reappro_100,F1147,INGREDIENTS,Nkoabang,Centre,2027-02-01,2,2027,0.0,0.1,0.0,0.0
S3_reappro_100,F1147,INGREDIENTS,Nkolbisson,Centre,2027-02-01,2,2027,0.0,0.1,0.0,0.0
S3_reappro_100,I105,INGREDIENTS,Ahala,Centre,2027-02-01,2,2027,0.03,0.6,35500.0,0.0
S3_reappro_100,I105,INGREDIENTS,Bertoua,Centre,2027-02-01,2,2027,0.04,0.7,35500.0,0.0
S3_reappro_100,I105,INGREDIENTS,Messassi,Centre,2027-02-01,2,2027,0.07,1.5,35500.0,0.01
S3_reappro_100,I105,INGREDIENTS,Ngaoundere,Centre,2027-02-01,2,2027,0.04,0.8,35500.0,0.0
S3_reappro_100,I105,INGREDIENTS,Nkoabang,Centre,2027-02-01,2,2027,0.03,0.6,35500.0,0.0
S3_reappro_100,I105,INGREDIENTS,Nkolbisson,Centre,2027-02-01,2,2027,0.01,0.3,35500.0,0.0
S3_reappro_100,I1051,INGREDIENTS,Ahala,Centre,2027-02-01,2,2027,0.01,0.2,41000.0,0.0
S3_reappro_100,I1051,INGREDIENTS,Bertoua,Centre,2027-02-01,2,2027,0.05,1.1,41000.0,0.01
S3_reappro_100,I1051,INGREDIENTS,Messassi,Centre,2027-02-01,2,2027,0.03,0.6,41000.0,0.0
S3_reappro_100,I1051,INGREDIENTS,Ngaoundere,Centre,2027-02-01,2,2027,0.03,0.6,41000.0,0.0
S3_reappro_100,I1051,INGREDIENTS,Nkoabang,Centre,2027-02-01,2,2027,0.01,0.3,41000.0,0.0
S3_reappro_100,I1051,INGREDIENTS,Nkolbisson,Centre,2027-02-01,2,2027,0.01,0.2,41000.0,0.0
S3_reappro_100,I106,INGREDIENTS,Ahala,Centre,2027-02-01,2,2027,0.29,5.9,0.0,0.22
S3_reappro_100,I106,INGREDIENTS,Bertoua,Centre,2027-02-01,2,2027,0.15,2.9,0.0,0.08
S3_reappro_100,I106,INGREDIENTS,Messassi,Centre,2027-02-01,2,2027,0.54,10.8,0.0,0.24
S3_reappro_100,I106,INGREDIENTS,Ngaoundere,Centre,2027-02-01,2,2027,0.13,2.6,0.0,0.09
S3_reappro_100,I106,INGREDIENTS,Nkoabang,Centre,2027-02-01,2,2027,0.19,3.9,0.0,0.15
S3_reappro_100,I106,INGREDIENTS,Nkolbisson,Centre,2027-02-01,2,2027,0.05,1.0,0.0,0.03
S3_reappro_100,I1061,INGREDIENTS,Ahala,Centre,2027-02-01,2,2027,0.01,0.1,0.0,0.0
S3_reappro_100,I1061,INGREDIENTS,Bertoua,Centre,2027-02-01,2,2027,0.02,0.5,0.0,0.01
S3_reappro_100,I1061,INGREDIENTS,Messassi,Centre,2027-02-01,2,2027,0.02,0.5,0.0,0.01
S3_reappro_100,I1061,INGREDIENTS,Ngaoundere,Centre,2027-02-01,2,2027,0.01,0.2,0.0,0.01
S3_reappro_100,I1061,INGREDIENTS,Nkoabang,Centre,2027-02-01,2,2027,0.01,0.3,0.0,0.01
S3_reappro_100,I1061,INGREDIENTS,Nkolbisson,Centre,2027-02-01,2,2027,0.01,0.2,0.0,0.01
S3_reappro_100,I107,INGREDIENTS,Ahala,Centre,2027-02-01,2,2027,0.43,8.7,0.0,0.19
S3_reappro_100,I107,INGREDIENTS,Bertoua,Centre,2027-02-01,2,2027,0.16,3.2,0.0,0.05
S3_reappro_100,I107,INGREDIENTS,Messassi,Centre,2027-02-01,2,2027,0.53,10.6,0.0,0.17
S3_reappro_100,I107,INGREDIENTS,Ngaoundere,Centre,2027-02-01,2,2027,0.2,4.1,0.0,0.08
S3_reappro_100,I107,INGREDIENTS,Nkoabang,Centre,2027-02-01,2,2027,0.25,5.0,0.0,0.11
S3_reappro_100,I107,INGREDIENTS,Nkolbisson,Centre,2027-02-01,2,2027,0.06,1.2,0.0,0.02
S3_reappro_100,I1071,INGREDIENTS,Ahala,Centre,2027-02-01,2,2027,0.0,0.1,0.0,0.0
S3_reappro_100,I1071,INGREDIENTS,Bertoua,Centre,2027-02-01,2,2027,0.01,0.3,0.0,0.0
S3_reappro_100,I1071,INGREDIENTS,Messassi,Centre,2027-02-01,2,2027,0.02,0.3,0.0,0.01
S3_reappro_100,I1071,INGREDIENTS,Ngaoundere,Centre,2027-02-01,2,2027,0.01,0.2,0.0,0.01
S3_reappro_100,I1071,INGREDIENTS,Nkoabang,Centre,2027-02-01,2,2027,0.01,0.3,0.0,0.01
S3_reappro_100,I1071,INGREDIENTS,Nkolbisson,Centre,2027-02-01,2,2027,0.01,0.2,0.0,0.0
S3_reappro_100,P105,INGREDIENTS,Ahala,Centre,2027-02-01,2,2027,1.36,27.3,0.0,0.38
S3_reappro_100,P105,INGREDIENTS,Bertoua,Centre,2027-02-01,2,2027,1.13,22.6,0.0,0.19
S3_reappro_100,P105,INGREDIENTS,Messassi,Centre,2027-02-01,2,2027,3.1,62.1,0.0,0.65
S3_reappro_100,P105,INGREDIENTS,Ngaoundere,Centre,2027-02-01,2,2027,1.14,22.9,0.0,0.26
S3_reappro_100,P105,INGREDIENTS,Nkoabang,Centre,2027-02-01,2,2027,1.04,20.7,0.0,0.23
S3_reappro_100,P105,INGREDIENTS,Nkolbisson,Centre,2027-02-01,2,2027,0.63,12.6,0.0,0.15
S3_reappro_100,P1051,INGREDIENTS,Ahala,Centre,2027-02-01,2,2027,0.01,0.1,0.0,0.0
S3_reappro_100,P1051,INGREDIENTS,Bertoua,Centre,2027-02-01,2,2027,0.08,1.6,0.0,0.01
S3_reappro_100,P1051,INGREDIENTS,Messassi,Centre,2027-02-01,2,2027,0.04,0.9,0.0,0.0
S3_reappro_100,P1051,INGREDIENTS,Ngaoundere,Centre,2027-02-01,2,2027,0.03,0.6,0.0,0.0
S3_reappro_100,P1051,INGREDIENTS,Nkoabang,Centre,2027-02-01,2,2027,0.02,0.4,0.0,0.0
S3_reappro_100,P1051,INGREDIENTS,Nkolbisson,Centre,2027-02-01,2,2027,0.02,0.3,0.0,0.0
S3_reappro_100,P1053,INGREDIENTS,Ahala,Centre,2027-02-01,2,2027,0.03,0.6,0.0,0.01
S3_reappro_100,P1053,INGREDIENTS,Bertoua,Centre,2027-02-01,2,2027,0.09,1.9,0.0,0.01
S3_reappro_100,P1053,INGREDIENTS,Messassi,Centre,2027-02-01,2,2027,0.1,2.0,0.0,0.01
S3_reappro_100,P1053,INGREDIENTS,Ngaoundere,Centre,2027-02-01,2,2027,0.06,1.2,0.0,0.01
S3_reappro_100,P1053,INGREDIENTS,Nkoabang,Centre,2027-02-01,2,2027,0.02,0.4,0.0,0.0
S3_reappro_100,P1053,INGREDIENTS,Nkolbisson,Centre,2027-02-01,2,2027,0.03,0.5,0.0,0.0
S3_reappro_100,B100,INGREDIENTS,Ahala,Centre,2027-03-01,3,2027,0.08,1.7,33500.0,0.01
S3_reappro_100,B100,INGREDIENTS,Bertoua,Centre,2027-03-01,3,2027,0.16,3.1,33500.0,0.02
S3_reappro_100,B100,INGREDIENTS,Messassi,Centre,2027-03-01,3,2027,0.51,10.2,33500.0,0.05
S3_reappro_100,B100,INGREDIENTS,Ngaoundere,Centre,2027-03-01,3,2027,0.15,3.1,33500.0,0.02
S3_reappro_100,B100,INGREDIENTS,Nkoabang,Centre,2027-03-01,3,2027,0.07,1.4,33500.0,0.01
S3_reappro_100,B100,INGREDIENTS,Nkolbisson,Centre,2027-03-01,3,2027,0.01,0.2,33500.0,0.0
S3_reappro_100,B1001,INGREDIENTS,Ahala,Centre,2027-03-01,3,2027,0.0,0.0,45950.0,0.0
S3_reappro_100,B1001,INGREDIENTS,Bertoua,Centre,2027-03-01,3,2027,0.02,0.4,45950.0,0.0
S3_reappro_100,B1001,INGREDIENTS,Messassi,Centre,2027-03-01,3,2027,0.0,0.1,45950.0,0.0
S3_reappro_100,B1001,INGREDIENTS,Ngaoundere,Centre,2027-03-01,3,2027,0.0,0.1,45950.0,0.0
S3_reappro_100,B1001,INGREDIENTS,Nkoabang,Centre,2027-03-01,3,2027,0.0,0.1,45950.0,0.0
S3_reappro_100,E101,INGREDIENTS,Ahala,Centre,2027-03-01,3,2027,0.42,8.5,60000.0,0.11
S3_reappro_100,E101,INGREDIENTS,Bertoua,Centre,2027-03-01,3,2027,0.5,10.0,60000.0,0.09
S3_reappro_100,E101,INGREDIENTS,Messassi,Centre,2027-03-01,3,2027,1.12,22.5,60000.0,0.21
S3_reappro_100,E101,INGREDIENTS,Ngaoundere,Centre,2027-03-01,3,2027,0.38,7.6,60000.0,0.09
S3_reappro_100,E101,INGREDIENTS,Nkoabang,Centre,2027-03-01,3,2027,0.21,4.2,60000.0,0.04
S3_reappro_100,E101,INGREDIENTS,Nkolbisson,Centre,2027-03-01,3,2027,0.14,2.8,60000.0,0.03
S3_reappro_100,E1011,INGREDIENTS,Ahala,Centre,2027-03-01,3,2027,0.01,0.2,61500.0,0.0
S3_reappro_100,E1011,INGREDIENTS,Bertoua,Centre,2027-03-01,3,2027,0.07,1.4,61500.0,0.01
S3_reappro_100,E1011,INGREDIENTS,Messassi,Centre,2027-03-01,3,2027,0.03,0.6,61500.0,0.0
S3_reappro_100,E1011,INGREDIENTS,Ngaoundere,Centre,2027-03-01,3,2027,0.06,1.1,61500.0,0.01
S3_reappro_100,E1011,INGREDIENTS,Nkoabang,Centre,2027-03-01,3,2027,0.02,0.3,61500.0,0.0
S3_reappro_100,E1011,INGREDIENTS,Nkolbisson,Centre,2027-03-01,3,2027,0.02,0.3,61500.0,0.0
S3_reappro_100,E1014,INGREDIENTS,Ahala,Centre,2027-03-01,3,2027,0.0,0.0,708.0,0.0
S3_reappro_100,E1014,INGREDIENTS,Bertoua,Centre,2027-03-01,3,2027,0.0,0.0,708.0,0.0
S3_reappro_100,E1014,INGREDIENTS,Messassi,Centre,2027-03-01,3,2027,0.0,0.1,708.0,0.0
S3_reappro_100,E1014,INGREDIENTS,Nkoabang,Centre,2027-03-01,3,2027,0.0,0.0,708.0,0.0
S3_reappro_100,F114,INGREDIENTS,Ahala,Centre,2027-03-01,3,2027,0.24,4.8,0.0,0.05
S3_reappro_100,F114,INGREDIENTS,Bertoua,Centre,2027-03-01,3,2027,0.96,19.2,0.0,0.08
S3_reappro_100,F114,INGREDIENTS,Messassi,Centre,2027-03-01,3,2027,0.99,19.7,0.0,0.05
S3_reappro_100,F114,INGREDIENTS,Ngaoundere,Centre,2027-03-01,3,2027,0.62,12.4,0.0,0.08
S3_reappro_100,F114,INGREDIENTS,Nkoabang,Centre,2027-03-01,3,2027,0.09,1.8,0.0,0.01
S3_reappro_100,F1145,INGREDIENTS,Ahala,Centre,2027-03-01,3,2027,0.38,7.5,0.0,0.09
S3_reappro_100,F1145,INGREDIENTS,Bertoua,Centre,2027-03-01,3,2027,0.15,3.0,0.0,0.04
S3_reappro_100,F1145,INGREDIENTS,Messassi,Centre,2027-03-01,3,2027,0.53,10.6,0.0,0.13
S3_reappro_100,F1145,INGREDIENTS,Ngaoundere,Centre,2027-03-01,3,2027,0.42,8.4,0.0,0.1
S3_reappro_100,F1145,INGREDIENTS,Nkoabang,Centre,2027-03-01,3,2027,0.2,4.0,0.0,0.05
S3_reappro_100,F1145,INGREDIENTS,Nkolbisson,Centre,2027-03-01,3,2027,0.01,0.2,0.0,0.0
S3_reappro_100,F1146,INGREDIENTS,Bertoua,Centre,2027-03-01,3,2027,0.0,0.1,0.0,0.0
S3_reappro_100,F1146,INGREDIENTS,Messassi,Centre,2027-03-01,3,2027,0.08,1.5,0.0,0.02
S3_reappro_100,F1146,INGREDIENTS,Ngaoundere,Centre,2027-03-01,3,2027,0.01,0.2,0.0,0.0
S3_reappro_100,F1146,INGREDIENTS,Nkoabang,Centre,2027-03-01,3,2027,0.04,0.8,0.0,0.01
S3_reappro_100,F1147,INGREDIENTS,Ahala,Centre,2027-03-01,3,2027,0.0,0.0,0.0,0.0
S3_reappro_100,F1147,INGREDIENTS,Bertoua,Centre,2027-03-01,3,2027,0.0,0.0,0.0,0.0
S3_reappro_100,F1147,INGREDIENTS,Messassi,Centre,2027-03-01,3,2027,0.0,0.1,0.0,0.0
S3_reappro_100,F1147,INGREDIENTS,Ngaoundere,Centre,2027-03-01,3,2027,0.0,0.0,0.0,0.0
S3_reappro_100,F1147,INGREDIENTS,Nkoabang,Centre,2027-03-01,3,2027,0.0,0.1,0.0,0.0
S3_reappro_100,F1147,INGREDIENTS,Nkolbisson,Centre,2027-03-01,3,2027,0.0,0.1,0.0,0.0
S3_reappro_100,I105,INGREDIENTS,Ahala,Centre,2027-03-01,3,2027,0.03,0.5,35500.0,0.0
S3_reappro_100,I105,INGREDIENTS,Bertoua,Centre,2027-03-01,3,2027,0.03,0.7,35500.0,0.0
S3_reappro_100,I105,INGREDIENTS,Messassi,Centre,2027-03-01,3,2027,0.06,1.3,35500.0,0.0
S3_reappro_100,I105,INGREDIENTS,Ngaoundere,Centre,2027-03-01,3,2027,0.04,0.7,35500.0,0.0
S3_reappro_100,I105,INGREDIENTS,Nkoabang,Centre,2027-03-01,3,2027,0.03,0.5,35500.0,0.0
S3_reappro_100,I105,INGREDIENTS,Nkolbisson,Centre,2027-03-01,3,2027,0.01,0.2,35500.0,0.0
S3_reappro_100,I1051,INGREDIENTS,Ahala,Centre,2027-03-01,3,2027,0.01,0.2,41000.0,0.0
S3_reappro_100,I1051,INGREDIENTS,Bertoua,Centre,2027-03-01,3,2027,0.05,1.0,41000.0,0.01
S3_reappro_100,I1051,INGREDIENTS,Messassi,Centre,2027-03-01,3,2027,0.03,0.6,41000.0,0.0
S3_reappro_100,I1051,INGREDIENTS,Ngaoundere,Centre,2027-03-01,3,2027,0.03,0.5,41000.0,0.0
S3_reappro_100,I1051,INGREDIENTS,Nkoabang,Centre,2027-03-01,3,2027,0.01,0.3,41000.0,0.0
S3_reappro_100,I1051,INGREDIENTS,Nkolbisson,Centre,2027-03-01,3,2027,0.01,0.2,41000.0,0.0
S3_reappro_100,I106,INGREDIENTS,Ahala,Centre,2027-03-01,3,2027,0.26,5.2,0.0,0.2
S3_reappro_100,I106,INGREDIENTS,Bertoua,Centre,2027-03-01,3,2027,0.13,2.6,0.0,0.07
S3_reappro_100,I106,INGREDIENTS,Messassi,Centre,2027-03-01,3,2027,0.48,9.6,0.0,0.22
S3_reappro_100,I106,INGREDIENTS,Ngaoundere,Centre,2027-03-01,3,2027,0.11,2.3,0.0,0.08
S3_reappro_100,I106,INGREDIENTS,Nkoabang,Centre,2027-03-01,3,2027,0.17,3.4,0.0,0.13
S3_reappro_100,I106,INGREDIENTS,Nkolbisson,Centre,2027-03-01,3,2027,0.04,0.9,0.0,0.03
S3_reappro_100,I1061,INGREDIENTS,Ahala,Centre,2027-03-01,3,2027,0.0,0.1,0.0,0.0
S3_reappro_100,I1061,INGREDIENTS,Bertoua,Centre,2027-03-01,3,2027,0.02,0.4,0.0,0.01
S3_reappro_100,I1061,INGREDIENTS,Messassi,Centre,2027-03-01,3,2027,0.02,0.4,0.0,0.01
S3_reappro_100,I1061,INGREDIENTS,Ngaoundere,Centre,2027-03-01,3,2027,0.01,0.2,0.0,0.01
S3_reappro_100,I1061,INGREDIENTS,Nkoabang,Centre,2027-03-01,3,2027,0.01,0.2,0.0,0.01
S3_reappro_100,I1061,INGREDIENTS,Nkolbisson,Centre,2027-03-01,3,2027,0.01,0.2,0.0,0.01
S3_reappro_100,I107,INGREDIENTS,Ahala,Centre,2027-03-01,3,2027,0.39,7.7,0.0,0.17
S3_reappro_100,I107,INGREDIENTS,Bertoua,Centre,2027-03-01,3,2027,0.14,2.9,0.0,0.04
S3_reappro_100,I107,INGREDIENTS,Messassi,Centre,2027-03-01,3,2027,0.47,9.4,0.0,0.15
S3_reappro_100,I107,INGREDIENTS,Ngaoundere,Centre,2027-03-01,3,2027,0.18,3.6,0.0,0.07
S3_reappro_100,I107,INGREDIENTS,Nkoabang,Centre,2027-03-01,3,2027,0.22,4.4,0.0,0.09
S3_reappro_100,I107,INGREDIENTS,Nkolbisson,Centre,2027-03-01,3,2027,0.06,1.1,0.0,0.02
S3_reappro_100,I1071,INGREDIENTS,Ahala,Centre,2027-03-01,3,2027,0.0,0.1,0.0,0.0
S3_reappro_100,I1071,INGREDIENTS,Bertoua,Centre,2027-03-01,3,2027,0.01,0.3,0.0,0.0
S3_reappro_100,I1071,INGREDIENTS,Messassi,Centre,2027-03-01,3,2027,0.01,0.3,0.0,0.01
S3_reappro_100,I1071,INGREDIENTS,Ngaoundere,Centre,2027-03-01,3,2027,0.01,0.2,0.0,0.0
S3_reappro_100,I1071,INGREDIENTS,Nkoabang,Centre,2027-03-01,3,2027,0.01,0.2,0.0,0.01
S3_reappro_100,I1071,INGREDIENTS,Nkolbisson,Centre,2027-03-01,3,2027,0.01,0.1,0.0,0.0
S3_reappro_100,P105,INGREDIENTS,Ahala,Centre,2027-03-01,3,2027,1.21,24.2,0.0,0.33
S3_reappro_100,P105,INGREDIENTS,Bertoua,Centre,2027-03-01,3,2027,1.0,20.0,0.0,0.17
S3_reappro_100,P105,INGREDIENTS,Messassi,Centre,2027-03-01,3,2027,2.76,55.1,0.0,0.58
S3_reappro_100,P105,INGREDIENTS,Ngaoundere,Centre,2027-03-01,3,2027,1.02,20.3,0.0,0.23
S3_reappro_100,P105,INGREDIENTS,Nkoabang,Centre,2027-03-01,3,2027,0.92,18.4,0.0,0.2
S3_reappro_100,P105,INGREDIENTS,Nkolbisson,Centre,2027-03-01,3,2027,0.56,11.2,0.0,0.13
S3_reappro_100,P1051,INGREDIENTS,Ahala,Centre,2027-03-01,3,2027,0.01,0.1,0.0,0.0
S3_reappro_100,P1051,INGREDIENTS,Bertoua,Centre,2027-03-01,3,2027,0.07,1.4,0.0,0.01
S3_reappro_100,P1051,INGREDIENTS,Messassi,Centre,2027-03-01,3,2027,0.04,0.8,0.0,0.0
S3_reappro_100,P1051,INGREDIENTS,Ngaoundere,Centre,2027-03-01,3,2027,0.03,0.5,0.0,0.0
S3_reappro_100,P1051,INGREDIENTS,Nkoabang,Centre,2027-03-01,3,2027,0.02,0.4,0.0,0.0
S3_reappro_100,P1051,INGREDIENTS,Nkolbisson,Centre,2027-03-01,3,2027,0.02,0.3,0.0,0.0
S3_reappro_100,P1053,INGREDIENTS,Ahala,Centre,2027-03-01,3,2027,0.03,0.6,0.0,0.01
S3_reappro_100,P1053,INGREDIENTS,Bertoua,Centre,2027-03-01,3,2027,0.08,1.7,0.0,0.01
S3_reappro_100,P1053,INGREDIENTS,Messassi,Centre,2027-03-01,3,2027,0.09,1.7,0.0,0.01
S3_reappro_100,P1053,INGREDIENTS,Ngaoundere,Centre,2027-03-01,3,2027,0.05,1.0,0.0,0.01
S3_reappro_100,P1053,INGREDIENTS,Nkoabang,Centre,2027-03-01,3,2027,0.02,0.4,0.0,0.0
S3_reappro_100,P1053,INGREDIENTS,Nkolbisson,Centre,2027-03-01,3,2027,0.02,0.5,0.0,0.0
S3_reappro_100,B100,INGREDIENTS,Ahala,Centre,2027-04-01,4,2027,0.07,1.4,33500.0,0.01
S3_reappro_100,B100,INGREDIENTS,Bertoua,Centre,2027-04-01,4,2027,0.13,2.6,33500.0,0.02
S3_reappro_100,B100,INGREDIENTS,Messassi,Centre,2027-04-01,4,2027,0.42,8.5,33500.0,0.04
S3_reappro_100,B100,INGREDIENTS,Ngaoundere,Centre,2027-04-01,4,2027,0.13,2.5,33500.0,0.02
S3_reappro_100,B100,INGREDIENTS,Nkoabang,Centre,2027-04-01,4,2027,0.06,1.2,33500.0,0.01
S3_reappro_100,B100,INGREDIENTS,Nkolbisson,Centre,2027-04-01,4,2027,0.01,0.2,33500.0,0.0
S3_reappro_100,B1001,INGREDIENTS,Ahala,Centre,2027-04-01,4,2027,0.0,0.0,45950.0,0.0
S3_reappro_100,B1001,INGREDIENTS,Bertoua,Centre,2027-04-01,4,2027,0.02,0.3,45950.0,0.0
S3_reappro_100,B1001,INGREDIENTS,Messassi,Centre,2027-04-01,4,2027,0.0,0.1,45950.0,0.0
S3_reappro_100,B1001,INGREDIENTS,Ngaoundere,Centre,2027-04-01,4,2027,0.0,0.0,45950.0,0.0
S3_reappro_100,B1001,INGREDIENTS,Nkoabang,Centre,2027-04-01,4,2027,0.0,0.0,45950.0,0.0
S3_reappro_100,E101,INGREDIENTS,Ahala,Centre,2027-04-01,4,2027,0.35,7.0,60000.0,0.09
S3_reappro_100,E101,INGREDIENTS,Bertoua,Centre,2027-04-01,4,2027,0.42,8.3,60000.0,0.07
S3_reappro_100,E101,INGREDIENTS,Messassi,Centre,2027-04-01,4,2027,0.93,18.7,60000.0,0.17
S3_reappro_100,E101,INGREDIENTS,Ngaoundere,Centre,2027-04-01,4,2027,0.32,6.3,60000.0,0.07
S3_reappro_100,E101,INGREDIENTS,Nkoabang,Centre,2027-04-01,4,2027,0.17,3.5,60000.0,0.04
S3_reappro_100,E101,INGREDIENTS,Nkolbisson,Centre,2027-04-01,4,2027,0.11,2.3,60000.0,0.02
S3_reappro_100,E1011,INGREDIENTS,Ahala,Centre,2027-04-01,4,2027,0.01,0.2,61500.0,0.0
S3_reappro_100,E1011,INGREDIENTS,Bertoua,Centre,2027-04-01,4,2027,0.06,1.2,61500.0,0.01
S3_reappro_100,E1011,INGREDIENTS,Messassi,Centre,2027-04-01,4,2027,0.03,0.5,61500.0,0.0
S3_reappro_100,E1011,INGREDIENTS,Ngaoundere,Centre,2027-04-01,4,2027,0.05,1.0,61500.0,0.01
S3_reappro_100,E1011,INGREDIENTS,Nkoabang,Centre,2027-04-01,4,2027,0.01,0.3,61500.0,0.0
S3_reappro_100,E1011,INGREDIENTS,Nkolbisson,Centre,2027-04-01,4,2027,0.01,0.3,61500.0,0.0
S3_reappro_100,E1014,INGREDIENTS,Ahala,Centre,2027-04-01,4,2027,0.0,0.0,708.0,0.0
S3_reappro_100,E1014,INGREDIENTS,Bertoua,Centre,2027-04-01,4,2027,0.0,0.0,708.0,0.0
S3_reappro_100,E1014,INGREDIENTS,Messassi,Centre,2027-04-01,4,2027,0.0,0.1,708.0,0.0
S3_reappro_100,E1014,INGREDIENTS,Nkoabang,Centre,2027-04-01,4,2027,0.0,0.0,708.0,0.0
S3_reappro_100,F114,INGREDIENTS,Ahala,Centre,2027-04-01,4,2027,0.2,4.0,0.0,0.04
S3_reappro_100,F114,INGREDIENTS,Bertoua,Centre,2027-04-01,4,2027,0.8,15.9,0.0,0.07
S3_reappro_100,F114,INGREDIENTS,Messassi,Centre,2027-04-01,4,2027,0.82,16.4,0.0,0.04
S3_reappro_100,F114,INGREDIENTS,Ngaoundere,Centre,2027-04-01,4,2027,0.52,10.3,0.0,0.07
S3_reappro_100,F114,INGREDIENTS,Nkoabang,Centre,2027-04-01,4,2027,0.08,1.5,0.0,0.01
S3_reappro_100,F1145,INGREDIENTS,Ahala,Centre,2027-04-01,4,2027,0.31,6.2,0.0,0.07
S3_reappro_100,F1145,INGREDIENTS,Bertoua,Centre,2027-04-01,4,2027,0.12,2.5,0.0,0.03
S3_reappro_100,F1145,INGREDIENTS,Messassi,Centre,2027-04-01,4,2027,0.44,8.8,0.0,0.1
S3_reappro_100,F1145,INGREDIENTS,Ngaoundere,Centre,2027-04-01,4,2027,0.35,7.0,0.0,0.09
S3_reappro_100,F1145,INGREDIENTS,Nkoabang,Centre,2027-04-01,4,2027,0.16,3.3,0.0,0.04
S3_reappro_100,F1145,INGREDIENTS,Nkolbisson,Centre,2027-04-01,4,2027,0.01,0.2,0.0,0.0
S3_reappro_100,F1146,INGREDIENTS,Bertoua,Centre,2027-04-01,4,2027,0.0,0.0,0.0,0.0
S3_reappro_100,F1146,INGREDIENTS,Messassi,Centre,2027-04-01,4,2027,0.06,1.3,0.0,0.02
S3_reappro_100,F1146,INGREDIENTS,Ngaoundere,Centre,2027-04-01,4,2027,0.01,0.2,0.0,0.0
S3_reappro_100,F1146,INGREDIENTS,Nkoabang,Centre,2027-04-01,4,2027,0.03,0.7,0.0,0.01
S3_reappro_100,F1147,INGREDIENTS,Ahala,Centre,2027-04-01,4,2027,0.0,0.0,0.0,0.0
S3_reappro_100,F1147,INGREDIENTS,Bertoua,Centre,2027-04-01,4,2027,0.0,0.0,0.0,0.0
S3_reappro_100,F1147,INGREDIENTS,Messassi,Centre,2027-04-01,4,2027,0.0,0.1,0.0,0.0
S3_reappro_100,F1147,INGREDIENTS,Ngaoundere,Centre,2027-04-01,4,2027,0.0,0.0,0.0,0.0
S3_reappro_100,F1147,INGREDIENTS,Nkoabang,Centre,2027-04-01,4,2027,0.0,0.1,0.0,0.0
S3_reappro_100,F1147,INGREDIENTS,Nkolbisson,Centre,2027-04-01,4,2027,0.0,0.1,0.0,0.0
S3_reappro_100,I105,INGREDIENTS,Ahala,Centre,2027-04-01,4,2027,0.02,0.4,35500.0,0.0
S3_reappro_100,I105,INGREDIENTS,Bertoua,Centre,2027-04-01,4,2027,0.03,0.5,35500.0,0.0
S3_reappro_100,I105,INGREDIENTS,Messassi,Centre,2027-04-01,4,2027,0.05,1.1,35500.0,0.0
S3_reappro_100,I105,INGREDIENTS,Ngaoundere,Centre,2027-04-01,4,2027,0.03,0.6,35500.0,0.0
S3_reappro_100,I105,INGREDIENTS,Nkoabang,Centre,2027-04-01,4,2027,0.02,0.4,35500.0,0.0
S3_reappro_100,I105,INGREDIENTS,Nkolbisson,Centre,2027-04-01,4,2027,0.01,0.2,35500.0,0.0
S3_reappro_100,I1051,INGREDIENTS,Ahala,Centre,2027-04-01,4,2027,0.01,0.1,41000.0,0.0
S3_reappro_100,I1051,INGREDIENTS,Bertoua,Centre,2027-04-01,4,2027,0.04,0.8,41000.0,0.0
S3_reappro_100,I1051,INGREDIENTS,Messassi,Centre,2027-04-01,4,2027,0.02,0.5,41000.0,0.0
S3_reappro_100,I1051,INGREDIENTS,Ngaoundere,Centre,2027-04-01,4,2027,0.02,0.4,41000.0,0.0
S3_reappro_100,I1051,INGREDIENTS,Nkoabang,Centre,2027-04-01,4,2027,0.01,0.2,41000.0,0.0
S3_reappro_100,I1051,INGREDIENTS,Nkolbisson,Centre,2027-04-01,4,2027,0.01,0.1,41000.0,0.0
S3_reappro_100,I106,INGREDIENTS,Ahala,Centre,2027-04-01,4,2027,0.22,4.3,0.0,0.16
S3_reappro_100,I106,INGREDIENTS,Bertoua,Centre,2027-04-01,4,2027,0.11,2.2,0.0,0.06
S3_reappro_100,I106,INGREDIENTS,Messassi,Centre,2027-04-01,4,2027,0.4,8.0,0.0,0.18
S3_reappro_100,I106,INGREDIENTS,Ngaoundere,Centre,2027-04-01,4,2027,0.1,1.9,0.0,0.07
S3_reappro_100,I106,INGREDIENTS,Nkoabang,Centre,2027-04-01,4,2027,0.14,2.9,0.0,0.11
S3_reappro_100,I106,INGREDIENTS,Nkolbisson,Centre,2027-04-01,4,2027,0.04,0.7,0.0,0.02
S3_reappro_100,I1061,INGREDIENTS,Ahala,Centre,2027-04-01,4,2027,0.0,0.1,0.0,0.0
S3_reappro_100,I1061,INGREDIENTS,Bertoua,Centre,2027-04-01,4,2027,0.02,0.4,0.0,0.01
S3_reappro_100,I1061,INGREDIENTS,Messassi,Centre,2027-04-01,4,2027,0.02,0.3,0.0,0.01
S3_reappro_100,I1061,INGREDIENTS,Ngaoundere,Centre,2027-04-01,4,2027,0.01,0.1,0.0,0.01
S3_reappro_100,I1061,INGREDIENTS,Nkoabang,Centre,2027-04-01,4,2027,0.01,0.2,0.0,0.01
S3_reappro_100,I1061,INGREDIENTS,Nkolbisson,Centre,2027-04-01,4,2027,0.01,0.1,0.0,0.0
S3_reappro_100,I107,INGREDIENTS,Ahala,Centre,2027-04-01,4,2027,0.32,6.4,0.0,0.14
S3_reappro_100,I107,INGREDIENTS,Bertoua,Centre,2027-04-01,4,2027,0.12,2.4,0.0,0.03
S3_reappro_100,I107,INGREDIENTS,Messassi,Centre,2027-04-01,4,2027,0.39,7.8,0.0,0.12
S3_reappro_100,I107,INGREDIENTS,Ngaoundere,Centre,2027-04-01,4,2027,0.15,3.0,0.0,0.06
S3_reappro_100,I107,INGREDIENTS,Nkoabang,Centre,2027-04-01,4,2027,0.18,3.7,0.0,0.08
S3_reappro_100,I107,INGREDIENTS,Nkolbisson,Centre,2027-04-01,4,2027,0.05,0.9,0.0,0.01
S3_reappro_100,I1071,INGREDIENTS,Ahala,Centre,2027-04-01,4,2027,0.0,0.1,0.0,0.0
S3_reappro_100,I1071,INGREDIENTS,Bertoua,Centre,2027-04-01,4,2027,0.01,0.2,0.0,0.0
S3_reappro_100,I1071,INGREDIENTS,Messassi,Centre,2027-04-01,4,2027,0.01,0.2,0.0,0.0
S3_reappro_100,I1071,INGREDIENTS,Ngaoundere,Centre,2027-04-01,4,2027,0.01,0.1,0.0,0.0
S3_reappro_100,I1071,INGREDIENTS,Nkoabang,Centre,2027-04-01,4,2027,0.01,0.2,0.0,0.0
S3_reappro_100,I1071,INGREDIENTS,Nkolbisson,Centre,2027-04-01,4,2027,0.01,0.1,0.0,0.0
S3_reappro_100,P105,INGREDIENTS,Ahala,Centre,2027-04-01,4,2027,1.01,20.1,0.0,0.28
S3_reappro_100,P105,INGREDIENTS,Bertoua,Centre,2027-04-01,4,2027,0.83,16.6,0.0,0.14
S3_reappro_100,P105,INGREDIENTS,Messassi,Centre,2027-04-01,4,2027,2.29,45.8,0.0,0.48
S3_reappro_100,P105,INGREDIENTS,Ngaoundere,Centre,2027-04-01,4,2027,0.84,16.9,0.0,0.19
S3_reappro_100,P105,INGREDIENTS,Nkoabang,Centre,2027-04-01,4,2027,0.76,15.3,0.0,0.17
S3_reappro_100,P105,INGREDIENTS,Nkolbisson,Centre,2027-04-01,4,2027,0.47,9.3,0.0,0.11
S3_reappro_100,P1051,INGREDIENTS,Ahala,Centre,2027-04-01,4,2027,0.0,0.1,0.0,0.0
S3_reappro_100,P1051,INGREDIENTS,Bertoua,Centre,2027-04-01,4,2027,0.06,1.2,0.0,0.01
S3_reappro_100,P1051,INGREDIENTS,Messassi,Centre,2027-04-01,4,2027,0.03,0.6,0.0,0.0
S3_reappro_100,P1051,INGREDIENTS,Ngaoundere,Centre,2027-04-01,4,2027,0.02,0.4,0.0,0.0
S3_reappro_100,P1051,INGREDIENTS,Nkoabang,Centre,2027-04-01,4,2027,0.02,0.3,0.0,0.0
S3_reappro_100,P1051,INGREDIENTS,Nkolbisson,Centre,2027-04-01,4,2027,0.01,0.3,0.0,0.0
S3_reappro_100,P1053,INGREDIENTS,Ahala,Centre,2027-04-01,4,2027,0.02,0.5,0.0,0.01
S3_reappro_100,P1053,INGREDIENTS,Bertoua,Centre,2027-04-01,4,2027,0.07,1.4,0.0,0.01
S3_reappro_100,P1053,INGREDIENTS,Messassi,Centre,2027-04-01,4,2027,0.07,1.4,0.0,0.01
S3_reappro_100,P1053,INGREDIENTS,Ngaoundere,Centre,2027-04-01,4,2027,0.04,0.9,0.0,0.01
S3_reappro_100,P1053,INGREDIENTS,Nkoabang,Centre,2027-04-01,4,2027,0.02,0.3,0.0,0.0
S3_reappro_100,P1053,INGREDIENTS,Nkolbisson,Centre,2027-04-01,4,2027,0.02,0.4,0.0,0.0
S3_reappro_100,B100,INGREDIENTS,Ahala,Centre,2027-05-01,5,2027,0.05,1.0,33500.0,0.01
S3_reappro_100,B100,INGREDIENTS,Bertoua,Centre,2027-05-01,5,2027,0.1,1.9,33500.0,0.01
S3_reappro_100,B100,INGREDIENTS,Messassi,Centre,2027-05-01,5,2027,0.31,6.3,33500.0,0.03
S3_reappro_100,B100,INGREDIENTS,Ngaoundere,Centre,2027-05-01,5,2027,0.09,1.9,33500.0,0.01
S3_reappro_100,B100,INGREDIENTS,Nkoabang,Centre,2027-05-01,5,2027,0.04,0.9,33500.0,0.0
S3_reappro_100,B100,INGREDIENTS,Nkolbisson,Centre,2027-05-01,5,2027,0.01,0.1,33500.0,0.0
S3_reappro_100,B1001,INGREDIENTS,Ahala,Centre,2027-05-01,5,2027,0.0,0.0,45950.0,0.0
S3_reappro_100,B1001,INGREDIENTS,Bertoua,Centre,2027-05-01,5,2027,0.01,0.2,45950.0,0.0
S3_reappro_100,B1001,INGREDIENTS,Messassi,Centre,2027-05-01,5,2027,0.0,0.0,45950.0,0.0
S3_reappro_100,B1001,INGREDIENTS,Ngaoundere,Centre,2027-05-01,5,2027,0.0,0.0,45950.0,0.0
S3_reappro_100,B1001,INGREDIENTS,Nkoabang,Centre,2027-05-01,5,2027,0.0,0.0,45950.0,0.0
S3_reappro_100,E101,INGREDIENTS,Ahala,Centre,2027-05-01,5,2027,0.26,5.2,60000.0,0.06
S3_reappro_100,E101,INGREDIENTS,Bertoua,Centre,2027-05-01,5,2027,0.31,6.2,60000.0,0.06
S3_reappro_100,E101,INGREDIENTS,Messassi,Centre,2027-05-01,5,2027,0.69,13.8,60000.0,0.13
S3_reappro_100,E101,INGREDIENTS,Ngaoundere,Centre,2027-05-01,5,2027,0.23,4.7,60000.0,0.05
S3_reappro_100,E101,INGREDIENTS,Nkoabang,Centre,2027-05-01,5,2027,0.13,2.6,60000.0,0.03
S3_reappro_100,E101,INGREDIENTS,Nkolbisson,Centre,2027-05-01,5,2027,0.08,1.7,60000.0,0.02
S3_reappro_100,E1011,INGREDIENTS,Ahala,Centre,2027-05-01,5,2027,0.01,0.1,61500.0,0.0
S3_reappro_100,E1011,INGREDIENTS,Bertoua,Centre,2027-05-01,5,2027,0.04,0.9,61500.0,0.01
S3_reappro_100,E1011,INGREDIENTS,Messassi,Centre,2027-05-01,5,2027,0.02,0.4,61500.0,0.0
S3_reappro_100,E1011,INGREDIENTS,Ngaoundere,Centre,2027-05-01,5,2027,0.04,0.7,61500.0,0.01
S3_reappro_100,E1011,INGREDIENTS,Nkoabang,Centre,2027-05-01,5,2027,0.01,0.2,61500.0,0.0
S3_reappro_100,E1011,INGREDIENTS,Nkolbisson,Centre,2027-05-01,5,2027,0.01,0.2,61500.0,0.0
S3_reappro_100,E1014,INGREDIENTS,Ahala,Centre,2027-05-01,5,2027,0.0,0.0,708.0,0.0
S3_reappro_100,E1014,INGREDIENTS,Bertoua,Centre,2027-05-01,5,2027,0.0,0.0,708.0,0.0
S3_reappro_100,E1014,INGREDIENTS,Messassi,Centre,2027-05-01,5,2027,0.0,0.1,708.0,0.0
S3_reappro_100,E1014,INGREDIENTS,Nkoabang,Centre,2027-05-01,5,2027,0.0,0.0,708.0,0.0
S3_reappro_100,F114,INGREDIENTS,Ahala,Centre,2027-05-01,5,2027,0.15,2.9,0.0,0.03
S3_reappro_100,F114,INGREDIENTS,Bertoua,Centre,2027-05-01,5,2027,0.59,11.8,0.0,0.05
S3_reappro_100,F114,INGREDIENTS,Messassi,Centre,2027-05-01,5,2027,0.61,12.2,0.0,0.03
S3_reappro_100,F114,INGREDIENTS,Ngaoundere,Centre,2027-05-01,5,2027,0.38,7.7,0.0,0.05
S3_reappro_100,F114,INGREDIENTS,Nkoabang,Centre,2027-05-01,5,2027,0.06,1.1,0.0,0.0
S3_reappro_100,F1145,INGREDIENTS,Ahala,Centre,2027-05-01,5,2027,0.23,4.6,0.0,0.06
S3_reappro_100,F1145,INGREDIENTS,Bertoua,Centre,2027-05-01,5,2027,0.09,1.8,0.0,0.02
S3_reappro_100,F1145,INGREDIENTS,Messassi,Centre,2027-05-01,5,2027,0.33,6.5,0.0,0.08
S3_reappro_100,F1145,INGREDIENTS,Ngaoundere,Centre,2027-05-01,5,2027,0.26,5.2,0.0,0.06
S3_reappro_100,F1145,INGREDIENTS,Nkoabang,Centre,2027-05-01,5,2027,0.12,2.4,0.0,0.03
S3_reappro_100,F1145,INGREDIENTS,Nkolbisson,Centre,2027-05-01,5,2027,0.01,0.1,0.0,0.0
S3_reappro_100,F1146,INGREDIENTS,Bertoua,Centre,2027-05-01,5,2027,0.0,0.0,0.0,0.0
S3_reappro_100,F1146,INGREDIENTS,Messassi,Centre,2027-05-01,5,2027,0.05,0.9,0.0,0.01
S3_reappro_100,F1146,INGREDIENTS,Ngaoundere,Centre,2027-05-01,5,2027,0.01,0.1,0.0,0.0
S3_reappro_100,F1146,INGREDIENTS,Nkoabang,Centre,2027-05-01,5,2027,0.02,0.5,0.0,0.01
S3_reappro_100,F1147,INGREDIENTS,Ahala,Centre,2027-05-01,5,2027,0.0,0.0,0.0,0.0
S3_reappro_100,F1147,INGREDIENTS,Bertoua,Centre,2027-05-01,5,2027,0.0,0.0,0.0,0.0
S3_reappro_100,F1147,INGREDIENTS,Messassi,Centre,2027-05-01,5,2027,0.0,0.1,0.0,0.0
S3_reappro_100,F1147,INGREDIENTS,Ngaoundere,Centre,2027-05-01,5,2027,0.0,0.0,0.0,0.0
S3_reappro_100,F1147,INGREDIENTS,Nkoabang,Centre,2027-05-01,5,2027,0.0,0.0,0.0,0.0
S3_reappro_100,F1147,INGREDIENTS,Nkolbisson,Centre,2027-05-01,5,2027,0.0,0.0,0.0,0.0
S3_reappro_100,I105,INGREDIENTS,Ahala,Centre,2027-05-01,5,2027,0.02,0.3,35500.0,0.0
S3_reappro_100,I105,INGREDIENTS,Bertoua,Centre,2027-05-01,5,2027,0.02,0.4,35500.0,0.0
S3_reappro_100,I105,INGREDIENTS,Messassi,Centre,2027-05-01,5,2027,0.04,0.8,35500.0,0.0
S3_reappro_100,I105,INGREDIENTS,Ngaoundere,Centre,2027-05-01,5,2027,0.02,0.4,35500.0,0.0
S3_reappro_100,I105,INGREDIENTS,Nkoabang,Centre,2027-05-01,5,2027,0.02,0.3,35500.0,0.0
S3_reappro_100,I105,INGREDIENTS,Nkolbisson,Centre,2027-05-01,5,2027,0.01,0.1,35500.0,0.0
S3_reappro_100,I1051,INGREDIENTS,Ahala,Centre,2027-05-01,5,2027,0.01,0.1,41000.0,0.0
S3_reappro_100,I1051,INGREDIENTS,Bertoua,Centre,2027-05-01,5,2027,0.03,0.6,41000.0,0.0
S3_reappro_100,I1051,INGREDIENTS,Messassi,Centre,2027-05-01,5,2027,0.02,0.3,41000.0,0.0
S3_reappro_100,I1051,INGREDIENTS,Ngaoundere,Centre,2027-05-01,5,2027,0.02,0.3,41000.0,0.0
S3_reappro_100,I1051,INGREDIENTS,Nkoabang,Centre,2027-05-01,5,2027,0.01,0.2,41000.0,0.0
S3_reappro_100,I1051,INGREDIENTS,Nkolbisson,Centre,2027-05-01,5,2027,0.0,0.1,41000.0,0.0
S3_reappro_100,I106,INGREDIENTS,Ahala,Centre,2027-05-01,5,2027,0.16,3.2,0.0,0.12
S3_reappro_100,I106,INGREDIENTS,Bertoua,Centre,2027-05-01,5,2027,0.08,1.6,0.0,0.05
S3_reappro_100,I106,INGREDIENTS,Messassi,Centre,2027-05-01,5,2027,0.3,5.9,0.0,0.13
S3_reappro_100,I106,INGREDIENTS,Ngaoundere,Centre,2027-05-01,5,2027,0.07,1.4,0.0,0.05
S3_reappro_100,I106,INGREDIENTS,Nkoabang,Centre,2027-05-01,5,2027,0.11,2.1,0.0,0.08
S3_reappro_100,I106,INGREDIENTS,Nkolbisson,Centre,2027-05-01,5,2027,0.03,0.5,0.0,0.02
S3_reappro_100,I1061,INGREDIENTS,Ahala,Centre,2027-05-01,5,2027,0.0,0.1,0.0,0.0
S3_reappro_100,I1061,INGREDIENTS,Bertoua,Centre,2027-05-01,5,2027,0.01,0.3,0.0,0.01
S3_reappro_100,I1061,INGREDIENTS,Messassi,Centre,2027-05-01,5,2027,0.01,0.2,0.0,0.01
S3_reappro_100,I1061,INGREDIENTS,Ngaoundere,Centre,2027-05-01,5,2027,0.01,0.1,0.0,0.0
S3_reappro_100,I1061,INGREDIENTS,Nkoabang,Centre,2027-05-01,5,2027,0.01,0.1,0.0,0.0
S3_reappro_100,I1061,INGREDIENTS,Nkolbisson,Centre,2027-05-01,5,2027,0.0,0.1,0.0,0.0
S3_reappro_100,I107,INGREDIENTS,Ahala,Centre,2027-05-01,5,2027,0.24,4.7,0.0,0.1
S3_reappro_100,I107,INGREDIENTS,Bertoua,Centre,2027-05-01,5,2027,0.09,1.8,0.0,0.03
S3_reappro_100,I107,INGREDIENTS,Messassi,Centre,2027-05-01,5,2027,0.29,5.8,0.0,0.09
S3_reappro_100,I107,INGREDIENTS,Ngaoundere,Centre,2027-05-01,5,2027,0.11,2.2,0.0,0.04
S3_reappro_100,I107,INGREDIENTS,Nkoabang,Centre,2027-05-01,5,2027,0.14,2.7,0.0,0.06
S3_reappro_100,I107,INGREDIENTS,Nkolbisson,Centre,2027-05-01,5,2027,0.03,0.7,0.0,0.01
S3_reappro_100,I1071,INGREDIENTS,Ahala,Centre,2027-05-01,5,2027,0.0,0.0,0.0,0.0
S3_reappro_100,I1071,INGREDIENTS,Bertoua,Centre,2027-05-01,5,2027,0.01,0.2,0.0,0.0
S3_reappro_100,I1071,INGREDIENTS,Messassi,Centre,2027-05-01,5,2027,0.01,0.2,0.0,0.0
S3_reappro_100,I1071,INGREDIENTS,Ngaoundere,Centre,2027-05-01,5,2027,0.0,0.1,0.0,0.0
S3_reappro_100,I1071,INGREDIENTS,Nkoabang,Centre,2027-05-01,5,2027,0.01,0.1,0.0,0.0
S3_reappro_100,I1071,INGREDIENTS,Nkolbisson,Centre,2027-05-01,5,2027,0.0,0.1,0.0,0.0
S3_reappro_100,P105,INGREDIENTS,Ahala,Centre,2027-05-01,5,2027,0.75,14.9,0.0,0.21
S3_reappro_100,P105,INGREDIENTS,Bertoua,Centre,2027-05-01,5,2027,0.62,12.3,0.0,0.11
S3_reappro_100,P105,INGREDIENTS,Messassi,Centre,2027-05-01,5,2027,1.7,34.0,0.0,0.36
S3_reappro_100,P105,INGREDIENTS,Ngaoundere,Centre,2027-05-01,5,2027,0.63,12.5,0.0,0.14
S3_reappro_100,P105,INGREDIENTS,Nkoabang,Centre,2027-05-01,5,2027,0.57,11.4,0.0,0.13
S3_reappro_100,P105,INGREDIENTS,Nkolbisson,Centre,2027-05-01,5,2027,0.35,6.9,0.0,0.08
S3_reappro_100,P1051,INGREDIENTS,Ahala,Centre,2027-05-01,5,2027,0.0,0.1,0.0,0.0
S3_reappro_100,P1051,INGREDIENTS,Bertoua,Centre,2027-05-01,5,2027,0.04,0.9,0.0,0.01
S3_reappro_100,P1051,INGREDIENTS,Messassi,Centre,2027-05-01,5,2027,0.02,0.5,0.0,0.0
S3_reappro_100,P1051,INGREDIENTS,Ngaoundere,Centre,2027-05-01,5,2027,0.02,0.3,0.0,0.0
S3_reappro_100,P1051,INGREDIENTS,Nkoabang,Centre,2027-05-01,5,2027,0.01,0.2,0.0,0.0
S3_reappro_100,P1051,INGREDIENTS,Nkolbisson,Centre,2027-05-01,5,2027,0.01,0.2,0.0,0.0
S3_reappro_100,P1053,INGREDIENTS,Ahala,Centre,2027-05-01,5,2027,0.02,0.3,0.0,0.0
S3_reappro_100,P1053,INGREDIENTS,Bertoua,Centre,2027-05-01,5,2027,0.05,1.0,0.0,0.01
S3_reappro_100,P1053,INGREDIENTS,Messassi,Centre,2027-05-01,5,2027,0.05,1.1,0.0,0.01
S3_reappro_100,P1053,INGREDIENTS,Ngaoundere,Centre,2027-05-01,5,2027,0.03,0.6,0.0,0.0
S3_reappro_100,P1053,INGREDIENTS,Nkoabang,Centre,2027-05-01,5,2027,0.01,0.2,0.0,0.0
S3_reappro_100,P1053,INGREDIENTS,Nkolbisson,Centre,2027-05-01,5,2027,0.01,0.3,0.0,0.0
S3_reappro_100,B100,INGREDIENTS,Ahala,Centre,2027-06-01,6,2027,0.1,2.0,33500.0,0.01
S3_reappro_100,B100,INGREDIENTS,Bertoua,Centre,2027-06-01,6,2027,0.18,3.7,33500.0,0.02
S3_reappro_100,B100,INGREDIENTS,Messassi,Centre,2027-06-01,6,2027,0.6,12.1,33500.0,0.06
S3_reappro_100,B100,INGREDIENTS,Ngaoundere,Centre,2027-06-01,6,2027,0.18,3.6,33500.0,0.02
S3_reappro_100,B100,INGREDIENTS,Nkoabang,Centre,2027-06-01,6,2027,0.08,1.7,33500.0,0.01
S3_reappro_100,B100,INGREDIENTS,Nkolbisson,Centre,2027-06-01,6,2027,0.01,0.3,33500.0,0.0
S3_reappro_100,B1001,INGREDIENTS,Ahala,Centre,2027-06-01,6,2027,0.0,0.0,45950.0,0.0
S3_reappro_100,B1001,INGREDIENTS,Bertoua,Centre,2027-06-01,6,2027,0.02,0.4,45950.0,0.0
S3_reappro_100,B1001,INGREDIENTS,Messassi,Centre,2027-06-01,6,2027,0.0,0.1,45950.0,0.0
S3_reappro_100,B1001,INGREDIENTS,Ngaoundere,Centre,2027-06-01,6,2027,0.0,0.1,45950.0,0.0
S3_reappro_100,B1001,INGREDIENTS,Nkoabang,Centre,2027-06-01,6,2027,0.0,0.1,45950.0,0.0
S3_reappro_100,E101,INGREDIENTS,Ahala,Centre,2027-06-01,6,2027,0.5,10.0,60000.0,0.12
S3_reappro_100,E101,INGREDIENTS,Bertoua,Centre,2027-06-01,6,2027,0.59,11.9,60000.0,0.11
S3_reappro_100,E101,INGREDIENTS,Messassi,Centre,2027-06-01,6,2027,1.33,26.7,60000.0,0.25
S3_reappro_100,E101,INGREDIENTS,Ngaoundere,Centre,2027-06-01,6,2027,0.45,9.0,60000.0,0.11
S3_reappro_100,E101,INGREDIENTS,Nkoabang,Centre,2027-06-01,6,2027,0.25,5.0,60000.0,0.05
S3_reappro_100,E101,INGREDIENTS,Nkolbisson,Centre,2027-06-01,6,2027,0.16,3.3,60000.0,0.03
S3_reappro_100,E1011,INGREDIENTS,Ahala,Centre,2027-06-01,6,2027,0.01,0.3,61500.0,0.0
S3_reappro_100,E1011,INGREDIENTS,Bertoua,Centre,2027-06-01,6,2027,0.09,1.7,61500.0,0.02
S3_reappro_100,E1011,INGREDIENTS,Messassi,Centre,2027-06-01,6,2027,0.04,0.7,61500.0,0.01
S3_reappro_100,E1011,INGREDIENTS,Ngaoundere,Centre,2027-06-01,6,2027,0.07,1.4,61500.0,0.01
S3_reappro_100,E1011,INGREDIENTS,Nkoabang,Centre,2027-06-01,6,2027,0.02,0.4,61500.0,0.0
S3_reappro_100,E1011,INGREDIENTS,Nkolbisson,Centre,2027-06-01,6,2027,0.02,0.4,61500.0,0.0
S3_reappro_100,E1014,INGREDIENTS,Ahala,Centre,2027-06-01,6,2027,0.0,0.0,708.0,0.0
S3_reappro_100,E1014,INGREDIENTS,Bertoua,Centre,2027-06-01,6,2027,0.0,0.0,708.0,0.0
S3_reappro_100,E1014,INGREDIENTS,Messassi,Centre,2027-06-01,6,2027,0.01,0.1,708.0,0.0
S3_reappro_100,E1014,INGREDIENTS,Nkoabang,Centre,2027-06-01,6,2027,0.0,0.0,708.0,0.0
S3_reappro_100,F114,INGREDIENTS,Ahala,Centre,2027-06-01,6,2027,0.28,5.7,0.0,0.06
S3_reappro_100,F114,INGREDIENTS,Bertoua,Centre,2027-06-01,6,2027,1.14,22.7,0.0,0.1
S3_reappro_100,F114,INGREDIENTS,Messassi,Centre,2027-06-01,6,2027,1.17,23.4,0.0,0.06
S3_reappro_100,F114,INGREDIENTS,Ngaoundere,Centre,2027-06-01,6,2027,0.74,14.7,0.0,0.1
S3_reappro_100,F114,INGREDIENTS,Nkoabang,Centre,2027-06-01,6,2027,0.11,2.2,0.0,0.01
S3_reappro_100,F1145,INGREDIENTS,Ahala,Centre,2027-06-01,6,2027,0.45,8.9,0.0,0.11
S3_reappro_100,F1145,INGREDIENTS,Bertoua,Centre,2027-06-01,6,2027,0.18,3.5,0.0,0.04
S3_reappro_100,F1145,INGREDIENTS,Messassi,Centre,2027-06-01,6,2027,0.63,12.5,0.0,0.15
S3_reappro_100,F1145,INGREDIENTS,Ngaoundere,Centre,2027-06-01,6,2027,0.5,10.0,0.0,0.12
S3_reappro_100,F1145,INGREDIENTS,Nkoabang,Centre,2027-06-01,6,2027,0.24,4.7,0.0,0.06
S3_reappro_100,F1145,INGREDIENTS,Nkolbisson,Centre,2027-06-01,6,2027,0.01,0.3,0.0,0.0
S3_reappro_100,F1146,INGREDIENTS,Bertoua,Centre,2027-06-01,6,2027,0.0,0.1,0.0,0.0
S3_reappro_100,F1146,INGREDIENTS,Messassi,Centre,2027-06-01,6,2027,0.09,1.8,0.0,0.02
S3_reappro_100,F1146,INGREDIENTS,Ngaoundere,Centre,2027-06-01,6,2027,0.01,0.2,0.0,0.0
S3_reappro_100,F1146,INGREDIENTS,Nkoabang,Centre,2027-06-01,6,2027,0.05,0.9,0.0,0.01
S3_reappro_100,F1147,INGREDIENTS,Ahala,Centre,2027-06-01,6,2027,0.0,0.0,0.0,0.0
S3_reappro_100,F1147,INGREDIENTS,Bertoua,Centre,2027-06-01,6,2027,0.0,0.0,0.0,0.0
S3_reappro_100,F1147,INGREDIENTS,Messassi,Centre,2027-06-01,6,2027,0.01,0.1,0.0,0.0
S3_reappro_100,F1147,INGREDIENTS,Ngaoundere,Centre,2027-06-01,6,2027,0.0,0.1,0.0,0.0
S3_reappro_100,F1147,INGREDIENTS,Nkoabang,Centre,2027-06-01,6,2027,0.0,0.1,0.0,0.0
S3_reappro_100,F1147,INGREDIENTS,Nkolbisson,Centre,2027-06-01,6,2027,0.0,0.1,0.0,0.0
S3_reappro_100,I105,INGREDIENTS,Ahala,Centre,2027-06-01,6,2027,0.03,0.6,35500.0,0.0
S3_reappro_100,I105,INGREDIENTS,Bertoua,Centre,2027-06-01,6,2027,0.04,0.8,35500.0,0.0
S3_reappro_100,I105,INGREDIENTS,Messassi,Centre,2027-06-01,6,2027,0.08,1.5,35500.0,0.01
S3_reappro_100,I105,INGREDIENTS,Ngaoundere,Centre,2027-06-01,6,2027,0.04,0.9,35500.0,0.0
S3_reappro_100,I105,INGREDIENTS,Nkoabang,Centre,2027-06-01,6,2027,0.03,0.6,35500.0,0.0
S3_reappro_100,I105,INGREDIENTS,Nkolbisson,Centre,2027-06-01,6,2027,0.01,0.3,35500.0,0.0
S3_reappro_100,I1051,INGREDIENTS,Ahala,Centre,2027-06-01,6,2027,0.01,0.2,41000.0,0.0
S3_reappro_100,I1051,INGREDIENTS,Bertoua,Centre,2027-06-01,6,2027,0.06,1.1,41000.0,0.01
S3_reappro_100,I1051,INGREDIENTS,Messassi,Centre,2027-06-01,6,2027,0.03,0.7,41000.0,0.01
S3_reappro_100,I1051,INGREDIENTS,Ngaoundere,Centre,2027-06-01,6,2027,0.03,0.6,41000.0,0.0
S3_reappro_100,I1051,INGREDIENTS,Nkoabang,Centre,2027-06-01,6,2027,0.02,0.3,41000.0,0.0
S3_reappro_100,I1051,INGREDIENTS,Nkolbisson,Centre,2027-06-01,6,2027,0.01,0.2,41000.0,0.0
S3_reappro_100,I106,INGREDIENTS,Ahala,Centre,2027-06-01,6,2027,0.31,6.2,0.0,0.23
S3_reappro_100,I106,INGREDIENTS,Bertoua,Centre,2027-06-01,6,2027,0.16,3.1,0.0,0.09
S3_reappro_100,I106,INGREDIENTS,Messassi,Centre,2027-06-01,6,2027,0.57,11.4,0.0,0.26
S3_reappro_100,I106,INGREDIENTS,Ngaoundere,Centre,2027-06-01,6,2027,0.14,2.7,0.0,0.1
S3_reappro_100,I106,INGREDIENTS,Nkoabang,Centre,2027-06-01,6,2027,0.2,4.1,0.0,0.16
S3_reappro_100,I106,INGREDIENTS,Nkolbisson,Centre,2027-06-01,6,2027,0.05,1.0,0.0,0.03
S3_reappro_100,I1061,INGREDIENTS,Ahala,Centre,2027-06-01,6,2027,0.01,0.1,0.0,0.0
S3_reappro_100,I1061,INGREDIENTS,Bertoua,Centre,2027-06-01,6,2027,0.03,0.5,0.0,0.01
S3_reappro_100,I1061,INGREDIENTS,Messassi,Centre,2027-06-01,6,2027,0.02,0.5,0.0,0.01
S3_reappro_100,I1061,INGREDIENTS,Ngaoundere,Centre,2027-06-01,6,2027,0.01,0.2,0.0,0.01
S3_reappro_100,I1061,INGREDIENTS,Nkoabang,Centre,2027-06-01,6,2027,0.01,0.3,0.0,0.01
S3_reappro_100,I1061,INGREDIENTS,Nkolbisson,Centre,2027-06-01,6,2027,0.01,0.2,0.0,0.01
S3_reappro_100,I107,INGREDIENTS,Ahala,Centre,2027-06-01,6,2027,0.46,9.1,0.0,0.2
S3_reappro_100,I107,INGREDIENTS,Bertoua,Centre,2027-06-01,6,2027,0.17,3.4,0.0,0.05
S3_reappro_100,I107,INGREDIENTS,Messassi,Centre,2027-06-01,6,2027,0.56,11.2,0.0,0.18
S3_reappro_100,I107,INGREDIENTS,Ngaoundere,Centre,2027-06-01,6,2027,0.22,4.3,0.0,0.09
S3_reappro_100,I107,INGREDIENTS,Nkoabang,Centre,2027-06-01,6,2027,0.26,5.3,0.0,0.11
S3_reappro_100,I107,INGREDIENTS,Nkolbisson,Centre,2027-06-01,6,2027,0.07,1.3,0.0,0.02
S3_reappro_100,I1071,INGREDIENTS,Ahala,Centre,2027-06-01,6,2027,0.0,0.1,0.0,0.0
S3_reappro_100,I1071,INGREDIENTS,Bertoua,Centre,2027-06-01,6,2027,0.02,0.3,0.0,0.0
S3_reappro_100,I1071,INGREDIENTS,Messassi,Centre,2027-06-01,6,2027,0.02,0.3,0.0,0.01
S3_reappro_100,I1071,INGREDIENTS,Ngaoundere,Centre,2027-06-01,6,2027,0.01,0.2,0.0,0.01
S3_reappro_100,I1071,INGREDIENTS,Nkoabang,Centre,2027-06-01,6,2027,0.01,0.3,0.0,0.01
S3_reappro_100,I1071,INGREDIENTS,Nkolbisson,Centre,2027-06-01,6,2027,0.01,0.2,0.0,0.0
S3_reappro_100,P105,INGREDIENTS,Ahala,Centre,2027-06-01,6,2027,1.44,28.7,0.0,0.4
S3_reappro_100,P105,INGREDIENTS,Bertoua,Centre,2027-06-01,6,2027,1.19,23.8,0.0,0.2
S3_reappro_100,P105,INGREDIENTS,Messassi,Centre,2027-06-01,6,2027,3.27,65.4,0.0,0.69
S3_reappro_100,P105,INGREDIENTS,Ngaoundere,Centre,2027-06-01,6,2027,1.21,24.1,0.0,0.27
S3_reappro_100,P105,INGREDIENTS,Nkoabang,Centre,2027-06-01,6,2027,1.09,21.9,0.0,0.24
S3_reappro_100,P105,INGREDIENTS,Nkolbisson,Centre,2027-06-01,6,2027,0.67,13.3,0.0,0.15
S3_reappro_100,P1051,INGREDIENTS,Ahala,Centre,2027-06-01,6,2027,0.01,0.1,0.0,0.0
S3_reappro_100,P1051,INGREDIENTS,Bertoua,Centre,2027-06-01,6,2027,0.09,1.7,0.0,0.01
S3_reappro_100,P1051,INGREDIENTS,Messassi,Centre,2027-06-01,6,2027,0.05,0.9,0.0,0.0
S3_reappro_100,P1051,INGREDIENTS,Ngaoundere,Centre,2027-06-01,6,2027,0.03,0.6,0.0,0.0
S3_reappro_100,P1051,INGREDIENTS,Nkoabang,Centre,2027-06-01,6,2027,0.02,0.4,0.0,0.0
S3_reappro_100,P1051,INGREDIENTS,Nkolbisson,Centre,2027-06-01,6,2027,0.02,0.4,0.0,0.0
S3_reappro_100,P1053,INGREDIENTS,Ahala,Centre,2027-06-01,6,2027,0.03,0.7,0.0,0.01
S3_reappro_100,P1053,INGREDIENTS,Bertoua,Centre,2027-06-01,6,2027,0.1,2.0,0.0,0.01
S3_reappro_100,P1053,INGREDIENTS,Messassi,Centre,2027-06-01,6,2027,0.1,2.1,0.0,0.01
S3_reappro_100,P1053,INGREDIENTS,Ngaoundere,Centre,2027-06-01,6,2027,0.06,1.2,0.0,0.01
S3_reappro_100,P1053,INGREDIENTS,Nkoabang,Centre,2027-06-01,6,2027,0.02,0.4,0.0,0.0
S3_reappro_100,P1053,INGREDIENTS,Nkolbisson,Centre,2027-06-01,6,2027,0.03,0.6,0.0,0.0
S3_reappro_100,B100,INGREDIENTS,Ahala,Centre,2027-07-01,7,2027,0.09,1.8,33500.0,0.01
S3_reappro_100,B100,INGREDIENTS,Bertoua,Centre,2027-07-01,7,2027,0.16,3.3,33500.0,0.02
S3_reappro_100,B100,INGREDIENTS,Messassi,Centre,2027-07-01,7,2027,0.54,10.8,33500.0,0.05
S3_reappro_100,B100,INGREDIENTS,Ngaoundere,Centre,2027-07-01,7,2027,0.16,3.2,33500.0,0.02
S3_reappro_100,B100,INGREDIENTS,Nkoabang,Centre,2027-07-01,7,2027,0.07,1.5,33500.0,0.01
S3_reappro_100,B100,INGREDIENTS,Nkolbisson,Centre,2027-07-01,7,2027,0.01,0.2,33500.0,0.0
S3_reappro_100,B1001,INGREDIENTS,Ahala,Centre,2027-07-01,7,2027,0.0,0.0,45950.0,0.0
S3_reappro_100,B1001,INGREDIENTS,Bertoua,Centre,2027-07-01,7,2027,0.02,0.4,45950.0,0.0
S3_reappro_100,B1001,INGREDIENTS,Messassi,Centre,2027-07-01,7,2027,0.0,0.1,45950.0,0.0
S3_reappro_100,B1001,INGREDIENTS,Ngaoundere,Centre,2027-07-01,7,2027,0.0,0.1,45950.0,0.0
S3_reappro_100,B1001,INGREDIENTS,Nkoabang,Centre,2027-07-01,7,2027,0.0,0.1,45950.0,0.0
S3_reappro_100,E101,INGREDIENTS,Ahala,Centre,2027-07-01,7,2027,0.45,9.0,60000.0,0.11
S3_reappro_100,E101,INGREDIENTS,Bertoua,Centre,2027-07-01,7,2027,0.53,10.6,60000.0,0.1
S3_reappro_100,E101,INGREDIENTS,Messassi,Centre,2027-07-01,7,2027,1.19,23.9,60000.0,0.22
S3_reappro_100,E101,INGREDIENTS,Ngaoundere,Centre,2027-07-01,7,2027,0.4,8.1,60000.0,0.09
S3_reappro_100,E101,INGREDIENTS,Nkoabang,Centre,2027-07-01,7,2027,0.22,4.5,60000.0,0.05
S3_reappro_100,E101,INGREDIENTS,Nkolbisson,Centre,2027-07-01,7,2027,0.15,2.9,60000.0,0.03
S3_reappro_100,E1011,INGREDIENTS,Ahala,Centre,2027-07-01,7,2027,0.01,0.2,61500.0,0.0
S3_reappro_100,E1011,INGREDIENTS,Bertoua,Centre,2027-07-01,7,2027,0.08,1.5,61500.0,0.01
S3_reappro_100,E1011,INGREDIENTS,Messassi,Centre,2027-07-01,7,2027,0.03,0.7,61500.0,0.0
S3_reappro_100,E1011,INGREDIENTS,Ngaoundere,Centre,2027-07-01,7,2027,0.06,1.2,61500.0,0.01
S3_reappro_100,E1011,INGREDIENTS,Nkoabang,Centre,2027-07-01,7,2027,0.02,0.4,61500.0,0.0
S3_reappro_100,E1011,INGREDIENTS,Nkolbisson,Centre,2027-07-01,7,2027,0.02,0.3,61500.0,0.0
S3_reappro_100,E1014,INGREDIENTS,Ahala,Centre,2027-07-01,7,2027,0.0,0.0,708.0,0.0
S3_reappro_100,E1014,INGREDIENTS,Bertoua,Centre,2027-07-01,7,2027,0.0,0.0,708.0,0.0
S3_reappro_100,E1014,INGREDIENTS,Messassi,Centre,2027-07-01,7,2027,0.0,0.1,708.0,0.0
S3_reappro_100,E1014,INGREDIENTS,Nkoabang,Centre,2027-07-01,7,2027,0.0,0.0,708.0,0.0
S3_reappro_100,F114,INGREDIENTS,Ahala,Centre,2027-07-01,7,2027,0.25,5.1,0.0,0.05
S3_reappro_100,F114,INGREDIENTS,Bertoua,Centre,2027-07-01,7,2027,1.02,20.4,0.0,0.09
S3_reappro_100,F114,INGREDIENTS,Messassi,Centre,2027-07-01,7,2027,1.05,21.0,0.0,0.05
S3_reappro_100,F114,INGREDIENTS,Ngaoundere,Centre,2027-07-01,7,2027,0.66,13.2,0.0,0.09
S3_reappro_100,F114,INGREDIENTS,Nkoabang,Centre,2027-07-01,7,2027,0.1,2.0,0.0,0.01
S3_reappro_100,F1145,INGREDIENTS,Ahala,Centre,2027-07-01,7,2027,0.4,8.0,0.0,0.1
S3_reappro_100,F1145,INGREDIENTS,Bertoua,Centre,2027-07-01,7,2027,0.16,3.1,0.0,0.04
S3_reappro_100,F1145,INGREDIENTS,Messassi,Centre,2027-07-01,7,2027,0.56,11.2,0.0,0.13
S3_reappro_100,F1145,INGREDIENTS,Ngaoundere,Centre,2027-07-01,7,2027,0.45,8.9,0.0,0.11
S3_reappro_100,F1145,INGREDIENTS,Nkoabang,Centre,2027-07-01,7,2027,0.21,4.2,0.0,0.05
S3_reappro_100,F1145,INGREDIENTS,Nkolbisson,Centre,2027-07-01,7,2027,0.01,0.2,0.0,0.0
S3_reappro_100,F1146,INGREDIENTS,Bertoua,Centre,2027-07-01,7,2027,0.0,0.1,0.0,0.0
S3_reappro_100,F1146,INGREDIENTS,Messassi,Centre,2027-07-01,7,2027,0.08,1.6,0.0,0.02
S3_reappro_100,F1146,INGREDIENTS,Ngaoundere,Centre,2027-07-01,7,2027,0.01,0.2,0.0,0.0
S3_reappro_100,F1146,INGREDIENTS,Nkoabang,Centre,2027-07-01,7,2027,0.04,0.8,0.0,0.01
S3_reappro_100,F1147,INGREDIENTS,Ahala,Centre,2027-07-01,7,2027,0.0,0.0,0.0,0.0
S3_reappro_100,F1147,INGREDIENTS,Bertoua,Centre,2027-07-01,7,2027,0.0,0.0,0.0,0.0
S3_reappro_100,F1147,INGREDIENTS,Messassi,Centre,2027-07-01,7,2027,0.01,0.1,0.0,0.0
S3_reappro_100,F1147,INGREDIENTS,Ngaoundere,Centre,2027-07-01,7,2027,0.0,0.1,0.0,0.0
S3_reappro_100,F1147,INGREDIENTS,Nkoabang,Centre,2027-07-01,7,2027,0.0,0.1,0.0,0.0
S3_reappro_100,F1147,INGREDIENTS,Nkolbisson,Centre,2027-07-01,7,2027,0.0,0.1,0.0,0.0
S3_reappro_100,I105,INGREDIENTS,Ahala,Centre,2027-07-01,7,2027,0.03,0.5,35500.0,0.0
S3_reappro_100,I105,INGREDIENTS,Bertoua,Centre,2027-07-01,7,2027,0.03,0.7,35500.0,0.0
S3_reappro_100,I105,INGREDIENTS,Messassi,Centre,2027-07-01,7,2027,0.07,1.4,35500.0,0.0
S3_reappro_100,I105,INGREDIENTS,Ngaoundere,Centre,2027-07-01,7,2027,0.04,0.8,35500.0,0.0
S3_reappro_100,I105,INGREDIENTS,Nkoabang,Centre,2027-07-01,7,2027,0.03,0.5,35500.0,0.0
S3_reappro_100,I105,INGREDIENTS,Nkolbisson,Centre,2027-07-01,7,2027,0.01,0.2,35500.0,0.0
S3_reappro_100,I1051,INGREDIENTS,Ahala,Centre,2027-07-01,7,2027,0.01,0.2,41000.0,0.0
S3_reappro_100,I1051,INGREDIENTS,Bertoua,Centre,2027-07-01,7,2027,0.05,1.0,41000.0,0.01
S3_reappro_100,I1051,INGREDIENTS,Messassi,Centre,2027-07-01,7,2027,0.03,0.6,41000.0,0.0
S3_reappro_100,I1051,INGREDIENTS,Ngaoundere,Centre,2027-07-01,7,2027,0.03,0.6,41000.0,0.0
S3_reappro_100,I1051,INGREDIENTS,Nkoabang,Centre,2027-07-01,7,2027,0.01,0.3,41000.0,0.0
S3_reappro_100,I1051,INGREDIENTS,Nkolbisson,Centre,2027-07-01,7,2027,0.01,0.2,41000.0,0.0
S3_reappro_100,I106,INGREDIENTS,Ahala,Centre,2027-07-01,7,2027,0.28,5.5,0.0,0.21
S3_reappro_100,I106,INGREDIENTS,Bertoua,Centre,2027-07-01,7,2027,0.14,2.8,0.0,0.08
S3_reappro_100,I106,INGREDIENTS,Messassi,Centre,2027-07-01,7,2027,0.51,10.2,0.0,0.23
S3_reappro_100,I106,INGREDIENTS,Ngaoundere,Centre,2027-07-01,7,2027,0.12,2.4,0.0,0.09
S3_reappro_100,I106,INGREDIENTS,Nkoabang,Centre,2027-07-01,7,2027,0.18,3.7,0.0,0.14
S3_reappro_100,I106,INGREDIENTS,Nkolbisson,Centre,2027-07-01,7,2027,0.05,0.9,0.0,0.03
S3_reappro_100,I1061,INGREDIENTS,Ahala,Centre,2027-07-01,7,2027,0.0,0.1,0.0,0.0
S3_reappro_100,I1061,INGREDIENTS,Bertoua,Centre,2027-07-01,7,2027,0.02,0.5,0.0,0.01
S3_reappro_100,I1061,INGREDIENTS,Messassi,Centre,2027-07-01,7,2027,0.02,0.4,0.0,0.01
S3_reappro_100,I1061,INGREDIENTS,Ngaoundere,Centre,2027-07-01,7,2027,0.01,0.2,0.0,0.01
S3_reappro_100,I1061,INGREDIENTS,Nkoabang,Centre,2027-07-01,7,2027,0.01,0.2,0.0,0.01
S3_reappro_100,I1061,INGREDIENTS,Nkolbisson,Centre,2027-07-01,7,2027,0.01,0.2,0.0,0.01
S3_reappro_100,I107,INGREDIENTS,Ahala,Centre,2027-07-01,7,2027,0.41,8.2,0.0,0.18
S3_reappro_100,I107,INGREDIENTS,Bertoua,Centre,2027-07-01,7,2027,0.15,3.0,0.0,0.04
S3_reappro_100,I107,INGREDIENTS,Messassi,Centre,2027-07-01,7,2027,0.5,10.0,0.0,0.16
S3_reappro_100,I107,INGREDIENTS,Ngaoundere,Centre,2027-07-01,7,2027,0.19,3.9,0.0,0.08
S3_reappro_100,I107,INGREDIENTS,Nkoabang,Centre,2027-07-01,7,2027,0.24,4.7,0.0,0.1
S3_reappro_100,I107,INGREDIENTS,Nkolbisson,Centre,2027-07-01,7,2027,0.06,1.2,0.0,0.02
S3_reappro_100,I1071,INGREDIENTS,Ahala,Centre,2027-07-01,7,2027,0.0,0.1,0.0,0.0
S3_reappro_100,I1071,INGREDIENTS,Bertoua,Centre,2027-07-01,7,2027,0.01,0.3,0.0,0.0
S3_reappro_100,I1071,INGREDIENTS,Messassi,Centre,2027-07-01,7,2027,0.02,0.3,0.0,0.01
S3_reappro_100,I1071,INGREDIENTS,Ngaoundere,Centre,2027-07-01,7,2027,0.01,0.2,0.0,0.0
S3_reappro_100,I1071,INGREDIENTS,Nkoabang,Centre,2027-07-01,7,2027,0.01,0.3,0.0,0.01
S3_reappro_100,I1071,INGREDIENTS,Nkolbisson,Centre,2027-07-01,7,2027,0.01,0.1,0.0,0.0
S3_reappro_100,P105,INGREDIENTS,Ahala,Centre,2027-07-01,7,2027,1.29,25.7,0.0,0.36
S3_reappro_100,P105,INGREDIENTS,Bertoua,Centre,2027-07-01,7,2027,1.06,21.3,0.0,0.18
S3_reappro_100,P105,INGREDIENTS,Messassi,Centre,2027-07-01,7,2027,2.93,58.6,0.0,0.62
S3_reappro_100,P105,INGREDIENTS,Ngaoundere,Centre,2027-07-01,7,2027,1.08,21.6,0.0,0.24
S3_reappro_100,P105,INGREDIENTS,Nkoabang,Centre,2027-07-01,7,2027,0.98,19.6,0.0,0.22
S3_reappro_100,P105,INGREDIENTS,Nkolbisson,Centre,2027-07-01,7,2027,0.6,11.9,0.0,0.14
S3_reappro_100,P1051,INGREDIENTS,Ahala,Centre,2027-07-01,7,2027,0.01,0.1,0.0,0.0
S3_reappro_100,P1051,INGREDIENTS,Bertoua,Centre,2027-07-01,7,2027,0.08,1.5,0.0,0.01
S3_reappro_100,P1051,INGREDIENTS,Messassi,Centre,2027-07-01,7,2027,0.04,0.8,0.0,0.0
S3_reappro_100,P1051,INGREDIENTS,Ngaoundere,Centre,2027-07-01,7,2027,0.03,0.6,0.0,0.0
S3_reappro_100,P1051,INGREDIENTS,Nkoabang,Centre,2027-07-01,7,2027,0.02,0.4,0.0,0.0
S3_reappro_100,P1051,INGREDIENTS,Nkolbisson,Centre,2027-07-01,7,2027,0.02,0.3,0.0,0.0
S3_reappro_100,P1053,INGREDIENTS,Ahala,Centre,2027-07-01,7,2027,0.03,0.6,0.0,0.01
S3_reappro_100,P1053,INGREDIENTS,Bertoua,Centre,2027-07-01,7,2027,0.09,1.8,0.0,0.01
S3_reappro_100,P1053,INGREDIENTS,Messassi,Centre,2027-07-01,7,2027,0.09,1.8,0.0,0.01
S3_reappro_100,P1053,INGREDIENTS,Ngaoundere,Centre,2027-07-01,7,2027,0.06,1.1,0.0,0.01
S3_reappro_100,P1053,INGREDIENTS,Nkoabang,Centre,2027-07-01,7,2027,0.02,0.4,0.0,0.0
S3_reappro_100,P1053,INGREDIENTS,Nkolbisson,Centre,2027-07-01,7,2027,0.03,0.5,0.0,0.0
S3_reappro_100,B100,INGREDIENTS,Ahala,Centre,2027-08-01,8,2027,0.08,1.6,33500.0,0.01
S3_reappro_100,B100,INGREDIENTS,Bertoua,Centre,2027-08-01,8,2027,0.15,3.0,33500.0,0.02
S3_reappro_100,B100,INGREDIENTS,Messassi,Centre,2027-08-01,8,2027,0.49,9.8,33500.0,0.05
S3_reappro_100,B100,INGREDIENTS,Ngaoundere,Centre,2027-08-01,8,2027,0.15,2.9,33500.0,0.02
S3_reappro_100,B100,INGREDIENTS,Nkoabang,Centre,2027-08-01,8,2027,0.07,1.3,33500.0,0.01
S3_reappro_100,B100,INGREDIENTS,Nkolbisson,Centre,2027-08-01,8,2027,0.01,0.2,33500.0,0.0
S3_reappro_100,B1001,INGREDIENTS,Ahala,Centre,2027-08-01,8,2027,0.0,0.0,45950.0,0.0
S3_reappro_100,B1001,INGREDIENTS,Bertoua,Centre,2027-08-01,8,2027,0.02,0.4,45950.0,0.0
S3_reappro_100,B1001,INGREDIENTS,Messassi,Centre,2027-08-01,8,2027,0.0,0.1,45950.0,0.0
S3_reappro_100,B1001,INGREDIENTS,Ngaoundere,Centre,2027-08-01,8,2027,0.0,0.1,45950.0,0.0
S3_reappro_100,B1001,INGREDIENTS,Nkoabang,Centre,2027-08-01,8,2027,0.0,0.1,45950.0,0.0
S3_reappro_100,E101,INGREDIENTS,Ahala,Centre,2027-08-01,8,2027,0.41,8.2,60000.0,0.1
S3_reappro_100,E101,INGREDIENTS,Bertoua,Centre,2027-08-01,8,2027,0.48,9.7,60000.0,0.09
S3_reappro_100,E101,INGREDIENTS,Messassi,Centre,2027-08-01,8,2027,1.08,21.7,60000.0,0.2
S3_reappro_100,E101,INGREDIENTS,Ngaoundere,Centre,2027-08-01,8,2027,0.37,7.4,60000.0,0.09
S3_reappro_100,E101,INGREDIENTS,Nkoabang,Centre,2027-08-01,8,2027,0.2,4.1,60000.0,0.04
S3_reappro_100,E101,INGREDIENTS,Nkolbisson,Centre,2027-08-01,8,2027,0.13,2.7,60000.0,0.03
S3_reappro_100,E1011,INGREDIENTS,Ahala,Centre,2027-08-01,8,2027,0.01,0.2,61500.0,0.0
S3_reappro_100,E1011,INGREDIENTS,Bertoua,Centre,2027-08-01,8,2027,0.07,1.4,61500.0,0.01
S3_reappro_100,E1011,INGREDIENTS,Messassi,Centre,2027-08-01,8,2027,0.03,0.6,61500.0,0.0
S3_reappro_100,E1011,INGREDIENTS,Ngaoundere,Centre,2027-08-01,8,2027,0.06,1.1,61500.0,0.01
S3_reappro_100,E1011,INGREDIENTS,Nkoabang,Centre,2027-08-01,8,2027,0.02,0.3,61500.0,0.0
S3_reappro_100,E1011,INGREDIENTS,Nkolbisson,Centre,2027-08-01,8,2027,0.01,0.3,61500.0,0.0
S3_reappro_100,E1014,INGREDIENTS,Ahala,Centre,2027-08-01,8,2027,0.0,0.0,708.0,0.0
S3_reappro_100,E1014,INGREDIENTS,Bertoua,Centre,2027-08-01,8,2027,0.0,0.0,708.0,0.0
S3_reappro_100,E1014,INGREDIENTS,Messassi,Centre,2027-08-01,8,2027,0.0,0.1,708.0,0.0
S3_reappro_100,E1014,INGREDIENTS,Nkoabang,Centre,2027-08-01,8,2027,0.0,0.0,708.0,0.0
S3_reappro_100,F114,INGREDIENTS,Ahala,Centre,2027-08-01,8,2027,0.23,4.6,0.0,0.04
S3_reappro_100,F114,INGREDIENTS,Bertoua,Centre,2027-08-01,8,2027,0.93,18.5,0.0,0.08
S3_reappro_100,F114,INGREDIENTS,Messassi,Centre,2027-08-01,8,2027,0.95,19.1,0.0,0.05
S3_reappro_100,F114,INGREDIENTS,Ngaoundere,Centre,2027-08-01,8,2027,0.6,12.0,0.0,0.08
S3_reappro_100,F114,INGREDIENTS,Nkoabang,Centre,2027-08-01,8,2027,0.09,1.8,0.0,0.01
S3_reappro_100,F1145,INGREDIENTS,Ahala,Centre,2027-08-01,8,2027,0.36,7.3,0.0,0.09
S3_reappro_100,F1145,INGREDIENTS,Bertoua,Centre,2027-08-01,8,2027,0.14,2.9,0.0,0.03
S3_reappro_100,F1145,INGREDIENTS,Messassi,Centre,2027-08-01,8,2027,0.51,10.2,0.0,0.12
S3_reappro_100,F1145,INGREDIENTS,Ngaoundere,Centre,2027-08-01,8,2027,0.41,8.1,0.0,0.1
S3_reappro_100,F1145,INGREDIENTS,Nkoabang,Centre,2027-08-01,8,2027,0.19,3.8,0.0,0.05
S3_reappro_100,F1145,INGREDIENTS,Nkolbisson,Centre,2027-08-01,8,2027,0.01,0.2,0.0,0.0
S3_reappro_100,F1146,INGREDIENTS,Bertoua,Centre,2027-08-01,8,2027,0.0,0.0,0.0,0.0
S3_reappro_100,F1146,INGREDIENTS,Messassi,Centre,2027-08-01,8,2027,0.07,1.5,0.0,0.02
S3_reappro_100,F1146,INGREDIENTS,Ngaoundere,Centre,2027-08-01,8,2027,0.01,0.2,0.0,0.0
S3_reappro_100,F1146,INGREDIENTS,Nkoabang,Centre,2027-08-01,8,2027,0.04,0.8,0.0,0.01
S3_reappro_100,F1147,INGREDIENTS,Ahala,Centre,2027-08-01,8,2027,0.0,0.0,0.0,0.0
S3_reappro_100,F1147,INGREDIENTS,Bertoua,Centre,2027-08-01,8,2027,0.0,0.0,0.0,0.0
S3_reappro_100,F1147,INGREDIENTS,Messassi,Centre,2027-08-01,8,2027,0.0,0.1,0.0,0.0
S3_reappro_100,F1147,INGREDIENTS,Ngaoundere,Centre,2027-08-01,8,2027,0.0,0.0,0.0,0.0
S3_reappro_100,F1147,INGREDIENTS,Nkoabang,Centre,2027-08-01,8,2027,0.0,0.1,0.0,0.0
S3_reappro_100,F1147,INGREDIENTS,Nkolbisson,Centre,2027-08-01,8,2027,0.0,0.1,0.0,0.0
S3_reappro_100,I105,INGREDIENTS,Ahala,Centre,2027-08-01,8,2027,0.02,0.5,35500.0,0.0
S3_reappro_100,I105,INGREDIENTS,Bertoua,Centre,2027-08-01,8,2027,0.03,0.6,35500.0,0.0
S3_reappro_100,I105,INGREDIENTS,Messassi,Centre,2027-08-01,8,2027,0.06,1.2,35500.0,0.0
S3_reappro_100,I105,INGREDIENTS,Ngaoundere,Centre,2027-08-01,8,2027,0.03,0.7,35500.0,0.0
S3_reappro_100,I105,INGREDIENTS,Nkoabang,Centre,2027-08-01,8,2027,0.02,0.5,35500.0,0.0
S3_reappro_100,I105,INGREDIENTS,Nkolbisson,Centre,2027-08-01,8,2027,0.01,0.2,35500.0,0.0
S3_reappro_100,I1051,INGREDIENTS,Ahala,Centre,2027-08-01,8,2027,0.01,0.2,41000.0,0.0
S3_reappro_100,I1051,INGREDIENTS,Bertoua,Centre,2027-08-01,8,2027,0.05,0.9,41000.0,0.01
S3_reappro_100,I1051,INGREDIENTS,Messassi,Centre,2027-08-01,8,2027,0.03,0.5,41000.0,0.0
S3_reappro_100,I1051,INGREDIENTS,Ngaoundere,Centre,2027-08-01,8,2027,0.03,0.5,41000.0,0.0
S3_reappro_100,I1051,INGREDIENTS,Nkoabang,Centre,2027-08-01,8,2027,0.01,0.3,41000.0,0.0
S3_reappro_100,I1051,INGREDIENTS,Nkolbisson,Centre,2027-08-01,8,2027,0.01,0.1,41000.0,0.0
S3_reappro_100,I106,INGREDIENTS,Ahala,Centre,2027-08-01,8,2027,0.25,5.0,0.0,0.19
S3_reappro_100,I106,INGREDIENTS,Bertoua,Centre,2027-08-01,8,2027,0.13,2.5,0.0,0.07
S3_reappro_100,I106,INGREDIENTS,Messassi,Centre,2027-08-01,8,2027,0.46,9.3,0.0,0.21
S3_reappro_100,I106,INGREDIENTS,Ngaoundere,Centre,2027-08-01,8,2027,0.11,2.2,0.0,0.08
S3_reappro_100,I106,INGREDIENTS,Nkoabang,Centre,2027-08-01,8,2027,0.17,3.3,0.0,0.13
S3_reappro_100,I106,INGREDIENTS,Nkolbisson,Centre,2027-08-01,8,2027,0.04,0.8,0.0,0.03
S3_reappro_100,I1061,INGREDIENTS,Ahala,Centre,2027-08-01,8,2027,0.0,0.1,0.0,0.0
S3_reappro_100,I1061,INGREDIENTS,Bertoua,Centre,2027-08-01,8,2027,0.02,0.4,0.0,0.01
S3_reappro_100,I1061,INGREDIENTS,Messassi,Centre,2027-08-01,8,2027,0.02,0.4,0.0,0.01
S3_reappro_100,I1061,INGREDIENTS,Ngaoundere,Centre,2027-08-01,8,2027,0.01,0.2,0.0,0.01
S3_reappro_100,I1061,INGREDIENTS,Nkoabang,Centre,2027-08-01,8,2027,0.01,0.2,0.0,0.01
S3_reappro_100,I1061,INGREDIENTS,Nkolbisson,Centre,2027-08-01,8,2027,0.01,0.2,0.0,0.0
S3_reappro_100,I107,INGREDIENTS,Ahala,Centre,2027-08-01,8,2027,0.37,7.4,0.0,0.16
S3_reappro_100,I107,INGREDIENTS,Bertoua,Centre,2027-08-01,8,2027,0.14,2.8,0.0,0.04
S3_reappro_100,I107,INGREDIENTS,Messassi,Centre,2027-08-01,8,2027,0.45,9.1,0.0,0.14
S3_reappro_100,I107,INGREDIENTS,Ngaoundere,Centre,2027-08-01,8,2027,0.17,3.5,0.0,0.07
S3_reappro_100,I107,INGREDIENTS,Nkoabang,Centre,2027-08-01,8,2027,0.21,4.3,0.0,0.09
S3_reappro_100,I107,INGREDIENTS,Nkolbisson,Centre,2027-08-01,8,2027,0.05,1.1,0.0,0.02
S3_reappro_100,I1071,INGREDIENTS,Ahala,Centre,2027-08-01,8,2027,0.0,0.1,0.0,0.0
S3_reappro_100,I1071,INGREDIENTS,Bertoua,Centre,2027-08-01,8,2027,0.01,0.3,0.0,0.0
S3_reappro_100,I1071,INGREDIENTS,Messassi,Centre,2027-08-01,8,2027,0.01,0.3,0.0,0.01
S3_reappro_100,I1071,INGREDIENTS,Ngaoundere,Centre,2027-08-01,8,2027,0.01,0.2,0.0,0.0
S3_reappro_100,I1071,INGREDIENTS,Nkoabang,Centre,2027-08-01,8,2027,0.01,0.2,0.0,0.01
S3_reappro_100,I1071,INGREDIENTS,Nkolbisson,Centre,2027-08-01,8,2027,0.01,0.1,0.0,0.0
S3_reappro_100,P105,INGREDIENTS,Ahala,Centre,2027-08-01,8,2027,1.17,23.4,0.0,0.32
S3_reappro_100,P105,INGREDIENTS,Bertoua,Centre,2027-08-01,8,2027,0.97,19.3,0.0,0.17
S3_reappro_100,P105,INGREDIENTS,Messassi,Centre,2027-08-01,8,2027,2.66,53.2,0.0,0.56
S3_reappro_100,P105,INGREDIENTS,Ngaoundere,Centre,2027-08-01,8,2027,0.98,19.6,0.0,0.22
S3_reappro_100,P105,INGREDIENTS,Nkoabang,Centre,2027-08-01,8,2027,0.89,17.8,0.0,0.2
S3_reappro_100,P105,INGREDIENTS,Nkolbisson,Centre,2027-08-01,8,2027,0.54,10.8,0.0,0.12
S3_reappro_100,P1051,INGREDIENTS,Ahala,Centre,2027-08-01,8,2027,0.01,0.1,0.0,0.0
S3_reappro_100,P1051,INGREDIENTS,Bertoua,Centre,2027-08-01,8,2027,0.07,1.4,0.0,0.01
S3_reappro_100,P1051,INGREDIENTS,Messassi,Centre,2027-08-01,8,2027,0.04,0.7,0.0,0.0
S3_reappro_100,P1051,INGREDIENTS,Ngaoundere,Centre,2027-08-01,8,2027,0.03,0.5,0.0,0.0
S3_reappro_100,P1051,INGREDIENTS,Nkoabang,Centre,2027-08-01,8,2027,0.02,0.4,0.0,0.0
S3_reappro_100,P1051,INGREDIENTS,Nkolbisson,Centre,2027-08-01,8,2027,0.01,0.3,0.0,0.0
S3_reappro_100,P1053,INGREDIENTS,Ahala,Centre,2027-08-01,8,2027,0.03,0.5,0.0,0.01
S3_reappro_100,P1053,INGREDIENTS,Bertoua,Centre,2027-08-01,8,2027,0.08,1.6,0.0,0.01
S3_reappro_100,P1053,INGREDIENTS,Messassi,Centre,2027-08-01,8,2027,0.08,1.7,0.0,0.01
S3_reappro_100,P1053,INGREDIENTS,Ngaoundere,Centre,2027-08-01,8,2027,0.05,1.0,0.0,0.01
S3_reappro_100,P1053,INGREDIENTS,Nkoabang,Centre,2027-08-01,8,2027,0.02,0.3,0.0,0.0
S3_reappro_100,P1053,INGREDIENTS,Nkolbisson,Centre,2027-08-01,8,2027,0.02,0.5,0.0,0.0
S3_reappro_100,B100,INGREDIENTS,Ahala,Centre,2027-09-01,9,2027,0.05,1.1,33500.0,0.01
S3_reappro_100,B100,INGREDIENTS,Bertoua,Centre,2027-09-01,9,2027,0.1,2.0,33500.0,0.01
S3_reappro_100,B100,INGREDIENTS,Messassi,Centre,2027-09-01,9,2027,0.33,6.7,33500.0,0.03
S3_reappro_100,B100,INGREDIENTS,Ngaoundere,Centre,2027-09-01,9,2027,0.1,2.0,33500.0,0.01
S3_reappro_100,B100,INGREDIENTS,Nkoabang,Centre,2027-09-01,9,2027,0.05,0.9,33500.0,0.01
S3_reappro_100,B100,INGREDIENTS,Nkolbisson,Centre,2027-09-01,9,2027,0.01,0.2,33500.0,0.0
S3_reappro_100,B1001,INGREDIENTS,Ahala,Centre,2027-09-01,9,2027,0.0,0.0,45950.0,0.0
S3_reappro_100,B1001,INGREDIENTS,Bertoua,Centre,2027-09-01,9,2027,0.01,0.2,45950.0,0.0
S3_reappro_100,B1001,INGREDIENTS,Messassi,Centre,2027-09-01,9,2027,0.0,0.0,45950.0,0.0
S3_reappro_100,B1001,INGREDIENTS,Ngaoundere,Centre,2027-09-01,9,2027,0.0,0.0,45950.0,0.0
S3_reappro_100,B1001,INGREDIENTS,Nkoabang,Centre,2027-09-01,9,2027,0.0,0.0,45950.0,0.0
S3_reappro_100,E101,INGREDIENTS,Ahala,Centre,2027-09-01,9,2027,0.28,5.6,60000.0,0.07
S3_reappro_100,E101,INGREDIENTS,Bertoua,Centre,2027-09-01,9,2027,0.33,6.6,60000.0,0.06
S3_reappro_100,E101,INGREDIENTS,Messassi,Centre,2027-09-01,9,2027,0.74,14.7,60000.0,0.14
S3_reappro_100,E101,INGREDIENTS,Ngaoundere,Centre,2027-09-01,9,2027,0.25,5.0,60000.0,0.06
S3_reappro_100,E101,INGREDIENTS,Nkoabang,Centre,2027-09-01,9,2027,0.14,2.8,60000.0,0.03
S3_reappro_100,E101,INGREDIENTS,Nkolbisson,Centre,2027-09-01,9,2027,0.09,1.8,60000.0,0.02
S3_reappro_100,E1011,INGREDIENTS,Ahala,Centre,2027-09-01,9,2027,0.01,0.2,61500.0,0.0
S3_reappro_100,E1011,INGREDIENTS,Bertoua,Centre,2027-09-01,9,2027,0.05,0.9,61500.0,0.01
S3_reappro_100,E1011,INGREDIENTS,Messassi,Centre,2027-09-01,9,2027,0.02,0.4,61500.0,0.0
S3_reappro_100,E1011,INGREDIENTS,Ngaoundere,Centre,2027-09-01,9,2027,0.04,0.8,61500.0,0.01
S3_reappro_100,E1011,INGREDIENTS,Nkoabang,Centre,2027-09-01,9,2027,0.01,0.2,61500.0,0.0
S3_reappro_100,E1011,INGREDIENTS,Nkolbisson,Centre,2027-09-01,9,2027,0.01,0.2,61500.0,0.0
S3_reappro_100,E1014,INGREDIENTS,Ahala,Centre,2027-09-01,9,2027,0.0,0.0,708.0,0.0
S3_reappro_100,E1014,INGREDIENTS,Bertoua,Centre,2027-09-01,9,2027,0.0,0.0,708.0,0.0
S3_reappro_100,E1014,INGREDIENTS,Messassi,Centre,2027-09-01,9,2027,0.0,0.1,708.0,0.0
S3_reappro_100,E1014,INGREDIENTS,Nkoabang,Centre,2027-09-01,9,2027,0.0,0.0,708.0,0.0
S3_reappro_100,F114,INGREDIENTS,Ahala,Centre,2027-09-01,9,2027,0.16,3.1,0.0,0.03
S3_reappro_100,F114,INGREDIENTS,Bertoua,Centre,2027-09-01,9,2027,0.63,12.6,0.0,0.05
S3_reappro_100,F114,INGREDIENTS,Messassi,Centre,2027-09-01,9,2027,0.65,13.0,0.0,0.03
S3_reappro_100,F114,INGREDIENTS,Ngaoundere,Centre,2027-09-01,9,2027,0.41,8.2,0.0,0.06
S3_reappro_100,F114,INGREDIENTS,Nkoabang,Centre,2027-09-01,9,2027,0.06,1.2,0.0,0.0
S3_reappro_100,F1145,INGREDIENTS,Ahala,Centre,2027-09-01,9,2027,0.25,4.9,0.0,0.06
S3_reappro_100,F1145,INGREDIENTS,Bertoua,Centre,2027-09-01,9,2027,0.1,1.9,0.0,0.02
S3_reappro_100,F1145,INGREDIENTS,Messassi,Centre,2027-09-01,9,2027,0.35,6.9,0.0,0.08
S3_reappro_100,F1145,INGREDIENTS,Ngaoundere,Centre,2027-09-01,9,2027,0.28,5.5,0.0,0.07
S3_reappro_100,F1145,INGREDIENTS,Nkoabang,Centre,2027-09-01,9,2027,0.13,2.6,0.0,0.03
S3_reappro_100,F1145,INGREDIENTS,Nkolbisson,Centre,2027-09-01,9,2027,0.01,0.2,0.0,0.0
S3_reappro_100,F1146,INGREDIENTS,Bertoua,Centre,2027-09-01,9,2027,0.0,0.0,0.0,0.0
S3_reappro_100,F1146,INGREDIENTS,Messassi,Centre,2027-09-01,9,2027,0.05,1.0,0.0,0.01
S3_reappro_100,F1146,INGREDIENTS,Ngaoundere,Centre,2027-09-01,9,2027,0.01,0.1,0.0,0.0
S3_reappro_100,F1146,INGREDIENTS,Nkoabang,Centre,2027-09-01,9,2027,0.03,0.5,0.0,0.01
S3_reappro_100,F1147,INGREDIENTS,Ahala,Centre,2027-09-01,9,2027,0.0,0.0,0.0,0.0
S3_reappro_100,F1147,INGREDIENTS,Bertoua,Centre,2027-09-01,9,2027,0.0,0.0,0.0,0.0
S3_reappro_100,F1147,INGREDIENTS,Messassi,Centre,2027-09-01,9,2027,0.0,0.1,0.0,0.0
S3_reappro_100,F1147,INGREDIENTS,Ngaoundere,Centre,2027-09-01,9,2027,0.0,0.0,0.0,0.0
S3_reappro_100,F1147,INGREDIENTS,Nkoabang,Centre,2027-09-01,9,2027,0.0,0.0,0.0,0.0
S3_reappro_100,F1147,INGREDIENTS,Nkolbisson,Centre,2027-09-01,9,2027,0.0,0.0,0.0,0.0
S3_reappro_100,I105,INGREDIENTS,Ahala,Centre,2027-09-01,9,2027,0.02,0.3,35500.0,0.0
S3_reappro_100,I105,INGREDIENTS,Bertoua,Centre,2027-09-01,9,2027,0.02,0.4,35500.0,0.0
S3_reappro_100,I105,INGREDIENTS,Messassi,Centre,2027-09-01,9,2027,0.04,0.8,35500.0,0.0
S3_reappro_100,I105,INGREDIENTS,Ngaoundere,Centre,2027-09-01,9,2027,0.02,0.5,35500.0,0.0
S3_reappro_100,I105,INGREDIENTS,Nkoabang,Centre,2027-09-01,9,2027,0.02,0.3,35500.0,0.0
S3_reappro_100,I105,INGREDIENTS,Nkolbisson,Centre,2027-09-01,9,2027,0.01,0.2,35500.0,0.0
S3_reappro_100,I1051,INGREDIENTS,Ahala,Centre,2027-09-01,9,2027,0.01,0.1,41000.0,0.0
S3_reappro_100,I1051,INGREDIENTS,Bertoua,Centre,2027-09-01,9,2027,0.03,0.6,41000.0,0.0
S3_reappro_100,I1051,INGREDIENTS,Messassi,Centre,2027-09-01,9,2027,0.02,0.4,41000.0,0.0
S3_reappro_100,I1051,INGREDIENTS,Ngaoundere,Centre,2027-09-01,9,2027,0.02,0.4,41000.0,0.0
S3_reappro_100,I1051,INGREDIENTS,Nkoabang,Centre,2027-09-01,9,2027,0.01,0.2,41000.0,0.0
S3_reappro_100,I1051,INGREDIENTS,Nkolbisson,Centre,2027-09-01,9,2027,0.01,0.1,41000.0,0.0
S3_reappro_100,I106,INGREDIENTS,Ahala,Centre,2027-09-01,9,2027,0.17,3.4,0.0,0.13
S3_reappro_100,I106,INGREDIENTS,Bertoua,Centre,2027-09-01,9,2027,0.09,1.7,0.0,0.05
S3_reappro_100,I106,INGREDIENTS,Messassi,Centre,2027-09-01,9,2027,0.31,6.3,0.0,0.14
S3_reappro_100,I106,INGREDIENTS,Ngaoundere,Centre,2027-09-01,9,2027,0.08,1.5,0.0,0.05
S3_reappro_100,I106,INGREDIENTS,Nkoabang,Centre,2027-09-01,9,2027,0.11,2.3,0.0,0.09
S3_reappro_100,I106,INGREDIENTS,Nkolbisson,Centre,2027-09-01,9,2027,0.03,0.6,0.0,0.02
S3_reappro_100,I1061,INGREDIENTS,Ahala,Centre,2027-09-01,9,2027,0.0,0.1,0.0,0.0
S3_reappro_100,I1061,INGREDIENTS,Bertoua,Centre,2027-09-01,9,2027,0.01,0.3,0.0,0.01
S3_reappro_100,I1061,INGREDIENTS,Messassi,Centre,2027-09-01,9,2027,0.01,0.3,0.0,0.01
S3_reappro_100,I1061,INGREDIENTS,Ngaoundere,Centre,2027-09-01,9,2027,0.01,0.1,0.0,0.0
S3_reappro_100,I1061,INGREDIENTS,Nkoabang,Centre,2027-09-01,9,2027,0.01,0.1,0.0,0.01
S3_reappro_100,I1061,INGREDIENTS,Nkolbisson,Centre,2027-09-01,9,2027,0.01,0.1,0.0,0.0
S3_reappro_100,I107,INGREDIENTS,Ahala,Centre,2027-09-01,9,2027,0.25,5.1,0.0,0.11
S3_reappro_100,I107,INGREDIENTS,Bertoua,Centre,2027-09-01,9,2027,0.09,1.9,0.0,0.03
S3_reappro_100,I107,INGREDIENTS,Messassi,Centre,2027-09-01,9,2027,0.31,6.2,0.0,0.1
S3_reappro_100,I107,INGREDIENTS,Ngaoundere,Centre,2027-09-01,9,2027,0.12,2.4,0.0,0.05
S3_reappro_100,I107,INGREDIENTS,Nkoabang,Centre,2027-09-01,9,2027,0.15,2.9,0.0,0.06
S3_reappro_100,I107,INGREDIENTS,Nkolbisson,Centre,2027-09-01,9,2027,0.04,0.7,0.0,0.01
S3_reappro_100,I1071,INGREDIENTS,Ahala,Centre,2027-09-01,9,2027,0.0,0.0,0.0,0.0
S3_reappro_100,I1071,INGREDIENTS,Bertoua,Centre,2027-09-01,9,2027,0.01,0.2,0.0,0.0
S3_reappro_100,I1071,INGREDIENTS,Messassi,Centre,2027-09-01,9,2027,0.01,0.2,0.0,0.0
S3_reappro_100,I1071,INGREDIENTS,Ngaoundere,Centre,2027-09-01,9,2027,0.01,0.1,0.0,0.0
S3_reappro_100,I1071,INGREDIENTS,Nkoabang,Centre,2027-09-01,9,2027,0.01,0.2,0.0,0.0
S3_reappro_100,I1071,INGREDIENTS,Nkolbisson,Centre,2027-09-01,9,2027,0.0,0.1,0.0,0.0
S3_reappro_100,P105,INGREDIENTS,Ahala,Centre,2027-09-01,9,2027,0.79,15.9,0.0,0.22
S3_reappro_100,P105,INGREDIENTS,Bertoua,Centre,2027-09-01,9,2027,0.66,13.2,0.0,0.11
S3_reappro_100,P105,INGREDIENTS,Messassi,Centre,2027-09-01,9,2027,1.81,36.2,0.0,0.38
S3_reappro_100,P105,INGREDIENTS,Ngaoundere,Centre,2027-09-01,9,2027,0.67,13.3,0.0,0.15
S3_reappro_100,P105,INGREDIENTS,Nkoabang,Centre,2027-09-01,9,2027,0.6,12.1,0.0,0.13
S3_reappro_100,P105,INGREDIENTS,Nkolbisson,Centre,2027-09-01,9,2027,0.37,7.4,0.0,0.08
S3_reappro_100,P1051,INGREDIENTS,Ahala,Centre,2027-09-01,9,2027,0.0,0.1,0.0,0.0
S3_reappro_100,P1051,INGREDIENTS,Bertoua,Centre,2027-09-01,9,2027,0.05,0.9,0.0,0.01
S3_reappro_100,P1051,INGREDIENTS,Messassi,Centre,2027-09-01,9,2027,0.03,0.5,0.0,0.0
S3_reappro_100,P1051,INGREDIENTS,Ngaoundere,Centre,2027-09-01,9,2027,0.02,0.3,0.0,0.0
S3_reappro_100,P1051,INGREDIENTS,Nkoabang,Centre,2027-09-01,9,2027,0.01,0.2,0.0,0.0
S3_reappro_100,P1051,INGREDIENTS,Nkolbisson,Centre,2027-09-01,9,2027,0.01,0.2,0.0,0.0
S3_reappro_100,P1053,INGREDIENTS,Ahala,Centre,2027-09-01,9,2027,0.02,0.4,0.0,0.0
S3_reappro_100,P1053,INGREDIENTS,Bertoua,Centre,2027-09-01,9,2027,0.05,1.1,0.0,0.01
S3_reappro_100,P1053,INGREDIENTS,Messassi,Centre,2027-09-01,9,2027,0.06,1.1,0.0,0.01
S3_reappro_100,P1053,INGREDIENTS,Ngaoundere,Centre,2027-09-01,9,2027,0.03,0.7,0.0,0.01
S3_reappro_100,P1053,INGREDIENTS,Nkoabang,Centre,2027-09-01,9,2027,0.01,0.2,0.0,0.0
S3_reappro_100,P1053,INGREDIENTS,Nkolbisson,Centre,2027-09-01,9,2027,0.02,0.3,0.0,0.0
S3_reappro_100,B100,INGREDIENTS,Ahala,Centre,2027-10-01,10,2027,0.08,1.7,33500.0,0.01
S3_reappro_100,B100,INGREDIENTS,Bertoua,Centre,2027-10-01,10,2027,0.16,3.1,33500.0,0.02
S3_reappro_100,B100,INGREDIENTS,Messassi,Centre,2027-10-01,10,2027,0.52,10.3,33500.0,0.05
S3_reappro_100,B100,INGREDIENTS,Ngaoundere,Centre,2027-10-01,10,2027,0.15,3.1,33500.0,0.02
S3_reappro_100,B100,INGREDIENTS,Nkoabang,Centre,2027-10-01,10,2027,0.07,1.4,33500.0,0.01
S3_reappro_100,B100,INGREDIENTS,Nkolbisson,Centre,2027-10-01,10,2027,0.01,0.2,33500.0,0.0
S3_reappro_100,B1001,INGREDIENTS,Ahala,Centre,2027-10-01,10,2027,0.0,0.0,45950.0,0.0
S3_reappro_100,B1001,INGREDIENTS,Bertoua,Centre,2027-10-01,10,2027,0.02,0.4,45950.0,0.0
S3_reappro_100,B1001,INGREDIENTS,Messassi,Centre,2027-10-01,10,2027,0.0,0.1,45950.0,0.0
S3_reappro_100,B1001,INGREDIENTS,Ngaoundere,Centre,2027-10-01,10,2027,0.0,0.1,45950.0,0.0
S3_reappro_100,B1001,INGREDIENTS,Nkoabang,Centre,2027-10-01,10,2027,0.0,0.1,45950.0,0.0
S3_reappro_100,E101,INGREDIENTS,Ahala,Centre,2027-10-01,10,2027,0.43,8.6,60000.0,0.11
S3_reappro_100,E101,INGREDIENTS,Bertoua,Centre,2027-10-01,10,2027,0.51,10.2,60000.0,0.09
S3_reappro_100,E101,INGREDIENTS,Messassi,Centre,2027-10-01,10,2027,1.14,22.8,60000.0,0.21
S3_reappro_100,E101,INGREDIENTS,Ngaoundere,Centre,2027-10-01,10,2027,0.39,7.7,60000.0,0.09
S3_reappro_100,E101,INGREDIENTS,Nkoabang,Centre,2027-10-01,10,2027,0.21,4.3,60000.0,0.04
S3_reappro_100,E101,INGREDIENTS,Nkolbisson,Centre,2027-10-01,10,2027,0.14,2.8,60000.0,0.03
S3_reappro_100,E1011,INGREDIENTS,Ahala,Centre,2027-10-01,10,2027,0.01,0.2,61500.0,0.0
S3_reappro_100,E1011,INGREDIENTS,Bertoua,Centre,2027-10-01,10,2027,0.07,1.5,61500.0,0.01
S3_reappro_100,E1011,INGREDIENTS,Messassi,Centre,2027-10-01,10,2027,0.03,0.6,61500.0,0.0
S3_reappro_100,E1011,INGREDIENTS,Ngaoundere,Centre,2027-10-01,10,2027,0.06,1.2,61500.0,0.01
S3_reappro_100,E1011,INGREDIENTS,Nkoabang,Centre,2027-10-01,10,2027,0.02,0.4,61500.0,0.0
S3_reappro_100,E1011,INGREDIENTS,Nkolbisson,Centre,2027-10-01,10,2027,0.02,0.3,61500.0,0.0
S3_reappro_100,E1014,INGREDIENTS,Ahala,Centre,2027-10-01,10,2027,0.0,0.0,708.0,0.0
S3_reappro_100,E1014,INGREDIENTS,Bertoua,Centre,2027-10-01,10,2027,0.0,0.0,708.0,0.0
S3_reappro_100,E1014,INGREDIENTS,Messassi,Centre,2027-10-01,10,2027,0.0,0.1,708.0,0.0
S3_reappro_100,E1014,INGREDIENTS,Nkoabang,Centre,2027-10-01,10,2027,0.0,0.0,708.0,0.0
S3_reappro_100,F114,INGREDIENTS,Ahala,Centre,2027-10-01,10,2027,0.24,4.8,0.0,0.05
S3_reappro_100,F114,INGREDIENTS,Bertoua,Centre,2027-10-01,10,2027,0.97,19.4,0.0,0.08
S3_reappro_100,F114,INGREDIENTS,Messassi,Centre,2027-10-01,10,2027,1.0,20.0,0.0,0.05
S3_reappro_100,F114,INGREDIENTS,Ngaoundere,Centre,2027-10-01,10,2027,0.63,12.6,0.0,0.09
S3_reappro_100,F114,INGREDIENTS,Nkoabang,Centre,2027-10-01,10,2027,0.09,1.9,0.0,0.01
S3_reappro_100,F1145,INGREDIENTS,Ahala,Centre,2027-10-01,10,2027,0.38,7.6,0.0,0.09
S3_reappro_100,F1145,INGREDIENTS,Bertoua,Centre,2027-10-01,10,2027,0.15,3.0,0.0,0.04
S3_reappro_100,F1145,INGREDIENTS,Messassi,Centre,2027-10-01,10,2027,0.54,10.7,0.0,0.13
S3_reappro_100,F1145,INGREDIENTS,Ngaoundere,Centre,2027-10-01,10,2027,0.43,8.5,0.0,0.1
S3_reappro_100,F1145,INGREDIENTS,Nkoabang,Centre,2027-10-01,10,2027,0.2,4.0,0.0,0.05
S3_reappro_100,F1145,INGREDIENTS,Nkolbisson,Centre,2027-10-01,10,2027,0.01,0.2,0.0,0.0
S3_reappro_100,F1146,INGREDIENTS,Bertoua,Centre,2027-10-01,10,2027,0.0,0.1,0.0,0.0
S3_reappro_100,F1146,INGREDIENTS,Messassi,Centre,2027-10-01,10,2027,0.08,1.5,0.0,0.02
S3_reappro_100,F1146,INGREDIENTS,Ngaoundere,Centre,2027-10-01,10,2027,0.01,0.2,0.0,0.0
S3_reappro_100,F1146,INGREDIENTS,Nkoabang,Centre,2027-10-01,10,2027,0.04,0.8,0.0,0.01
S3_reappro_100,F1147,INGREDIENTS,Ahala,Centre,2027-10-01,10,2027,0.0,0.0,0.0,0.0
S3_reappro_100,F1147,INGREDIENTS,Bertoua,Centre,2027-10-01,10,2027,0.0,0.0,0.0,0.0
S3_reappro_100,F1147,INGREDIENTS,Messassi,Centre,2027-10-01,10,2027,0.0,0.1,0.0,0.0
S3_reappro_100,F1147,INGREDIENTS,Ngaoundere,Centre,2027-10-01,10,2027,0.0,0.0,0.0,0.0
S3_reappro_100,F1147,INGREDIENTS,Nkoabang,Centre,2027-10-01,10,2027,0.0,0.1,0.0,0.0
S3_reappro_100,F1147,INGREDIENTS,Nkolbisson,Centre,2027-10-01,10,2027,0.0,0.1,0.0,0.0
S3_reappro_100,I105,INGREDIENTS,Ahala,Centre,2027-10-01,10,2027,0.03,0.5,35500.0,0.0
S3_reappro_100,I105,INGREDIENTS,Bertoua,Centre,2027-10-01,10,2027,0.03,0.7,35500.0,0.0
S3_reappro_100,I105,INGREDIENTS,Messassi,Centre,2027-10-01,10,2027,0.07,1.3,35500.0,0.0
S3_reappro_100,I105,INGREDIENTS,Ngaoundere,Centre,2027-10-01,10,2027,0.04,0.7,35500.0,0.0
S3_reappro_100,I105,INGREDIENTS,Nkoabang,Centre,2027-10-01,10,2027,0.03,0.5,35500.0,0.0
S3_reappro_100,I105,INGREDIENTS,Nkolbisson,Centre,2027-10-01,10,2027,0.01,0.2,35500.0,0.0
S3_reappro_100,I1051,INGREDIENTS,Ahala,Centre,2027-10-01,10,2027,0.01,0.2,41000.0,0.0
S3_reappro_100,I1051,INGREDIENTS,Bertoua,Centre,2027-10-01,10,2027,0.05,1.0,41000.0,0.01
S3_reappro_100,I1051,INGREDIENTS,Messassi,Centre,2027-10-01,10,2027,0.03,0.6,41000.0,0.0
S3_reappro_100,I1051,INGREDIENTS,Ngaoundere,Centre,2027-10-01,10,2027,0.03,0.5,41000.0,0.0
S3_reappro_100,I1051,INGREDIENTS,Nkoabang,Centre,2027-10-01,10,2027,0.01,0.3,41000.0,0.0
S3_reappro_100,I1051,INGREDIENTS,Nkolbisson,Centre,2027-10-01,10,2027,0.01,0.2,41000.0,0.0
S3_reappro_100,I106,INGREDIENTS,Ahala,Centre,2027-10-01,10,2027,0.26,5.3,0.0,0.2
S3_reappro_100,I106,INGREDIENTS,Bertoua,Centre,2027-10-01,10,2027,0.13,2.7,0.0,0.08
S3_reappro_100,I106,INGREDIENTS,Messassi,Centre,2027-10-01,10,2027,0.49,9.7,0.0,0.22
S3_reappro_100,I106,INGREDIENTS,Ngaoundere,Centre,2027-10-01,10,2027,0.12,2.3,0.0,0.08
S3_reappro_100,I106,INGREDIENTS,Nkoabang,Centre,2027-10-01,10,2027,0.17,3.5,0.0,0.14
S3_reappro_100,I106,INGREDIENTS,Nkolbisson,Centre,2027-10-01,10,2027,0.04,0.9,0.0,0.03
S3_reappro_100,I1061,INGREDIENTS,Ahala,Centre,2027-10-01,10,2027,0.0,0.1,0.0,0.0
S3_reappro_100,I1061,INGREDIENTS,Bertoua,Centre,2027-10-01,10,2027,0.02,0.4,0.0,0.01
S3_reappro_100,I1061,INGREDIENTS,Messassi,Centre,2027-10-01,10,2027,0.02,0.4,0.0,0.01
S3_reappro_100,I1061,INGREDIENTS,Ngaoundere,Centre,2027-10-01,10,2027,0.01,0.2,0.0,0.01
S3_reappro_100,I1061,INGREDIENTS,Nkoabang,Centre,2027-10-01,10,2027,0.01,0.2,0.0,0.01
S3_reappro_100,I1061,INGREDIENTS,Nkolbisson,Centre,2027-10-01,10,2027,0.01,0.2,0.0,0.01
S3_reappro_100,I107,INGREDIENTS,Ahala,Centre,2027-10-01,10,2027,0.39,7.8,0.0,0.17
S3_reappro_100,I107,INGREDIENTS,Bertoua,Centre,2027-10-01,10,2027,0.15,2.9,0.0,0.04
S3_reappro_100,I107,INGREDIENTS,Messassi,Centre,2027-10-01,10,2027,0.48,9.5,0.0,0.15
S3_reappro_100,I107,INGREDIENTS,Ngaoundere,Centre,2027-10-01,10,2027,0.18,3.7,0.0,0.07
S3_reappro_100,I107,INGREDIENTS,Nkoabang,Centre,2027-10-01,10,2027,0.22,4.5,0.0,0.1
S3_reappro_100,I107,INGREDIENTS,Nkolbisson,Centre,2027-10-01,10,2027,0.06,1.1,0.0,0.02
S3_reappro_100,I1071,INGREDIENTS,Ahala,Centre,2027-10-01,10,2027,0.0,0.1,0.0,0.0
S3_reappro_100,I1071,INGREDIENTS,Bertoua,Centre,2027-10-01,10,2027,0.01,0.3,0.0,0.0
S3_reappro_100,I1071,INGREDIENTS,Messassi,Centre,2027-10-01,10,2027,0.01,0.3,0.0,0.01
S3_reappro_100,I1071,INGREDIENTS,Ngaoundere,Centre,2027-10-01,10,2027,0.01,0.2,0.0,0.0
S3_reappro_100,I1071,INGREDIENTS,Nkoabang,Centre,2027-10-01,10,2027,0.01,0.2,0.0,0.01
S3_reappro_100,I1071,INGREDIENTS,Nkolbisson,Centre,2027-10-01,10,2027,0.01,0.1,0.0,0.0
S3_reappro_100,P105,INGREDIENTS,Ahala,Centre,2027-10-01,10,2027,1.23,24.6,0.0,0.34
S3_reappro_100,P105,INGREDIENTS,Bertoua,Centre,2027-10-01,10,2027,1.02,20.3,0.0,0.17
S3_reappro_100,P105,INGREDIENTS,Messassi,Centre,2027-10-01,10,2027,2.8,55.9,0.0,0.59
S3_reappro_100,P105,INGREDIENTS,Ngaoundere,Centre,2027-10-01,10,2027,1.03,20.6,0.0,0.23
S3_reappro_100,P105,INGREDIENTS,Nkoabang,Centre,2027-10-01,10,2027,0.93,18.7,0.0,0.21
S3_reappro_100,P105,INGREDIENTS,Nkolbisson,Centre,2027-10-01,10,2027,0.57,11.4,0.0,0.13
S3_reappro_100,P1051,INGREDIENTS,Ahala,Centre,2027-10-01,10,2027,0.01,0.1,0.0,0.0
S3_reappro_100,P1051,INGREDIENTS,Bertoua,Centre,2027-10-01,10,2027,0.07,1.5,0.0,0.01
S3_reappro_100,P1051,INGREDIENTS,Messassi,Centre,2027-10-01,10,2027,0.04,0.8,0.0,0.0
S3_reappro_100,P1051,INGREDIENTS,Ngaoundere,Centre,2027-10-01,10,2027,0.03,0.5,0.0,0.0
S3_reappro_100,P1051,INGREDIENTS,Nkoabang,Centre,2027-10-01,10,2027,0.02,0.4,0.0,0.0
S3_reappro_100,P1051,INGREDIENTS,Nkolbisson,Centre,2027-10-01,10,2027,0.02,0.3,0.0,0.0
S3_reappro_100,P1053,INGREDIENTS,Ahala,Centre,2027-10-01,10,2027,0.03,0.6,0.0,0.01
S3_reappro_100,P1053,INGREDIENTS,Bertoua,Centre,2027-10-01,10,2027,0.08,1.7,0.0,0.01
S3_reappro_100,P1053,INGREDIENTS,Messassi,Centre,2027-10-01,10,2027,0.09,1.8,0.0,0.01
S3_reappro_100,P1053,INGREDIENTS,Ngaoundere,Centre,2027-10-01,10,2027,0.05,1.1,0.0,0.01
S3_reappro_100,P1053,INGREDIENTS,Nkoabang,Centre,2027-10-01,10,2027,0.02,0.4,0.0,0.0
S3_reappro_100,P1053,INGREDIENTS,Nkolbisson,Centre,2027-10-01,10,2027,0.02,0.5,0.0,0.0
S3_reappro_100,B100,INGREDIENTS,Ahala,Centre,2027-11-01,11,2027,0.09,1.8,33500.0,0.01
S3_reappro_100,B100,INGREDIENTS,Bertoua,Centre,2027-11-01,11,2027,0.17,3.3,33500.0,0.02
S3_reappro_100,B100,INGREDIENTS,Messassi,Centre,2027-11-01,11,2027,0.54,10.9,33500.0,0.05
S3_reappro_100,B100,INGREDIENTS,Ngaoundere,Centre,2027-11-01,11,2027,0.16,3.3,33500.0,0.02
S3_reappro_100,B100,INGREDIENTS,Nkoabang,Centre,2027-11-01,11,2027,0.07,1.5,33500.0,0.01
S3_reappro_100,B100,INGREDIENTS,Nkolbisson,Centre,2027-11-01,11,2027,0.01,0.3,33500.0,0.0
S3_reappro_100,B1001,INGREDIENTS,Ahala,Centre,2027-11-01,11,2027,0.0,0.0,45950.0,0.0
S3_reappro_100,B1001,INGREDIENTS,Bertoua,Centre,2027-11-01,11,2027,0.02,0.4,45950.0,0.0
S3_reappro_100,B1001,INGREDIENTS,Messassi,Centre,2027-11-01,11,2027,0.0,0.1,45950.0,0.0
S3_reappro_100,B1001,INGREDIENTS,Ngaoundere,Centre,2027-11-01,11,2027,0.0,0.1,45950.0,0.0
S3_reappro_100,B1001,INGREDIENTS,Nkoabang,Centre,2027-11-01,11,2027,0.0,0.1,45950.0,0.0
S3_reappro_100,E101,INGREDIENTS,Ahala,Centre,2027-11-01,11,2027,0.45,9.0,60000.0,0.11
S3_reappro_100,E101,INGREDIENTS,Bertoua,Centre,2027-11-01,11,2027,0.54,10.7,60000.0,0.1
S3_reappro_100,E101,INGREDIENTS,Messassi,Centre,2027-11-01,11,2027,1.2,24.0,60000.0,0.22
S3_reappro_100,E101,INGREDIENTS,Ngaoundere,Centre,2027-11-01,11,2027,0.41,8.1,60000.0,0.09
S3_reappro_100,E101,INGREDIENTS,Nkoabang,Centre,2027-11-01,11,2027,0.23,4.5,60000.0,0.05
S3_reappro_100,E101,INGREDIENTS,Nkolbisson,Centre,2027-11-01,11,2027,0.15,2.9,60000.0,0.03
S3_reappro_100,E1011,INGREDIENTS,Ahala,Centre,2027-11-01,11,2027,0.01,0.2,61500.0,0.0
S3_reappro_100,E1011,INGREDIENTS,Bertoua,Centre,2027-11-01,11,2027,0.08,1.5,61500.0,0.01
S3_reappro_100,E1011,INGREDIENTS,Messassi,Centre,2027-11-01,11,2027,0.03,0.7,61500.0,0.0
S3_reappro_100,E1011,INGREDIENTS,Ngaoundere,Centre,2027-11-01,11,2027,0.06,1.2,61500.0,0.01
S3_reappro_100,E1011,INGREDIENTS,Nkoabang,Centre,2027-11-01,11,2027,0.02,0.4,61500.0,0.0
S3_reappro_100,E1011,INGREDIENTS,Nkolbisson,Centre,2027-11-01,11,2027,0.02,0.3,61500.0,0.0
S3_reappro_100,E1014,INGREDIENTS,Ahala,Centre,2027-11-01,11,2027,0.0,0.0,708.0,0.0
S3_reappro_100,E1014,INGREDIENTS,Bertoua,Centre,2027-11-01,11,2027,0.0,0.0,708.0,0.0
S3_reappro_100,E1014,INGREDIENTS,Messassi,Centre,2027-11-01,11,2027,0.0,0.1,708.0,0.0
S3_reappro_100,E1014,INGREDIENTS,Nkoabang,Centre,2027-11-01,11,2027,0.0,0.0,708.0,0.0
S3_reappro_100,F114,INGREDIENTS,Ahala,Centre,2027-11-01,11,2027,0.25,5.1,0.0,0.05
S3_reappro_100,F114,INGREDIENTS,Bertoua,Centre,2027-11-01,11,2027,1.02,20.5,0.0,0.09
S3_reappro_100,F114,INGREDIENTS,Messassi,Centre,2027-11-01,11,2027,1.05,21.1,0.0,0.05
S3_reappro_100,F114,INGREDIENTS,Ngaoundere,Centre,2027-11-01,11,2027,0.66,13.3,0.0,0.09
S3_reappro_100,F114,INGREDIENTS,Nkoabang,Centre,2027-11-01,11,2027,0.1,2.0,0.0,0.01
S3_reappro_100,F1145,INGREDIENTS,Ahala,Centre,2027-11-01,11,2027,0.4,8.0,0.0,0.1
S3_reappro_100,F1145,INGREDIENTS,Bertoua,Centre,2027-11-01,11,2027,0.16,3.2,0.0,0.04
S3_reappro_100,F1145,INGREDIENTS,Messassi,Centre,2027-11-01,11,2027,0.57,11.3,0.0,0.13
S3_reappro_100,F1145,INGREDIENTS,Ngaoundere,Centre,2027-11-01,11,2027,0.45,9.0,0.0,0.11
S3_reappro_100,F1145,INGREDIENTS,Nkoabang,Centre,2027-11-01,11,2027,0.21,4.2,0.0,0.05
S3_reappro_100,F1145,INGREDIENTS,Nkolbisson,Centre,2027-11-01,11,2027,0.01,0.3,0.0,0.0
S3_reappro_100,F1146,INGREDIENTS,Bertoua,Centre,2027-11-01,11,2027,0.0,0.1,0.0,0.0
S3_reappro_100,F1146,INGREDIENTS,Messassi,Centre,2027-11-01,11,2027,0.08,1.6,0.0,0.02
S3_reappro_100,F1146,INGREDIENTS,Ngaoundere,Centre,2027-11-01,11,2027,0.01,0.2,0.0,0.0
S3_reappro_100,F1146,INGREDIENTS,Nkoabang,Centre,2027-11-01,11,2027,0.04,0.8,0.0,0.01
S3_reappro_100,F1147,INGREDIENTS,Ahala,Centre,2027-11-01,11,2027,0.0,0.0,0.0,0.0
S3_reappro_100,F1147,INGREDIENTS,Bertoua,Centre,2027-11-01,11,2027,0.0,0.0,0.0,0.0
S3_reappro_100,F1147,INGREDIENTS,Messassi,Centre,2027-11-01,11,2027,0.01,0.1,0.0,0.0
S3_reappro_100,F1147,INGREDIENTS,Ngaoundere,Centre,2027-11-01,11,2027,0.0,0.1,0.0,0.0
S3_reappro_100,F1147,INGREDIENTS,Nkoabang,Centre,2027-11-01,11,2027,0.0,0.1,0.0,0.0
S3_reappro_100,F1147,INGREDIENTS,Nkolbisson,Centre,2027-11-01,11,2027,0.0,0.1,0.0,0.0
S3_reappro_100,I105,INGREDIENTS,Ahala,Centre,2027-11-01,11,2027,0.03,0.5,35500.0,0.0
S3_reappro_100,I105,INGREDIENTS,Bertoua,Centre,2027-11-01,11,2027,0.03,0.7,35500.0,0.0
S3_reappro_100,I105,INGREDIENTS,Messassi,Centre,2027-11-01,11,2027,0.07,1.4,35500.0,0.0
S3_reappro_100,I105,INGREDIENTS,Ngaoundere,Centre,2027-11-01,11,2027,0.04,0.8,35500.0,0.0
S3_reappro_100,I105,INGREDIENTS,Nkoabang,Centre,2027-11-01,11,2027,0.03,0.5,35500.0,0.0
S3_reappro_100,I105,INGREDIENTS,Nkolbisson,Centre,2027-11-01,11,2027,0.01,0.3,35500.0,0.0
S3_reappro_100,I1051,INGREDIENTS,Ahala,Centre,2027-11-01,11,2027,0.01,0.2,41000.0,0.0
S3_reappro_100,I1051,INGREDIENTS,Bertoua,Centre,2027-11-01,11,2027,0.05,1.0,41000.0,0.01
S3_reappro_100,I1051,INGREDIENTS,Messassi,Centre,2027-11-01,11,2027,0.03,0.6,41000.0,0.0
S3_reappro_100,I1051,INGREDIENTS,Ngaoundere,Centre,2027-11-01,11,2027,0.03,0.6,41000.0,0.0
S3_reappro_100,I1051,INGREDIENTS,Nkoabang,Centre,2027-11-01,11,2027,0.01,0.3,41000.0,0.0
S3_reappro_100,I1051,INGREDIENTS,Nkolbisson,Centre,2027-11-01,11,2027,0.01,0.2,41000.0,0.0
S3_reappro_100,I106,INGREDIENTS,Ahala,Centre,2027-11-01,11,2027,0.28,5.6,0.0,0.21
S3_reappro_100,I106,INGREDIENTS,Bertoua,Centre,2027-11-01,11,2027,0.14,2.8,0.0,0.08
S3_reappro_100,I106,INGREDIENTS,Messassi,Centre,2027-11-01,11,2027,0.51,10.2,0.0,0.23
S3_reappro_100,I106,INGREDIENTS,Ngaoundere,Centre,2027-11-01,11,2027,0.12,2.5,0.0,0.09
S3_reappro_100,I106,INGREDIENTS,Nkoabang,Centre,2027-11-01,11,2027,0.18,3.7,0.0,0.14
S3_reappro_100,I106,INGREDIENTS,Nkolbisson,Centre,2027-11-01,11,2027,0.05,0.9,0.0,0.03
S3_reappro_100,I1061,INGREDIENTS,Ahala,Centre,2027-11-01,11,2027,0.0,0.1,0.0,0.0
S3_reappro_100,I1061,INGREDIENTS,Bertoua,Centre,2027-11-01,11,2027,0.02,0.5,0.0,0.01
S3_reappro_100,I1061,INGREDIENTS,Messassi,Centre,2027-11-01,11,2027,0.02,0.4,0.0,0.01
S3_reappro_100,I1061,INGREDIENTS,Ngaoundere,Centre,2027-11-01,11,2027,0.01,0.2,0.0,0.01
S3_reappro_100,I1061,INGREDIENTS,Nkoabang,Centre,2027-11-01,11,2027,0.01,0.2,0.0,0.01
S3_reappro_100,I1061,INGREDIENTS,Nkolbisson,Centre,2027-11-01,11,2027,0.01,0.2,0.0,0.01
S3_reappro_100,I107,INGREDIENTS,Ahala,Centre,2027-11-01,11,2027,0.41,8.2,0.0,0.18
S3_reappro_100,I107,INGREDIENTS,Bertoua,Centre,2027-11-01,11,2027,0.15,3.1,0.0,0.04
S3_reappro_100,I107,INGREDIENTS,Messassi,Centre,2027-11-01,11,2027,0.5,10.1,0.0,0.16
S3_reappro_100,I107,INGREDIENTS,Ngaoundere,Centre,2027-11-01,11,2027,0.19,3.9,0.0,0.08
S3_reappro_100,I107,INGREDIENTS,Nkoabang,Centre,2027-11-01,11,2027,0.24,4.7,0.0,0.1
S3_reappro_100,I107,INGREDIENTS,Nkolbisson,Centre,2027-11-01,11,2027,0.06,1.2,0.0,0.02
S3_reappro_100,I1071,INGREDIENTS,Ahala,Centre,2027-11-01,11,2027,0.0,0.1,0.0,0.0
S3_reappro_100,I1071,INGREDIENTS,Bertoua,Centre,2027-11-01,11,2027,0.01,0.3,0.0,0.0
S3_reappro_100,I1071,INGREDIENTS,Messassi,Centre,2027-11-01,11,2027,0.02,0.3,0.0,0.01
S3_reappro_100,I1071,INGREDIENTS,Ngaoundere,Centre,2027-11-01,11,2027,0.01,0.2,0.0,0.0
S3_reappro_100,I1071,INGREDIENTS,Nkoabang,Centre,2027-11-01,11,2027,0.01,0.3,0.0,0.01
S3_reappro_100,I1071,INGREDIENTS,Nkolbisson,Centre,2027-11-01,11,2027,0.01,0.1,0.0,0.0
S3_reappro_100,P105,INGREDIENTS,Ahala,Centre,2027-11-01,11,2027,1.29,25.9,0.0,0.36
S3_reappro_100,P105,INGREDIENTS,Bertoua,Centre,2027-11-01,11,2027,1.07,21.4,0.0,0.18
S3_reappro_100,P105,INGREDIENTS,Messassi,Centre,2027-11-01,11,2027,2.95,58.9,0.0,0.62
S3_reappro_100,P105,INGREDIENTS,Ngaoundere,Centre,2027-11-01,11,2027,1.09,21.7,0.0,0.25
S3_reappro_100,P105,INGREDIENTS,Nkoabang,Centre,2027-11-01,11,2027,0.98,19.7,0.0,0.22
S3_reappro_100,P105,INGREDIENTS,Nkolbisson,Centre,2027-11-01,11,2027,0.6,12.0,0.0,0.14
S3_reappro_100,P1051,INGREDIENTS,Ahala,Centre,2027-11-01,11,2027,0.01,0.1,0.0,0.0
S3_reappro_100,P1051,INGREDIENTS,Bertoua,Centre,2027-11-01,11,2027,0.08,1.5,0.0,0.01
S3_reappro_100,P1051,INGREDIENTS,Messassi,Centre,2027-11-01,11,2027,0.04,0.8,0.0,0.0
S3_reappro_100,P1051,INGREDIENTS,Ngaoundere,Centre,2027-11-01,11,2027,0.03,0.6,0.0,0.0
S3_reappro_100,P1051,INGREDIENTS,Nkoabang,Centre,2027-11-01,11,2027,0.02,0.4,0.0,0.0
S3_reappro_100,P1051,INGREDIENTS,Nkolbisson,Centre,2027-11-01,11,2027,0.02,0.3,0.0,0.0
S3_reappro_100,P1053,INGREDIENTS,Ahala,Centre,2027-11-01,11,2027,0.03,0.6,0.0,0.01
S3_reappro_100,P1053,INGREDIENTS,Bertoua,Centre,2027-11-01,11,2027,0.09,1.8,0.0,0.01
S3_reappro_100,P1053,INGREDIENTS,Messassi,Centre,2027-11-01,11,2027,0.09,1.9,0.0,0.01
S3_reappro_100,P1053,INGREDIENTS,Ngaoundere,Centre,2027-11-01,11,2027,0.06,1.1,0.0,0.01
S3_reappro_100,P1053,INGREDIENTS,Nkoabang,Centre,2027-11-01,11,2027,0.02,0.4,0.0,0.0
S3_reappro_100,P1053,INGREDIENTS,Nkolbisson,Centre,2027-11-01,11,2027,0.03,0.5,0.0,0.0
S3_reappro_100,B100,INGREDIENTS,Ahala,Centre,2027-12-01,12,2027,0.12,2.4,33500.0,0.01
S3_reappro_100,B100,INGREDIENTS,Bertoua,Centre,2027-12-01,12,2027,0.22,4.5,33500.0,0.03
S3_reappro_100,B100,INGREDIENTS,Messassi,Centre,2027-12-01,12,2027,0.73,14.7,33500.0,0.07
S3_reappro_100,B100,INGREDIENTS,Ngaoundere,Centre,2027-12-01,12,2027,0.22,4.4,33500.0,0.03
S3_reappro_100,B100,INGREDIENTS,Nkoabang,Centre,2027-12-01,12,2027,0.1,2.0,33500.0,0.01
S3_reappro_100,B100,INGREDIENTS,Nkolbisson,Centre,2027-12-01,12,2027,0.02,0.3,33500.0,0.0
S3_reappro_100,B1001,INGREDIENTS,Ahala,Centre,2027-12-01,12,2027,0.0,0.0,45950.0,0.0
S3_reappro_100,B1001,INGREDIENTS,Bertoua,Centre,2027-12-01,12,2027,0.03,0.5,45950.0,0.0
S3_reappro_100,B1001,INGREDIENTS,Messassi,Centre,2027-12-01,12,2027,0.0,0.1,45950.0,0.0
S3_reappro_100,B1001,INGREDIENTS,Ngaoundere,Centre,2027-12-01,12,2027,0.0,0.1,45950.0,0.0
S3_reappro_100,B1001,INGREDIENTS,Nkoabang,Centre,2027-12-01,12,2027,0.0,0.1,45950.0,0.0
S3_reappro_100,E101,INGREDIENTS,Ahala,Centre,2027-12-01,12,2027,0.61,12.2,60000.0,0.15
S3_reappro_100,E101,INGREDIENTS,Bertoua,Centre,2027-12-01,12,2027,0.72,14.4,60000.0,0.13
S3_reappro_100,E101,INGREDIENTS,Messassi,Centre,2027-12-01,12,2027,1.62,32.4,60000.0,0.3
S3_reappro_100,E101,INGREDIENTS,Ngaoundere,Centre,2027-12-01,12,2027,0.55,11.0,60000.0,0.13
S3_reappro_100,E101,INGREDIENTS,Nkoabang,Centre,2027-12-01,12,2027,0.3,6.1,60000.0,0.06
S3_reappro_100,E101,INGREDIENTS,Nkolbisson,Centre,2027-12-01,12,2027,0.2,4.0,60000.0,0.04
S3_reappro_100,E1011,INGREDIENTS,Ahala,Centre,2027-12-01,12,2027,0.02,0.3,61500.0,0.0
S3_reappro_100,E1011,INGREDIENTS,Bertoua,Centre,2027-12-01,12,2027,0.1,2.1,61500.0,0.02
S3_reappro_100,E1011,INGREDIENTS,Messassi,Centre,2027-12-01,12,2027,0.04,0.9,61500.0,0.01
S3_reappro_100,E1011,INGREDIENTS,Ngaoundere,Centre,2027-12-01,12,2027,0.08,1.6,61500.0,0.02
S3_reappro_100,E1011,INGREDIENTS,Nkoabang,Centre,2027-12-01,12,2027,0.03,0.5,61500.0,0.0
S3_reappro_100,E1011,INGREDIENTS,Nkolbisson,Centre,2027-12-01,12,2027,0.02,0.4,61500.0,0.0
S3_reappro_100,E1014,INGREDIENTS,Ahala,Centre,2027-12-01,12,2027,0.0,0.0,708.0,0.0
S3_reappro_100,E1014,INGREDIENTS,Bertoua,Centre,2027-12-01,12,2027,0.0,0.0,708.0,0.0
S3_reappro_100,E1014,INGREDIENTS,Messassi,Centre,2027-12-01,12,2027,0.01,0.1,708.0,0.0
S3_reappro_100,E1014,INGREDIENTS,Nkoabang,Centre,2027-12-01,12,2027,0.0,0.0,708.0,0.0
S3_reappro_100,F114,INGREDIENTS,Ahala,Centre,2027-12-01,12,2027,0.34,6.9,0.0,0.07
S3_reappro_100,F114,INGREDIENTS,Bertoua,Centre,2027-12-01,12,2027,1.38,27.6,0.0,0.12
S3_reappro_100,F114,INGREDIENTS,Messassi,Centre,2027-12-01,12,2027,1.42,28.4,0.0,0.07
S3_reappro_100,F114,INGREDIENTS,Ngaoundere,Centre,2027-12-01,12,2027,0.89,17.9,0.0,0.12
S3_reappro_100,F114,INGREDIENTS,Nkoabang,Centre,2027-12-01,12,2027,0.13,2.7,0.0,0.01
S3_reappro_100,F1145,INGREDIENTS,Ahala,Centre,2027-12-01,12,2027,0.54,10.8,0.0,0.13
S3_reappro_100,F1145,INGREDIENTS,Bertoua,Centre,2027-12-01,12,2027,0.21,4.3,0.0,0.05
S3_reappro_100,F1145,INGREDIENTS,Messassi,Centre,2027-12-01,12,2027,0.76,15.2,0.0,0.18
S3_reappro_100,F1145,INGREDIENTS,Ngaoundere,Centre,2027-12-01,12,2027,0.6,12.1,0.0,0.15
S3_reappro_100,F1145,INGREDIENTS,Nkoabang,Centre,2027-12-01,12,2027,0.29,5.7,0.0,0.07
S3_reappro_100,F1145,INGREDIENTS,Nkolbisson,Centre,2027-12-01,12,2027,0.02,0.3,0.0,0.0
S3_reappro_100,F1146,INGREDIENTS,Bertoua,Centre,2027-12-01,12,2027,0.0,0.1,0.0,0.0
S3_reappro_100,F1146,INGREDIENTS,Messassi,Centre,2027-12-01,12,2027,0.11,2.2,0.0,0.03
S3_reappro_100,F1146,INGREDIENTS,Ngaoundere,Centre,2027-12-01,12,2027,0.01,0.3,0.0,0.0
S3_reappro_100,F1146,INGREDIENTS,Nkoabang,Centre,2027-12-01,12,2027,0.06,1.1,0.0,0.01
S3_reappro_100,F1147,INGREDIENTS,Ahala,Centre,2027-12-01,12,2027,0.0,0.0,0.0,0.0
S3_reappro_100,F1147,INGREDIENTS,Bertoua,Centre,2027-12-01,12,2027,0.0,0.1,0.0,0.0
S3_reappro_100,F1147,INGREDIENTS,Messassi,Centre,2027-12-01,12,2027,0.01,0.1,0.0,0.0
S3_reappro_100,F1147,INGREDIENTS,Ngaoundere,Centre,2027-12-01,12,2027,0.0,0.1,0.0,0.0
S3_reappro_100,F1147,INGREDIENTS,Nkoabang,Centre,2027-12-01,12,2027,0.0,0.1,0.0,0.0
S3_reappro_100,F1147,INGREDIENTS,Nkolbisson,Centre,2027-12-01,12,2027,0.0,0.1,0.0,0.0
S3_reappro_100,I105,INGREDIENTS,Ahala,Centre,2027-12-01,12,2027,0.04,0.7,35500.0,0.0
S3_reappro_100,I105,INGREDIENTS,Bertoua,Centre,2027-12-01,12,2027,0.05,0.9,35500.0,0.0
S3_reappro_100,I105,INGREDIENTS,Messassi,Centre,2027-12-01,12,2027,0.09,1.9,35500.0,0.01
S3_reappro_100,I105,INGREDIENTS,Ngaoundere,Centre,2027-12-01,12,2027,0.05,1.0,35500.0,0.01
S3_reappro_100,I105,INGREDIENTS,Nkoabang,Centre,2027-12-01,12,2027,0.04,0.7,35500.0,0.0
S3_reappro_100,I105,INGREDIENTS,Nkolbisson,Centre,2027-12-01,12,2027,0.02,0.3,35500.0,0.0
S3_reappro_100,I1051,INGREDIENTS,Ahala,Centre,2027-12-01,12,2027,0.01,0.2,41000.0,0.0
S3_reappro_100,I1051,INGREDIENTS,Bertoua,Centre,2027-12-01,12,2027,0.07,1.4,41000.0,0.01
S3_reappro_100,I1051,INGREDIENTS,Messassi,Centre,2027-12-01,12,2027,0.04,0.8,41000.0,0.01
S3_reappro_100,I1051,INGREDIENTS,Ngaoundere,Centre,2027-12-01,12,2027,0.04,0.8,41000.0,0.01
S3_reappro_100,I1051,INGREDIENTS,Nkoabang,Centre,2027-12-01,12,2027,0.02,0.4,41000.0,0.0
S3_reappro_100,I1051,INGREDIENTS,Nkolbisson,Centre,2027-12-01,12,2027,0.01,0.2,41000.0,0.0
S3_reappro_100,I106,INGREDIENTS,Ahala,Centre,2027-12-01,12,2027,0.38,7.5,0.0,0.28
S3_reappro_100,I106,INGREDIENTS,Bertoua,Centre,2027-12-01,12,2027,0.19,3.8,0.0,0.11
S3_reappro_100,I106,INGREDIENTS,Messassi,Centre,2027-12-01,12,2027,0.69,13.8,0.0,0.31
S3_reappro_100,I106,INGREDIENTS,Ngaoundere,Centre,2027-12-01,12,2027,0.17,3.3,0.0,0.12
S3_reappro_100,I106,INGREDIENTS,Nkoabang,Centre,2027-12-01,12,2027,0.25,5.0,0.0,0.19
S3_reappro_100,I106,INGREDIENTS,Nkolbisson,Centre,2027-12-01,12,2027,0.06,1.2,0.0,0.04
S3_reappro_100,I1061,INGREDIENTS,Ahala,Centre,2027-12-01,12,2027,0.01,0.1,0.0,0.01
S3_reappro_100,I1061,INGREDIENTS,Bertoua,Centre,2027-12-01,12,2027,0.03,0.6,0.0,0.02
S3_reappro_100,I1061,INGREDIENTS,Messassi,Centre,2027-12-01,12,2027,0.03,0.6,0.0,0.02
S3_reappro_100,I1061,INGREDIENTS,Ngaoundere,Centre,2027-12-01,12,2027,0.01,0.2,0.0,0.01
S3_reappro_100,I1061,INGREDIENTS,Nkoabang,Centre,2027-12-01,12,2027,0.02,0.3,0.0,0.01
S3_reappro_100,I1061,INGREDIENTS,Nkolbisson,Centre,2027-12-01,12,2027,0.01,0.2,0.0,0.01
S3_reappro_100,I107,INGREDIENTS,Ahala,Centre,2027-12-01,12,2027,0.55,11.1,0.0,0.24
S3_reappro_100,I107,INGREDIENTS,Bertoua,Centre,2027-12-01,12,2027,0.21,4.1,0.0,0.06
S3_reappro_100,I107,INGREDIENTS,Messassi,Centre,2027-12-01,12,2027,0.68,13.6,0.0,0.21
S3_reappro_100,I107,INGREDIENTS,Ngaoundere,Centre,2027-12-01,12,2027,0.26,5.2,0.0,0.1
S3_reappro_100,I107,INGREDIENTS,Nkoabang,Centre,2027-12-01,12,2027,0.32,6.4,0.0,0.14
S3_reappro_100,I107,INGREDIENTS,Nkolbisson,Centre,2027-12-01,12,2027,0.08,1.6,0.0,0.03
S3_reappro_100,I1071,INGREDIENTS,Ahala,Centre,2027-12-01,12,2027,0.01,0.1,0.0,0.0
S3_reappro_100,I1071,INGREDIENTS,Bertoua,Centre,2027-12-01,12,2027,0.02,0.4,0.0,0.01
S3_reappro_100,I1071,INGREDIENTS,Messassi,Centre,2027-12-01,12,2027,0.02,0.4,0.0,0.01
S3_reappro_100,I1071,INGREDIENTS,Ngaoundere,Centre,2027-12-01,12,2027,0.01,0.2,0.0,0.01
S3_reappro_100,I1071,INGREDIENTS,Nkoabang,Centre,2027-12-01,12,2027,0.02,0.3,0.0,0.01
S3_reappro_100,I1071,INGREDIENTS,Nkolbisson,Centre,2027-12-01,12,2027,0.01,0.2,0.0,0.01
S3_reappro_100,P105,INGREDIENTS,Ahala,Centre,2027-12-01,12,2027,1.74,34.9,0.0,0.48
S3_reappro_100,P105,INGREDIENTS,Bertoua,Centre,2027-12-01,12,2027,1.44,28.9,0.0,0.25
S3_reappro_100,P105,INGREDIENTS,Messassi,Centre,2027-12-01,12,2027,3.97,79.4,0.0,0.83
S3_reappro_100,P105,INGREDIENTS,Ngaoundere,Centre,2027-12-01,12,2027,1.46,29.3,0.0,0.33
S3_reappro_100,P105,INGREDIENTS,Nkoabang,Centre,2027-12-01,12,2027,1.33,26.5,0.0,0.29
S3_reappro_100,P105,INGREDIENTS,Nkolbisson,Centre,2027-12-01,12,2027,0.81,16.1,0.0,0.19
S3_reappro_100,P1051,INGREDIENTS,Ahala,Centre,2027-12-01,12,2027,0.01,0.2,0.0,0.0
S3_reappro_100,P1051,INGREDIENTS,Bertoua,Centre,2027-12-01,12,2027,0.1,2.1,0.0,0.01
S3_reappro_100,P1051,INGREDIENTS,Messassi,Centre,2027-12-01,12,2027,0.05,1.1,0.0,0.01
S3_reappro_100,P1051,INGREDIENTS,Ngaoundere,Centre,2027-12-01,12,2027,0.04,0.8,0.0,0.01
S3_reappro_100,P1051,INGREDIENTS,Nkoabang,Centre,2027-12-01,12,2027,0.03,0.5,0.0,0.0
S3_reappro_100,P1051,INGREDIENTS,Nkolbisson,Centre,2027-12-01,12,2027,0.02,0.4,0.0,0.0
S3_reappro_100,P1053,INGREDIENTS,Ahala,Centre,2027-12-01,12,2027,0.04,0.8,0.0,0.01
S3_reappro_100,P1053,INGREDIENTS,Bertoua,Centre,2027-12-01,12,2027,0.12,2.4,0.0,0.01
S3_reappro_100,P1053,INGREDIENTS,Messassi,Centre,2027-12-01,12,2027,0.13,2.5,0.0,0.02
S3_reappro_100,P1053,INGREDIENTS,Ngaoundere,Centre,2027-12-01,12,2027,0.08,1.5,0.0,0.01
S3_reappro_100,P1053,INGREDIENTS,Nkoabang,Centre,2027-12-01,12,2027,0.03,0.5,0.0,0.01
S3_reappro_100,P1053,INGREDIENTS,Nkolbisson,Centre,2027-12-01,12,2027,0.03,0.7,0.0,0.01
S3_reappro_100,B100,INGREDIENTS,Ndobo,Littoral,2027-01-01,1,2027,0.4,8.0,33500.0,0.0
S3_reappro_100,B100,INGREDIENTS,Nkongsamba,Littoral,2027-01-01,1,2027,0.06,1.1,33500.0,0.01
S3_reappro_100,B100,INGREDIENTS,Pk11,Littoral,2027-01-01,1,2027,0.04,0.8,33500.0,0.0
S3_reappro_100,B100,INGREDIENTS,Village,Littoral,2027-01-01,1,2027,0.01,0.2,33500.0,0.0
S3_reappro_100,B1001,INGREDIENTS,Ndobo,Littoral,2027-01-01,1,2027,0.0,0.0,45950.0,0.0
S3_reappro_100,B1001,INGREDIENTS,Pk11,Littoral,2027-01-01,1,2027,0.0,0.0,45950.0,0.0
S3_reappro_100,B1001,INGREDIENTS,Village,Littoral,2027-01-01,1,2027,0.0,0.1,45950.0,0.0
S3_reappro_100,E101,INGREDIENTS,Buea,Littoral,2027-01-01,1,2027,0.11,2.2,60000.0,0.02
S3_reappro_100,E101,INGREDIENTS,Ndobo,Littoral,2027-01-01,1,2027,1.03,20.5,60000.0,0.11
S3_reappro_100,E101,INGREDIENTS,Nkongsamba,Littoral,2027-01-01,1,2027,0.24,4.8,60000.0,0.04
S3_reappro_100,E101,INGREDIENTS,Pk11,Littoral,2027-01-01,1,2027,0.12,2.4,60000.0,0.02
S3_reappro_100,E101,INGREDIENTS,Village,Littoral,2027-01-01,1,2027,0.28,5.7,60000.0,0.05
S3_reappro_100,E1011,INGREDIENTS,Buea,Littoral,2027-01-01,1,2027,0.01,0.1,61500.0,0.0
S3_reappro_100,E1011,INGREDIENTS,Ndobo,Littoral,2027-01-01,1,2027,0.07,1.5,61500.0,0.01
S3_reappro_100,E1011,INGREDIENTS,Nkongsamba,Littoral,2027-01-01,1,2027,0.05,1.0,61500.0,0.01
S3_reappro_100,E1011,INGREDIENTS,Pk11,Littoral,2027-01-01,1,2027,0.01,0.2,61500.0,0.0
S3_reappro_100,E1011,INGREDIENTS,Village,Littoral,2027-01-01,1,2027,0.02,0.4,61500.0,0.0
S3_reappro_100,E1014,INGREDIENTS,Ndobo,Littoral,2027-01-01,1,2027,0.0,0.0,708.0,0.0
S3_reappro_100,E1014,INGREDIENTS,Village,Littoral,2027-01-01,1,2027,0.0,0.0,708.0,0.0
S3_reappro_100,F114,INGREDIENTS,Buea,Littoral,2027-01-01,1,2027,0.12,2.5,0.0,0.02
S3_reappro_100,F114,INGREDIENTS,Ndobo,Littoral,2027-01-01,1,2027,0.85,16.9,0.0,0.04
S3_reappro_100,F114,INGREDIENTS,Nkongsamba,Littoral,2027-01-01,1,2027,0.21,4.1,0.0,0.01
S3_reappro_100,F114,INGREDIENTS,Pk11,Littoral,2027-01-01,1,2027,0.05,1.0,0.0,0.01
S3_reappro_100,F114,INGREDIENTS,Village,Littoral,2027-01-01,1,2027,0.15,3.0,0.0,0.02
S3_reappro_100,F1145,INGREDIENTS,Buea,Littoral,2027-01-01,1,2027,0.02,0.3,0.0,0.0
S3_reappro_100,F1145,INGREDIENTS,Ndobo,Littoral,2027-01-01,1,2027,0.37,7.4,0.0,0.07
S3_reappro_100,F1145,INGREDIENTS,Nkongsamba,Littoral,2027-01-01,1,2027,0.32,6.4,0.0,0.06
S3_reappro_100,F1145,INGREDIENTS,Pk11,Littoral,2027-01-01,1,2027,0.07,1.4,0.0,0.01
S3_reappro_100,F1145,INGREDIENTS,Village,Littoral,2027-01-01,1,2027,0.21,4.1,0.0,0.04
S3_reappro_100,F1147,INGREDIENTS,Buea,Littoral,2027-01-01,1,2027,0.0,0.0,0.0,0.0
S3_reappro_100,F1147,INGREDIENTS,Ndobo,Littoral,2027-01-01,1,2027,0.01,0.2,0.0,0.0
S3_reappro_100,F1147,INGREDIENTS,Nkongsamba,Littoral,2027-01-01,1,2027,0.06,1.2,0.0,0.01
S3_reappro_100,F1147,INGREDIENTS,Pk11,Littoral,2027-01-01,1,2027,0.01,0.2,0.0,0.0
S3_reappro_100,F1147,INGREDIENTS,Village,Littoral,2027-01-01,1,2027,0.0,0.0,0.0,0.0
S3_reappro_100,I105,INGREDIENTS,Ndobo,Littoral,2027-01-01,1,2027,0.01,0.3,35500.0,0.0
S3_reappro_100,I105,INGREDIENTS,Nkongsamba,Littoral,2027-01-01,1,2027,0.04,0.7,35500.0,0.0
S3_reappro_100,I105,INGREDIENTS,Pk11,Littoral,2027-01-01,1,2027,0.01,0.2,35500.0,0.0
S3_reappro_100,I1051,INGREDIENTS,Buea,Littoral,2027-01-01,1,2027,0.0,0.0,41000.0,0.0
S3_reappro_100,I1051,INGREDIENTS,Ndobo,Littoral,2027-01-01,1,2027,0.05,0.9,41000.0,0.01
S3_reappro_100,I1051,INGREDIENTS,Nkongsamba,Littoral,2027-01-01,1,2027,0.1,1.9,41000.0,0.01
S3_reappro_100,I1051,INGREDIENTS,Pk11,Littoral,2027-01-01,1,2027,0.0,0.1,41000.0,0.0
S3_reappro_100,I1051,INGREDIENTS,Village,Littoral,2027-01-01,1,2027,0.01,0.3,41000.0,0.0
S3_reappro_100,I106,INGREDIENTS,Buea,Littoral,2027-01-01,1,2027,0.01,0.2,0.0,0.01
S3_reappro_100,I106,INGREDIENTS,Ndobo,Littoral,2027-01-01,1,2027,0.59,11.7,0.0,0.17
S3_reappro_100,I106,INGREDIENTS,Nkongsamba,Littoral,2027-01-01,1,2027,0.04,0.8,0.0,0.02
S3_reappro_100,I106,INGREDIENTS,Pk11,Littoral,2027-01-01,1,2027,0.02,0.4,0.0,0.01
S3_reappro_100,I106,INGREDIENTS,Village,Littoral,2027-01-01,1,2027,0.11,2.1,0.0,0.06
S3_reappro_100,I1061,INGREDIENTS,Buea,Littoral,2027-01-01,1,2027,0.01,0.1,0.0,0.0
S3_reappro_100,I1061,INGREDIENTS,Ndobo,Littoral,2027-01-01,1,2027,0.02,0.3,0.0,0.01
S3_reappro_100,I1061,INGREDIENTS,Nkongsamba,Littoral,2027-01-01,1,2027,0.01,0.2,0.0,0.01
S3_reappro_100,I1061,INGREDIENTS,Pk11,Littoral,2027-01-01,1,2027,0.0,0.1,0.0,0.0
S3_reappro_100,I1061,INGREDIENTS,Village,Littoral,2027-01-01,1,2027,0.01,0.2,0.0,0.01
S3_reappro_100,I107,INGREDIENTS,Buea,Littoral,2027-01-01,1,2027,0.01,0.2,0.0,0.0
S3_reappro_100,I107,INGREDIENTS,Ndobo,Littoral,2027-01-01,1,2027,1.18,23.7,0.0,0.24
S3_reappro_100,I107,INGREDIENTS,Nkongsamba,Littoral,2027-01-01,1,2027,0.05,1.0,0.0,0.01
S3_reappro_100,I107,INGREDIENTS,Pk11,Littoral,2027-01-01,1,2027,0.02,0.5,0.0,0.01
S3_reappro_100,I107,INGREDIENTS,Village,Littoral,2027-01-01,1,2027,0.18,3.6,0.0,0.06
S3_reappro_100,I1071,INGREDIENTS,Buea,Littoral,2027-01-01,1,2027,0.01,0.1,0.0,0.0
S3_reappro_100,I1071,INGREDIENTS,Ndobo,Littoral,2027-01-01,1,2027,0.02,0.3,0.0,0.01
S3_reappro_100,I1071,INGREDIENTS,Nkongsamba,Littoral,2027-01-01,1,2027,0.01,0.1,0.0,0.0
S3_reappro_100,I1071,INGREDIENTS,Pk11,Littoral,2027-01-01,1,2027,0.0,0.1,0.0,0.0
S3_reappro_100,I1071,INGREDIENTS,Village,Littoral,2027-01-01,1,2027,0.01,0.1,0.0,0.0
S3_reappro_100,P105,INGREDIENTS,Buea,Littoral,2027-01-01,1,2027,1.63,32.6,0.0,0.26
S3_reappro_100,P105,INGREDIENTS,Ndobo,Littoral,2027-01-01,1,2027,4.22,84.5,0.0,0.54
S3_reappro_100,P105,INGREDIENTS,Nkongsamba,Littoral,2027-01-01,1,2027,2.51,50.2,0.0,0.41
S3_reappro_100,P105,INGREDIENTS,Pk11,Littoral,2027-01-01,1,2027,0.48,9.7,0.0,0.06
S3_reappro_100,P105,INGREDIENTS,Village,Littoral,2027-01-01,1,2027,1.2,24.0,0.0,0.26
S3_reappro_100,P1051,INGREDIENTS,Buea,Littoral,2027-01-01,1,2027,0.15,2.9,0.0,0.02
S3_reappro_100,P1051,INGREDIENTS,Ndobo,Littoral,2027-01-01,1,2027,0.16,3.2,0.0,0.02
S3_reappro_100,P1051,INGREDIENTS,Nkongsamba,Littoral,2027-01-01,1,2027,0.29,5.8,0.0,0.04
S3_reappro_100,P1051,INGREDIENTS,Pk11,Littoral,2027-01-01,1,2027,0.02,0.3,0.0,0.0
S3_reappro_100,P1051,INGREDIENTS,Village,Littoral,2027-01-01,1,2027,0.01,0.2,0.0,0.0
S3_reappro_100,P1053,INGREDIENTS,Buea,Littoral,2027-01-01,1,2027,0.0,0.0,0.0,0.0
S3_reappro_100,P1053,INGREDIENTS,Ndobo,Littoral,2027-01-01,1,2027,0.1,2.0,0.0,0.02
S3_reappro_100,P1053,INGREDIENTS,Nkongsamba,Littoral,2027-01-01,1,2027,0.03,0.7,0.0,0.01
S3_reappro_100,P1053,INGREDIENTS,Pk11,Littoral,2027-01-01,1,2027,0.01,0.2,0.0,0.0
S3_reappro_100,P1053,INGREDIENTS,Village,Littoral,2027-01-01,1,2027,0.01,0.2,0.0,0.0
S3_reappro_100,B100,INGREDIENTS,Ndobo,Littoral,2027-02-01,2,2027,0.59,11.7,33500.0,0.01
S3_reappro_100,B100,INGREDIENTS,Nkongsamba,Littoral,2027-02-01,2,2027,0.08,1.7,33500.0,0.01
S3_reappro_100,B100,INGREDIENTS,Pk11,Littoral,2027-02-01,2,2027,0.06,1.1,33500.0,0.0
S3_reappro_100,B100,INGREDIENTS,Village,Littoral,2027-02-01,2,2027,0.01,0.2,33500.0,0.0
S3_reappro_100,B1001,INGREDIENTS,Ndobo,Littoral,2027-02-01,2,2027,0.0,0.0,45950.0,0.0
S3_reappro_100,B1001,INGREDIENTS,Pk11,Littoral,2027-02-01,2,2027,0.0,0.0,45950.0,0.0
S3_reappro_100,B1001,INGREDIENTS,Village,Littoral,2027-02-01,2,2027,0.0,0.1,45950.0,0.0
S3_reappro_100,E101,INGREDIENTS,Buea,Littoral,2027-02-01,2,2027,0.16,3.2,60000.0,0.02
S3_reappro_100,E101,INGREDIENTS,Ndobo,Littoral,2027-02-01,2,2027,1.51,30.2,60000.0,0.17
S3_reappro_100,E101,INGREDIENTS,Nkongsamba,Littoral,2027-02-01,2,2027,0.36,7.1,60000.0,0.06
S3_reappro_100,E101,INGREDIENTS,Pk11,Littoral,2027-02-01,2,2027,0.18,3.5,60000.0,0.02
S3_reappro_100,E101,INGREDIENTS,Village,Littoral,2027-02-01,2,2027,0.42,8.3,60000.0,0.08
S3_reappro_100,E1011,INGREDIENTS,Buea,Littoral,2027-02-01,2,2027,0.01,0.2,61500.0,0.0
S3_reappro_100,E1011,INGREDIENTS,Ndobo,Littoral,2027-02-01,2,2027,0.11,2.2,61500.0,0.01
S3_reappro_100,E1011,INGREDIENTS,Nkongsamba,Littoral,2027-02-01,2,2027,0.07,1.5,61500.0,0.01
S3_reappro_100,E1011,INGREDIENTS,Pk11,Littoral,2027-02-01,2,2027,0.01,0.2,61500.0,0.0
S3_reappro_100,E1011,INGREDIENTS,Village,Littoral,2027-02-01,2,2027,0.03,0.6,61500.0,0.01
S3_reappro_100,E1014,INGREDIENTS,Ndobo,Littoral,2027-02-01,2,2027,0.0,0.0,708.0,0.0
S3_reappro_100,E1014,INGREDIENTS,Village,Littoral,2027-02-01,2,2027,0.0,0.0,708.0,0.0
S3_reappro_100,F114,INGREDIENTS,Buea,Littoral,2027-02-01,2,2027,0.18,3.6,0.0,0.03
S3_reappro_100,F114,INGREDIENTS,Ndobo,Littoral,2027-02-01,2,2027,1.24,24.9,0.0,0.06
S3_reappro_100,F114,INGREDIENTS,Nkongsamba,Littoral,2027-02-01,2,2027,0.3,6.0,0.0,0.02
S3_reappro_100,F114,INGREDIENTS,Pk11,Littoral,2027-02-01,2,2027,0.07,1.4,0.0,0.01
S3_reappro_100,F114,INGREDIENTS,Village,Littoral,2027-02-01,2,2027,0.22,4.4,0.0,0.03
S3_reappro_100,F1145,INGREDIENTS,Buea,Littoral,2027-02-01,2,2027,0.03,0.5,0.0,0.0
S3_reappro_100,F1145,INGREDIENTS,Ndobo,Littoral,2027-02-01,2,2027,0.54,10.9,0.0,0.1
S3_reappro_100,F1145,INGREDIENTS,Nkongsamba,Littoral,2027-02-01,2,2027,0.47,9.5,0.0,0.08
S3_reappro_100,F1145,INGREDIENTS,Pk11,Littoral,2027-02-01,2,2027,0.1,2.1,0.0,0.02
S3_reappro_100,F1145,INGREDIENTS,Village,Littoral,2027-02-01,2,2027,0.3,6.1,0.0,0.05
S3_reappro_100,F1147,INGREDIENTS,Buea,Littoral,2027-02-01,2,2027,0.0,0.1,0.0,0.0
S3_reappro_100,F1147,INGREDIENTS,Ndobo,Littoral,2027-02-01,2,2027,0.01,0.2,0.0,0.0
S3_reappro_100,F1147,INGREDIENTS,Nkongsamba,Littoral,2027-02-01,2,2027,0.09,1.8,0.0,0.02
S3_reappro_100,F1147,INGREDIENTS,Pk11,Littoral,2027-02-01,2,2027,0.01,0.2,0.0,0.0
S3_reappro_100,F1147,INGREDIENTS,Village,Littoral,2027-02-01,2,2027,0.0,0.0,0.0,0.0
S3_reappro_100,I105,INGREDIENTS,Ndobo,Littoral,2027-02-01,2,2027,0.02,0.4,35500.0,0.0
S3_reappro_100,I105,INGREDIENTS,Nkongsamba,Littoral,2027-02-01,2,2027,0.05,1.1,35500.0,0.0
S3_reappro_100,I105,INGREDIENTS,Pk11,Littoral,2027-02-01,2,2027,0.02,0.4,35500.0,0.0
S3_reappro_100,I1051,INGREDIENTS,Buea,Littoral,2027-02-01,2,2027,0.0,0.0,41000.0,0.0
S3_reappro_100,I1051,INGREDIENTS,Ndobo,Littoral,2027-02-01,2,2027,0.07,1.3,41000.0,0.01
S3_reappro_100,I1051,INGREDIENTS,Nkongsamba,Littoral,2027-02-01,2,2027,0.14,2.9,41000.0,0.02
S3_reappro_100,I1051,INGREDIENTS,Pk11,Littoral,2027-02-01,2,2027,0.01,0.1,41000.0,0.0
S3_reappro_100,I1051,INGREDIENTS,Village,Littoral,2027-02-01,2,2027,0.02,0.4,41000.0,0.0
S3_reappro_100,I106,INGREDIENTS,Buea,Littoral,2027-02-01,2,2027,0.02,0.3,0.0,0.01
S3_reappro_100,I106,INGREDIENTS,Ndobo,Littoral,2027-02-01,2,2027,0.86,17.2,0.0,0.25
S3_reappro_100,I106,INGREDIENTS,Nkongsamba,Littoral,2027-02-01,2,2027,0.06,1.2,0.0,0.03
S3_reappro_100,I106,INGREDIENTS,Pk11,Littoral,2027-02-01,2,2027,0.03,0.6,0.0,0.01
S3_reappro_100,I106,INGREDIENTS,Village,Littoral,2027-02-01,2,2027,0.16,3.1,0.0,0.09
S3_reappro_100,I1061,INGREDIENTS,Buea,Littoral,2027-02-01,2,2027,0.01,0.2,0.0,0.01
S3_reappro_100,I1061,INGREDIENTS,Ndobo,Littoral,2027-02-01,2,2027,0.03,0.5,0.0,0.01
S3_reappro_100,I1061,INGREDIENTS,Nkongsamba,Littoral,2027-02-01,2,2027,0.01,0.3,0.0,0.01
S3_reappro_100,I1061,INGREDIENTS,Pk11,Littoral,2027-02-01,2,2027,0.0,0.1,0.0,0.0
S3_reappro_100,I1061,INGREDIENTS,Village,Littoral,2027-02-01,2,2027,0.01,0.3,0.0,0.01
S3_reappro_100,I107,INGREDIENTS,Buea,Littoral,2027-02-01,2,2027,0.02,0.4,0.0,0.01
S3_reappro_100,I107,INGREDIENTS,Ndobo,Littoral,2027-02-01,2,2027,1.74,34.8,0.0,0.36
S3_reappro_100,I107,INGREDIENTS,Nkongsamba,Littoral,2027-02-01,2,2027,0.08,1.5,0.0,0.02
S3_reappro_100,I107,INGREDIENTS,Pk11,Littoral,2027-02-01,2,2027,0.04,0.7,0.0,0.01
S3_reappro_100,I107,INGREDIENTS,Village,Littoral,2027-02-01,2,2027,0.26,5.2,0.0,0.09
S3_reappro_100,I1071,INGREDIENTS,Buea,Littoral,2027-02-01,2,2027,0.01,0.2,0.0,0.0
S3_reappro_100,I1071,INGREDIENTS,Ndobo,Littoral,2027-02-01,2,2027,0.02,0.5,0.0,0.01
S3_reappro_100,I1071,INGREDIENTS,Nkongsamba,Littoral,2027-02-01,2,2027,0.01,0.2,0.0,0.0
S3_reappro_100,I1071,INGREDIENTS,Pk11,Littoral,2027-02-01,2,2027,0.0,0.1,0.0,0.0
S3_reappro_100,I1071,INGREDIENTS,Village,Littoral,2027-02-01,2,2027,0.01,0.2,0.0,0.0
S3_reappro_100,P105,INGREDIENTS,Buea,Littoral,2027-02-01,2,2027,2.39,47.9,0.0,0.38
S3_reappro_100,P105,INGREDIENTS,Ndobo,Littoral,2027-02-01,2,2027,6.21,124.1,0.0,0.79
S3_reappro_100,P105,INGREDIENTS,Nkongsamba,Littoral,2027-02-01,2,2027,3.69,73.8,0.0,0.61
S3_reappro_100,P105,INGREDIENTS,Pk11,Littoral,2027-02-01,2,2027,0.71,14.2,0.0,0.09
S3_reappro_100,P105,INGREDIENTS,Village,Littoral,2027-02-01,2,2027,1.76,35.2,0.0,0.37
S3_reappro_100,P1051,INGREDIENTS,Buea,Littoral,2027-02-01,2,2027,0.22,4.3,0.0,0.03
S3_reappro_100,P1051,INGREDIENTS,Ndobo,Littoral,2027-02-01,2,2027,0.24,4.7,0.0,0.03
S3_reappro_100,P1051,INGREDIENTS,Nkongsamba,Littoral,2027-02-01,2,2027,0.43,8.5,0.0,0.06
S3_reappro_100,P1051,INGREDIENTS,Pk11,Littoral,2027-02-01,2,2027,0.02,0.5,0.0,0.0
S3_reappro_100,P1051,INGREDIENTS,Village,Littoral,2027-02-01,2,2027,0.01,0.3,0.0,0.0
S3_reappro_100,P1053,INGREDIENTS,Buea,Littoral,2027-02-01,2,2027,0.0,0.1,0.0,0.0
S3_reappro_100,P1053,INGREDIENTS,Ndobo,Littoral,2027-02-01,2,2027,0.15,2.9,0.0,0.02
S3_reappro_100,P1053,INGREDIENTS,Nkongsamba,Littoral,2027-02-01,2,2027,0.05,1.0,0.0,0.01
S3_reappro_100,P1053,INGREDIENTS,Pk11,Littoral,2027-02-01,2,2027,0.01,0.3,0.0,0.0
S3_reappro_100,P1053,INGREDIENTS,Village,Littoral,2027-02-01,2,2027,0.01,0.3,0.0,0.0
S3_reappro_100,B100,INGREDIENTS,Ndobo,Littoral,2027-03-01,3,2027,0.28,5.6,33500.0,0.0
S3_reappro_100,B100,INGREDIENTS,Nkongsamba,Littoral,2027-03-01,3,2027,0.04,0.8,33500.0,0.0
S3_reappro_100,B100,INGREDIENTS,Pk11,Littoral,2027-03-01,3,2027,0.03,0.5,33500.0,0.0
S3_reappro_100,B100,INGREDIENTS,Village,Littoral,2027-03-01,3,2027,0.01,0.1,33500.0,0.0
S3_reappro_100,B1001,INGREDIENTS,Ndobo,Littoral,2027-03-01,3,2027,0.0,0.0,45950.0,0.0
S3_reappro_100,B1001,INGREDIENTS,Pk11,Littoral,2027-03-01,3,2027,0.0,0.0,45950.0,0.0
S3_reappro_100,B1001,INGREDIENTS,Village,Littoral,2027-03-01,3,2027,0.0,0.0,45950.0,0.0
S3_reappro_100,E101,INGREDIENTS,Buea,Littoral,2027-03-01,3,2027,0.08,1.5,60000.0,0.01
S3_reappro_100,E101,INGREDIENTS,Ndobo,Littoral,2027-03-01,3,2027,0.72,14.4,60000.0,0.08
S3_reappro_100,E101,INGREDIENTS,Nkongsamba,Littoral,2027-03-01,3,2027,0.17,3.4,60000.0,0.03
S3_reappro_100,E101,INGREDIENTS,Pk11,Littoral,2027-03-01,3,2027,0.08,1.7,60000.0,0.01
S3_reappro_100,E101,INGREDIENTS,Village,Littoral,2027-03-01,3,2027,0.2,4.0,60000.0,0.04
S3_reappro_100,E1011,INGREDIENTS,Buea,Littoral,2027-03-01,3,2027,0.0,0.1,61500.0,0.0
S3_reappro_100,E1011,INGREDIENTS,Ndobo,Littoral,2027-03-01,3,2027,0.05,1.0,61500.0,0.01
S3_reappro_100,E1011,INGREDIENTS,Nkongsamba,Littoral,2027-03-01,3,2027,0.04,0.7,61500.0,0.01
S3_reappro_100,E1011,INGREDIENTS,Pk11,Littoral,2027-03-01,3,2027,0.01,0.1,61500.0,0.0
S3_reappro_100,E1011,INGREDIENTS,Village,Littoral,2027-03-01,3,2027,0.02,0.3,61500.0,0.0
S3_reappro_100,E1014,INGREDIENTS,Ndobo,Littoral,2027-03-01,3,2027,0.0,0.0,708.0,0.0
S3_reappro_100,E1014,INGREDIENTS,Village,Littoral,2027-03-01,3,2027,0.0,0.0,708.0,0.0
S3_reappro_100,F114,INGREDIENTS,Buea,Littoral,2027-03-01,3,2027,0.09,1.7,0.0,0.01
S3_reappro_100,F114,INGREDIENTS,Ndobo,Littoral,2027-03-01,3,2027,0.59,11.8,0.0,0.03
S3_reappro_100,F114,INGREDIENTS,Nkongsamba,Littoral,2027-03-01,3,2027,0.14,2.9,0.0,0.01
S3_reappro_100,F114,INGREDIENTS,Pk11,Littoral,2027-03-01,3,2027,0.03,0.7,0.0,0.01
S3_reappro_100,F114,INGREDIENTS,Village,Littoral,2027-03-01,3,2027,0.11,2.1,0.0,0.02
S3_reappro_100,F1145,INGREDIENTS,Buea,Littoral,2027-03-01,3,2027,0.01,0.2,0.0,0.0
S3_reappro_100,F1145,INGREDIENTS,Ndobo,Littoral,2027-03-01,3,2027,0.26,5.2,0.0,0.05
S3_reappro_100,F1145,INGREDIENTS,Nkongsamba,Littoral,2027-03-01,3,2027,0.23,4.5,0.0,0.04
S3_reappro_100,F1145,INGREDIENTS,Pk11,Littoral,2027-03-01,3,2027,0.05,1.0,0.0,0.01
S3_reappro_100,F1145,INGREDIENTS,Village,Littoral,2027-03-01,3,2027,0.14,2.9,0.0,0.03
S3_reappro_100,F1147,INGREDIENTS,Buea,Littoral,2027-03-01,3,2027,0.0,0.0,0.0,0.0
S3_reappro_100,F1147,INGREDIENTS,Ndobo,Littoral,2027-03-01,3,2027,0.01,0.1,0.0,0.0
S3_reappro_100,F1147,INGREDIENTS,Nkongsamba,Littoral,2027-03-01,3,2027,0.04,0.9,0.0,0.01
S3_reappro_100,F1147,INGREDIENTS,Pk11,Littoral,2027-03-01,3,2027,0.01,0.1,0.0,0.0
S3_reappro_100,F1147,INGREDIENTS,Village,Littoral,2027-03-01,3,2027,0.0,0.0,0.0,0.0
S3_reappro_100,I105,INGREDIENTS,Ndobo,Littoral,2027-03-01,3,2027,0.01,0.2,35500.0,0.0
S3_reappro_100,I105,INGREDIENTS,Nkongsamba,Littoral,2027-03-01,3,2027,0.03,0.5,35500.0,0.0
S3_reappro_100,I105,INGREDIENTS,Pk11,Littoral,2027-03-01,3,2027,0.01,0.2,35500.0,0.0
S3_reappro_100,I1051,INGREDIENTS,Buea,Littoral,2027-03-01,3,2027,0.0,0.0,41000.0,0.0
S3_reappro_100,I1051,INGREDIENTS,Ndobo,Littoral,2027-03-01,3,2027,0.03,0.6,41000.0,0.0
S3_reappro_100,I1051,INGREDIENTS,Nkongsamba,Littoral,2027-03-01,3,2027,0.07,1.4,41000.0,0.01
S3_reappro_100,I1051,INGREDIENTS,Pk11,Littoral,2027-03-01,3,2027,0.0,0.1,41000.0,0.0
S3_reappro_100,I1051,INGREDIENTS,Village,Littoral,2027-03-01,3,2027,0.01,0.2,41000.0,0.0
S3_reappro_100,I106,INGREDIENTS,Buea,Littoral,2027-03-01,3,2027,0.01,0.1,0.0,0.0
S3_reappro_100,I106,INGREDIENTS,Ndobo,Littoral,2027-03-01,3,2027,0.41,8.2,0.0,0.12
S3_reappro_100,I106,INGREDIENTS,Nkongsamba,Littoral,2027-03-01,3,2027,0.03,0.6,0.0,0.01
S3_reappro_100,I106,INGREDIENTS,Pk11,Littoral,2027-03-01,3,2027,0.01,0.3,0.0,0.01
S3_reappro_100,I106,INGREDIENTS,Village,Littoral,2027-03-01,3,2027,0.07,1.5,0.0,0.04
S3_reappro_100,I1061,INGREDIENTS,Buea,Littoral,2027-03-01,3,2027,0.0,0.1,0.0,0.0
S3_reappro_100,I1061,INGREDIENTS,Ndobo,Littoral,2027-03-01,3,2027,0.01,0.2,0.0,0.01
S3_reappro_100,I1061,INGREDIENTS,Nkongsamba,Littoral,2027-03-01,3,2027,0.01,0.1,0.0,0.0
S3_reappro_100,I1061,INGREDIENTS,Pk11,Littoral,2027-03-01,3,2027,0.0,0.0,0.0,0.0
S3_reappro_100,I1061,INGREDIENTS,Village,Littoral,2027-03-01,3,2027,0.01,0.1,0.0,0.0
S3_reappro_100,I107,INGREDIENTS,Buea,Littoral,2027-03-01,3,2027,0.01,0.2,0.0,0.0
S3_reappro_100,I107,INGREDIENTS,Ndobo,Littoral,2027-03-01,3,2027,0.83,16.6,0.0,0.17
S3_reappro_100,I107,INGREDIENTS,Nkongsamba,Littoral,2027-03-01,3,2027,0.04,0.7,0.0,0.01
S3_reappro_100,I107,INGREDIENTS,Pk11,Littoral,2027-03-01,3,2027,0.02,0.3,0.0,0.01
S3_reappro_100,I107,INGREDIENTS,Village,Littoral,2027-03-01,3,2027,0.12,2.5,0.0,0.04
S3_reappro_100,I1071,INGREDIENTS,Buea,Littoral,2027-03-01,3,2027,0.0,0.1,0.0,0.0
S3_reappro_100,I1071,INGREDIENTS,Ndobo,Littoral,2027-03-01,3,2027,0.01,0.2,0.0,0.0
S3_reappro_100,I1071,INGREDIENTS,Nkongsamba,Littoral,2027-03-01,3,2027,0.0,0.1,0.0,0.0
S3_reappro_100,I1071,INGREDIENTS,Pk11,Littoral,2027-03-01,3,2027,0.0,0.0,0.0,0.0
S3_reappro_100,I1071,INGREDIENTS,Village,Littoral,2027-03-01,3,2027,0.0,0.1,0.0,0.0
S3_reappro_100,P105,INGREDIENTS,Buea,Littoral,2027-03-01,3,2027,1.14,22.8,0.0,0.18
S3_reappro_100,P105,INGREDIENTS,Ndobo,Littoral,2027-03-01,3,2027,2.95,59.1,0.0,0.38
S3_reappro_100,P105,INGREDIENTS,Nkongsamba,Littoral,2027-03-01,3,2027,1.76,35.1,0.0,0.29
S3_reappro_100,P105,INGREDIENTS,Pk11,Littoral,2027-03-01,3,2027,0.34,6.8,0.0,0.04
S3_reappro_100,P105,INGREDIENTS,Village,Littoral,2027-03-01,3,2027,0.84,16.8,0.0,0.18
S3_reappro_100,P1051,INGREDIENTS,Buea,Littoral,2027-03-01,3,2027,0.1,2.1,0.0,0.01
S3_reappro_100,P1051,INGREDIENTS,Ndobo,Littoral,2027-03-01,3,2027,0.11,2.3,0.0,0.01
S3_reappro_100,P1051,INGREDIENTS,Nkongsamba,Littoral,2027-03-01,3,2027,0.2,4.1,0.0,0.03
S3_reappro_100,P1051,INGREDIENTS,Pk11,Littoral,2027-03-01,3,2027,0.01,0.2,0.0,0.0
S3_reappro_100,P1051,INGREDIENTS,Village,Littoral,2027-03-01,3,2027,0.01,0.1,0.0,0.0
S3_reappro_100,P1053,INGREDIENTS,Buea,Littoral,2027-03-01,3,2027,0.0,0.0,0.0,0.0
S3_reappro_100,P1053,INGREDIENTS,Ndobo,Littoral,2027-03-01,3,2027,0.07,1.4,0.0,0.01
S3_reappro_100,P1053,INGREDIENTS,Nkongsamba,Littoral,2027-03-01,3,2027,0.02,0.5,0.0,0.0
S3_reappro_100,P1053,INGREDIENTS,Pk11,Littoral,2027-03-01,3,2027,0.01,0.1,0.0,0.0
S3_reappro_100,P1053,INGREDIENTS,Village,Littoral,2027-03-01,3,2027,0.01,0.1,0.0,0.0
S3_reappro_100,B100,INGREDIENTS,Ndobo,Littoral,2027-04-01,4,2027,0.21,4.3,33500.0,0.0
S3_reappro_100,B100,INGREDIENTS,Nkongsamba,Littoral,2027-04-01,4,2027,0.03,0.6,33500.0,0.0
S3_reappro_100,B100,INGREDIENTS,Pk11,Littoral,2027-04-01,4,2027,0.02,0.4,33500.0,0.0
S3_reappro_100,B100,INGREDIENTS,Village,Littoral,2027-04-01,4,2027,0.0,0.1,33500.0,0.0
S3_reappro_100,B1001,INGREDIENTS,Ndobo,Littoral,2027-04-01,4,2027,0.0,0.0,45950.0,0.0
S3_reappro_100,B1001,INGREDIENTS,Pk11,Littoral,2027-04-01,4,2027,0.0,0.0,45950.0,0.0
S3_reappro_100,B1001,INGREDIENTS,Village,Littoral,2027-04-01,4,2027,0.0,0.0,45950.0,0.0
S3_reappro_100,E101,INGREDIENTS,Buea,Littoral,2027-04-01,4,2027,0.06,1.2,60000.0,0.01
S3_reappro_100,E101,INGREDIENTS,Ndobo,Littoral,2027-04-01,4,2027,0.55,11.0,60000.0,0.06
S3_reappro_100,E101,INGREDIENTS,Nkongsamba,Littoral,2027-04-01,4,2027,0.13,2.6,60000.0,0.02
S3_reappro_100,E101,INGREDIENTS,Pk11,Littoral,2027-04-01,4,2027,0.06,1.3,60000.0,0.01
S3_reappro_100,E101,INGREDIENTS,Village,Littoral,2027-04-01,4,2027,0.15,3.0,60000.0,0.03
S3_reappro_100,E1011,INGREDIENTS,Buea,Littoral,2027-04-01,4,2027,0.0,0.1,61500.0,0.0
S3_reappro_100,E1011,INGREDIENTS,Ndobo,Littoral,2027-04-01,4,2027,0.04,0.8,61500.0,0.01
S3_reappro_100,E1011,INGREDIENTS,Nkongsamba,Littoral,2027-04-01,4,2027,0.03,0.5,61500.0,0.0
S3_reappro_100,E1011,INGREDIENTS,Pk11,Littoral,2027-04-01,4,2027,0.0,0.1,61500.0,0.0
S3_reappro_100,E1011,INGREDIENTS,Village,Littoral,2027-04-01,4,2027,0.01,0.2,61500.0,0.0
S3_reappro_100,E1014,INGREDIENTS,Ndobo,Littoral,2027-04-01,4,2027,0.0,0.0,708.0,0.0
S3_reappro_100,E1014,INGREDIENTS,Village,Littoral,2027-04-01,4,2027,0.0,0.0,708.0,0.0
S3_reappro_100,F114,INGREDIENTS,Buea,Littoral,2027-04-01,4,2027,0.07,1.3,0.0,0.01
S3_reappro_100,F114,INGREDIENTS,Ndobo,Littoral,2027-04-01,4,2027,0.45,9.0,0.0,0.02
S3_reappro_100,F114,INGREDIENTS,Nkongsamba,Littoral,2027-04-01,4,2027,0.11,2.2,0.0,0.01
S3_reappro_100,F114,INGREDIENTS,Pk11,Littoral,2027-04-01,4,2027,0.03,0.5,0.0,0.0
S3_reappro_100,F114,INGREDIENTS,Village,Littoral,2027-04-01,4,2027,0.08,1.6,0.0,0.01
S3_reappro_100,F1145,INGREDIENTS,Buea,Littoral,2027-04-01,4,2027,0.01,0.2,0.0,0.0
S3_reappro_100,F1145,INGREDIENTS,Ndobo,Littoral,2027-04-01,4,2027,0.2,3.9,0.0,0.04
S3_reappro_100,F1145,INGREDIENTS,Nkongsamba,Littoral,2027-04-01,4,2027,0.17,3.4,0.0,0.03
S3_reappro_100,F1145,INGREDIENTS,Pk11,Littoral,2027-04-01,4,2027,0.04,0.7,0.0,0.01
S3_reappro_100,F1145,INGREDIENTS,Village,Littoral,2027-04-01,4,2027,0.11,2.2,0.0,0.02
S3_reappro_100,F1147,INGREDIENTS,Buea,Littoral,2027-04-01,4,2027,0.0,0.0,0.0,0.0
S3_reappro_100,F1147,INGREDIENTS,Ndobo,Littoral,2027-04-01,4,2027,0.0,0.1,0.0,0.0
S3_reappro_100,F1147,INGREDIENTS,Nkongsamba,Littoral,2027-04-01,4,2027,0.03,0.7,0.0,0.01
S3_reappro_100,F1147,INGREDIENTS,Pk11,Littoral,2027-04-01,4,2027,0.0,0.1,0.0,0.0
S3_reappro_100,F1147,INGREDIENTS,Village,Littoral,2027-04-01,4,2027,0.0,0.0,0.0,0.0
S3_reappro_100,I105,INGREDIENTS,Ndobo,Littoral,2027-04-01,4,2027,0.01,0.1,35500.0,0.0
S3_reappro_100,I105,INGREDIENTS,Nkongsamba,Littoral,2027-04-01,4,2027,0.02,0.4,35500.0,0.0
S3_reappro_100,I105,INGREDIENTS,Pk11,Littoral,2027-04-01,4,2027,0.01,0.1,35500.0,0.0
S3_reappro_100,I1051,INGREDIENTS,Buea,Littoral,2027-04-01,4,2027,0.0,0.0,41000.0,0.0
S3_reappro_100,I1051,INGREDIENTS,Ndobo,Littoral,2027-04-01,4,2027,0.02,0.5,41000.0,0.0
S3_reappro_100,I1051,INGREDIENTS,Nkongsamba,Littoral,2027-04-01,4,2027,0.05,1.0,41000.0,0.01
S3_reappro_100,I1051,INGREDIENTS,Pk11,Littoral,2027-04-01,4,2027,0.0,0.1,41000.0,0.0
S3_reappro_100,I1051,INGREDIENTS,Village,Littoral,2027-04-01,4,2027,0.01,0.2,41000.0,0.0
S3_reappro_100,I106,INGREDIENTS,Buea,Littoral,2027-04-01,4,2027,0.01,0.1,0.0,0.0
S3_reappro_100,I106,INGREDIENTS,Ndobo,Littoral,2027-04-01,4,2027,0.31,6.3,0.0,0.09
S3_reappro_100,I106,INGREDIENTS,Nkongsamba,Littoral,2027-04-01,4,2027,0.02,0.4,0.0,0.01
S3_reappro_100,I106,INGREDIENTS,Pk11,Littoral,2027-04-01,4,2027,0.01,0.2,0.0,0.01
S3_reappro_100,I106,INGREDIENTS,Village,Littoral,2027-04-01,4,2027,0.06,1.1,0.0,0.03
S3_reappro_100,I1061,INGREDIENTS,Buea,Littoral,2027-04-01,4,2027,0.0,0.1,0.0,0.0
S3_reappro_100,I1061,INGREDIENTS,Ndobo,Littoral,2027-04-01,4,2027,0.01,0.2,0.0,0.0
S3_reappro_100,I1061,INGREDIENTS,Nkongsamba,Littoral,2027-04-01,4,2027,0.01,0.1,0.0,0.0
S3_reappro_100,I1061,INGREDIENTS,Pk11,Littoral,2027-04-01,4,2027,0.0,0.0,0.0,0.0
S3_reappro_100,I1061,INGREDIENTS,Village,Littoral,2027-04-01,4,2027,0.0,0.1,0.0,0.0
S3_reappro_100,I107,INGREDIENTS,Buea,Littoral,2027-04-01,4,2027,0.01,0.1,0.0,0.0
S3_reappro_100,I107,INGREDIENTS,Ndobo,Littoral,2027-04-01,4,2027,0.63,12.6,0.0,0.13
S3_reappro_100,I107,INGREDIENTS,Nkongsamba,Littoral,2027-04-01,4,2027,0.03,0.6,0.0,0.01
S3_reappro_100,I107,INGREDIENTS,Pk11,Littoral,2027-04-01,4,2027,0.01,0.3,0.0,0.0
S3_reappro_100,I107,INGREDIENTS,Village,Littoral,2027-04-01,4,2027,0.1,1.9,0.0,0.03
S3_reappro_100,I1071,INGREDIENTS,Buea,Littoral,2027-04-01,4,2027,0.0,0.1,0.0,0.0
S3_reappro_100,I1071,INGREDIENTS,Ndobo,Littoral,2027-04-01,4,2027,0.01,0.2,0.0,0.0
S3_reappro_100,I1071,INGREDIENTS,Nkongsamba,Littoral,2027-04-01,4,2027,0.0,0.1,0.0,0.0
S3_reappro_100,I1071,INGREDIENTS,Pk11,Littoral,2027-04-01,4,2027,0.0,0.0,0.0,0.0
S3_reappro_100,I1071,INGREDIENTS,Village,Littoral,2027-04-01,4,2027,0.0,0.1,0.0,0.0
S3_reappro_100,P105,INGREDIENTS,Buea,Littoral,2027-04-01,4,2027,0.87,17.4,0.0,0.14
S3_reappro_100,P105,INGREDIENTS,Ndobo,Littoral,2027-04-01,4,2027,2.25,45.1,0.0,0.29
S3_reappro_100,P105,INGREDIENTS,Nkongsamba,Littoral,2027-04-01,4,2027,1.34,26.8,0.0,0.22
S3_reappro_100,P105,INGREDIENTS,Pk11,Littoral,2027-04-01,4,2027,0.26,5.2,0.0,0.03
S3_reappro_100,P105,INGREDIENTS,Village,Littoral,2027-04-01,4,2027,0.64,12.8,0.0,0.14
S3_reappro_100,P1051,INGREDIENTS,Buea,Littoral,2027-04-01,4,2027,0.08,1.6,0.0,0.01
S3_reappro_100,P1051,INGREDIENTS,Ndobo,Littoral,2027-04-01,4,2027,0.09,1.7,0.0,0.01
S3_reappro_100,P1051,INGREDIENTS,Nkongsamba,Littoral,2027-04-01,4,2027,0.16,3.1,0.0,0.02
S3_reappro_100,P1051,INGREDIENTS,Pk11,Littoral,2027-04-01,4,2027,0.01,0.2,0.0,0.0
S3_reappro_100,P1051,INGREDIENTS,Village,Littoral,2027-04-01,4,2027,0.0,0.1,0.0,0.0
S3_reappro_100,P1053,INGREDIENTS,Buea,Littoral,2027-04-01,4,2027,0.0,0.0,0.0,0.0
S3_reappro_100,P1053,INGREDIENTS,Ndobo,Littoral,2027-04-01,4,2027,0.05,1.1,0.0,0.01
S3_reappro_100,P1053,INGREDIENTS,Nkongsamba,Littoral,2027-04-01,4,2027,0.02,0.4,0.0,0.0
S3_reappro_100,P1053,INGREDIENTS,Pk11,Littoral,2027-04-01,4,2027,0.01,0.1,0.0,0.0
S3_reappro_100,P1053,INGREDIENTS,Village,Littoral,2027-04-01,4,2027,0.01,0.1,0.0,0.0
S3_reappro_100,B100,INGREDIENTS,Ndobo,Littoral,2027-05-01,5,2027,0.3,6.0,33500.0,0.0
S3_reappro_100,B100,INGREDIENTS,Nkongsamba,Littoral,2027-05-01,5,2027,0.04,0.8,33500.0,0.0
S3_reappro_100,B100,INGREDIENTS,Pk11,Littoral,2027-05-01,5,2027,0.03,0.6,33500.0,0.0
S3_reappro_100,B100,INGREDIENTS,Village,Littoral,2027-05-01,5,2027,0.01,0.1,33500.0,0.0
S3_reappro_100,B1001,INGREDIENTS,Ndobo,Littoral,2027-05-01,5,2027,0.0,0.0,45950.0,0.0
S3_reappro_100,B1001,INGREDIENTS,Pk11,Littoral,2027-05-01,5,2027,0.0,0.0,45950.0,0.0
S3_reappro_100,B1001,INGREDIENTS,Village,Littoral,2027-05-01,5,2027,0.0,0.0,45950.0,0.0
S3_reappro_100,E101,INGREDIENTS,Buea,Littoral,2027-05-01,5,2027,0.08,1.6,60000.0,0.01
S3_reappro_100,E101,INGREDIENTS,Ndobo,Littoral,2027-05-01,5,2027,0.77,15.4,60000.0,0.09
S3_reappro_100,E101,INGREDIENTS,Nkongsamba,Littoral,2027-05-01,5,2027,0.18,3.6,60000.0,0.03
S3_reappro_100,E101,INGREDIENTS,Pk11,Littoral,2027-05-01,5,2027,0.09,1.8,60000.0,0.01
S3_reappro_100,E101,INGREDIENTS,Village,Littoral,2027-05-01,5,2027,0.21,4.2,60000.0,0.04
S3_reappro_100,E1011,INGREDIENTS,Buea,Littoral,2027-05-01,5,2027,0.0,0.1,61500.0,0.0
S3_reappro_100,E1011,INGREDIENTS,Ndobo,Littoral,2027-05-01,5,2027,0.05,1.1,61500.0,0.01
S3_reappro_100,E1011,INGREDIENTS,Nkongsamba,Littoral,2027-05-01,5,2027,0.04,0.8,61500.0,0.01
S3_reappro_100,E1011,INGREDIENTS,Pk11,Littoral,2027-05-01,5,2027,0.01,0.1,61500.0,0.0
S3_reappro_100,E1011,INGREDIENTS,Village,Littoral,2027-05-01,5,2027,0.02,0.3,61500.0,0.0
S3_reappro_100,E1014,INGREDIENTS,Ndobo,Littoral,2027-05-01,5,2027,0.0,0.0,708.0,0.0
S3_reappro_100,E1014,INGREDIENTS,Village,Littoral,2027-05-01,5,2027,0.0,0.0,708.0,0.0
S3_reappro_100,F114,INGREDIENTS,Buea,Littoral,2027-05-01,5,2027,0.09,1.9,0.0,0.01
S3_reappro_100,F114,INGREDIENTS,Ndobo,Littoral,2027-05-01,5,2027,0.64,12.7,0.0,0.03
S3_reappro_100,F114,INGREDIENTS,Nkongsamba,Littoral,2027-05-01,5,2027,0.15,3.1,0.0,0.01
S3_reappro_100,F114,INGREDIENTS,Pk11,Littoral,2027-05-01,5,2027,0.04,0.7,0.0,0.01
S3_reappro_100,F114,INGREDIENTS,Village,Littoral,2027-05-01,5,2027,0.11,2.3,0.0,0.02
S3_reappro_100,F1145,INGREDIENTS,Buea,Littoral,2027-05-01,5,2027,0.01,0.3,0.0,0.0
S3_reappro_100,F1145,INGREDIENTS,Ndobo,Littoral,2027-05-01,5,2027,0.28,5.6,0.0,0.05
S3_reappro_100,F1145,INGREDIENTS,Nkongsamba,Littoral,2027-05-01,5,2027,0.24,4.8,0.0,0.04
S3_reappro_100,F1145,INGREDIENTS,Pk11,Littoral,2027-05-01,5,2027,0.05,1.1,0.0,0.01
S3_reappro_100,F1145,INGREDIENTS,Village,Littoral,2027-05-01,5,2027,0.16,3.1,0.0,0.03
S3_reappro_100,F1147,INGREDIENTS,Buea,Littoral,2027-05-01,5,2027,0.0,0.0,0.0,0.0
S3_reappro_100,F1147,INGREDIENTS,Ndobo,Littoral,2027-05-01,5,2027,0.01,0.1,0.0,0.0
S3_reappro_100,F1147,INGREDIENTS,Nkongsamba,Littoral,2027-05-01,5,2027,0.05,0.9,0.0,0.01
S3_reappro_100,F1147,INGREDIENTS,Pk11,Littoral,2027-05-01,5,2027,0.01,0.1,0.0,0.0
S3_reappro_100,F1147,INGREDIENTS,Village,Littoral,2027-05-01,5,2027,0.0,0.0,0.0,0.0
S3_reappro_100,I105,INGREDIENTS,Ndobo,Littoral,2027-05-01,5,2027,0.01,0.2,35500.0,0.0
S3_reappro_100,I105,INGREDIENTS,Nkongsamba,Littoral,2027-05-01,5,2027,0.03,0.6,35500.0,0.0
S3_reappro_100,I105,INGREDIENTS,Pk11,Littoral,2027-05-01,5,2027,0.01,0.2,35500.0,0.0
S3_reappro_100,I1051,INGREDIENTS,Buea,Littoral,2027-05-01,5,2027,0.0,0.0,41000.0,0.0
S3_reappro_100,I1051,INGREDIENTS,Ndobo,Littoral,2027-05-01,5,2027,0.03,0.7,41000.0,0.0
S3_reappro_100,I1051,INGREDIENTS,Nkongsamba,Littoral,2027-05-01,5,2027,0.07,1.5,41000.0,0.01
S3_reappro_100,I1051,INGREDIENTS,Pk11,Littoral,2027-05-01,5,2027,0.0,0.1,41000.0,0.0
S3_reappro_100,I1051,INGREDIENTS,Village,Littoral,2027-05-01,5,2027,0.01,0.2,41000.0,0.0
S3_reappro_100,I106,INGREDIENTS,Buea,Littoral,2027-05-01,5,2027,0.01,0.2,0.0,0.0
S3_reappro_100,I106,INGREDIENTS,Ndobo,Littoral,2027-05-01,5,2027,0.44,8.8,0.0,0.13
S3_reappro_100,I106,INGREDIENTS,Nkongsamba,Littoral,2027-05-01,5,2027,0.03,0.6,0.0,0.02
S3_reappro_100,I106,INGREDIENTS,Pk11,Littoral,2027-05-01,5,2027,0.01,0.3,0.0,0.01
S3_reappro_100,I106,INGREDIENTS,Village,Littoral,2027-05-01,5,2027,0.08,1.6,0.0,0.05
S3_reappro_100,I1061,INGREDIENTS,Buea,Littoral,2027-05-01,5,2027,0.0,0.1,0.0,0.0
S3_reappro_100,I1061,INGREDIENTS,Ndobo,Littoral,2027-05-01,5,2027,0.01,0.3,0.0,0.01
S3_reappro_100,I1061,INGREDIENTS,Nkongsamba,Littoral,2027-05-01,5,2027,0.01,0.1,0.0,0.0
S3_reappro_100,I1061,INGREDIENTS,Pk11,Littoral,2027-05-01,5,2027,0.0,0.0,0.0,0.0
S3_reappro_100,I1061,INGREDIENTS,Village,Littoral,2027-05-01,5,2027,0.01,0.1,0.0,0.0
S3_reappro_100,I107,INGREDIENTS,Buea,Littoral,2027-05-01,5,2027,0.01,0.2,0.0,0.0
S3_reappro_100,I107,INGREDIENTS,Ndobo,Littoral,2027-05-01,5,2027,0.89,17.8,0.0,0.18
S3_reappro_100,I107,INGREDIENTS,Nkongsamba,Littoral,2027-05-01,5,2027,0.04,0.8,0.0,0.01
S3_reappro_100,I107,INGREDIENTS,Pk11,Littoral,2027-05-01,5,2027,0.02,0.4,0.0,0.01
S3_reappro_100,I107,INGREDIENTS,Village,Littoral,2027-05-01,5,2027,0.13,2.7,0.0,0.04
S3_reappro_100,I1071,INGREDIENTS,Buea,Littoral,2027-05-01,5,2027,0.0,0.1,0.0,0.0
S3_reappro_100,I1071,INGREDIENTS,Ndobo,Littoral,2027-05-01,5,2027,0.01,0.2,0.0,0.0
S3_reappro_100,I1071,INGREDIENTS,Nkongsamba,Littoral,2027-05-01,5,2027,0.0,0.1,0.0,0.0
S3_reappro_100,I1071,INGREDIENTS,Pk11,Littoral,2027-05-01,5,2027,0.0,0.0,0.0,0.0
S3_reappro_100,I1071,INGREDIENTS,Village,Littoral,2027-05-01,5,2027,0.0,0.1,0.0,0.0
S3_reappro_100,P105,INGREDIENTS,Buea,Littoral,2027-05-01,5,2027,1.22,24.5,0.0,0.19
S3_reappro_100,P105,INGREDIENTS,Ndobo,Littoral,2027-05-01,5,2027,3.17,63.4,0.0,0.4
S3_reappro_100,P105,INGREDIENTS,Nkongsamba,Littoral,2027-05-01,5,2027,1.88,37.7,0.0,0.31
S3_reappro_100,P105,INGREDIENTS,Pk11,Littoral,2027-05-01,5,2027,0.36,7.3,0.0,0.04
S3_reappro_100,P105,INGREDIENTS,Village,Littoral,2027-05-01,5,2027,0.9,18.0,0.0,0.19
S3_reappro_100,P1051,INGREDIENTS,Buea,Littoral,2027-05-01,5,2027,0.11,2.2,0.0,0.01
S3_reappro_100,P1051,INGREDIENTS,Ndobo,Littoral,2027-05-01,5,2027,0.12,2.4,0.0,0.01
S3_reappro_100,P1051,INGREDIENTS,Nkongsamba,Littoral,2027-05-01,5,2027,0.22,4.4,0.0,0.03
S3_reappro_100,P1051,INGREDIENTS,Pk11,Littoral,2027-05-01,5,2027,0.01,0.2,0.0,0.0
S3_reappro_100,P1051,INGREDIENTS,Village,Littoral,2027-05-01,5,2027,0.01,0.1,0.0,0.0
S3_reappro_100,P1053,INGREDIENTS,Buea,Littoral,2027-05-01,5,2027,0.0,0.0,0.0,0.0
S3_reappro_100,P1053,INGREDIENTS,Ndobo,Littoral,2027-05-01,5,2027,0.07,1.5,0.0,0.01
S3_reappro_100,P1053,INGREDIENTS,Nkongsamba,Littoral,2027-05-01,5,2027,0.03,0.5,0.0,0.0
S3_reappro_100,P1053,INGREDIENTS,Pk11,Littoral,2027-05-01,5,2027,0.01,0.2,0.0,0.0
S3_reappro_100,P1053,INGREDIENTS,Village,Littoral,2027-05-01,5,2027,0.01,0.1,0.0,0.0
S3_reappro_100,B100,INGREDIENTS,Ndobo,Littoral,2027-06-01,6,2027,0.25,5.0,33500.0,0.0
S3_reappro_100,B100,INGREDIENTS,Nkongsamba,Littoral,2027-06-01,6,2027,0.04,0.7,33500.0,0.0
S3_reappro_100,B100,INGREDIENTS,Pk11,Littoral,2027-06-01,6,2027,0.02,0.5,33500.0,0.0
S3_reappro_100,B100,INGREDIENTS,Village,Littoral,2027-06-01,6,2027,0.0,0.1,33500.0,0.0
S3_reappro_100,B1001,INGREDIENTS,Ndobo,Littoral,2027-06-01,6,2027,0.0,0.0,45950.0,0.0
S3_reappro_100,B1001,INGREDIENTS,Pk11,Littoral,2027-06-01,6,2027,0.0,0.0,45950.0,0.0
S3_reappro_100,B1001,INGREDIENTS,Village,Littoral,2027-06-01,6,2027,0.0,0.0,45950.0,0.0
S3_reappro_100,E101,INGREDIENTS,Buea,Littoral,2027-06-01,6,2027,0.07,1.4,60000.0,0.01
S3_reappro_100,E101,INGREDIENTS,Ndobo,Littoral,2027-06-01,6,2027,0.64,12.8,60000.0,0.07
S3_reappro_100,E101,INGREDIENTS,Nkongsamba,Littoral,2027-06-01,6,2027,0.15,3.0,60000.0,0.02
S3_reappro_100,E101,INGREDIENTS,Pk11,Littoral,2027-06-01,6,2027,0.08,1.5,60000.0,0.01
S3_reappro_100,E101,INGREDIENTS,Village,Littoral,2027-06-01,6,2027,0.18,3.5,60000.0,0.03
S3_reappro_100,E1011,INGREDIENTS,Buea,Littoral,2027-06-01,6,2027,0.0,0.1,61500.0,0.0
S3_reappro_100,E1011,INGREDIENTS,Ndobo,Littoral,2027-06-01,6,2027,0.05,0.9,61500.0,0.01
S3_reappro_100,E1011,INGREDIENTS,Nkongsamba,Littoral,2027-06-01,6,2027,0.03,0.6,61500.0,0.0
S3_reappro_100,E1011,INGREDIENTS,Pk11,Littoral,2027-06-01,6,2027,0.01,0.1,61500.0,0.0
S3_reappro_100,E1011,INGREDIENTS,Village,Littoral,2027-06-01,6,2027,0.01,0.3,61500.0,0.0
S3_reappro_100,E1014,INGREDIENTS,Ndobo,Littoral,2027-06-01,6,2027,0.0,0.0,708.0,0.0
S3_reappro_100,E1014,INGREDIENTS,Village,Littoral,2027-06-01,6,2027,0.0,0.0,708.0,0.0
S3_reappro_100,F114,INGREDIENTS,Buea,Littoral,2027-06-01,6,2027,0.08,1.5,0.0,0.01
S3_reappro_100,F114,INGREDIENTS,Ndobo,Littoral,2027-06-01,6,2027,0.53,10.5,0.0,0.02
S3_reappro_100,F114,INGREDIENTS,Nkongsamba,Littoral,2027-06-01,6,2027,0.13,2.6,0.0,0.01
S3_reappro_100,F114,INGREDIENTS,Pk11,Littoral,2027-06-01,6,2027,0.03,0.6,0.0,0.01
S3_reappro_100,F114,INGREDIENTS,Village,Littoral,2027-06-01,6,2027,0.09,1.9,0.0,0.01
S3_reappro_100,F1145,INGREDIENTS,Buea,Littoral,2027-06-01,6,2027,0.01,0.2,0.0,0.0
S3_reappro_100,F1145,INGREDIENTS,Ndobo,Littoral,2027-06-01,6,2027,0.23,4.6,0.0,0.04
S3_reappro_100,F1145,INGREDIENTS,Nkongsamba,Littoral,2027-06-01,6,2027,0.2,4.0,0.0,0.04
S3_reappro_100,F1145,INGREDIENTS,Pk11,Littoral,2027-06-01,6,2027,0.04,0.9,0.0,0.01
S3_reappro_100,F1145,INGREDIENTS,Village,Littoral,2027-06-01,6,2027,0.13,2.6,0.0,0.02
S3_reappro_100,F1147,INGREDIENTS,Buea,Littoral,2027-06-01,6,2027,0.0,0.0,0.0,0.0
S3_reappro_100,F1147,INGREDIENTS,Ndobo,Littoral,2027-06-01,6,2027,0.0,0.1,0.0,0.0
S3_reappro_100,F1147,INGREDIENTS,Nkongsamba,Littoral,2027-06-01,6,2027,0.04,0.8,0.0,0.01
S3_reappro_100,F1147,INGREDIENTS,Pk11,Littoral,2027-06-01,6,2027,0.0,0.1,0.0,0.0
S3_reappro_100,F1147,INGREDIENTS,Village,Littoral,2027-06-01,6,2027,0.0,0.0,0.0,0.0
S3_reappro_100,I105,INGREDIENTS,Ndobo,Littoral,2027-06-01,6,2027,0.01,0.2,35500.0,0.0
S3_reappro_100,I105,INGREDIENTS,Nkongsamba,Littoral,2027-06-01,6,2027,0.02,0.5,35500.0,0.0
S3_reappro_100,I105,INGREDIENTS,Pk11,Littoral,2027-06-01,6,2027,0.01,0.1,35500.0,0.0
S3_reappro_100,I1051,INGREDIENTS,Buea,Littoral,2027-06-01,6,2027,0.0,0.0,41000.0,0.0
S3_reappro_100,I1051,INGREDIENTS,Ndobo,Littoral,2027-06-01,6,2027,0.03,0.6,41000.0,0.0
S3_reappro_100,I1051,INGREDIENTS,Nkongsamba,Littoral,2027-06-01,6,2027,0.06,1.2,41000.0,0.01
S3_reappro_100,I1051,INGREDIENTS,Pk11,Littoral,2027-06-01,6,2027,0.0,0.1,41000.0,0.0
S3_reappro_100,I1051,INGREDIENTS,Village,Littoral,2027-06-01,6,2027,0.01,0.2,41000.0,0.0
S3_reappro_100,I106,INGREDIENTS,Buea,Littoral,2027-06-01,6,2027,0.01,0.1,0.0,0.0
S3_reappro_100,I106,INGREDIENTS,Ndobo,Littoral,2027-06-01,6,2027,0.37,7.3,0.0,0.11
S3_reappro_100,I106,INGREDIENTS,Nkongsamba,Littoral,2027-06-01,6,2027,0.03,0.5,0.0,0.01
S3_reappro_100,I106,INGREDIENTS,Pk11,Littoral,2027-06-01,6,2027,0.01,0.2,0.0,0.01
S3_reappro_100,I106,INGREDIENTS,Village,Littoral,2027-06-01,6,2027,0.07,1.3,0.0,0.04
S3_reappro_100,I1061,INGREDIENTS,Buea,Littoral,2027-06-01,6,2027,0.0,0.1,0.0,0.0
S3_reappro_100,I1061,INGREDIENTS,Ndobo,Littoral,2027-06-01,6,2027,0.01,0.2,0.0,0.01
S3_reappro_100,I1061,INGREDIENTS,Nkongsamba,Littoral,2027-06-01,6,2027,0.01,0.1,0.0,0.0
S3_reappro_100,I1061,INGREDIENTS,Pk11,Littoral,2027-06-01,6,2027,0.0,0.0,0.0,0.0
S3_reappro_100,I1061,INGREDIENTS,Village,Littoral,2027-06-01,6,2027,0.01,0.1,0.0,0.0
S3_reappro_100,I107,INGREDIENTS,Buea,Littoral,2027-06-01,6,2027,0.01,0.1,0.0,0.0
S3_reappro_100,I107,INGREDIENTS,Ndobo,Littoral,2027-06-01,6,2027,0.74,14.8,0.0,0.15
S3_reappro_100,I107,INGREDIENTS,Nkongsamba,Littoral,2027-06-01,6,2027,0.03,0.7,0.0,0.01
S3_reappro_100,I107,INGREDIENTS,Pk11,Littoral,2027-06-01,6,2027,0.02,0.3,0.0,0.0
S3_reappro_100,I107,INGREDIENTS,Village,Littoral,2027-06-01,6,2027,0.11,2.2,0.0,0.04
S3_reappro_100,I1071,INGREDIENTS,Buea,Littoral,2027-06-01,6,2027,0.0,0.1,0.0,0.0
S3_reappro_100,I1071,INGREDIENTS,Ndobo,Littoral,2027-06-01,6,2027,0.01,0.2,0.0,0.0
S3_reappro_100,I1071,INGREDIENTS,Nkongsamba,Littoral,2027-06-01,6,2027,0.0,0.1,0.0,0.0
S3_reappro_100,I1071,INGREDIENTS,Pk11,Littoral,2027-06-01,6,2027,0.0,0.0,0.0,0.0
S3_reappro_100,I1071,INGREDIENTS,Village,Littoral,2027-06-01,6,2027,0.0,0.1,0.0,0.0
S3_reappro_100,P105,INGREDIENTS,Buea,Littoral,2027-06-01,6,2027,1.01,20.3,0.0,0.16
S3_reappro_100,P105,INGREDIENTS,Ndobo,Littoral,2027-06-01,6,2027,2.63,52.6,0.0,0.33
S3_reappro_100,P105,INGREDIENTS,Nkongsamba,Littoral,2027-06-01,6,2027,1.56,31.3,0.0,0.26
S3_reappro_100,P105,INGREDIENTS,Pk11,Littoral,2027-06-01,6,2027,0.3,6.0,0.0,0.04
S3_reappro_100,P105,INGREDIENTS,Village,Littoral,2027-06-01,6,2027,0.75,14.9,0.0,0.16
S3_reappro_100,P1051,INGREDIENTS,Buea,Littoral,2027-06-01,6,2027,0.09,1.8,0.0,0.01
S3_reappro_100,P1051,INGREDIENTS,Ndobo,Littoral,2027-06-01,6,2027,0.1,2.0,0.0,0.01
S3_reappro_100,P1051,INGREDIENTS,Nkongsamba,Littoral,2027-06-01,6,2027,0.18,3.6,0.0,0.03
S3_reappro_100,P1051,INGREDIENTS,Pk11,Littoral,2027-06-01,6,2027,0.01,0.2,0.0,0.0
S3_reappro_100,P1051,INGREDIENTS,Village,Littoral,2027-06-01,6,2027,0.01,0.1,0.0,0.0
S3_reappro_100,P1053,INGREDIENTS,Buea,Littoral,2027-06-01,6,2027,0.0,0.0,0.0,0.0
S3_reappro_100,P1053,INGREDIENTS,Ndobo,Littoral,2027-06-01,6,2027,0.06,1.2,0.0,0.01
S3_reappro_100,P1053,INGREDIENTS,Nkongsamba,Littoral,2027-06-01,6,2027,0.02,0.4,0.0,0.0
S3_reappro_100,P1053,INGREDIENTS,Pk11,Littoral,2027-06-01,6,2027,0.01,0.1,0.0,0.0
S3_reappro_100,P1053,INGREDIENTS,Village,Littoral,2027-06-01,6,2027,0.01,0.1,0.0,0.0
S3_reappro_100,B100,INGREDIENTS,Ndobo,Littoral,2027-07-01,7,2027,0.23,4.5,33500.0,0.0
S3_reappro_100,B100,INGREDIENTS,Nkongsamba,Littoral,2027-07-01,7,2027,0.03,0.6,33500.0,0.0
S3_reappro_100,B100,INGREDIENTS,Pk11,Littoral,2027-07-01,7,2027,0.02,0.4,33500.0,0.0
S3_reappro_100,B100,INGREDIENTS,Village,Littoral,2027-07-01,7,2027,0.0,0.1,33500.0,0.0
S3_reappro_100,B1001,INGREDIENTS,Ndobo,Littoral,2027-07-01,7,2027,0.0,0.0,45950.0,0.0
S3_reappro_100,B1001,INGREDIENTS,Pk11,Littoral,2027-07-01,7,2027,0.0,0.0,45950.0,0.0
S3_reappro_100,B1001,INGREDIENTS,Village,Littoral,2027-07-01,7,2027,0.0,0.0,45950.0,0.0
S3_reappro_100,E101,INGREDIENTS,Buea,Littoral,2027-07-01,7,2027,0.06,1.2,60000.0,0.01
S3_reappro_100,E101,INGREDIENTS,Ndobo,Littoral,2027-07-01,7,2027,0.58,11.6,60000.0,0.06
S3_reappro_100,E101,INGREDIENTS,Nkongsamba,Littoral,2027-07-01,7,2027,0.14,2.7,60000.0,0.02
S3_reappro_100,E101,INGREDIENTS,Pk11,Littoral,2027-07-01,7,2027,0.07,1.4,60000.0,0.01
S3_reappro_100,E101,INGREDIENTS,Village,Littoral,2027-07-01,7,2027,0.16,3.2,60000.0,0.03
S3_reappro_100,E1011,INGREDIENTS,Buea,Littoral,2027-07-01,7,2027,0.0,0.1,61500.0,0.0
S3_reappro_100,E1011,INGREDIENTS,Ndobo,Littoral,2027-07-01,7,2027,0.04,0.8,61500.0,0.01
S3_reappro_100,E1011,INGREDIENTS,Nkongsamba,Littoral,2027-07-01,7,2027,0.03,0.6,61500.0,0.0
S3_reappro_100,E1011,INGREDIENTS,Pk11,Littoral,2027-07-01,7,2027,0.0,0.1,61500.0,0.0
S3_reappro_100,E1011,INGREDIENTS,Village,Littoral,2027-07-01,7,2027,0.01,0.2,61500.0,0.0
S3_reappro_100,E1014,INGREDIENTS,Ndobo,Littoral,2027-07-01,7,2027,0.0,0.0,708.0,0.0
S3_reappro_100,E1014,INGREDIENTS,Village,Littoral,2027-07-01,7,2027,0.0,0.0,708.0,0.0
S3_reappro_100,F114,INGREDIENTS,Buea,Littoral,2027-07-01,7,2027,0.07,1.4,0.0,0.01
S3_reappro_100,F114,INGREDIENTS,Ndobo,Littoral,2027-07-01,7,2027,0.48,9.6,0.0,0.02
S3_reappro_100,F114,INGREDIENTS,Nkongsamba,Littoral,2027-07-01,7,2027,0.12,2.3,0.0,0.01
S3_reappro_100,F114,INGREDIENTS,Pk11,Littoral,2027-07-01,7,2027,0.03,0.5,0.0,0.0
S3_reappro_100,F114,INGREDIENTS,Village,Littoral,2027-07-01,7,2027,0.09,1.7,0.0,0.01
S3_reappro_100,F1145,INGREDIENTS,Buea,Littoral,2027-07-01,7,2027,0.01,0.2,0.0,0.0
S3_reappro_100,F1145,INGREDIENTS,Ndobo,Littoral,2027-07-01,7,2027,0.21,4.2,0.0,0.04
S3_reappro_100,F1145,INGREDIENTS,Nkongsamba,Littoral,2027-07-01,7,2027,0.18,3.6,0.0,0.03
S3_reappro_100,F1145,INGREDIENTS,Pk11,Littoral,2027-07-01,7,2027,0.04,0.8,0.0,0.01
S3_reappro_100,F1145,INGREDIENTS,Village,Littoral,2027-07-01,7,2027,0.12,2.3,0.0,0.02
S3_reappro_100,F1147,INGREDIENTS,Buea,Littoral,2027-07-01,7,2027,0.0,0.0,0.0,0.0
S3_reappro_100,F1147,INGREDIENTS,Ndobo,Littoral,2027-07-01,7,2027,0.0,0.1,0.0,0.0
S3_reappro_100,F1147,INGREDIENTS,Nkongsamba,Littoral,2027-07-01,7,2027,0.04,0.7,0.0,0.01
S3_reappro_100,F1147,INGREDIENTS,Pk11,Littoral,2027-07-01,7,2027,0.0,0.1,0.0,0.0
S3_reappro_100,F1147,INGREDIENTS,Village,Littoral,2027-07-01,7,2027,0.0,0.0,0.0,0.0
S3_reappro_100,I105,INGREDIENTS,Ndobo,Littoral,2027-07-01,7,2027,0.01,0.1,35500.0,0.0
S3_reappro_100,I105,INGREDIENTS,Nkongsamba,Littoral,2027-07-01,7,2027,0.02,0.4,35500.0,0.0
S3_reappro_100,I105,INGREDIENTS,Pk11,Littoral,2027-07-01,7,2027,0.01,0.1,35500.0,0.0
S3_reappro_100,I1051,INGREDIENTS,Buea,Littoral,2027-07-01,7,2027,0.0,0.0,41000.0,0.0
S3_reappro_100,I1051,INGREDIENTS,Ndobo,Littoral,2027-07-01,7,2027,0.03,0.5,41000.0,0.0
S3_reappro_100,I1051,INGREDIENTS,Nkongsamba,Littoral,2027-07-01,7,2027,0.05,1.1,41000.0,0.01
S3_reappro_100,I1051,INGREDIENTS,Pk11,Littoral,2027-07-01,7,2027,0.0,0.1,41000.0,0.0
S3_reappro_100,I1051,INGREDIENTS,Village,Littoral,2027-07-01,7,2027,0.01,0.2,41000.0,0.0
S3_reappro_100,I106,INGREDIENTS,Buea,Littoral,2027-07-01,7,2027,0.01,0.1,0.0,0.0
S3_reappro_100,I106,INGREDIENTS,Ndobo,Littoral,2027-07-01,7,2027,0.33,6.6,0.0,0.1
S3_reappro_100,I106,INGREDIENTS,Nkongsamba,Littoral,2027-07-01,7,2027,0.02,0.5,0.0,0.01
S3_reappro_100,I106,INGREDIENTS,Pk11,Littoral,2027-07-01,7,2027,0.01,0.2,0.0,0.01
S3_reappro_100,I106,INGREDIENTS,Village,Littoral,2027-07-01,7,2027,0.06,1.2,0.0,0.04
S3_reappro_100,I1061,INGREDIENTS,Buea,Littoral,2027-07-01,7,2027,0.0,0.1,0.0,0.0
S3_reappro_100,I1061,INGREDIENTS,Ndobo,Littoral,2027-07-01,7,2027,0.01,0.2,0.0,0.01
S3_reappro_100,I1061,INGREDIENTS,Nkongsamba,Littoral,2027-07-01,7,2027,0.01,0.1,0.0,0.0
S3_reappro_100,I1061,INGREDIENTS,Pk11,Littoral,2027-07-01,7,2027,0.0,0.0,0.0,0.0
S3_reappro_100,I1061,INGREDIENTS,Village,Littoral,2027-07-01,7,2027,0.01,0.1,0.0,0.0
S3_reappro_100,I107,INGREDIENTS,Buea,Littoral,2027-07-01,7,2027,0.01,0.1,0.0,0.0
S3_reappro_100,I107,INGREDIENTS,Ndobo,Littoral,2027-07-01,7,2027,0.67,13.4,0.0,0.14
S3_reappro_100,I107,INGREDIENTS,Nkongsamba,Littoral,2027-07-01,7,2027,0.03,0.6,0.0,0.01
S3_reappro_100,I107,INGREDIENTS,Pk11,Littoral,2027-07-01,7,2027,0.01,0.3,0.0,0.0
S3_reappro_100,I107,INGREDIENTS,Village,Littoral,2027-07-01,7,2027,0.1,2.0,0.0,0.03
S3_reappro_100,I1071,INGREDIENTS,Buea,Littoral,2027-07-01,7,2027,0.0,0.1,0.0,0.0
S3_reappro_100,I1071,INGREDIENTS,Ndobo,Littoral,2027-07-01,7,2027,0.01,0.2,0.0,0.0
S3_reappro_100,I1071,INGREDIENTS,Nkongsamba,Littoral,2027-07-01,7,2027,0.0,0.1,0.0,0.0
S3_reappro_100,I1071,INGREDIENTS,Pk11,Littoral,2027-07-01,7,2027,0.0,0.0,0.0,0.0
S3_reappro_100,I1071,INGREDIENTS,Village,Littoral,2027-07-01,7,2027,0.0,0.1,0.0,0.0
S3_reappro_100,P105,INGREDIENTS,Buea,Littoral,2027-07-01,7,2027,0.92,18.5,0.0,0.14
S3_reappro_100,P105,INGREDIENTS,Ndobo,Littoral,2027-07-01,7,2027,2.39,47.8,0.0,0.3
S3_reappro_100,P105,INGREDIENTS,Nkongsamba,Littoral,2027-07-01,7,2027,1.42,28.4,0.0,0.23
S3_reappro_100,P105,INGREDIENTS,Pk11,Littoral,2027-07-01,7,2027,0.27,5.5,0.0,0.03
S3_reappro_100,P105,INGREDIENTS,Village,Littoral,2027-07-01,7,2027,0.68,13.6,0.0,0.14
S3_reappro_100,P1051,INGREDIENTS,Buea,Littoral,2027-07-01,7,2027,0.08,1.7,0.0,0.01
S3_reappro_100,P1051,INGREDIENTS,Ndobo,Littoral,2027-07-01,7,2027,0.09,1.8,0.0,0.01
S3_reappro_100,P1051,INGREDIENTS,Nkongsamba,Littoral,2027-07-01,7,2027,0.16,3.3,0.0,0.02
S3_reappro_100,P1051,INGREDIENTS,Pk11,Littoral,2027-07-01,7,2027,0.01,0.2,0.0,0.0
S3_reappro_100,P1051,INGREDIENTS,Village,Littoral,2027-07-01,7,2027,0.01,0.1,0.0,0.0
S3_reappro_100,P1053,INGREDIENTS,Buea,Littoral,2027-07-01,7,2027,0.0,0.0,0.0,0.0
S3_reappro_100,P1053,INGREDIENTS,Ndobo,Littoral,2027-07-01,7,2027,0.06,1.1,0.0,0.01
S3_reappro_100,P1053,INGREDIENTS,Nkongsamba,Littoral,2027-07-01,7,2027,0.02,0.4,0.0,0.0
S3_reappro_100,P1053,INGREDIENTS,Pk11,Littoral,2027-07-01,7,2027,0.01,0.1,0.0,0.0
S3_reappro_100,P1053,INGREDIENTS,Village,Littoral,2027-07-01,7,2027,0.01,0.1,0.0,0.0
S3_reappro_100,B100,INGREDIENTS,Ndobo,Littoral,2027-08-01,8,2027,0.32,6.4,33500.0,0.0
S3_reappro_100,B100,INGREDIENTS,Nkongsamba,Littoral,2027-08-01,8,2027,0.05,0.9,33500.0,0.0
S3_reappro_100,B100,INGREDIENTS,Pk11,Littoral,2027-08-01,8,2027,0.03,0.6,33500.0,0.0
S3_reappro_100,B100,INGREDIENTS,Village,Littoral,2027-08-01,8,2027,0.01,0.1,33500.0,0.0
S3_reappro_100,B1001,INGREDIENTS,Ndobo,Littoral,2027-08-01,8,2027,0.0,0.0,45950.0,0.0
S3_reappro_100,B1001,INGREDIENTS,Pk11,Littoral,2027-08-01,8,2027,0.0,0.0,45950.0,0.0
S3_reappro_100,B1001,INGREDIENTS,Village,Littoral,2027-08-01,8,2027,0.0,0.0,45950.0,0.0
S3_reappro_100,E101,INGREDIENTS,Buea,Littoral,2027-08-01,8,2027,0.09,1.7,60000.0,0.01
S3_reappro_100,E101,INGREDIENTS,Ndobo,Littoral,2027-08-01,8,2027,0.82,16.4,60000.0,0.09
S3_reappro_100,E101,INGREDIENTS,Nkongsamba,Littoral,2027-08-01,8,2027,0.19,3.9,60000.0,0.03
S3_reappro_100,E101,INGREDIENTS,Pk11,Littoral,2027-08-01,8,2027,0.1,1.9,60000.0,0.01
S3_reappro_100,E101,INGREDIENTS,Village,Littoral,2027-08-01,8,2027,0.23,4.5,60000.0,0.04
S3_reappro_100,E1011,INGREDIENTS,Buea,Littoral,2027-08-01,8,2027,0.01,0.1,61500.0,0.0
S3_reappro_100,E1011,INGREDIENTS,Ndobo,Littoral,2027-08-01,8,2027,0.06,1.2,61500.0,0.01
S3_reappro_100,E1011,INGREDIENTS,Nkongsamba,Littoral,2027-08-01,8,2027,0.04,0.8,61500.0,0.01
S3_reappro_100,E1011,INGREDIENTS,Pk11,Littoral,2027-08-01,8,2027,0.01,0.1,61500.0,0.0
S3_reappro_100,E1011,INGREDIENTS,Village,Littoral,2027-08-01,8,2027,0.02,0.3,61500.0,0.0
S3_reappro_100,E1014,INGREDIENTS,Ndobo,Littoral,2027-08-01,8,2027,0.0,0.0,708.0,0.0
S3_reappro_100,E1014,INGREDIENTS,Village,Littoral,2027-08-01,8,2027,0.0,0.0,708.0,0.0
S3_reappro_100,F114,INGREDIENTS,Buea,Littoral,2027-08-01,8,2027,0.1,2.0,0.0,0.02
S3_reappro_100,F114,INGREDIENTS,Ndobo,Littoral,2027-08-01,8,2027,0.68,13.5,0.0,0.03
S3_reappro_100,F114,INGREDIENTS,Nkongsamba,Littoral,2027-08-01,8,2027,0.16,3.3,0.0,0.01
S3_reappro_100,F114,INGREDIENTS,Pk11,Littoral,2027-08-01,8,2027,0.04,0.8,0.0,0.01
S3_reappro_100,F114,INGREDIENTS,Village,Littoral,2027-08-01,8,2027,0.12,2.4,0.0,0.02
S3_reappro_100,F1145,INGREDIENTS,Buea,Littoral,2027-08-01,8,2027,0.01,0.3,0.0,0.0
S3_reappro_100,F1145,INGREDIENTS,Ndobo,Littoral,2027-08-01,8,2027,0.3,5.9,0.0,0.05
S3_reappro_100,F1145,INGREDIENTS,Nkongsamba,Littoral,2027-08-01,8,2027,0.26,5.1,0.0,0.05
S3_reappro_100,F1145,INGREDIENTS,Pk11,Littoral,2027-08-01,8,2027,0.06,1.1,0.0,0.01
S3_reappro_100,F1145,INGREDIENTS,Village,Littoral,2027-08-01,8,2027,0.17,3.3,0.0,0.03
S3_reappro_100,F1147,INGREDIENTS,Buea,Littoral,2027-08-01,8,2027,0.0,0.0,0.0,0.0
S3_reappro_100,F1147,INGREDIENTS,Ndobo,Littoral,2027-08-01,8,2027,0.01,0.1,0.0,0.0
S3_reappro_100,F1147,INGREDIENTS,Nkongsamba,Littoral,2027-08-01,8,2027,0.05,1.0,0.0,0.01
S3_reappro_100,F1147,INGREDIENTS,Pk11,Littoral,2027-08-01,8,2027,0.01,0.1,0.0,0.0
S3_reappro_100,F1147,INGREDIENTS,Village,Littoral,2027-08-01,8,2027,0.0,0.0,0.0,0.0
S3_reappro_100,I105,INGREDIENTS,Ndobo,Littoral,2027-08-01,8,2027,0.01,0.2,35500.0,0.0
S3_reappro_100,I105,INGREDIENTS,Nkongsamba,Littoral,2027-08-01,8,2027,0.03,0.6,35500.0,0.0
S3_reappro_100,I105,INGREDIENTS,Pk11,Littoral,2027-08-01,8,2027,0.01,0.2,35500.0,0.0
S3_reappro_100,I1051,INGREDIENTS,Buea,Littoral,2027-08-01,8,2027,0.0,0.0,41000.0,0.0
S3_reappro_100,I1051,INGREDIENTS,Ndobo,Littoral,2027-08-01,8,2027,0.04,0.7,41000.0,0.0
S3_reappro_100,I1051,INGREDIENTS,Nkongsamba,Littoral,2027-08-01,8,2027,0.08,1.5,41000.0,0.01
S3_reappro_100,I1051,INGREDIENTS,Pk11,Littoral,2027-08-01,8,2027,0.0,0.1,41000.0,0.0
S3_reappro_100,I1051,INGREDIENTS,Village,Littoral,2027-08-01,8,2027,0.01,0.2,41000.0,0.0
S3_reappro_100,I106,INGREDIENTS,Buea,Littoral,2027-08-01,8,2027,0.01,0.2,0.0,0.01
S3_reappro_100,I106,INGREDIENTS,Ndobo,Littoral,2027-08-01,8,2027,0.47,9.4,0.0,0.14
S3_reappro_100,I106,INGREDIENTS,Nkongsamba,Littoral,2027-08-01,8,2027,0.03,0.6,0.0,0.02
S3_reappro_100,I106,INGREDIENTS,Pk11,Littoral,2027-08-01,8,2027,0.02,0.3,0.0,0.01
S3_reappro_100,I106,INGREDIENTS,Village,Littoral,2027-08-01,8,2027,0.08,1.7,0.0,0.05
S3_reappro_100,I1061,INGREDIENTS,Buea,Littoral,2027-08-01,8,2027,0.0,0.1,0.0,0.0
S3_reappro_100,I1061,INGREDIENTS,Ndobo,Littoral,2027-08-01,8,2027,0.01,0.3,0.0,0.01
S3_reappro_100,I1061,INGREDIENTS,Nkongsamba,Littoral,2027-08-01,8,2027,0.01,0.2,0.0,0.01
S3_reappro_100,I1061,INGREDIENTS,Pk11,Littoral,2027-08-01,8,2027,0.0,0.0,0.0,0.0
S3_reappro_100,I1061,INGREDIENTS,Village,Littoral,2027-08-01,8,2027,0.01,0.1,0.0,0.0
S3_reappro_100,I107,INGREDIENTS,Buea,Littoral,2027-08-01,8,2027,0.01,0.2,0.0,0.0
S3_reappro_100,I107,INGREDIENTS,Ndobo,Littoral,2027-08-01,8,2027,0.95,18.9,0.0,0.19
S3_reappro_100,I107,INGREDIENTS,Nkongsamba,Littoral,2027-08-01,8,2027,0.04,0.8,0.0,0.01
S3_reappro_100,I107,INGREDIENTS,Pk11,Littoral,2027-08-01,8,2027,0.02,0.4,0.0,0.01
S3_reappro_100,I107,INGREDIENTS,Village,Littoral,2027-08-01,8,2027,0.14,2.8,0.0,0.05
S3_reappro_100,I1071,INGREDIENTS,Buea,Littoral,2027-08-01,8,2027,0.0,0.1,0.0,0.0
S3_reappro_100,I1071,INGREDIENTS,Ndobo,Littoral,2027-08-01,8,2027,0.01,0.2,0.0,0.0
S3_reappro_100,I1071,INGREDIENTS,Nkongsamba,Littoral,2027-08-01,8,2027,0.0,0.1,0.0,0.0
S3_reappro_100,I1071,INGREDIENTS,Pk11,Littoral,2027-08-01,8,2027,0.0,0.0,0.0,0.0
S3_reappro_100,I1071,INGREDIENTS,Village,Littoral,2027-08-01,8,2027,0.0,0.1,0.0,0.0
S3_reappro_100,P105,INGREDIENTS,Buea,Littoral,2027-08-01,8,2027,1.3,26.0,0.0,0.2
S3_reappro_100,P105,INGREDIENTS,Ndobo,Littoral,2027-08-01,8,2027,3.37,67.4,0.0,0.43
S3_reappro_100,P105,INGREDIENTS,Nkongsamba,Littoral,2027-08-01,8,2027,2.0,40.1,0.0,0.33
S3_reappro_100,P105,INGREDIENTS,Pk11,Littoral,2027-08-01,8,2027,0.39,7.7,0.0,0.05
S3_reappro_100,P105,INGREDIENTS,Village,Littoral,2027-08-01,8,2027,0.96,19.1,0.0,0.2
S3_reappro_100,P1051,INGREDIENTS,Buea,Littoral,2027-08-01,8,2027,0.12,2.4,0.0,0.01
S3_reappro_100,P1051,INGREDIENTS,Ndobo,Littoral,2027-08-01,8,2027,0.13,2.6,0.0,0.01
S3_reappro_100,P1051,INGREDIENTS,Nkongsamba,Littoral,2027-08-01,8,2027,0.23,4.6,0.0,0.03
S3_reappro_100,P1051,INGREDIENTS,Pk11,Littoral,2027-08-01,8,2027,0.01,0.3,0.0,0.0
S3_reappro_100,P1051,INGREDIENTS,Village,Littoral,2027-08-01,8,2027,0.01,0.1,0.0,0.0
S3_reappro_100,P1053,INGREDIENTS,Buea,Littoral,2027-08-01,8,2027,0.0,0.0,0.0,0.0
S3_reappro_100,P1053,INGREDIENTS,Ndobo,Littoral,2027-08-01,8,2027,0.08,1.6,0.0,0.01
S3_reappro_100,P1053,INGREDIENTS,Nkongsamba,Littoral,2027-08-01,8,2027,0.03,0.5,0.0,0.0
S3_reappro_100,P1053,INGREDIENTS,Pk11,Littoral,2027-08-01,8,2027,0.01,0.2,0.0,0.0
S3_reappro_100,P1053,INGREDIENTS,Village,Littoral,2027-08-01,8,2027,0.01,0.2,0.0,0.0
S3_reappro_100,B100,INGREDIENTS,Ndobo,Littoral,2027-09-01,9,2027,0.44,8.8,33500.0,0.01
S3_reappro_100,B100,INGREDIENTS,Nkongsamba,Littoral,2027-09-01,9,2027,0.06,1.2,33500.0,0.01
S3_reappro_100,B100,INGREDIENTS,Pk11,Littoral,2027-09-01,9,2027,0.04,0.8,33500.0,0.0
S3_reappro_100,B100,INGREDIENTS,Village,Littoral,2027-09-01,9,2027,0.01,0.2,33500.0,0.0
S3_reappro_100,B1001,INGREDIENTS,Ndobo,Littoral,2027-09-01,9,2027,0.0,0.0,45950.0,0.0
S3_reappro_100,B1001,INGREDIENTS,Pk11,Littoral,2027-09-01,9,2027,0.0,0.0,45950.0,0.0
S3_reappro_100,B1001,INGREDIENTS,Village,Littoral,2027-09-01,9,2027,0.0,0.1,45950.0,0.0
S3_reappro_100,E101,INGREDIENTS,Buea,Littoral,2027-09-01,9,2027,0.12,2.4,60000.0,0.02
S3_reappro_100,E101,INGREDIENTS,Ndobo,Littoral,2027-09-01,9,2027,1.13,22.6,60000.0,0.13
S3_reappro_100,E101,INGREDIENTS,Nkongsamba,Littoral,2027-09-01,9,2027,0.27,5.3,60000.0,0.04
S3_reappro_100,E101,INGREDIENTS,Pk11,Littoral,2027-09-01,9,2027,0.13,2.7,60000.0,0.02
S3_reappro_100,E101,INGREDIENTS,Village,Littoral,2027-09-01,9,2027,0.31,6.2,60000.0,0.06
S3_reappro_100,E1011,INGREDIENTS,Buea,Littoral,2027-09-01,9,2027,0.01,0.1,61500.0,0.0
S3_reappro_100,E1011,INGREDIENTS,Ndobo,Littoral,2027-09-01,9,2027,0.08,1.6,61500.0,0.01
S3_reappro_100,E1011,INGREDIENTS,Nkongsamba,Littoral,2027-09-01,9,2027,0.06,1.1,61500.0,0.01
S3_reappro_100,E1011,INGREDIENTS,Pk11,Littoral,2027-09-01,9,2027,0.01,0.2,61500.0,0.0
S3_reappro_100,E1011,INGREDIENTS,Village,Littoral,2027-09-01,9,2027,0.02,0.5,61500.0,0.0
S3_reappro_100,E1014,INGREDIENTS,Ndobo,Littoral,2027-09-01,9,2027,0.0,0.0,708.0,0.0
S3_reappro_100,E1014,INGREDIENTS,Village,Littoral,2027-09-01,9,2027,0.0,0.0,708.0,0.0
S3_reappro_100,F114,INGREDIENTS,Buea,Littoral,2027-09-01,9,2027,0.14,2.7,0.0,0.02
S3_reappro_100,F114,INGREDIENTS,Ndobo,Littoral,2027-09-01,9,2027,0.93,18.6,0.0,0.04
S3_reappro_100,F114,INGREDIENTS,Nkongsamba,Littoral,2027-09-01,9,2027,0.23,4.5,0.0,0.01
S3_reappro_100,F114,INGREDIENTS,Pk11,Littoral,2027-09-01,9,2027,0.05,1.1,0.0,0.01
S3_reappro_100,F114,INGREDIENTS,Village,Littoral,2027-09-01,9,2027,0.17,3.3,0.0,0.02
S3_reappro_100,F1145,INGREDIENTS,Buea,Littoral,2027-09-01,9,2027,0.02,0.4,0.0,0.0
S3_reappro_100,F1145,INGREDIENTS,Ndobo,Littoral,2027-09-01,9,2027,0.41,8.2,0.0,0.07
S3_reappro_100,F1145,INGREDIENTS,Nkongsamba,Littoral,2027-09-01,9,2027,0.35,7.1,0.0,0.06
S3_reappro_100,F1145,INGREDIENTS,Pk11,Littoral,2027-09-01,9,2027,0.08,1.5,0.0,0.01
S3_reappro_100,F1145,INGREDIENTS,Village,Littoral,2027-09-01,9,2027,0.23,4.6,0.0,0.04
S3_reappro_100,F1147,INGREDIENTS,Buea,Littoral,2027-09-01,9,2027,0.0,0.0,0.0,0.0
S3_reappro_100,F1147,INGREDIENTS,Ndobo,Littoral,2027-09-01,9,2027,0.01,0.2,0.0,0.0
S3_reappro_100,F1147,INGREDIENTS,Nkongsamba,Littoral,2027-09-01,9,2027,0.07,1.4,0.0,0.01
S3_reappro_100,F1147,INGREDIENTS,Pk11,Littoral,2027-09-01,9,2027,0.01,0.2,0.0,0.0
S3_reappro_100,F1147,INGREDIENTS,Village,Littoral,2027-09-01,9,2027,0.0,0.0,0.0,0.0
S3_reappro_100,I105,INGREDIENTS,Ndobo,Littoral,2027-09-01,9,2027,0.01,0.3,35500.0,0.0
S3_reappro_100,I105,INGREDIENTS,Nkongsamba,Littoral,2027-09-01,9,2027,0.04,0.8,35500.0,0.0
S3_reappro_100,I105,INGREDIENTS,Pk11,Littoral,2027-09-01,9,2027,0.01,0.3,35500.0,0.0
S3_reappro_100,I1051,INGREDIENTS,Buea,Littoral,2027-09-01,9,2027,0.0,0.0,41000.0,0.0
S3_reappro_100,I1051,INGREDIENTS,Ndobo,Littoral,2027-09-01,9,2027,0.05,1.0,41000.0,0.01
S3_reappro_100,I1051,INGREDIENTS,Nkongsamba,Littoral,2027-09-01,9,2027,0.11,2.1,41000.0,0.01
S3_reappro_100,I1051,INGREDIENTS,Pk11,Littoral,2027-09-01,9,2027,0.01,0.1,41000.0,0.0
S3_reappro_100,I1051,INGREDIENTS,Village,Littoral,2027-09-01,9,2027,0.02,0.3,41000.0,0.0
S3_reappro_100,I106,INGREDIENTS,Buea,Littoral,2027-09-01,9,2027,0.01,0.2,0.0,0.01
S3_reappro_100,I106,INGREDIENTS,Ndobo,Littoral,2027-09-01,9,2027,0.65,12.9,0.0,0.19
S3_reappro_100,I106,INGREDIENTS,Nkongsamba,Littoral,2027-09-01,9,2027,0.04,0.9,0.0,0.02
S3_reappro_100,I106,INGREDIENTS,Pk11,Littoral,2027-09-01,9,2027,0.02,0.4,0.0,0.01
S3_reappro_100,I106,INGREDIENTS,Village,Littoral,2027-09-01,9,2027,0.12,2.3,0.0,0.07
S3_reappro_100,I1061,INGREDIENTS,Buea,Littoral,2027-09-01,9,2027,0.01,0.1,0.0,0.0
S3_reappro_100,I1061,INGREDIENTS,Ndobo,Littoral,2027-09-01,9,2027,0.02,0.4,0.0,0.01
S3_reappro_100,I1061,INGREDIENTS,Nkongsamba,Littoral,2027-09-01,9,2027,0.01,0.2,0.0,0.01
S3_reappro_100,I1061,INGREDIENTS,Pk11,Littoral,2027-09-01,9,2027,0.0,0.1,0.0,0.0
S3_reappro_100,I1061,INGREDIENTS,Village,Littoral,2027-09-01,9,2027,0.01,0.2,0.0,0.01
S3_reappro_100,I107,INGREDIENTS,Buea,Littoral,2027-09-01,9,2027,0.01,0.3,0.0,0.0
S3_reappro_100,I107,INGREDIENTS,Ndobo,Littoral,2027-09-01,9,2027,1.3,26.1,0.0,0.27
S3_reappro_100,I107,INGREDIENTS,Nkongsamba,Littoral,2027-09-01,9,2027,0.06,1.2,0.0,0.02
S3_reappro_100,I107,INGREDIENTS,Pk11,Littoral,2027-09-01,9,2027,0.03,0.5,0.0,0.01
S3_reappro_100,I107,INGREDIENTS,Village,Littoral,2027-09-01,9,2027,0.2,3.9,0.0,0.07
S3_reappro_100,I1071,INGREDIENTS,Buea,Littoral,2027-09-01,9,2027,0.01,0.1,0.0,0.0
S3_reappro_100,I1071,INGREDIENTS,Ndobo,Littoral,2027-09-01,9,2027,0.02,0.3,0.0,0.01
S3_reappro_100,I1071,INGREDIENTS,Nkongsamba,Littoral,2027-09-01,9,2027,0.01,0.1,0.0,0.0
S3_reappro_100,I1071,INGREDIENTS,Pk11,Littoral,2027-09-01,9,2027,0.0,0.1,0.0,0.0
S3_reappro_100,I1071,INGREDIENTS,Village,Littoral,2027-09-01,9,2027,0.01,0.1,0.0,0.0
S3_reappro_100,P105,INGREDIENTS,Buea,Littoral,2027-09-01,9,2027,1.79,35.9,0.0,0.28
S3_reappro_100,P105,INGREDIENTS,Ndobo,Littoral,2027-09-01,9,2027,4.65,93.1,0.0,0.59
S3_reappro_100,P105,INGREDIENTS,Nkongsamba,Littoral,2027-09-01,9,2027,2.77,55.3,0.0,0.46
S3_reappro_100,P105,INGREDIENTS,Pk11,Littoral,2027-09-01,9,2027,0.53,10.7,0.0,0.06
S3_reappro_100,P105,INGREDIENTS,Village,Littoral,2027-09-01,9,2027,1.32,26.4,0.0,0.28
S3_reappro_100,P1051,INGREDIENTS,Buea,Littoral,2027-09-01,9,2027,0.16,3.2,0.0,0.02
S3_reappro_100,P1051,INGREDIENTS,Ndobo,Littoral,2027-09-01,9,2027,0.18,3.6,0.0,0.02
S3_reappro_100,P1051,INGREDIENTS,Nkongsamba,Littoral,2027-09-01,9,2027,0.32,6.4,0.0,0.04
S3_reappro_100,P1051,INGREDIENTS,Pk11,Littoral,2027-09-01,9,2027,0.02,0.4,0.0,0.0
S3_reappro_100,P1051,INGREDIENTS,Village,Littoral,2027-09-01,9,2027,0.01,0.2,0.0,0.0
S3_reappro_100,P1053,INGREDIENTS,Buea,Littoral,2027-09-01,9,2027,0.0,0.0,0.0,0.0
S3_reappro_100,P1053,INGREDIENTS,Ndobo,Littoral,2027-09-01,9,2027,0.11,2.2,0.0,0.02
S3_reappro_100,P1053,INGREDIENTS,Nkongsamba,Littoral,2027-09-01,9,2027,0.04,0.8,0.0,0.01
S3_reappro_100,P1053,INGREDIENTS,Pk11,Littoral,2027-09-01,9,2027,0.01,0.2,0.0,0.0
S3_reappro_100,P1053,INGREDIENTS,Village,Littoral,2027-09-01,9,2027,0.01,0.2,0.0,0.0
S3_reappro_100,B100,INGREDIENTS,Ndobo,Littoral,2027-10-01,10,2027,0.3,6.1,33500.0,0.0
S3_reappro_100,B100,INGREDIENTS,Nkongsamba,Littoral,2027-10-01,10,2027,0.04,0.9,33500.0,0.0
S3_reappro_100,B100,INGREDIENTS,Pk11,Littoral,2027-10-01,10,2027,0.03,0.6,33500.0,0.0
S3_reappro_100,B100,INGREDIENTS,Village,Littoral,2027-10-01,10,2027,0.01,0.1,33500.0,0.0
S3_reappro_100,B1001,INGREDIENTS,Ndobo,Littoral,2027-10-01,10,2027,0.0,0.0,45950.0,0.0
S3_reappro_100,B1001,INGREDIENTS,Pk11,Littoral,2027-10-01,10,2027,0.0,0.0,45950.0,0.0
S3_reappro_100,B1001,INGREDIENTS,Village,Littoral,2027-10-01,10,2027,0.0,0.0,45950.0,0.0
S3_reappro_100,E101,INGREDIENTS,Buea,Littoral,2027-10-01,10,2027,0.08,1.7,60000.0,0.01
S3_reappro_100,E101,INGREDIENTS,Ndobo,Littoral,2027-10-01,10,2027,0.78,15.6,60000.0,0.09
S3_reappro_100,E101,INGREDIENTS,Nkongsamba,Littoral,2027-10-01,10,2027,0.18,3.7,60000.0,0.03
S3_reappro_100,E101,INGREDIENTS,Pk11,Littoral,2027-10-01,10,2027,0.09,1.8,60000.0,0.01
S3_reappro_100,E101,INGREDIENTS,Village,Littoral,2027-10-01,10,2027,0.22,4.3,60000.0,0.04
S3_reappro_100,E1011,INGREDIENTS,Buea,Littoral,2027-10-01,10,2027,0.0,0.1,61500.0,0.0
S3_reappro_100,E1011,INGREDIENTS,Ndobo,Littoral,2027-10-01,10,2027,0.06,1.1,61500.0,0.01
S3_reappro_100,E1011,INGREDIENTS,Nkongsamba,Littoral,2027-10-01,10,2027,0.04,0.8,61500.0,0.01
S3_reappro_100,E1011,INGREDIENTS,Pk11,Littoral,2027-10-01,10,2027,0.01,0.1,61500.0,0.0
S3_reappro_100,E1011,INGREDIENTS,Village,Littoral,2027-10-01,10,2027,0.02,0.3,61500.0,0.0
S3_reappro_100,E1014,INGREDIENTS,Ndobo,Littoral,2027-10-01,10,2027,0.0,0.0,708.0,0.0
S3_reappro_100,E1014,INGREDIENTS,Village,Littoral,2027-10-01,10,2027,0.0,0.0,708.0,0.0
S3_reappro_100,F114,INGREDIENTS,Buea,Littoral,2027-10-01,10,2027,0.09,1.9,0.0,0.01
S3_reappro_100,F114,INGREDIENTS,Ndobo,Littoral,2027-10-01,10,2027,0.64,12.9,0.0,0.03
S3_reappro_100,F114,INGREDIENTS,Nkongsamba,Littoral,2027-10-01,10,2027,0.16,3.1,0.0,0.01
S3_reappro_100,F114,INGREDIENTS,Pk11,Littoral,2027-10-01,10,2027,0.04,0.7,0.0,0.01
S3_reappro_100,F114,INGREDIENTS,Village,Littoral,2027-10-01,10,2027,0.11,2.3,0.0,0.02
S3_reappro_100,F1145,INGREDIENTS,Buea,Littoral,2027-10-01,10,2027,0.01,0.3,0.0,0.0
S3_reappro_100,F1145,INGREDIENTS,Ndobo,Littoral,2027-10-01,10,2027,0.28,5.6,0.0,0.05
S3_reappro_100,F1145,INGREDIENTS,Nkongsamba,Littoral,2027-10-01,10,2027,0.25,4.9,0.0,0.04
S3_reappro_100,F1145,INGREDIENTS,Pk11,Littoral,2027-10-01,10,2027,0.05,1.1,0.0,0.01
S3_reappro_100,F1145,INGREDIENTS,Village,Littoral,2027-10-01,10,2027,0.16,3.2,0.0,0.03
S3_reappro_100,F1147,INGREDIENTS,Buea,Littoral,2027-10-01,10,2027,0.0,0.0,0.0,0.0
S3_reappro_100,F1147,INGREDIENTS,Ndobo,Littoral,2027-10-01,10,2027,0.01,0.1,0.0,0.0
S3_reappro_100,F1147,INGREDIENTS,Nkongsamba,Littoral,2027-10-01,10,2027,0.05,1.0,0.0,0.01
S3_reappro_100,F1147,INGREDIENTS,Pk11,Littoral,2027-10-01,10,2027,0.01,0.1,0.0,0.0
S3_reappro_100,F1147,INGREDIENTS,Village,Littoral,2027-10-01,10,2027,0.0,0.0,0.0,0.0
S3_reappro_100,I105,INGREDIENTS,Ndobo,Littoral,2027-10-01,10,2027,0.01,0.2,35500.0,0.0
S3_reappro_100,I105,INGREDIENTS,Nkongsamba,Littoral,2027-10-01,10,2027,0.03,0.6,35500.0,0.0
S3_reappro_100,I105,INGREDIENTS,Pk11,Littoral,2027-10-01,10,2027,0.01,0.2,35500.0,0.0
S3_reappro_100,I1051,INGREDIENTS,Buea,Littoral,2027-10-01,10,2027,0.0,0.0,41000.0,0.0
S3_reappro_100,I1051,INGREDIENTS,Ndobo,Littoral,2027-10-01,10,2027,0.03,0.7,41000.0,0.0
S3_reappro_100,I1051,INGREDIENTS,Nkongsamba,Littoral,2027-10-01,10,2027,0.07,1.5,41000.0,0.01
S3_reappro_100,I1051,INGREDIENTS,Pk11,Littoral,2027-10-01,10,2027,0.0,0.1,41000.0,0.0
S3_reappro_100,I1051,INGREDIENTS,Village,Littoral,2027-10-01,10,2027,0.01,0.2,41000.0,0.0
S3_reappro_100,I106,INGREDIENTS,Buea,Littoral,2027-10-01,10,2027,0.01,0.2,0.0,0.0
S3_reappro_100,I106,INGREDIENTS,Ndobo,Littoral,2027-10-01,10,2027,0.45,8.9,0.0,0.13
S3_reappro_100,I106,INGREDIENTS,Nkongsamba,Littoral,2027-10-01,10,2027,0.03,0.6,0.0,0.02
S3_reappro_100,I106,INGREDIENTS,Pk11,Littoral,2027-10-01,10,2027,0.01,0.3,0.0,0.01
S3_reappro_100,I106,INGREDIENTS,Village,Littoral,2027-10-01,10,2027,0.08,1.6,0.0,0.05
S3_reappro_100,I1061,INGREDIENTS,Buea,Littoral,2027-10-01,10,2027,0.0,0.1,0.0,0.0
S3_reappro_100,I1061,INGREDIENTS,Ndobo,Littoral,2027-10-01,10,2027,0.01,0.3,0.0,0.01
S3_reappro_100,I1061,INGREDIENTS,Nkongsamba,Littoral,2027-10-01,10,2027,0.01,0.1,0.0,0.0
S3_reappro_100,I1061,INGREDIENTS,Pk11,Littoral,2027-10-01,10,2027,0.0,0.0,0.0,0.0
S3_reappro_100,I1061,INGREDIENTS,Village,Littoral,2027-10-01,10,2027,0.01,0.1,0.0,0.0
S3_reappro_100,I107,INGREDIENTS,Buea,Littoral,2027-10-01,10,2027,0.01,0.2,0.0,0.0
S3_reappro_100,I107,INGREDIENTS,Ndobo,Littoral,2027-10-01,10,2027,0.9,18.1,0.0,0.19
S3_reappro_100,I107,INGREDIENTS,Nkongsamba,Littoral,2027-10-01,10,2027,0.04,0.8,0.0,0.01
S3_reappro_100,I107,INGREDIENTS,Pk11,Littoral,2027-10-01,10,2027,0.02,0.4,0.0,0.01
S3_reappro_100,I107,INGREDIENTS,Village,Littoral,2027-10-01,10,2027,0.14,2.7,0.0,0.04
S3_reappro_100,I1071,INGREDIENTS,Buea,Littoral,2027-10-01,10,2027,0.0,0.1,0.0,0.0
S3_reappro_100,I1071,INGREDIENTS,Ndobo,Littoral,2027-10-01,10,2027,0.01,0.2,0.0,0.0
S3_reappro_100,I1071,INGREDIENTS,Nkongsamba,Littoral,2027-10-01,10,2027,0.0,0.1,0.0,0.0
S3_reappro_100,I1071,INGREDIENTS,Pk11,Littoral,2027-10-01,10,2027,0.0,0.0,0.0,0.0
S3_reappro_100,I1071,INGREDIENTS,Village,Littoral,2027-10-01,10,2027,0.0,0.1,0.0,0.0
S3_reappro_100,P105,INGREDIENTS,Buea,Littoral,2027-10-01,10,2027,1.24,24.8,0.0,0.19
S3_reappro_100,P105,INGREDIENTS,Ndobo,Littoral,2027-10-01,10,2027,3.22,64.4,0.0,0.41
S3_reappro_100,P105,INGREDIENTS,Nkongsamba,Littoral,2027-10-01,10,2027,1.91,38.3,0.0,0.31
S3_reappro_100,P105,INGREDIENTS,Pk11,Littoral,2027-10-01,10,2027,0.37,7.4,0.0,0.04
S3_reappro_100,P105,INGREDIENTS,Village,Littoral,2027-10-01,10,2027,0.91,18.3,0.0,0.19
S3_reappro_100,P1051,INGREDIENTS,Buea,Littoral,2027-10-01,10,2027,0.11,2.2,0.0,0.01
S3_reappro_100,P1051,INGREDIENTS,Ndobo,Littoral,2027-10-01,10,2027,0.12,2.5,0.0,0.01
S3_reappro_100,P1051,INGREDIENTS,Nkongsamba,Littoral,2027-10-01,10,2027,0.22,4.4,0.0,0.03
S3_reappro_100,P1051,INGREDIENTS,Pk11,Littoral,2027-10-01,10,2027,0.01,0.3,0.0,0.0
S3_reappro_100,P1051,INGREDIENTS,Village,Littoral,2027-10-01,10,2027,0.01,0.1,0.0,0.0
S3_reappro_100,P1053,INGREDIENTS,Buea,Littoral,2027-10-01,10,2027,0.0,0.0,0.0,0.0
S3_reappro_100,P1053,INGREDIENTS,Ndobo,Littoral,2027-10-01,10,2027,0.08,1.5,0.0,0.01
S3_reappro_100,P1053,INGREDIENTS,Nkongsamba,Littoral,2027-10-01,10,2027,0.03,0.5,0.0,0.0
S3_reappro_100,P1053,INGREDIENTS,Pk11,Littoral,2027-10-01,10,2027,0.01,0.2,0.0,0.0
S3_reappro_100,P1053,INGREDIENTS,Village,Littoral,2027-10-01,10,2027,0.01,0.2,0.0,0.0
S3_reappro_100,B100,INGREDIENTS,Ndobo,Littoral,2027-11-01,11,2027,0.56,11.2,33500.0,0.01
S3_reappro_100,B100,INGREDIENTS,Nkongsamba,Littoral,2027-11-01,11,2027,0.08,1.6,33500.0,0.01
S3_reappro_100,B100,INGREDIENTS,Pk11,Littoral,2027-11-01,11,2027,0.05,1.1,33500.0,0.0
S3_reappro_100,B100,INGREDIENTS,Village,Littoral,2027-11-01,11,2027,0.01,0.2,33500.0,0.0
S3_reappro_100,B1001,INGREDIENTS,Ndobo,Littoral,2027-11-01,11,2027,0.0,0.0,45950.0,0.0
S3_reappro_100,B1001,INGREDIENTS,Pk11,Littoral,2027-11-01,11,2027,0.0,0.0,45950.0,0.0
S3_reappro_100,B1001,INGREDIENTS,Village,Littoral,2027-11-01,11,2027,0.0,0.1,45950.0,0.0
S3_reappro_100,E101,INGREDIENTS,Buea,Littoral,2027-11-01,11,2027,0.15,3.1,60000.0,0.02
S3_reappro_100,E101,INGREDIENTS,Ndobo,Littoral,2027-11-01,11,2027,1.44,28.8,60000.0,0.16
S3_reappro_100,E101,INGREDIENTS,Nkongsamba,Littoral,2027-11-01,11,2027,0.34,6.8,60000.0,0.05
S3_reappro_100,E101,INGREDIENTS,Pk11,Littoral,2027-11-01,11,2027,0.17,3.4,60000.0,0.02
S3_reappro_100,E101,INGREDIENTS,Village,Littoral,2027-11-01,11,2027,0.4,7.9,60000.0,0.08
S3_reappro_100,E1011,INGREDIENTS,Buea,Littoral,2027-11-01,11,2027,0.01,0.2,61500.0,0.0
S3_reappro_100,E1011,INGREDIENTS,Ndobo,Littoral,2027-11-01,11,2027,0.1,2.1,61500.0,0.01
S3_reappro_100,E1011,INGREDIENTS,Nkongsamba,Littoral,2027-11-01,11,2027,0.07,1.4,61500.0,0.01
S3_reappro_100,E1011,INGREDIENTS,Pk11,Littoral,2027-11-01,11,2027,0.01,0.2,61500.0,0.0
S3_reappro_100,E1011,INGREDIENTS,Village,Littoral,2027-11-01,11,2027,0.03,0.6,61500.0,0.01
S3_reappro_100,E1014,INGREDIENTS,Ndobo,Littoral,2027-11-01,11,2027,0.0,0.0,708.0,0.0
S3_reappro_100,E1014,INGREDIENTS,Village,Littoral,2027-11-01,11,2027,0.0,0.0,708.0,0.0
S3_reappro_100,F114,INGREDIENTS,Buea,Littoral,2027-11-01,11,2027,0.17,3.5,0.0,0.03
S3_reappro_100,F114,INGREDIENTS,Ndobo,Littoral,2027-11-01,11,2027,1.19,23.8,0.0,0.06
S3_reappro_100,F114,INGREDIENTS,Nkongsamba,Littoral,2027-11-01,11,2027,0.29,5.8,0.0,0.02
S3_reappro_100,F114,INGREDIENTS,Pk11,Littoral,2027-11-01,11,2027,0.07,1.3,0.0,0.01
S3_reappro_100,F114,INGREDIENTS,Village,Littoral,2027-11-01,11,2027,0.21,4.2,0.0,0.03
S3_reappro_100,F1145,INGREDIENTS,Buea,Littoral,2027-11-01,11,2027,0.02,0.5,0.0,0.0
S3_reappro_100,F1145,INGREDIENTS,Ndobo,Littoral,2027-11-01,11,2027,0.52,10.4,0.0,0.09
S3_reappro_100,F1145,INGREDIENTS,Nkongsamba,Littoral,2027-11-01,11,2027,0.45,9.0,0.0,0.08
S3_reappro_100,F1145,INGREDIENTS,Pk11,Littoral,2027-11-01,11,2027,0.1,2.0,0.0,0.02
S3_reappro_100,F1145,INGREDIENTS,Village,Littoral,2027-11-01,11,2027,0.29,5.8,0.0,0.05
S3_reappro_100,F1147,INGREDIENTS,Buea,Littoral,2027-11-01,11,2027,0.0,0.0,0.0,0.0
S3_reappro_100,F1147,INGREDIENTS,Ndobo,Littoral,2027-11-01,11,2027,0.01,0.2,0.0,0.0
S3_reappro_100,F1147,INGREDIENTS,Nkongsamba,Littoral,2027-11-01,11,2027,0.09,1.8,0.0,0.02
S3_reappro_100,F1147,INGREDIENTS,Pk11,Littoral,2027-11-01,11,2027,0.01,0.2,0.0,0.0
S3_reappro_100,F1147,INGREDIENTS,Village,Littoral,2027-11-01,11,2027,0.0,0.0,0.0,0.0
S3_reappro_100,I105,INGREDIENTS,Ndobo,Littoral,2027-11-01,11,2027,0.02,0.4,35500.0,0.0
S3_reappro_100,I105,INGREDIENTS,Nkongsamba,Littoral,2027-11-01,11,2027,0.05,1.0,35500.0,0.0
S3_reappro_100,I105,INGREDIENTS,Pk11,Littoral,2027-11-01,11,2027,0.02,0.3,35500.0,0.0
S3_reappro_100,I1051,INGREDIENTS,Buea,Littoral,2027-11-01,11,2027,0.0,0.0,41000.0,0.0
S3_reappro_100,I1051,INGREDIENTS,Ndobo,Littoral,2027-11-01,11,2027,0.06,1.3,41000.0,0.01
S3_reappro_100,I1051,INGREDIENTS,Nkongsamba,Littoral,2027-11-01,11,2027,0.14,2.7,41000.0,0.02
S3_reappro_100,I1051,INGREDIENTS,Pk11,Littoral,2027-11-01,11,2027,0.01,0.1,41000.0,0.0
S3_reappro_100,I1051,INGREDIENTS,Village,Littoral,2027-11-01,11,2027,0.02,0.4,41000.0,0.0
S3_reappro_100,I106,INGREDIENTS,Buea,Littoral,2027-11-01,11,2027,0.01,0.3,0.0,0.01
S3_reappro_100,I106,INGREDIENTS,Ndobo,Littoral,2027-11-01,11,2027,0.82,16.5,0.0,0.24
S3_reappro_100,I106,INGREDIENTS,Nkongsamba,Littoral,2027-11-01,11,2027,0.06,1.1,0.0,0.03
S3_reappro_100,I106,INGREDIENTS,Pk11,Littoral,2027-11-01,11,2027,0.03,0.5,0.0,0.01
S3_reappro_100,I106,INGREDIENTS,Village,Littoral,2027-11-01,11,2027,0.15,3.0,0.0,0.09
S3_reappro_100,I1061,INGREDIENTS,Buea,Littoral,2027-11-01,11,2027,0.01,0.2,0.0,0.01
S3_reappro_100,I1061,INGREDIENTS,Ndobo,Littoral,2027-11-01,11,2027,0.02,0.5,0.0,0.01
S3_reappro_100,I1061,INGREDIENTS,Nkongsamba,Littoral,2027-11-01,11,2027,0.01,0.3,0.0,0.01
S3_reappro_100,I1061,INGREDIENTS,Pk11,Littoral,2027-11-01,11,2027,0.0,0.1,0.0,0.0
S3_reappro_100,I1061,INGREDIENTS,Village,Littoral,2027-11-01,11,2027,0.01,0.3,0.0,0.01
S3_reappro_100,I107,INGREDIENTS,Buea,Littoral,2027-11-01,11,2027,0.02,0.3,0.0,0.01
S3_reappro_100,I107,INGREDIENTS,Ndobo,Littoral,2027-11-01,11,2027,1.66,33.3,0.0,0.34
S3_reappro_100,I107,INGREDIENTS,Nkongsamba,Littoral,2027-11-01,11,2027,0.07,1.5,0.0,0.02
S3_reappro_100,I107,INGREDIENTS,Pk11,Littoral,2027-11-01,11,2027,0.03,0.7,0.0,0.01
S3_reappro_100,I107,INGREDIENTS,Village,Littoral,2027-11-01,11,2027,0.25,5.0,0.0,0.08
S3_reappro_100,I1071,INGREDIENTS,Buea,Littoral,2027-11-01,11,2027,0.01,0.1,0.0,0.0
S3_reappro_100,I1071,INGREDIENTS,Ndobo,Littoral,2027-11-01,11,2027,0.02,0.4,0.0,0.01
S3_reappro_100,I1071,INGREDIENTS,Nkongsamba,Littoral,2027-11-01,11,2027,0.01,0.2,0.0,0.0
S3_reappro_100,I1071,INGREDIENTS,Pk11,Littoral,2027-11-01,11,2027,0.0,0.1,0.0,0.0
S3_reappro_100,I1071,INGREDIENTS,Village,Littoral,2027-11-01,11,2027,0.01,0.2,0.0,0.0
S3_reappro_100,P105,INGREDIENTS,Buea,Littoral,2027-11-01,11,2027,2.29,45.7,0.0,0.36
S3_reappro_100,P105,INGREDIENTS,Ndobo,Littoral,2027-11-01,11,2027,5.93,118.6,0.0,0.76
S3_reappro_100,P105,INGREDIENTS,Nkongsamba,Littoral,2027-11-01,11,2027,3.52,70.5,0.0,0.58
S3_reappro_100,P105,INGREDIENTS,Pk11,Littoral,2027-11-01,11,2027,0.68,13.6,0.0,0.08
S3_reappro_100,P105,INGREDIENTS,Village,Littoral,2027-11-01,11,2027,1.68,33.7,0.0,0.36
S3_reappro_100,P1051,INGREDIENTS,Buea,Littoral,2027-11-01,11,2027,0.21,4.1,0.0,0.03
S3_reappro_100,P1051,INGREDIENTS,Ndobo,Littoral,2027-11-01,11,2027,0.23,4.5,0.0,0.03
S3_reappro_100,P1051,INGREDIENTS,Nkongsamba,Littoral,2027-11-01,11,2027,0.41,8.2,0.0,0.06
S3_reappro_100,P1051,INGREDIENTS,Pk11,Littoral,2027-11-01,11,2027,0.02,0.5,0.0,0.0
S3_reappro_100,P1051,INGREDIENTS,Village,Littoral,2027-11-01,11,2027,0.01,0.3,0.0,0.0
S3_reappro_100,P1053,INGREDIENTS,Buea,Littoral,2027-11-01,11,2027,0.0,0.1,0.0,0.0
S3_reappro_100,P1053,INGREDIENTS,Ndobo,Littoral,2027-11-01,11,2027,0.14,2.8,0.0,0.02
S3_reappro_100,P1053,INGREDIENTS,Nkongsamba,Littoral,2027-11-01,11,2027,0.05,1.0,0.0,0.01
S3_reappro_100,P1053,INGREDIENTS,Pk11,Littoral,2027-11-01,11,2027,0.01,0.3,0.0,0.0
S3_reappro_100,P1053,INGREDIENTS,Village,Littoral,2027-11-01,11,2027,0.01,0.3,0.0,0.0
S3_reappro_100,B100,INGREDIENTS,Ndobo,Littoral,2027-12-01,12,2027,0.02,0.4,33500.0,0.0
S3_reappro_100,B100,INGREDIENTS,Nkongsamba,Littoral,2027-12-01,12,2027,0.0,0.1,33500.0,0.0
S3_reappro_100,B100,INGREDIENTS,Pk11,Littoral,2027-12-01,12,2027,0.0,0.0,33500.0,0.0
S3_reappro_100,B100,INGREDIENTS,Village,Littoral,2027-12-01,12,2027,0.0,0.0,33500.0,0.0
S3_reappro_100,B1001,INGREDIENTS,Ndobo,Littoral,2027-12-01,12,2027,0.0,0.0,45950.0,0.0
S3_reappro_100,B1001,INGREDIENTS,Pk11,Littoral,2027-12-01,12,2027,0.0,0.0,45950.0,0.0
S3_reappro_100,B1001,INGREDIENTS,Village,Littoral,2027-12-01,12,2027,0.0,0.0,45950.0,0.0
S3_reappro_100,E101,INGREDIENTS,Buea,Littoral,2027-12-01,12,2027,0.01,0.1,60000.0,0.0
S3_reappro_100,E101,INGREDIENTS,Ndobo,Littoral,2027-12-01,12,2027,0.06,1.1,60000.0,0.01
S3_reappro_100,E101,INGREDIENTS,Nkongsamba,Littoral,2027-12-01,12,2027,0.01,0.3,60000.0,0.0
S3_reappro_100,E101,INGREDIENTS,Pk11,Littoral,2027-12-01,12,2027,0.01,0.1,60000.0,0.0
S3_reappro_100,E101,INGREDIENTS,Village,Littoral,2027-12-01,12,2027,0.02,0.3,60000.0,0.0
S3_reappro_100,E1011,INGREDIENTS,Buea,Littoral,2027-12-01,12,2027,0.0,0.0,61500.0,0.0
S3_reappro_100,E1011,INGREDIENTS,Ndobo,Littoral,2027-12-01,12,2027,0.0,0.1,61500.0,0.0
S3_reappro_100,E1011,INGREDIENTS,Nkongsamba,Littoral,2027-12-01,12,2027,0.0,0.1,61500.0,0.0
S3_reappro_100,E1011,INGREDIENTS,Pk11,Littoral,2027-12-01,12,2027,0.0,0.0,61500.0,0.0
S3_reappro_100,E1011,INGREDIENTS,Village,Littoral,2027-12-01,12,2027,0.0,0.0,61500.0,0.0
S3_reappro_100,E1014,INGREDIENTS,Ndobo,Littoral,2027-12-01,12,2027,0.0,0.0,708.0,0.0
S3_reappro_100,E1014,INGREDIENTS,Village,Littoral,2027-12-01,12,2027,0.0,0.0,708.0,0.0
S3_reappro_100,F114,INGREDIENTS,Buea,Littoral,2027-12-01,12,2027,0.01,0.1,0.0,0.0
S3_reappro_100,F114,INGREDIENTS,Ndobo,Littoral,2027-12-01,12,2027,0.05,0.9,0.0,0.0
S3_reappro_100,F114,INGREDIENTS,Nkongsamba,Littoral,2027-12-01,12,2027,0.01,0.2,0.0,0.0
S3_reappro_100,F114,INGREDIENTS,Pk11,Littoral,2027-12-01,12,2027,0.0,0.1,0.0,0.0
S3_reappro_100,F114,INGREDIENTS,Village,Littoral,2027-12-01,12,2027,0.01,0.2,0.0,0.0
S3_reappro_100,F1145,INGREDIENTS,Buea,Littoral,2027-12-01,12,2027,0.0,0.0,0.0,0.0
S3_reappro_100,F1145,INGREDIENTS,Ndobo,Littoral,2027-12-01,12,2027,0.02,0.4,0.0,0.0
S3_reappro_100,F1145,INGREDIENTS,Nkongsamba,Littoral,2027-12-01,12,2027,0.02,0.4,0.0,0.0
S3_reappro_100,F1145,INGREDIENTS,Pk11,Littoral,2027-12-01,12,2027,0.0,0.1,0.0,0.0
S3_reappro_100,F1145,INGREDIENTS,Village,Littoral,2027-12-01,12,2027,0.01,0.2,0.0,0.0
S3_reappro_100,F1147,INGREDIENTS,Buea,Littoral,2027-12-01,12,2027,0.0,0.0,0.0,0.0
S3_reappro_100,F1147,INGREDIENTS,Ndobo,Littoral,2027-12-01,12,2027,0.0,0.0,0.0,0.0
S3_reappro_100,F1147,INGREDIENTS,Nkongsamba,Littoral,2027-12-01,12,2027,0.0,0.1,0.0,0.0
S3_reappro_100,F1147,INGREDIENTS,Pk11,Littoral,2027-12-01,12,2027,0.0,0.0,0.0,0.0
S3_reappro_100,F1147,INGREDIENTS,Village,Littoral,2027-12-01,12,2027,0.0,0.0,0.0,0.0
S3_reappro_100,I105,INGREDIENTS,Ndobo,Littoral,2027-12-01,12,2027,0.0,0.0,35500.0,0.0
S3_reappro_100,I105,INGREDIENTS,Nkongsamba,Littoral,2027-12-01,12,2027,0.0,0.0,35500.0,0.0
S3_reappro_100,I105,INGREDIENTS,Pk11,Littoral,2027-12-01,12,2027,0.0,0.0,35500.0,0.0
S3_reappro_100,I1051,INGREDIENTS,Buea,Littoral,2027-12-01,12,2027,0.0,0.0,41000.0,0.0
S3_reappro_100,I1051,INGREDIENTS,Ndobo,Littoral,2027-12-01,12,2027,0.0,0.1,41000.0,0.0
S3_reappro_100,I1051,INGREDIENTS,Nkongsamba,Littoral,2027-12-01,12,2027,0.01,0.1,41000.0,0.0
S3_reappro_100,I1051,INGREDIENTS,Pk11,Littoral,2027-12-01,12,2027,0.0,0.0,41000.0,0.0
S3_reappro_100,I1051,INGREDIENTS,Village,Littoral,2027-12-01,12,2027,0.0,0.0,41000.0,0.0
S3_reappro_100,I106,INGREDIENTS,Buea,Littoral,2027-12-01,12,2027,0.0,0.0,0.0,0.0
S3_reappro_100,I106,INGREDIENTS,Ndobo,Littoral,2027-12-01,12,2027,0.03,0.7,0.0,0.01
S3_reappro_100,I106,INGREDIENTS,Nkongsamba,Littoral,2027-12-01,12,2027,0.0,0.0,0.0,0.0
S3_reappro_100,I106,INGREDIENTS,Pk11,Littoral,2027-12-01,12,2027,0.0,0.0,0.0,0.0
S3_reappro_100,I106,INGREDIENTS,Village,Littoral,2027-12-01,12,2027,0.01,0.1,0.0,0.0
S3_reappro_100,I1061,INGREDIENTS,Buea,Littoral,2027-12-01,12,2027,0.0,0.0,0.0,0.0
S3_reappro_100,I1061,INGREDIENTS,Ndobo,Littoral,2027-12-01,12,2027,0.0,0.0,0.0,0.0
S3_reappro_100,I1061,INGREDIENTS,Nkongsamba,Littoral,2027-12-01,12,2027,0.0,0.0,0.0,0.0
S3_reappro_100,I1061,INGREDIENTS,Pk11,Littoral,2027-12-01,12,2027,0.0,0.0,0.0,0.0
S3_reappro_100,I1061,INGREDIENTS,Village,Littoral,2027-12-01,12,2027,0.0,0.0,0.0,0.0
S3_reappro_100,I107,INGREDIENTS,Buea,Littoral,2027-12-01,12,2027,0.0,0.0,0.0,0.0
S3_reappro_100,I107,INGREDIENTS,Ndobo,Littoral,2027-12-01,12,2027,0.07,1.3,0.0,0.01
S3_reappro_100,I107,INGREDIENTS,Nkongsamba,Littoral,2027-12-01,12,2027,0.0,0.1,0.0,0.0
S3_reappro_100,I107,INGREDIENTS,Pk11,Littoral,2027-12-01,12,2027,0.0,0.0,0.0,0.0
S3_reappro_100,I107,INGREDIENTS,Village,Littoral,2027-12-01,12,2027,0.01,0.2,0.0,0.0
S3_reappro_100,I1071,INGREDIENTS,Buea,Littoral,2027-12-01,12,2027,0.0,0.0,0.0,0.0
S3_reappro_100,I1071,INGREDIENTS,Ndobo,Littoral,2027-12-01,12,2027,0.0,0.0,0.0,0.0
S3_reappro_100,I1071,INGREDIENTS,Nkongsamba,Littoral,2027-12-01,12,2027,0.0,0.0,0.0,0.0
S3_reappro_100,I1071,INGREDIENTS,Pk11,Littoral,2027-12-01,12,2027,0.0,0.0,0.0,0.0
S3_reappro_100,I1071,INGREDIENTS,Village,Littoral,2027-12-01,12,2027,0.0,0.0,0.0,0.0
S3_reappro_100,P105,INGREDIENTS,Buea,Littoral,2027-12-01,12,2027,0.09,1.8,0.0,0.01
S3_reappro_100,P105,INGREDIENTS,Ndobo,Littoral,2027-12-01,12,2027,0.24,4.7,0.0,0.03
S3_reappro_100,P105,INGREDIENTS,Nkongsamba,Littoral,2027-12-01,12,2027,0.14,2.8,0.0,0.02
S3_reappro_100,P105,INGREDIENTS,Pk11,Littoral,2027-12-01,12,2027,0.03,0.5,0.0,0.0
S3_reappro_100,P105,INGREDIENTS,Village,Littoral,2027-12-01,12,2027,0.07,1.3,0.0,0.01
S3_reappro_100,P1051,INGREDIENTS,Buea,Littoral,2027-12-01,12,2027,0.01,0.2,0.0,0.0
S3_reappro_100,P1051,INGREDIENTS,Ndobo,Littoral,2027-12-01,12,2027,0.01,0.2,0.0,0.0
S3_reappro_100,P1051,INGREDIENTS,Nkongsamba,Littoral,2027-12-01,12,2027,0.02,0.3,0.0,0.0
S3_reappro_100,P1051,INGREDIENTS,Pk11,Littoral,2027-12-01,12,2027,0.0,0.0,0.0,0.0
S3_reappro_100,P1051,INGREDIENTS,Village,Littoral,2027-12-01,12,2027,0.0,0.0,0.0,0.0
S3_reappro_100,P1053,INGREDIENTS,Buea,Littoral,2027-12-01,12,2027,0.0,0.0,0.0,0.0
S3_reappro_100,P1053,INGREDIENTS,Ndobo,Littoral,2027-12-01,12,2027,0.01,0.1,0.0,0.0
S3_reappro_100,P1053,INGREDIENTS,Nkongsamba,Littoral,2027-12-01,12,2027,0.0,0.0,0.0,0.0
S3_reappro_100,P1053,INGREDIENTS,Pk11,Littoral,2027-12-01,12,2027,0.0,0.0,0.0,0.0
S3_reappro_100,P1053,INGREDIENTS,Village,Littoral,2027-12-01,12,2027,0.0,0.0,0.0,0.0
S3_reappro_100,B100,INGREDIENTS,Djeleng,Ouest,2027-01-01,1,2027,0.01,0.2,33500.0,0.0
S3_reappro_100,B100,INGREDIENTS,Famla,Ouest,2027-01-01,1,2027,1.52,30.5,33500.0,0.11
S3_reappro_100,B100,INGREDIENTS,Mbouda,Ouest,2027-01-01,1,2027,0.04,0.8,33500.0,0.01
S3_reappro_100,B1001,INGREDIENTS,Famla,Ouest,2027-01-01,1,2027,0.01,0.2,45950.0,0.0
S3_reappro_100,B1001,INGREDIENTS,Mbouda,Ouest,2027-01-01,1,2027,0.0,0.0,45950.0,0.0
S3_reappro_100,E101,INGREDIENTS,Djeleng,Ouest,2027-01-01,1,2027,0.38,7.6,60000.0,0.12
S3_reappro_100,E101,INGREDIENTS,Famla,Ouest,2027-01-01,1,2027,2.88,57.5,60000.0,0.84
S3_reappro_100,E101,INGREDIENTS,Mbouda,Ouest,2027-01-01,1,2027,0.31,6.3,60000.0,0.11
S3_reappro_100,E1011,INGREDIENTS,Djeleng,Ouest,2027-01-01,1,2027,0.15,2.9,61500.0,0.04
S3_reappro_100,E1011,INGREDIENTS,Famla,Ouest,2027-01-01,1,2027,0.24,4.7,61500.0,0.06
S3_reappro_100,E1011,INGREDIENTS,Mbouda,Ouest,2027-01-01,1,2027,0.17,3.4,61500.0,0.06
S3_reappro_100,F114,INGREDIENTS,Djeleng,Ouest,2027-01-01,1,2027,0.34,6.9,0.0,0.01
S3_reappro_100,F114,INGREDIENTS,Famla,Ouest,2027-01-01,1,2027,2.18,43.6,0.0,0.2
S3_reappro_100,F114,INGREDIENTS,Mbouda,Ouest,2027-01-01,1,2027,0.39,7.9,0.0,0.08
S3_reappro_100,F1145,INGREDIENTS,Djeleng,Ouest,2027-01-01,1,2027,0.11,2.3,0.0,0.04
S3_reappro_100,F1145,INGREDIENTS,Famla,Ouest,2027-01-01,1,2027,0.62,12.4,0.0,0.2
S3_reappro_100,F1145,INGREDIENTS,Mbouda,Ouest,2027-01-01,1,2027,0.38,7.6,0.0,0.12
S3_reappro_100,F1146,INGREDIENTS,Famla,Ouest,2027-01-01,1,2027,0.08,1.5,0.0,0.03
S3_reappro_100,F1147,INGREDIENTS,Famla,Ouest,2027-01-01,1,2027,0.02,0.3,0.0,0.01
S3_reappro_100,F1147,INGREDIENTS,Mbouda,Ouest,2027-01-01,1,2027,0.03,0.7,0.0,0.01
S3_reappro_100,I105,INGREDIENTS,Djeleng,Ouest,2027-01-01,1,2027,0.02,0.3,35500.0,0.0
S3_reappro_100,I105,INGREDIENTS,Famla,Ouest,2027-01-01,1,2027,0.11,2.1,35500.0,0.02
S3_reappro_100,I105,INGREDIENTS,Mbouda,Ouest,2027-01-01,1,2027,0.0,0.1,35500.0,0.0
S3_reappro_100,I1051,INGREDIENTS,Djeleng,Ouest,2027-01-01,1,2027,0.09,1.8,41000.0,0.02
S3_reappro_100,I1051,INGREDIENTS,Famla,Ouest,2027-01-01,1,2027,0.14,2.9,41000.0,0.02
S3_reappro_100,I1051,INGREDIENTS,Mbouda,Ouest,2027-01-01,1,2027,0.07,1.5,41000.0,0.02
S3_reappro_100,I106,INGREDIENTS,Djeleng,Ouest,2027-01-01,1,2027,0.09,1.7,0.0,0.09
S3_reappro_100,I106,INGREDIENTS,Famla,Ouest,2027-01-01,1,2027,0.89,17.8,0.0,0.33
S3_reappro_100,I107,INGREDIENTS,Djeleng,Ouest,2027-01-01,1,2027,0.09,1.8,0.0,0.05
S3_reappro_100,I107,INGREDIENTS,Famla,Ouest,2027-01-01,1,2027,1.12,22.5,0.0,0.2
S3_reappro_100,P105,INGREDIENTS,Djeleng,Ouest,2027-01-01,1,2027,1.99,39.8,0.0,0.55
S3_reappro_100,P105,INGREDIENTS,Famla,Ouest,2027-01-01,1,2027,8.13,162.6,0.0,2.23
S3_reappro_100,P105,INGREDIENTS,Mbouda,Ouest,2027-01-01,1,2027,1.54,30.7,0.0,0.54
S3_reappro_100,P1051,INGREDIENTS,Djeleng,Ouest,2027-01-01,1,2027,0.19,3.8,0.0,0.01
S3_reappro_100,P1051,INGREDIENTS,Famla,Ouest,2027-01-01,1,2027,0.44,8.7,0.0,0.12
S3_reappro_100,P1051,INGREDIENTS,Mbouda,Ouest,2027-01-01,1,2027,0.26,5.3,0.0,0.09
S3_reappro_100,P1053,INGREDIENTS,Djeleng,Ouest,2027-01-01,1,2027,0.03,0.5,0.0,0.01
S3_reappro_100,P1053,INGREDIENTS,Famla,Ouest,2027-01-01,1,2027,0.05,1.0,0.0,0.01
S3_reappro_100,P1053,INGREDIENTS,Mbouda,Ouest,2027-01-01,1,2027,0.08,1.6,0.0,0.02
S3_reappro_100,B100,INGREDIENTS,Djeleng,Ouest,2027-02-01,2,2027,0.01,0.1,33500.0,0.0
S3_reappro_100,B100,INGREDIENTS,Famla,Ouest,2027-02-01,2,2027,1.4,28.0,33500.0,0.1
S3_reappro_100,B100,INGREDIENTS,Mbouda,Ouest,2027-02-01,2,2027,0.04,0.7,33500.0,0.01
S3_reappro_100,B1001,INGREDIENTS,Famla,Ouest,2027-02-01,2,2027,0.01,0.2,45950.0,0.0
S3_reappro_100,B1001,INGREDIENTS,Mbouda,Ouest,2027-02-01,2,2027,0.0,0.0,45950.0,0.0
S3_reappro_100,E101,INGREDIENTS,Djeleng,Ouest,2027-02-01,2,2027,0.35,7.0,60000.0,0.11
S3_reappro_100,E101,INGREDIENTS,Famla,Ouest,2027-02-01,2,2027,2.64,52.8,60000.0,0.77
S3_reappro_100,E101,INGREDIENTS,Mbouda,Ouest,2027-02-01,2,2027,0.29,5.8,60000.0,0.1
S3_reappro_100,E1011,INGREDIENTS,Djeleng,Ouest,2027-02-01,2,2027,0.13,2.7,61500.0,0.03
S3_reappro_100,E1011,INGREDIENTS,Famla,Ouest,2027-02-01,2,2027,0.22,4.3,61500.0,0.06
S3_reappro_100,E1011,INGREDIENTS,Mbouda,Ouest,2027-02-01,2,2027,0.16,3.1,61500.0,0.05
S3_reappro_100,F114,INGREDIENTS,Djeleng,Ouest,2027-02-01,2,2027,0.31,6.3,0.0,0.01
S3_reappro_100,F114,INGREDIENTS,Famla,Ouest,2027-02-01,2,2027,2.0,40.1,0.0,0.18
S3_reappro_100,F114,INGREDIENTS,Mbouda,Ouest,2027-02-01,2,2027,0.36,7.2,0.0,0.08
S3_reappro_100,F1145,INGREDIENTS,Djeleng,Ouest,2027-02-01,2,2027,0.1,2.1,0.0,0.03
S3_reappro_100,F1145,INGREDIENTS,Famla,Ouest,2027-02-01,2,2027,0.57,11.4,0.0,0.18
S3_reappro_100,F1145,INGREDIENTS,Mbouda,Ouest,2027-02-01,2,2027,0.35,6.9,0.0,0.11
S3_reappro_100,F1146,INGREDIENTS,Famla,Ouest,2027-02-01,2,2027,0.07,1.4,0.0,0.02
S3_reappro_100,F1147,INGREDIENTS,Famla,Ouest,2027-02-01,2,2027,0.02,0.3,0.0,0.01
S3_reappro_100,F1147,INGREDIENTS,Mbouda,Ouest,2027-02-01,2,2027,0.03,0.6,0.0,0.01
S3_reappro_100,I105,INGREDIENTS,Djeleng,Ouest,2027-02-01,2,2027,0.02,0.3,35500.0,0.0
S3_reappro_100,I105,INGREDIENTS,Famla,Ouest,2027-02-01,2,2027,0.1,2.0,35500.0,0.02
S3_reappro_100,I105,INGREDIENTS,Mbouda,Ouest,2027-02-01,2,2027,0.0,0.1,35500.0,0.0
S3_reappro_100,I1051,INGREDIENTS,Djeleng,Ouest,2027-02-01,2,2027,0.08,1.7,41000.0,0.01
S3_reappro_100,I1051,INGREDIENTS,Famla,Ouest,2027-02-01,2,2027,0.13,2.6,41000.0,0.02
S3_reappro_100,I1051,INGREDIENTS,Mbouda,Ouest,2027-02-01,2,2027,0.07,1.4,41000.0,0.02
S3_reappro_100,I106,INGREDIENTS,Djeleng,Ouest,2027-02-01,2,2027,0.08,1.6,0.0,0.08
S3_reappro_100,I106,INGREDIENTS,Famla,Ouest,2027-02-01,2,2027,0.82,16.4,0.0,0.31
S3_reappro_100,I107,INGREDIENTS,Djeleng,Ouest,2027-02-01,2,2027,0.08,1.7,0.0,0.05
S3_reappro_100,I107,INGREDIENTS,Famla,Ouest,2027-02-01,2,2027,1.03,20.6,0.0,0.19
S3_reappro_100,P105,INGREDIENTS,Djeleng,Ouest,2027-02-01,2,2027,1.83,36.5,0.0,0.51
S3_reappro_100,P105,INGREDIENTS,Famla,Ouest,2027-02-01,2,2027,7.47,149.3,0.0,2.04
S3_reappro_100,P105,INGREDIENTS,Mbouda,Ouest,2027-02-01,2,2027,1.41,28.2,0.0,0.5
S3_reappro_100,P1051,INGREDIENTS,Djeleng,Ouest,2027-02-01,2,2027,0.17,3.5,0.0,0.01
S3_reappro_100,P1051,INGREDIENTS,Famla,Ouest,2027-02-01,2,2027,0.4,8.0,0.0,0.11
S3_reappro_100,P1051,INGREDIENTS,Mbouda,Ouest,2027-02-01,2,2027,0.24,4.8,0.0,0.08
S3_reappro_100,P1053,INGREDIENTS,Djeleng,Ouest,2027-02-01,2,2027,0.02,0.5,0.0,0.01
S3_reappro_100,P1053,INGREDIENTS,Famla,Ouest,2027-02-01,2,2027,0.04,0.9,0.0,0.01
S3_reappro_100,P1053,INGREDIENTS,Mbouda,Ouest,2027-02-01,2,2027,0.07,1.5,0.0,0.02
S3_reappro_100,B100,INGREDIENTS,Djeleng,Ouest,2027-03-01,3,2027,0.0,0.0,33500.0,0.0
S3_reappro_100,B100,INGREDIENTS,Famla,Ouest,2027-03-01,3,2027,0.45,9.0,33500.0,0.03
S3_reappro_100,B100,INGREDIENTS,Mbouda,Ouest,2027-03-01,3,2027,0.01,0.2,33500.0,0.0
S3_reappro_100,B1001,INGREDIENTS,Famla,Ouest,2027-03-01,3,2027,0.0,0.1,45950.0,0.0
S3_reappro_100,B1001,INGREDIENTS,Mbouda,Ouest,2027-03-01,3,2027,0.0,0.0,45950.0,0.0
S3_reappro_100,E101,INGREDIENTS,Djeleng,Ouest,2027-03-01,3,2027,0.11,2.2,60000.0,0.03
S3_reappro_100,E101,INGREDIENTS,Famla,Ouest,2027-03-01,3,2027,0.85,16.9,60000.0,0.25
S3_reappro_100,E101,INGREDIENTS,Mbouda,Ouest,2027-03-01,3,2027,0.09,1.8,60000.0,0.03
S3_reappro_100,E1011,INGREDIENTS,Djeleng,Ouest,2027-03-01,3,2027,0.04,0.9,61500.0,0.01
S3_reappro_100,E1011,INGREDIENTS,Famla,Ouest,2027-03-01,3,2027,0.07,1.4,61500.0,0.02
S3_reappro_100,E1011,INGREDIENTS,Mbouda,Ouest,2027-03-01,3,2027,0.05,1.0,61500.0,0.02
S3_reappro_100,F114,INGREDIENTS,Djeleng,Ouest,2027-03-01,3,2027,0.1,2.0,0.0,0.0
S3_reappro_100,F114,INGREDIENTS,Famla,Ouest,2027-03-01,3,2027,0.64,12.8,0.0,0.06
S3_reappro_100,F114,INGREDIENTS,Mbouda,Ouest,2027-03-01,3,2027,0.12,2.3,0.0,0.02
S3_reappro_100,F1145,INGREDIENTS,Djeleng,Ouest,2027-03-01,3,2027,0.03,0.7,0.0,0.01
S3_reappro_100,F1145,INGREDIENTS,Famla,Ouest,2027-03-01,3,2027,0.18,3.6,0.0,0.06
S3_reappro_100,F1145,INGREDIENTS,Mbouda,Ouest,2027-03-01,3,2027,0.11,2.2,0.0,0.04
S3_reappro_100,F1146,INGREDIENTS,Famla,Ouest,2027-03-01,3,2027,0.02,0.5,0.0,0.01
S3_reappro_100,F1147,INGREDIENTS,Famla,Ouest,2027-03-01,3,2027,0.0,0.1,0.0,0.0
S3_reappro_100,F1147,INGREDIENTS,Mbouda,Ouest,2027-03-01,3,2027,0.01,0.2,0.0,0.0
S3_reappro_100,I105,INGREDIENTS,Djeleng,Ouest,2027-03-01,3,2027,0.0,0.1,35500.0,0.0
S3_reappro_100,I105,INGREDIENTS,Famla,Ouest,2027-03-01,3,2027,0.03,0.6,35500.0,0.01
S3_reappro_100,I105,INGREDIENTS,Mbouda,Ouest,2027-03-01,3,2027,0.0,0.0,35500.0,0.0
S3_reappro_100,I1051,INGREDIENTS,Djeleng,Ouest,2027-03-01,3,2027,0.03,0.5,41000.0,0.0
S3_reappro_100,I1051,INGREDIENTS,Famla,Ouest,2027-03-01,3,2027,0.04,0.8,41000.0,0.01
S3_reappro_100,I1051,INGREDIENTS,Mbouda,Ouest,2027-03-01,3,2027,0.02,0.4,41000.0,0.01
S3_reappro_100,I106,INGREDIENTS,Djeleng,Ouest,2027-03-01,3,2027,0.03,0.5,0.0,0.03
S3_reappro_100,I106,INGREDIENTS,Famla,Ouest,2027-03-01,3,2027,0.26,5.2,0.0,0.1
S3_reappro_100,I107,INGREDIENTS,Djeleng,Ouest,2027-03-01,3,2027,0.03,0.5,0.0,0.01
S3_reappro_100,I107,INGREDIENTS,Famla,Ouest,2027-03-01,3,2027,0.33,6.6,0.0,0.06
S3_reappro_100,P105,INGREDIENTS,Djeleng,Ouest,2027-03-01,3,2027,0.58,11.7,0.0,0.16
S3_reappro_100,P105,INGREDIENTS,Famla,Ouest,2027-03-01,3,2027,2.39,47.8,0.0,0.65
S3_reappro_100,P105,INGREDIENTS,Mbouda,Ouest,2027-03-01,3,2027,0.45,9.0,0.0,0.16
S3_reappro_100,P1051,INGREDIENTS,Djeleng,Ouest,2027-03-01,3,2027,0.06,1.1,0.0,0.0
S3_reappro_100,P1051,INGREDIENTS,Famla,Ouest,2027-03-01,3,2027,0.13,2.6,0.0,0.03
S3_reappro_100,P1051,INGREDIENTS,Mbouda,Ouest,2027-03-01,3,2027,0.08,1.5,0.0,0.03
S3_reappro_100,P1053,INGREDIENTS,Djeleng,Ouest,2027-03-01,3,2027,0.01,0.2,0.0,0.0
S3_reappro_100,P1053,INGREDIENTS,Famla,Ouest,2027-03-01,3,2027,0.01,0.3,0.0,0.0
S3_reappro_100,P1053,INGREDIENTS,Mbouda,Ouest,2027-03-01,3,2027,0.02,0.5,0.0,0.01
S3_reappro_100,B100,INGREDIENTS,Djeleng,Ouest,2027-04-01,4,2027,0.0,0.0,33500.0,0.0
S3_reappro_100,B100,INGREDIENTS,Famla,Ouest,2027-04-01,4,2027,0.14,2.7,33500.0,0.01
S3_reappro_100,B100,INGREDIENTS,Mbouda,Ouest,2027-04-01,4,2027,0.0,0.1,33500.0,0.0
S3_reappro_100,B1001,INGREDIENTS,Famla,Ouest,2027-04-01,4,2027,0.0,0.0,45950.0,0.0
S3_reappro_100,B1001,INGREDIENTS,Mbouda,Ouest,2027-04-01,4,2027,0.0,0.0,45950.0,0.0
S3_reappro_100,E101,INGREDIENTS,Djeleng,Ouest,2027-04-01,4,2027,0.03,0.7,60000.0,0.01
S3_reappro_100,E101,INGREDIENTS,Famla,Ouest,2027-04-01,4,2027,0.26,5.2,60000.0,0.08
S3_reappro_100,E101,INGREDIENTS,Mbouda,Ouest,2027-04-01,4,2027,0.03,0.6,60000.0,0.01
S3_reappro_100,E1011,INGREDIENTS,Djeleng,Ouest,2027-04-01,4,2027,0.01,0.3,61500.0,0.0
S3_reappro_100,E1011,INGREDIENTS,Famla,Ouest,2027-04-01,4,2027,0.02,0.4,61500.0,0.01
S3_reappro_100,E1011,INGREDIENTS,Mbouda,Ouest,2027-04-01,4,2027,0.02,0.3,61500.0,0.01
S3_reappro_100,F114,INGREDIENTS,Djeleng,Ouest,2027-04-01,4,2027,0.03,0.6,0.0,0.0
S3_reappro_100,F114,INGREDIENTS,Famla,Ouest,2027-04-01,4,2027,0.2,3.9,0.0,0.02
S3_reappro_100,F114,INGREDIENTS,Mbouda,Ouest,2027-04-01,4,2027,0.04,0.7,0.0,0.01
S3_reappro_100,F1145,INGREDIENTS,Djeleng,Ouest,2027-04-01,4,2027,0.01,0.2,0.0,0.0
S3_reappro_100,F1145,INGREDIENTS,Famla,Ouest,2027-04-01,4,2027,0.06,1.1,0.0,0.02
S3_reappro_100,F1145,INGREDIENTS,Mbouda,Ouest,2027-04-01,4,2027,0.03,0.7,0.0,0.01
S3_reappro_100,F1146,INGREDIENTS,Famla,Ouest,2027-04-01,4,2027,0.01,0.1,0.0,0.0
S3_reappro_100,F1147,INGREDIENTS,Famla,Ouest,2027-04-01,4,2027,0.0,0.0,0.0,0.0
S3_reappro_100,F1147,INGREDIENTS,Mbouda,Ouest,2027-04-01,4,2027,0.0,0.1,0.0,0.0
S3_reappro_100,I105,INGREDIENTS,Djeleng,Ouest,2027-04-01,4,2027,0.0,0.0,35500.0,0.0
S3_reappro_100,I105,INGREDIENTS,Famla,Ouest,2027-04-01,4,2027,0.01,0.2,35500.0,0.0
S3_reappro_100,I105,INGREDIENTS,Mbouda,Ouest,2027-04-01,4,2027,0.0,0.0,35500.0,0.0
S3_reappro_100,I1051,INGREDIENTS,Djeleng,Ouest,2027-04-01,4,2027,0.01,0.2,41000.0,0.0
S3_reappro_100,I1051,INGREDIENTS,Famla,Ouest,2027-04-01,4,2027,0.01,0.3,41000.0,0.0
S3_reappro_100,I1051,INGREDIENTS,Mbouda,Ouest,2027-04-01,4,2027,0.01,0.1,41000.0,0.0
S3_reappro_100,I106,INGREDIENTS,Djeleng,Ouest,2027-04-01,4,2027,0.01,0.2,0.0,0.01
S3_reappro_100,I106,INGREDIENTS,Famla,Ouest,2027-04-01,4,2027,0.08,1.6,0.0,0.03
S3_reappro_100,I107,INGREDIENTS,Djeleng,Ouest,2027-04-01,4,2027,0.01,0.2,0.0,0.0
S3_reappro_100,I107,INGREDIENTS,Famla,Ouest,2027-04-01,4,2027,0.1,2.0,0.0,0.02
S3_reappro_100,P105,INGREDIENTS,Djeleng,Ouest,2027-04-01,4,2027,0.18,3.6,0.0,0.05
S3_reappro_100,P105,INGREDIENTS,Famla,Ouest,2027-04-01,4,2027,0.73,14.7,0.0,0.2
S3_reappro_100,P105,INGREDIENTS,Mbouda,Ouest,2027-04-01,4,2027,0.14,2.8,0.0,0.05
S3_reappro_100,P1051,INGREDIENTS,Djeleng,Ouest,2027-04-01,4,2027,0.02,0.3,0.0,0.0
S3_reappro_100,P1051,INGREDIENTS,Famla,Ouest,2027-04-01,4,2027,0.04,0.8,0.0,0.01
S3_reappro_100,P1051,INGREDIENTS,Mbouda,Ouest,2027-04-01,4,2027,0.02,0.5,0.0,0.01
S3_reappro_100,P1053,INGREDIENTS,Djeleng,Ouest,2027-04-01,4,2027,0.0,0.0,0.0,0.0
S3_reappro_100,P1053,INGREDIENTS,Famla,Ouest,2027-04-01,4,2027,0.0,0.1,0.0,0.0
S3_reappro_100,P1053,INGREDIENTS,Mbouda,Ouest,2027-04-01,4,2027,0.01,0.1,0.0,0.0
S3_reappro_100,B100,INGREDIENTS,Djeleng,Ouest,2027-05-01,5,2027,0.0,0.0,33500.0,0.0
S3_reappro_100,B100,INGREDIENTS,Famla,Ouest,2027-05-01,5,2027,0.33,6.5,33500.0,0.02
S3_reappro_100,B100,INGREDIENTS,Mbouda,Ouest,2027-05-01,5,2027,0.01,0.2,33500.0,0.0
S3_reappro_100,B1001,INGREDIENTS,Famla,Ouest,2027-05-01,5,2027,0.0,0.0,45950.0,0.0
S3_reappro_100,B1001,INGREDIENTS,Mbouda,Ouest,2027-05-01,5,2027,0.0,0.0,45950.0,0.0
S3_reappro_100,E101,INGREDIENTS,Djeleng,Ouest,2027-05-01,5,2027,0.08,1.6,60000.0,0.02
S3_reappro_100,E101,INGREDIENTS,Famla,Ouest,2027-05-01,5,2027,0.62,12.4,60000.0,0.18
S3_reappro_100,E101,INGREDIENTS,Mbouda,Ouest,2027-05-01,5,2027,0.07,1.3,60000.0,0.02
S3_reappro_100,E1011,INGREDIENTS,Djeleng,Ouest,2027-05-01,5,2027,0.03,0.6,61500.0,0.01
S3_reappro_100,E1011,INGREDIENTS,Famla,Ouest,2027-05-01,5,2027,0.05,1.0,61500.0,0.01
S3_reappro_100,E1011,INGREDIENTS,Mbouda,Ouest,2027-05-01,5,2027,0.04,0.7,61500.0,0.01
S3_reappro_100,F114,INGREDIENTS,Djeleng,Ouest,2027-05-01,5,2027,0.07,1.5,0.0,0.0
S3_reappro_100,F114,INGREDIENTS,Famla,Ouest,2027-05-01,5,2027,0.47,9.4,0.0,0.04
S3_reappro_100,F114,INGREDIENTS,Mbouda,Ouest,2027-05-01,5,2027,0.08,1.7,0.0,0.02
S3_reappro_100,F1145,INGREDIENTS,Djeleng,Ouest,2027-05-01,5,2027,0.02,0.5,0.0,0.01
S3_reappro_100,F1145,INGREDIENTS,Famla,Ouest,2027-05-01,5,2027,0.13,2.7,0.0,0.04
S3_reappro_100,F1145,INGREDIENTS,Mbouda,Ouest,2027-05-01,5,2027,0.08,1.6,0.0,0.03
S3_reappro_100,F1146,INGREDIENTS,Famla,Ouest,2027-05-01,5,2027,0.02,0.3,0.0,0.01
S3_reappro_100,F1147,INGREDIENTS,Famla,Ouest,2027-05-01,5,2027,0.0,0.1,0.0,0.0
S3_reappro_100,F1147,INGREDIENTS,Mbouda,Ouest,2027-05-01,5,2027,0.01,0.1,0.0,0.0
S3_reappro_100,I105,INGREDIENTS,Djeleng,Ouest,2027-05-01,5,2027,0.0,0.1,35500.0,0.0
S3_reappro_100,I105,INGREDIENTS,Famla,Ouest,2027-05-01,5,2027,0.02,0.5,35500.0,0.0
S3_reappro_100,I105,INGREDIENTS,Mbouda,Ouest,2027-05-01,5,2027,0.0,0.0,35500.0,0.0
S3_reappro_100,I1051,INGREDIENTS,Djeleng,Ouest,2027-05-01,5,2027,0.02,0.4,41000.0,0.0
S3_reappro_100,I1051,INGREDIENTS,Famla,Ouest,2027-05-01,5,2027,0.03,0.6,41000.0,0.0
S3_reappro_100,I1051,INGREDIENTS,Mbouda,Ouest,2027-05-01,5,2027,0.02,0.3,41000.0,0.0
S3_reappro_100,I106,INGREDIENTS,Djeleng,Ouest,2027-05-01,5,2027,0.02,0.4,0.0,0.02
S3_reappro_100,I106,INGREDIENTS,Famla,Ouest,2027-05-01,5,2027,0.19,3.8,0.0,0.07
S3_reappro_100,I107,INGREDIENTS,Djeleng,Ouest,2027-05-01,5,2027,0.02,0.4,0.0,0.01
S3_reappro_100,I107,INGREDIENTS,Famla,Ouest,2027-05-01,5,2027,0.24,4.8,0.0,0.04
S3_reappro_100,P105,INGREDIENTS,Djeleng,Ouest,2027-05-01,5,2027,0.43,8.5,0.0,0.12
S3_reappro_100,P105,INGREDIENTS,Famla,Ouest,2027-05-01,5,2027,1.75,34.9,0.0,0.48
S3_reappro_100,P105,INGREDIENTS,Mbouda,Ouest,2027-05-01,5,2027,0.33,6.6,0.0,0.12
S3_reappro_100,P1051,INGREDIENTS,Djeleng,Ouest,2027-05-01,5,2027,0.04,0.8,0.0,0.0
S3_reappro_100,P1051,INGREDIENTS,Famla,Ouest,2027-05-01,5,2027,0.09,1.9,0.0,0.03
S3_reappro_100,P1051,INGREDIENTS,Mbouda,Ouest,2027-05-01,5,2027,0.06,1.1,0.0,0.02
S3_reappro_100,P1053,INGREDIENTS,Djeleng,Ouest,2027-05-01,5,2027,0.01,0.1,0.0,0.0
S3_reappro_100,P1053,INGREDIENTS,Famla,Ouest,2027-05-01,5,2027,0.01,0.2,0.0,0.0
S3_reappro_100,P1053,INGREDIENTS,Mbouda,Ouest,2027-05-01,5,2027,0.02,0.3,0.0,0.01
S3_reappro_100,B100,INGREDIENTS,Djeleng,Ouest,2027-06-01,6,2027,0.0,0.0,33500.0,0.0
S3_reappro_100,B100,INGREDIENTS,Famla,Ouest,2027-06-01,6,2027,0.4,8.1,33500.0,0.03
S3_reappro_100,B100,INGREDIENTS,Mbouda,Ouest,2027-06-01,6,2027,0.01,0.2,33500.0,0.0
S3_reappro_100,B1001,INGREDIENTS,Famla,Ouest,2027-06-01,6,2027,0.0,0.1,45950.0,0.0
S3_reappro_100,B1001,INGREDIENTS,Mbouda,Ouest,2027-06-01,6,2027,0.0,0.0,45950.0,0.0
S3_reappro_100,E101,INGREDIENTS,Djeleng,Ouest,2027-06-01,6,2027,0.1,2.0,60000.0,0.03
S3_reappro_100,E101,INGREDIENTS,Famla,Ouest,2027-06-01,6,2027,0.76,15.3,60000.0,0.22
S3_reappro_100,E101,INGREDIENTS,Mbouda,Ouest,2027-06-01,6,2027,0.08,1.7,60000.0,0.03
S3_reappro_100,E1011,INGREDIENTS,Djeleng,Ouest,2027-06-01,6,2027,0.04,0.8,61500.0,0.01
S3_reappro_100,E1011,INGREDIENTS,Famla,Ouest,2027-06-01,6,2027,0.06,1.3,61500.0,0.02
S3_reappro_100,E1011,INGREDIENTS,Mbouda,Ouest,2027-06-01,6,2027,0.05,0.9,61500.0,0.02
S3_reappro_100,F114,INGREDIENTS,Djeleng,Ouest,2027-06-01,6,2027,0.09,1.8,0.0,0.0
S3_reappro_100,F114,INGREDIENTS,Famla,Ouest,2027-06-01,6,2027,0.58,11.6,0.0,0.05
S3_reappro_100,F114,INGREDIENTS,Mbouda,Ouest,2027-06-01,6,2027,0.1,2.1,0.0,0.02
S3_reappro_100,F1145,INGREDIENTS,Djeleng,Ouest,2027-06-01,6,2027,0.03,0.6,0.0,0.01
S3_reappro_100,F1145,INGREDIENTS,Famla,Ouest,2027-06-01,6,2027,0.16,3.3,0.0,0.05
S3_reappro_100,F1145,INGREDIENTS,Mbouda,Ouest,2027-06-01,6,2027,0.1,2.0,0.0,0.03
S3_reappro_100,F1146,INGREDIENTS,Famla,Ouest,2027-06-01,6,2027,0.02,0.4,0.0,0.01
S3_reappro_100,F1147,INGREDIENTS,Famla,Ouest,2027-06-01,6,2027,0.0,0.1,0.0,0.0
S3_reappro_100,F1147,INGREDIENTS,Mbouda,Ouest,2027-06-01,6,2027,0.01,0.2,0.0,0.0
S3_reappro_100,I105,INGREDIENTS,Djeleng,Ouest,2027-06-01,6,2027,0.0,0.1,35500.0,0.0
S3_reappro_100,I105,INGREDIENTS,Famla,Ouest,2027-06-01,6,2027,0.03,0.6,35500.0,0.0
S3_reappro_100,I105,INGREDIENTS,Mbouda,Ouest,2027-06-01,6,2027,0.0,0.0,35500.0,0.0
S3_reappro_100,I1051,INGREDIENTS,Djeleng,Ouest,2027-06-01,6,2027,0.02,0.5,41000.0,0.0
S3_reappro_100,I1051,INGREDIENTS,Famla,Ouest,2027-06-01,6,2027,0.04,0.8,41000.0,0.01
S3_reappro_100,I1051,INGREDIENTS,Mbouda,Ouest,2027-06-01,6,2027,0.02,0.4,41000.0,0.0
S3_reappro_100,I106,INGREDIENTS,Djeleng,Ouest,2027-06-01,6,2027,0.02,0.5,0.0,0.02
S3_reappro_100,I106,INGREDIENTS,Famla,Ouest,2027-06-01,6,2027,0.24,4.7,0.0,0.09
S3_reappro_100,I107,INGREDIENTS,Djeleng,Ouest,2027-06-01,6,2027,0.02,0.5,0.0,0.01
S3_reappro_100,I107,INGREDIENTS,Famla,Ouest,2027-06-01,6,2027,0.3,6.0,0.0,0.05
S3_reappro_100,P105,INGREDIENTS,Djeleng,Ouest,2027-06-01,6,2027,0.53,10.6,0.0,0.15
S3_reappro_100,P105,INGREDIENTS,Famla,Ouest,2027-06-01,6,2027,2.16,43.2,0.0,0.59
S3_reappro_100,P105,INGREDIENTS,Mbouda,Ouest,2027-06-01,6,2027,0.41,8.2,0.0,0.14
S3_reappro_100,P1051,INGREDIENTS,Djeleng,Ouest,2027-06-01,6,2027,0.05,1.0,0.0,0.0
S3_reappro_100,P1051,INGREDIENTS,Famla,Ouest,2027-06-01,6,2027,0.12,2.3,0.0,0.03
S3_reappro_100,P1051,INGREDIENTS,Mbouda,Ouest,2027-06-01,6,2027,0.07,1.4,0.0,0.02
S3_reappro_100,P1053,INGREDIENTS,Djeleng,Ouest,2027-06-01,6,2027,0.01,0.1,0.0,0.0
S3_reappro_100,P1053,INGREDIENTS,Famla,Ouest,2027-06-01,6,2027,0.01,0.3,0.0,0.0
S3_reappro_100,P1053,INGREDIENTS,Mbouda,Ouest,2027-06-01,6,2027,0.02,0.4,0.0,0.01
S3_reappro_100,B100,INGREDIENTS,Djeleng,Ouest,2027-07-01,7,2027,0.0,0.0,33500.0,0.0
S3_reappro_100,B100,INGREDIENTS,Famla,Ouest,2027-07-01,7,2027,0.5,10.0,33500.0,0.04
S3_reappro_100,B100,INGREDIENTS,Mbouda,Ouest,2027-07-01,7,2027,0.01,0.3,33500.0,0.0
S3_reappro_100,B1001,INGREDIENTS,Famla,Ouest,2027-07-01,7,2027,0.0,0.1,45950.0,0.0
S3_reappro_100,B1001,INGREDIENTS,Mbouda,Ouest,2027-07-01,7,2027,0.0,0.0,45950.0,0.0
S3_reappro_100,E101,INGREDIENTS,Djeleng,Ouest,2027-07-01,7,2027,0.13,2.5,60000.0,0.04
S3_reappro_100,E101,INGREDIENTS,Famla,Ouest,2027-07-01,7,2027,0.95,18.9,60000.0,0.28
S3_reappro_100,E101,INGREDIENTS,Mbouda,Ouest,2027-07-01,7,2027,0.1,2.1,60000.0,0.04
S3_reappro_100,E1011,INGREDIENTS,Djeleng,Ouest,2027-07-01,7,2027,0.05,1.0,61500.0,0.01
S3_reappro_100,E1011,INGREDIENTS,Famla,Ouest,2027-07-01,7,2027,0.08,1.6,61500.0,0.02
S3_reappro_100,E1011,INGREDIENTS,Mbouda,Ouest,2027-07-01,7,2027,0.06,1.1,61500.0,0.02
S3_reappro_100,F114,INGREDIENTS,Djeleng,Ouest,2027-07-01,7,2027,0.11,2.3,0.0,0.0
S3_reappro_100,F114,INGREDIENTS,Famla,Ouest,2027-07-01,7,2027,0.72,14.4,0.0,0.06
S3_reappro_100,F114,INGREDIENTS,Mbouda,Ouest,2027-07-01,7,2027,0.13,2.6,0.0,0.03
S3_reappro_100,F1145,INGREDIENTS,Djeleng,Ouest,2027-07-01,7,2027,0.04,0.7,0.0,0.01
S3_reappro_100,F1145,INGREDIENTS,Famla,Ouest,2027-07-01,7,2027,0.2,4.1,0.0,0.07
S3_reappro_100,F1145,INGREDIENTS,Mbouda,Ouest,2027-07-01,7,2027,0.12,2.5,0.0,0.04
S3_reappro_100,F1146,INGREDIENTS,Famla,Ouest,2027-07-01,7,2027,0.03,0.5,0.0,0.01
S3_reappro_100,F1147,INGREDIENTS,Famla,Ouest,2027-07-01,7,2027,0.01,0.1,0.0,0.0
S3_reappro_100,F1147,INGREDIENTS,Mbouda,Ouest,2027-07-01,7,2027,0.01,0.2,0.0,0.0
S3_reappro_100,I105,INGREDIENTS,Djeleng,Ouest,2027-07-01,7,2027,0.01,0.1,35500.0,0.0
S3_reappro_100,I105,INGREDIENTS,Famla,Ouest,2027-07-01,7,2027,0.04,0.7,35500.0,0.01
S3_reappro_100,I105,INGREDIENTS,Mbouda,Ouest,2027-07-01,7,2027,0.0,0.0,35500.0,0.0
S3_reappro_100,I1051,INGREDIENTS,Djeleng,Ouest,2027-07-01,7,2027,0.03,0.6,41000.0,0.01
S3_reappro_100,I1051,INGREDIENTS,Famla,Ouest,2027-07-01,7,2027,0.05,0.9,41000.0,0.01
S3_reappro_100,I1051,INGREDIENTS,Mbouda,Ouest,2027-07-01,7,2027,0.02,0.5,41000.0,0.01
S3_reappro_100,I106,INGREDIENTS,Djeleng,Ouest,2027-07-01,7,2027,0.03,0.6,0.0,0.03
S3_reappro_100,I106,INGREDIENTS,Famla,Ouest,2027-07-01,7,2027,0.29,5.9,0.0,0.11
S3_reappro_100,I107,INGREDIENTS,Djeleng,Ouest,2027-07-01,7,2027,0.03,0.6,0.0,0.02
S3_reappro_100,I107,INGREDIENTS,Famla,Ouest,2027-07-01,7,2027,0.37,7.4,0.0,0.07
S3_reappro_100,P105,INGREDIENTS,Djeleng,Ouest,2027-07-01,7,2027,0.65,13.1,0.0,0.18
S3_reappro_100,P105,INGREDIENTS,Famla,Ouest,2027-07-01,7,2027,2.67,53.5,0.0,0.73
S3_reappro_100,P105,INGREDIENTS,Mbouda,Ouest,2027-07-01,7,2027,0.51,10.1,0.0,0.18
S3_reappro_100,P1051,INGREDIENTS,Djeleng,Ouest,2027-07-01,7,2027,0.06,1.2,0.0,0.0
S3_reappro_100,P1051,INGREDIENTS,Famla,Ouest,2027-07-01,7,2027,0.14,2.9,0.0,0.04
S3_reappro_100,P1051,INGREDIENTS,Mbouda,Ouest,2027-07-01,7,2027,0.09,1.7,0.0,0.03
S3_reappro_100,P1053,INGREDIENTS,Djeleng,Ouest,2027-07-01,7,2027,0.01,0.2,0.0,0.0
S3_reappro_100,P1053,INGREDIENTS,Famla,Ouest,2027-07-01,7,2027,0.02,0.3,0.0,0.0
S3_reappro_100,P1053,INGREDIENTS,Mbouda,Ouest,2027-07-01,7,2027,0.03,0.5,0.0,0.01
S3_reappro_100,B100,INGREDIENTS,Djeleng,Ouest,2027-08-01,8,2027,0.0,0.0,33500.0,0.0
S3_reappro_100,B100,INGREDIENTS,Famla,Ouest,2027-08-01,8,2027,0.48,9.6,33500.0,0.04
S3_reappro_100,B100,INGREDIENTS,Mbouda,Ouest,2027-08-01,8,2027,0.01,0.2,33500.0,0.0
S3_reappro_100,B1001,INGREDIENTS,Famla,Ouest,2027-08-01,8,2027,0.0,0.1,45950.0,0.0
S3_reappro_100,B1001,INGREDIENTS,Mbouda,Ouest,2027-08-01,8,2027,0.0,0.0,45950.0,0.0
S3_reappro_100,E101,INGREDIENTS,Djeleng,Ouest,2027-08-01,8,2027,0.12,2.4,60000.0,0.04
S3_reappro_100,E101,INGREDIENTS,Famla,Ouest,2027-08-01,8,2027,0.9,18.1,60000.0,0.26
S3_reappro_100,E101,INGREDIENTS,Mbouda,Ouest,2027-08-01,8,2027,0.1,2.0,60000.0,0.03
S3_reappro_100,E1011,INGREDIENTS,Djeleng,Ouest,2027-08-01,8,2027,0.05,0.9,61500.0,0.01
S3_reappro_100,E1011,INGREDIENTS,Famla,Ouest,2027-08-01,8,2027,0.07,1.5,61500.0,0.02
S3_reappro_100,E1011,INGREDIENTS,Mbouda,Ouest,2027-08-01,8,2027,0.05,1.1,61500.0,0.02
S3_reappro_100,F114,INGREDIENTS,Djeleng,Ouest,2027-08-01,8,2027,0.11,2.2,0.0,0.0
S3_reappro_100,F114,INGREDIENTS,Famla,Ouest,2027-08-01,8,2027,0.68,13.7,0.0,0.06
S3_reappro_100,F114,INGREDIENTS,Mbouda,Ouest,2027-08-01,8,2027,0.12,2.5,0.0,0.03
S3_reappro_100,F1145,INGREDIENTS,Djeleng,Ouest,2027-08-01,8,2027,0.04,0.7,0.0,0.01
S3_reappro_100,F1145,INGREDIENTS,Famla,Ouest,2027-08-01,8,2027,0.19,3.9,0.0,0.06
S3_reappro_100,F1145,INGREDIENTS,Mbouda,Ouest,2027-08-01,8,2027,0.12,2.4,0.0,0.04
S3_reappro_100,F1146,INGREDIENTS,Famla,Ouest,2027-08-01,8,2027,0.02,0.5,0.0,0.01
S3_reappro_100,F1147,INGREDIENTS,Famla,Ouest,2027-08-01,8,2027,0.01,0.1,0.0,0.0
S3_reappro_100,F1147,INGREDIENTS,Mbouda,Ouest,2027-08-01,8,2027,0.01,0.2,0.0,0.0
S3_reappro_100,I105,INGREDIENTS,Djeleng,Ouest,2027-08-01,8,2027,0.01,0.1,35500.0,0.0
S3_reappro_100,I105,INGREDIENTS,Famla,Ouest,2027-08-01,8,2027,0.03,0.7,35500.0,0.01
S3_reappro_100,I105,INGREDIENTS,Mbouda,Ouest,2027-08-01,8,2027,0.0,0.0,35500.0,0.0
S3_reappro_100,I1051,INGREDIENTS,Djeleng,Ouest,2027-08-01,8,2027,0.03,0.6,41000.0,0.0
S3_reappro_100,I1051,INGREDIENTS,Famla,Ouest,2027-08-01,8,2027,0.04,0.9,41000.0,0.01
S3_reappro_100,I1051,INGREDIENTS,Mbouda,Ouest,2027-08-01,8,2027,0.02,0.5,41000.0,0.01
S3_reappro_100,I106,INGREDIENTS,Djeleng,Ouest,2027-08-01,8,2027,0.03,0.5,0.0,0.03
S3_reappro_100,I106,INGREDIENTS,Famla,Ouest,2027-08-01,8,2027,0.28,5.6,0.0,0.1
S3_reappro_100,I107,INGREDIENTS,Djeleng,Ouest,2027-08-01,8,2027,0.03,0.6,0.0,0.02
S3_reappro_100,I107,INGREDIENTS,Famla,Ouest,2027-08-01,8,2027,0.35,7.1,0.0,0.06
S3_reappro_100,P105,INGREDIENTS,Djeleng,Ouest,2027-08-01,8,2027,0.62,12.5,0.0,0.17
S3_reappro_100,P105,INGREDIENTS,Famla,Ouest,2027-08-01,8,2027,2.55,51.0,0.0,0.7
S3_reappro_100,P105,INGREDIENTS,Mbouda,Ouest,2027-08-01,8,2027,0.48,9.6,0.0,0.17
S3_reappro_100,P1051,INGREDIENTS,Djeleng,Ouest,2027-08-01,8,2027,0.06,1.2,0.0,0.0
S3_reappro_100,P1051,INGREDIENTS,Famla,Ouest,2027-08-01,8,2027,0.14,2.7,0.0,0.04
S3_reappro_100,P1051,INGREDIENTS,Mbouda,Ouest,2027-08-01,8,2027,0.08,1.7,0.0,0.03
S3_reappro_100,P1053,INGREDIENTS,Djeleng,Ouest,2027-08-01,8,2027,0.01,0.2,0.0,0.0
S3_reappro_100,P1053,INGREDIENTS,Famla,Ouest,2027-08-01,8,2027,0.02,0.3,0.0,0.0
S3_reappro_100,P1053,INGREDIENTS,Mbouda,Ouest,2027-08-01,8,2027,0.03,0.5,0.0,0.01
S3_reappro_100,B100,INGREDIENTS,Djeleng,Ouest,2027-09-01,9,2027,0.0,0.0,33500.0,0.0
S3_reappro_100,B100,INGREDIENTS,Famla,Ouest,2027-09-01,9,2027,0.3,6.0,33500.0,0.02
S3_reappro_100,B100,INGREDIENTS,Mbouda,Ouest,2027-09-01,9,2027,0.01,0.2,33500.0,0.0
S3_reappro_100,B1001,INGREDIENTS,Famla,Ouest,2027-09-01,9,2027,0.0,0.0,45950.0,0.0
S3_reappro_100,B1001,INGREDIENTS,Mbouda,Ouest,2027-09-01,9,2027,0.0,0.0,45950.0,0.0
S3_reappro_100,E101,INGREDIENTS,Djeleng,Ouest,2027-09-01,9,2027,0.07,1.5,60000.0,0.02
S3_reappro_100,E101,INGREDIENTS,Famla,Ouest,2027-09-01,9,2027,0.56,11.3,60000.0,0.17
S3_reappro_100,E101,INGREDIENTS,Mbouda,Ouest,2027-09-01,9,2027,0.06,1.2,60000.0,0.02
S3_reappro_100,E1011,INGREDIENTS,Djeleng,Ouest,2027-09-01,9,2027,0.03,0.6,61500.0,0.01
S3_reappro_100,E1011,INGREDIENTS,Famla,Ouest,2027-09-01,9,2027,0.05,0.9,61500.0,0.01
S3_reappro_100,E1011,INGREDIENTS,Mbouda,Ouest,2027-09-01,9,2027,0.03,0.7,61500.0,0.01
S3_reappro_100,F114,INGREDIENTS,Djeleng,Ouest,2027-09-01,9,2027,0.07,1.3,0.0,0.0
S3_reappro_100,F114,INGREDIENTS,Famla,Ouest,2027-09-01,9,2027,0.43,8.6,0.0,0.04
S3_reappro_100,F114,INGREDIENTS,Mbouda,Ouest,2027-09-01,9,2027,0.08,1.5,0.0,0.02
S3_reappro_100,F1145,INGREDIENTS,Djeleng,Ouest,2027-09-01,9,2027,0.02,0.4,0.0,0.01
S3_reappro_100,F1145,INGREDIENTS,Famla,Ouest,2027-09-01,9,2027,0.12,2.4,0.0,0.04
S3_reappro_100,F1145,INGREDIENTS,Mbouda,Ouest,2027-09-01,9,2027,0.07,1.5,0.0,0.02
S3_reappro_100,F1146,INGREDIENTS,Famla,Ouest,2027-09-01,9,2027,0.02,0.3,0.0,0.0
S3_reappro_100,F1147,INGREDIENTS,Famla,Ouest,2027-09-01,9,2027,0.0,0.1,0.0,0.0
S3_reappro_100,F1147,INGREDIENTS,Mbouda,Ouest,2027-09-01,9,2027,0.01,0.1,0.0,0.0
S3_reappro_100,I105,INGREDIENTS,Djeleng,Ouest,2027-09-01,9,2027,0.0,0.1,35500.0,0.0
S3_reappro_100,I105,INGREDIENTS,Famla,Ouest,2027-09-01,9,2027,0.02,0.4,35500.0,0.0
S3_reappro_100,I105,INGREDIENTS,Mbouda,Ouest,2027-09-01,9,2027,0.0,0.0,35500.0,0.0
S3_reappro_100,I1051,INGREDIENTS,Djeleng,Ouest,2027-09-01,9,2027,0.02,0.4,41000.0,0.0
S3_reappro_100,I1051,INGREDIENTS,Famla,Ouest,2027-09-01,9,2027,0.03,0.6,41000.0,0.0
S3_reappro_100,I1051,INGREDIENTS,Mbouda,Ouest,2027-09-01,9,2027,0.01,0.3,41000.0,0.0
S3_reappro_100,I106,INGREDIENTS,Djeleng,Ouest,2027-09-01,9,2027,0.02,0.3,0.0,0.02
S3_reappro_100,I106,INGREDIENTS,Famla,Ouest,2027-09-01,9,2027,0.17,3.5,0.0,0.07
S3_reappro_100,I107,INGREDIENTS,Djeleng,Ouest,2027-09-01,9,2027,0.02,0.4,0.0,0.01
S3_reappro_100,I107,INGREDIENTS,Famla,Ouest,2027-09-01,9,2027,0.22,4.4,0.0,0.04
S3_reappro_100,P105,INGREDIENTS,Djeleng,Ouest,2027-09-01,9,2027,0.39,7.8,0.0,0.11
S3_reappro_100,P105,INGREDIENTS,Famla,Ouest,2027-09-01,9,2027,1.6,31.9,0.0,0.44
S3_reappro_100,P105,INGREDIENTS,Mbouda,Ouest,2027-09-01,9,2027,0.3,6.0,0.0,0.11
S3_reappro_100,P1051,INGREDIENTS,Djeleng,Ouest,2027-09-01,9,2027,0.04,0.7,0.0,0.0
S3_reappro_100,P1051,INGREDIENTS,Famla,Ouest,2027-09-01,9,2027,0.09,1.7,0.0,0.02
S3_reappro_100,P1051,INGREDIENTS,Mbouda,Ouest,2027-09-01,9,2027,0.05,1.0,0.0,0.02
S3_reappro_100,P1053,INGREDIENTS,Djeleng,Ouest,2027-09-01,9,2027,0.01,0.1,0.0,0.0
S3_reappro_100,P1053,INGREDIENTS,Famla,Ouest,2027-09-01,9,2027,0.01,0.2,0.0,0.0
S3_reappro_100,P1053,INGREDIENTS,Mbouda,Ouest,2027-09-01,9,2027,0.02,0.3,0.0,0.0
S3_reappro_100,B100,INGREDIENTS,Djeleng,Ouest,2027-10-01,10,2027,0.0,0.0,33500.0,0.0
S3_reappro_100,B100,INGREDIENTS,Famla,Ouest,2027-10-01,10,2027,0.31,6.1,33500.0,0.02
S3_reappro_100,B100,INGREDIENTS,Mbouda,Ouest,2027-10-01,10,2027,0.01,0.2,33500.0,0.0
S3_reappro_100,B1001,INGREDIENTS,Famla,Ouest,2027-10-01,10,2027,0.0,0.0,45950.0,0.0
S3_reappro_100,B1001,INGREDIENTS,Mbouda,Ouest,2027-10-01,10,2027,0.0,0.0,45950.0,0.0
S3_reappro_100,E101,INGREDIENTS,Djeleng,Ouest,2027-10-01,10,2027,0.08,1.5,60000.0,0.02
S3_reappro_100,E101,INGREDIENTS,Famla,Ouest,2027-10-01,10,2027,0.58,11.5,60000.0,0.17
S3_reappro_100,E101,INGREDIENTS,Mbouda,Ouest,2027-10-01,10,2027,0.06,1.3,60000.0,0.02
S3_reappro_100,E1011,INGREDIENTS,Djeleng,Ouest,2027-10-01,10,2027,0.03,0.6,61500.0,0.01
S3_reappro_100,E1011,INGREDIENTS,Famla,Ouest,2027-10-01,10,2027,0.05,0.9,61500.0,0.01
S3_reappro_100,E1011,INGREDIENTS,Mbouda,Ouest,2027-10-01,10,2027,0.03,0.7,61500.0,0.01
S3_reappro_100,F114,INGREDIENTS,Djeleng,Ouest,2027-10-01,10,2027,0.07,1.4,0.0,0.0
S3_reappro_100,F114,INGREDIENTS,Famla,Ouest,2027-10-01,10,2027,0.44,8.8,0.0,0.04
S3_reappro_100,F114,INGREDIENTS,Mbouda,Ouest,2027-10-01,10,2027,0.08,1.6,0.0,0.02
S3_reappro_100,F1145,INGREDIENTS,Djeleng,Ouest,2027-10-01,10,2027,0.02,0.5,0.0,0.01
S3_reappro_100,F1145,INGREDIENTS,Famla,Ouest,2027-10-01,10,2027,0.12,2.5,0.0,0.04
S3_reappro_100,F1145,INGREDIENTS,Mbouda,Ouest,2027-10-01,10,2027,0.08,1.5,0.0,0.02
S3_reappro_100,F1146,INGREDIENTS,Famla,Ouest,2027-10-01,10,2027,0.02,0.3,0.0,0.01
S3_reappro_100,F1147,INGREDIENTS,Famla,Ouest,2027-10-01,10,2027,0.0,0.1,0.0,0.0
S3_reappro_100,F1147,INGREDIENTS,Mbouda,Ouest,2027-10-01,10,2027,0.01,0.1,0.0,0.0
S3_reappro_100,I105,INGREDIENTS,Djeleng,Ouest,2027-10-01,10,2027,0.0,0.1,35500.0,0.0
S3_reappro_100,I105,INGREDIENTS,Famla,Ouest,2027-10-01,10,2027,0.02,0.4,35500.0,0.0
S3_reappro_100,I105,INGREDIENTS,Mbouda,Ouest,2027-10-01,10,2027,0.0,0.0,35500.0,0.0
S3_reappro_100,I1051,INGREDIENTS,Djeleng,Ouest,2027-10-01,10,2027,0.02,0.4,41000.0,0.0
S3_reappro_100,I1051,INGREDIENTS,Famla,Ouest,2027-10-01,10,2027,0.03,0.6,41000.0,0.0
S3_reappro_100,I1051,INGREDIENTS,Mbouda,Ouest,2027-10-01,10,2027,0.01,0.3,41000.0,0.0
S3_reappro_100,I106,INGREDIENTS,Djeleng,Ouest,2027-10-01,10,2027,0.02,0.4,0.0,0.02
S3_reappro_100,I106,INGREDIENTS,Famla,Ouest,2027-10-01,10,2027,0.18,3.6,0.0,0.07
S3_reappro_100,I107,INGREDIENTS,Djeleng,Ouest,2027-10-01,10,2027,0.02,0.4,0.0,0.01
S3_reappro_100,I107,INGREDIENTS,Famla,Ouest,2027-10-01,10,2027,0.23,4.5,0.0,0.04
S3_reappro_100,P105,INGREDIENTS,Djeleng,Ouest,2027-10-01,10,2027,0.4,8.0,0.0,0.11
S3_reappro_100,P105,INGREDIENTS,Famla,Ouest,2027-10-01,10,2027,1.63,32.6,0.0,0.45
S3_reappro_100,P105,INGREDIENTS,Mbouda,Ouest,2027-10-01,10,2027,0.31,6.2,0.0,0.11
S3_reappro_100,P1051,INGREDIENTS,Djeleng,Ouest,2027-10-01,10,2027,0.04,0.8,0.0,0.0
S3_reappro_100,P1051,INGREDIENTS,Famla,Ouest,2027-10-01,10,2027,0.09,1.8,0.0,0.02
S3_reappro_100,P1051,INGREDIENTS,Mbouda,Ouest,2027-10-01,10,2027,0.05,1.1,0.0,0.02
S3_reappro_100,P1053,INGREDIENTS,Djeleng,Ouest,2027-10-01,10,2027,0.01,0.1,0.0,0.0
S3_reappro_100,P1053,INGREDIENTS,Famla,Ouest,2027-10-01,10,2027,0.01,0.2,0.0,0.0
S3_reappro_100,P1053,INGREDIENTS,Mbouda,Ouest,2027-10-01,10,2027,0.02,0.3,0.0,0.0
S3_reappro_100,B100,INGREDIENTS,Djeleng,Ouest,2027-11-01,11,2027,0.0,0.0,33500.0,0.0
S3_reappro_100,B100,INGREDIENTS,Famla,Ouest,2027-11-01,11,2027,0.23,4.5,33500.0,0.02
S3_reappro_100,B100,INGREDIENTS,Mbouda,Ouest,2027-11-01,11,2027,0.01,0.1,33500.0,0.0
S3_reappro_100,B1001,INGREDIENTS,Famla,Ouest,2027-11-01,11,2027,0.0,0.0,45950.0,0.0
S3_reappro_100,B1001,INGREDIENTS,Mbouda,Ouest,2027-11-01,11,2027,0.0,0.0,45950.0,0.0
S3_reappro_100,E101,INGREDIENTS,Djeleng,Ouest,2027-11-01,11,2027,0.06,1.1,60000.0,0.02
S3_reappro_100,E101,INGREDIENTS,Famla,Ouest,2027-11-01,11,2027,0.43,8.6,60000.0,0.13
S3_reappro_100,E101,INGREDIENTS,Mbouda,Ouest,2027-11-01,11,2027,0.05,0.9,60000.0,0.02
S3_reappro_100,E1011,INGREDIENTS,Djeleng,Ouest,2027-11-01,11,2027,0.02,0.4,61500.0,0.01
S3_reappro_100,E1011,INGREDIENTS,Famla,Ouest,2027-11-01,11,2027,0.04,0.7,61500.0,0.01
S3_reappro_100,E1011,INGREDIENTS,Mbouda,Ouest,2027-11-01,11,2027,0.03,0.5,61500.0,0.01
S3_reappro_100,F114,INGREDIENTS,Djeleng,Ouest,2027-11-01,11,2027,0.05,1.0,0.0,0.0
S3_reappro_100,F114,INGREDIENTS,Famla,Ouest,2027-11-01,11,2027,0.32,6.5,0.0,0.03
S3_reappro_100,F114,INGREDIENTS,Mbouda,Ouest,2027-11-01,11,2027,0.06,1.2,0.0,0.01
S3_reappro_100,F1145,INGREDIENTS,Djeleng,Ouest,2027-11-01,11,2027,0.02,0.3,0.0,0.01
S3_reappro_100,F1145,INGREDIENTS,Famla,Ouest,2027-11-01,11,2027,0.09,1.8,0.0,0.03
S3_reappro_100,F1145,INGREDIENTS,Mbouda,Ouest,2027-11-01,11,2027,0.06,1.1,0.0,0.02
S3_reappro_100,F1146,INGREDIENTS,Famla,Ouest,2027-11-01,11,2027,0.01,0.2,0.0,0.0
S3_reappro_100,F1147,INGREDIENTS,Famla,Ouest,2027-11-01,11,2027,0.0,0.0,0.0,0.0
S3_reappro_100,F1147,INGREDIENTS,Mbouda,Ouest,2027-11-01,11,2027,0.0,0.1,0.0,0.0
S3_reappro_100,I105,INGREDIENTS,Djeleng,Ouest,2027-11-01,11,2027,0.0,0.0,35500.0,0.0
S3_reappro_100,I105,INGREDIENTS,Famla,Ouest,2027-11-01,11,2027,0.02,0.3,35500.0,0.0
S3_reappro_100,I105,INGREDIENTS,Mbouda,Ouest,2027-11-01,11,2027,0.0,0.0,35500.0,0.0
S3_reappro_100,I1051,INGREDIENTS,Djeleng,Ouest,2027-11-01,11,2027,0.01,0.3,41000.0,0.0
S3_reappro_100,I1051,INGREDIENTS,Famla,Ouest,2027-11-01,11,2027,0.02,0.4,41000.0,0.0
S3_reappro_100,I1051,INGREDIENTS,Mbouda,Ouest,2027-11-01,11,2027,0.01,0.2,41000.0,0.0
S3_reappro_100,I106,INGREDIENTS,Djeleng,Ouest,2027-11-01,11,2027,0.01,0.3,0.0,0.01
S3_reappro_100,I106,INGREDIENTS,Famla,Ouest,2027-11-01,11,2027,0.13,2.6,0.0,0.05
S3_reappro_100,I107,INGREDIENTS,Djeleng,Ouest,2027-11-01,11,2027,0.01,0.3,0.0,0.01
S3_reappro_100,I107,INGREDIENTS,Famla,Ouest,2027-11-01,11,2027,0.17,3.3,0.0,0.03
S3_reappro_100,P105,INGREDIENTS,Djeleng,Ouest,2027-11-01,11,2027,0.3,5.9,0.0,0.08
S3_reappro_100,P105,INGREDIENTS,Famla,Ouest,2027-11-01,11,2027,1.21,24.2,0.0,0.33
S3_reappro_100,P105,INGREDIENTS,Mbouda,Ouest,2027-11-01,11,2027,0.23,4.6,0.0,0.08
S3_reappro_100,P1051,INGREDIENTS,Djeleng,Ouest,2027-11-01,11,2027,0.03,0.6,0.0,0.0
S3_reappro_100,P1051,INGREDIENTS,Famla,Ouest,2027-11-01,11,2027,0.06,1.3,0.0,0.02
S3_reappro_100,P1051,INGREDIENTS,Mbouda,Ouest,2027-11-01,11,2027,0.04,0.8,0.0,0.01
S3_reappro_100,P1053,INGREDIENTS,Djeleng,Ouest,2027-11-01,11,2027,0.0,0.1,0.0,0.0
S3_reappro_100,P1053,INGREDIENTS,Famla,Ouest,2027-11-01,11,2027,0.01,0.1,0.0,0.0
S3_reappro_100,P1053,INGREDIENTS,Mbouda,Ouest,2027-11-01,11,2027,0.01,0.2,0.0,0.0
S3_reappro_100,B100,INGREDIENTS,Djeleng,Ouest,2027-12-01,12,2027,0.0,0.0,33500.0,0.0
S3_reappro_100,B100,INGREDIENTS,Famla,Ouest,2027-12-01,12,2027,0.0,0.0,33500.0,0.0
S3_reappro_100,B100,INGREDIENTS,Mbouda,Ouest,2027-12-01,12,2027,0.0,0.0,33500.0,0.0
S3_reappro_100,B1001,INGREDIENTS,Famla,Ouest,2027-12-01,12,2027,0.0,0.0,45950.0,0.0
S3_reappro_100,B1001,INGREDIENTS,Mbouda,Ouest,2027-12-01,12,2027,0.0,0.0,45950.0,0.0
S3_reappro_100,E101,INGREDIENTS,Djeleng,Ouest,2027-12-01,12,2027,0.0,0.0,60000.0,0.0
S3_reappro_100,E101,INGREDIENTS,Famla,Ouest,2027-12-01,12,2027,0.0,0.0,60000.0,0.0
S3_reappro_100,E101,INGREDIENTS,Mbouda,Ouest,2027-12-01,12,2027,0.0,0.0,60000.0,0.0
S3_reappro_100,E1011,INGREDIENTS,Djeleng,Ouest,2027-12-01,12,2027,0.0,0.0,61500.0,0.0
S3_reappro_100,E1011,INGREDIENTS,Famla,Ouest,2027-12-01,12,2027,0.0,0.0,61500.0,0.0
S3_reappro_100,E1011,INGREDIENTS,Mbouda,Ouest,2027-12-01,12,2027,0.0,0.0,61500.0,0.0
S3_reappro_100,F114,INGREDIENTS,Djeleng,Ouest,2027-12-01,12,2027,0.0,0.0,0.0,0.0
S3_reappro_100,F114,INGREDIENTS,Famla,Ouest,2027-12-01,12,2027,0.0,0.0,0.0,0.0
S3_reappro_100,F114,INGREDIENTS,Mbouda,Ouest,2027-12-01,12,2027,0.0,0.0,0.0,0.0
S3_reappro_100,F1145,INGREDIENTS,Djeleng,Ouest,2027-12-01,12,2027,0.0,0.0,0.0,0.0
S3_reappro_100,F1145,INGREDIENTS,Famla,Ouest,2027-12-01,12,2027,0.0,0.0,0.0,0.0
S3_reappro_100,F1145,INGREDIENTS,Mbouda,Ouest,2027-12-01,12,2027,0.0,0.0,0.0,0.0
S3_reappro_100,F1146,INGREDIENTS,Famla,Ouest,2027-12-01,12,2027,0.0,0.0,0.0,0.0
S3_reappro_100,F1147,INGREDIENTS,Famla,Ouest,2027-12-01,12,2027,0.0,0.0,0.0,0.0
S3_reappro_100,F1147,INGREDIENTS,Mbouda,Ouest,2027-12-01,12,2027,0.0,0.0,0.0,0.0
S3_reappro_100,I105,INGREDIENTS,Djeleng,Ouest,2027-12-01,12,2027,0.0,0.0,35500.0,0.0
S3_reappro_100,I105,INGREDIENTS,Famla,Ouest,2027-12-01,12,2027,0.0,0.0,35500.0,0.0
S3_reappro_100,I105,INGREDIENTS,Mbouda,Ouest,2027-12-01,12,2027,0.0,0.0,35500.0,0.0
S3_reappro_100,I1051,INGREDIENTS,Djeleng,Ouest,2027-12-01,12,2027,0.0,0.0,41000.0,0.0
S3_reappro_100,I1051,INGREDIENTS,Famla,Ouest,2027-12-01,12,2027,0.0,0.0,41000.0,0.0
S3_reappro_100,I1051,INGREDIENTS,Mbouda,Ouest,2027-12-01,12,2027,0.0,0.0,41000.0,0.0
S3_reappro_100,I106,INGREDIENTS,Djeleng,Ouest,2027-12-01,12,2027,0.0,0.0,0.0,0.0
S3_reappro_100,I106,INGREDIENTS,Famla,Ouest,2027-12-01,12,2027,0.0,0.0,0.0,0.0
S3_reappro_100,I107,INGREDIENTS,Djeleng,Ouest,2027-12-01,12,2027,0.0,0.0,0.0,0.0
S3_reappro_100,I107,INGREDIENTS,Famla,Ouest,2027-12-01,12,2027,0.0,0.0,0.0,0.0
S3_reappro_100,P105,INGREDIENTS,Djeleng,Ouest,2027-12-01,12,2027,0.0,0.0,0.0,0.0
S3_reappro_100,P105,INGREDIENTS,Famla,Ouest,2027-12-01,12,2027,0.0,0.0,0.0,0.0
S3_reappro_100,P105,INGREDIENTS,Mbouda,Ouest,2027-12-01,12,2027,0.0,0.0,0.0,0.0
S3_reappro_100,P1051,INGREDIENTS,Djeleng,Ouest,2027-12-01,12,2027,0.0,0.0,0.0,0.0
S3_reappro_100,P1051,INGREDIENTS,Famla,Ouest,2027-12-01,12,2027,0.0,0.0,0.0,0.0
S3_reappro_100,P1051,INGREDIENTS,Mbouda,Ouest,2027-12-01,12,2027,0.0,0.0,0.0,0.0
S3_reappro_100,P1053,INGREDIENTS,Djeleng,Ouest,2027-12-01,12,2027,0.0,0.0,0.0,0.0
S3_reappro_100,P1053,INGREDIENTS,Famla,Ouest,2027-12-01,12,2027,0.0,0.0,0.0,0.0
S3_reappro_100,P1053,INGREDIENTS,Mbouda,Ouest,2027-12-01,12,2027,0.0,0.0,0.0,0.0
S3_reappro_100,MAT003,MATERIEL_ELEVAGE,Ahala,Centre,2027-01-01,1,2027,0.0,0.0,0.0,0.48
S3_reappro_100,MAT003,MATERIEL_ELEVAGE,Bertoua,Centre,2027-01-01,1,2027,0.0,0.0,0.0,0.64
S3_reappro_100,MAT003,MATERIEL_ELEVAGE,Messassi,Centre,2027-01-01,1,2027,0.0,0.0,0.0,0.29
S3_reappro_100,MAT003,MATERIEL_ELEVAGE,Ngaoundere,Centre,2027-01-01,1,2027,0.0,0.0,0.0,0.32
S3_reappro_100,MAT003,MATERIEL_ELEVAGE,Nkoabang,Centre,2027-01-01,1,2027,0.0,0.0,0.0,0.21
S3_reappro_100,MAT003,MATERIEL_ELEVAGE,Nkolbisson,Centre,2027-01-01,1,2027,0.0,0.0,0.0,0.02
S3_reappro_100,MAT004,MATERIEL_ELEVAGE,Ahala,Centre,2027-01-01,1,2027,0.0,0.0,0.0,0.0
S3_reappro_100,MAT004,MATERIEL_ELEVAGE,Bertoua,Centre,2027-01-01,1,2027,0.0,0.0,0.0,0.02
S3_reappro_100,MAT004,MATERIEL_ELEVAGE,Nkoabang,Centre,2027-01-01,1,2027,0.0,0.0,0.0,0.0
S3_reappro_100,MAT006,MATERIEL_ELEVAGE,Ahala,Centre,2027-01-01,1,2027,0.0,0.0,0.0,0.0
S3_reappro_100,MAT006,MATERIEL_ELEVAGE,Bertoua,Centre,2027-01-01,1,2027,0.0,0.0,0.0,0.0
S3_reappro_100,MAT006,MATERIEL_ELEVAGE,Messassi,Centre,2027-01-01,1,2027,0.0,0.0,0.0,0.02
S3_reappro_100,MAT007,MATERIEL_ELEVAGE,Ngaoundere,Centre,2027-01-01,1,2027,0.0,0.0,0.0,0.0
S3_reappro_100,MAT008,MATERIEL_ELEVAGE,Ahala,Centre,2027-01-01,1,2027,0.0,0.0,0.0,0.0
S3_reappro_100,MAT008,MATERIEL_ELEVAGE,Messassi,Centre,2027-01-01,1,2027,0.0,0.0,0.0,0.0
S3_reappro_100,MAT009,MATERIEL_ELEVAGE,Ahala,Centre,2027-01-01,1,2027,0.0,0.0,0.0,0.0
S3_reappro_100,MAT009,MATERIEL_ELEVAGE,Bertoua,Centre,2027-01-01,1,2027,0.0,0.0,0.0,0.0
S3_reappro_100,MAT009,MATERIEL_ELEVAGE,Messassi,Centre,2027-01-01,1,2027,0.0,0.0,0.0,0.0
S3_reappro_100,MAT009,MATERIEL_ELEVAGE,Nkoabang,Centre,2027-01-01,1,2027,0.0,0.0,0.0,0.0
S3_reappro_100,MAT011-80010002,MATERIEL_ELEVAGE,Ahala,Centre,2027-01-01,1,2027,0.0,0.0,0.0,0.31
S3_reappro_100,MAT011-80010002,MATERIEL_ELEVAGE,Bertoua,Centre,2027-01-01,1,2027,0.0,0.0,0.0,0.44
S3_reappro_100,MAT011-80010002,MATERIEL_ELEVAGE,Messassi,Centre,2027-01-01,1,2027,0.0,0.0,0.0,1.24
S3_reappro_100,MAT011-80010002,MATERIEL_ELEVAGE,Ngaoundere,Centre,2027-01-01,1,2027,0.0,0.0,0.0,0.41
S3_reappro_100,MAT011-80010002,MATERIEL_ELEVAGE,Nkoabang,Centre,2027-01-01,1,2027,0.0,0.0,0.0,0.2
S3_reappro_100,MAT011-80010002,MATERIEL_ELEVAGE,Nkolbisson,Centre,2027-01-01,1,2027,0.0,0.0,0.0,0.11
S3_reappro_100,MAT014-80010003,MATERIEL_ELEVAGE,Ahala,Centre,2027-01-01,1,2027,0.0,0.0,0.0,0.61
S3_reappro_100,MAT014-80010003,MATERIEL_ELEVAGE,Bertoua,Centre,2027-01-01,1,2027,0.0,0.0,0.0,2.77
S3_reappro_100,MAT014-80010003,MATERIEL_ELEVAGE,Messassi,Centre,2027-01-01,1,2027,0.0,0.0,0.0,1.64
S3_reappro_100,MAT014-80010003,MATERIEL_ELEVAGE,Ngaoundere,Centre,2027-01-01,1,2027,0.0,0.0,0.0,0.46
S3_reappro_100,MAT014-80010003,MATERIEL_ELEVAGE,Nkoabang,Centre,2027-01-01,1,2027,0.0,0.0,0.0,0.46
S3_reappro_100,MAT014-80010003,MATERIEL_ELEVAGE,Nkolbisson,Centre,2027-01-01,1,2027,0.0,0.0,0.0,0.38
S3_reappro_100,MAT017,MATERIEL_ELEVAGE,Ahala,Centre,2027-01-01,1,2027,0.0,0.0,0.0,0.4
S3_reappro_100,MAT017,MATERIEL_ELEVAGE,Bertoua,Centre,2027-01-01,1,2027,0.0,0.0,0.0,0.01
S3_reappro_100,MAT017,MATERIEL_ELEVAGE,Messassi,Centre,2027-01-01,1,2027,0.0,0.0,0.0,0.46
S3_reappro_100,MAT017,MATERIEL_ELEVAGE,Ngaoundere,Centre,2027-01-01,1,2027,0.0,0.0,0.0,0.64
S3_reappro_100,MAT017,MATERIEL_ELEVAGE,Nkoabang,Centre,2027-01-01,1,2027,0.0,0.0,0.0,0.27
S3_reappro_100,MAT020,MATERIEL_ELEVAGE,Ahala,Centre,2027-01-01,1,2027,0.0,0.0,0.0,0.01
S3_reappro_100,MAT020,MATERIEL_ELEVAGE,Bertoua,Centre,2027-01-01,1,2027,0.0,0.0,0.0,0.01
S3_reappro_100,MAT020,MATERIEL_ELEVAGE,Messassi,Centre,2027-01-01,1,2027,0.0,0.0,0.0,0.04
S3_reappro_100,MAT020,MATERIEL_ELEVAGE,Ngaoundere,Centre,2027-01-01,1,2027,0.0,0.0,0.0,0.01
S3_reappro_100,MAT020,MATERIEL_ELEVAGE,Nkoabang,Centre,2027-01-01,1,2027,0.0,0.0,0.0,0.02
S3_reappro_100,MAT023,MATERIEL_ELEVAGE,Messassi,Centre,2027-01-01,1,2027,0.0,0.0,0.0,0.01
S3_reappro_100,MAT030,MATERIEL_ELEVAGE,Nkoabang,Centre,2027-01-01,1,2027,0.0,0.0,0.0,0.02
S3_reappro_100,MAT033,MATERIEL_ELEVAGE,Ahala,Centre,2027-01-01,1,2027,0.0,0.0,0.0,0.0
S3_reappro_100,MAT033,MATERIEL_ELEVAGE,Bertoua,Centre,2027-01-01,1,2027,0.0,0.0,0.0,0.0
S3_reappro_100,MAT033,MATERIEL_ELEVAGE,Messassi,Centre,2027-01-01,1,2027,0.0,0.0,0.0,0.01
S3_reappro_100,MAT039,MATERIEL_ELEVAGE,Ahala,Centre,2027-01-01,1,2027,0.0,0.0,0.0,0.11
S3_reappro_100,MAT039,MATERIEL_ELEVAGE,Bertoua,Centre,2027-01-01,1,2027,0.0,0.0,0.0,0.54
S3_reappro_100,MAT039,MATERIEL_ELEVAGE,Messassi,Centre,2027-01-01,1,2027,0.0,0.0,0.0,0.35
S3_reappro_100,MAT039,MATERIEL_ELEVAGE,Ngaoundere,Centre,2027-01-01,1,2027,0.0,0.0,0.0,0.11
S3_reappro_100,MAT039,MATERIEL_ELEVAGE,Nkoabang,Centre,2027-01-01,1,2027,0.0,0.0,0.0,0.12
S3_reappro_100,MAT039,MATERIEL_ELEVAGE,Nkolbisson,Centre,2027-01-01,1,2027,0.0,0.0,0.0,0.04
S3_reappro_100,MAT040,MATERIEL_ELEVAGE,Ahala,Centre,2027-01-01,1,2027,0.0,0.0,0.0,0.01
S3_reappro_100,MAT040,MATERIEL_ELEVAGE,Messassi,Centre,2027-01-01,1,2027,0.0,0.0,0.0,0.02
S3_reappro_100,MAT040,MATERIEL_ELEVAGE,Ngaoundere,Centre,2027-01-01,1,2027,0.0,0.0,0.0,0.0
S3_reappro_100,MAT040,MATERIEL_ELEVAGE,Nkolbisson,Centre,2027-01-01,1,2027,0.0,0.0,0.0,0.0
S3_reappro_100,MAT042,MATERIEL_ELEVAGE,Ahala,Centre,2027-01-01,1,2027,0.0,0.0,0.0,0.12
S3_reappro_100,MAT042,MATERIEL_ELEVAGE,Bertoua,Centre,2027-01-01,1,2027,0.0,0.0,0.0,0.09
S3_reappro_100,MAT042,MATERIEL_ELEVAGE,Messassi,Centre,2027-01-01,1,2027,0.0,0.0,0.0,0.01
S3_reappro_100,MAT042,MATERIEL_ELEVAGE,Ngaoundere,Centre,2027-01-01,1,2027,0.0,0.0,0.0,0.05
S3_reappro_100,MAT049,MATERIEL_ELEVAGE,Ahala,Centre,2027-01-01,1,2027,0.0,0.0,0.0,0.03
S3_reappro_100,MAT049,MATERIEL_ELEVAGE,Bertoua,Centre,2027-01-01,1,2027,0.0,0.0,0.0,0.03
S3_reappro_100,MAT049,MATERIEL_ELEVAGE,Messassi,Centre,2027-01-01,1,2027,0.0,0.0,0.0,0.03
S3_reappro_100,MAT049,MATERIEL_ELEVAGE,Ngaoundere,Centre,2027-01-01,1,2027,0.0,0.0,0.0,0.01
S3_reappro_100,MAT049,MATERIEL_ELEVAGE,Nkoabang,Centre,2027-01-01,1,2027,0.0,0.0,0.0,0.03
S3_reappro_100,MAT050,MATERIEL_ELEVAGE,Ahala,Centre,2027-01-01,1,2027,0.0,0.0,0.0,0.02
S3_reappro_100,MAT050,MATERIEL_ELEVAGE,Bertoua,Centre,2027-01-01,1,2027,0.0,0.0,0.0,0.01
S3_reappro_100,MAT050,MATERIEL_ELEVAGE,Messassi,Centre,2027-01-01,1,2027,0.0,0.0,0.0,0.03
S3_reappro_100,MAT050,MATERIEL_ELEVAGE,Nkoabang,Centre,2027-01-01,1,2027,0.0,0.0,0.0,0.03
S3_reappro_100,MAT053,MATERIEL_ELEVAGE,Ahala,Centre,2027-01-01,1,2027,0.0,0.0,0.0,0.0
S3_reappro_100,MAT054,MATERIEL_ELEVAGE,Ahala,Centre,2027-01-01,1,2027,0.0,0.0,0.0,0.0
S3_reappro_100,MAT055,MATERIEL_ELEVAGE,Ahala,Centre,2027-01-01,1,2027,0.0,0.0,0.0,0.0
S3_reappro_100,MAT073,MATERIEL_ELEVAGE,Ahala,Centre,2027-01-01,1,2027,0.0,0.0,0.0,0.07
S3_reappro_100,MAT073,MATERIEL_ELEVAGE,Messassi,Centre,2027-01-01,1,2027,0.0,0.0,0.0,0.15
S3_reappro_100,MAT003,MATERIEL_ELEVAGE,Ahala,Centre,2027-02-01,2,2027,0.0,0.0,0.0,0.48
S3_reappro_100,MAT003,MATERIEL_ELEVAGE,Bertoua,Centre,2027-02-01,2,2027,0.0,0.0,0.0,0.64
S3_reappro_100,MAT003,MATERIEL_ELEVAGE,Messassi,Centre,2027-02-01,2,2027,0.0,0.0,0.0,0.29
S3_reappro_100,MAT003,MATERIEL_ELEVAGE,Ngaoundere,Centre,2027-02-01,2,2027,0.0,0.0,0.0,0.32
S3_reappro_100,MAT003,MATERIEL_ELEVAGE,Nkoabang,Centre,2027-02-01,2,2027,0.0,0.0,0.0,0.21
S3_reappro_100,MAT003,MATERIEL_ELEVAGE,Nkolbisson,Centre,2027-02-01,2,2027,0.0,0.0,0.0,0.02
S3_reappro_100,MAT004,MATERIEL_ELEVAGE,Ahala,Centre,2027-02-01,2,2027,0.0,0.0,0.0,0.0
S3_reappro_100,MAT004,MATERIEL_ELEVAGE,Bertoua,Centre,2027-02-01,2,2027,0.0,0.0,0.0,0.02
S3_reappro_100,MAT004,MATERIEL_ELEVAGE,Nkoabang,Centre,2027-02-01,2,2027,0.0,0.0,0.0,0.0
S3_reappro_100,MAT006,MATERIEL_ELEVAGE,Ahala,Centre,2027-02-01,2,2027,0.0,0.0,0.0,0.0
S3_reappro_100,MAT006,MATERIEL_ELEVAGE,Bertoua,Centre,2027-02-01,2,2027,0.0,0.0,0.0,0.0
S3_reappro_100,MAT006,MATERIEL_ELEVAGE,Messassi,Centre,2027-02-01,2,2027,0.0,0.0,0.0,0.02
S3_reappro_100,MAT007,MATERIEL_ELEVAGE,Ngaoundere,Centre,2027-02-01,2,2027,0.0,0.0,0.0,0.0
S3_reappro_100,MAT008,MATERIEL_ELEVAGE,Ahala,Centre,2027-02-01,2,2027,0.0,0.0,0.0,0.0
S3_reappro_100,MAT008,MATERIEL_ELEVAGE,Messassi,Centre,2027-02-01,2,2027,0.0,0.0,0.0,0.0
S3_reappro_100,MAT009,MATERIEL_ELEVAGE,Ahala,Centre,2027-02-01,2,2027,0.0,0.0,0.0,0.0
S3_reappro_100,MAT009,MATERIEL_ELEVAGE,Bertoua,Centre,2027-02-01,2,2027,0.0,0.0,0.0,0.0
S3_reappro_100,MAT009,MATERIEL_ELEVAGE,Messassi,Centre,2027-02-01,2,2027,0.0,0.0,0.0,0.0
S3_reappro_100,MAT009,MATERIEL_ELEVAGE,Nkoabang,Centre,2027-02-01,2,2027,0.0,0.0,0.0,0.0
S3_reappro_100,MAT011-80010002,MATERIEL_ELEVAGE,Ahala,Centre,2027-02-01,2,2027,0.0,0.0,0.0,0.31
S3_reappro_100,MAT011-80010002,MATERIEL_ELEVAGE,Bertoua,Centre,2027-02-01,2,2027,0.0,0.0,0.0,0.44
S3_reappro_100,MAT011-80010002,MATERIEL_ELEVAGE,Messassi,Centre,2027-02-01,2,2027,0.0,0.0,0.0,1.24
S3_reappro_100,MAT011-80010002,MATERIEL_ELEVAGE,Ngaoundere,Centre,2027-02-01,2,2027,0.0,0.0,0.0,0.41
S3_reappro_100,MAT011-80010002,MATERIEL_ELEVAGE,Nkoabang,Centre,2027-02-01,2,2027,0.0,0.0,0.0,0.2
S3_reappro_100,MAT011-80010002,MATERIEL_ELEVAGE,Nkolbisson,Centre,2027-02-01,2,2027,0.0,0.0,0.0,0.11
S3_reappro_100,MAT014-80010003,MATERIEL_ELEVAGE,Ahala,Centre,2027-02-01,2,2027,0.0,0.0,0.0,0.61
S3_reappro_100,MAT014-80010003,MATERIEL_ELEVAGE,Bertoua,Centre,2027-02-01,2,2027,0.0,0.0,0.0,2.77
S3_reappro_100,MAT014-80010003,MATERIEL_ELEVAGE,Messassi,Centre,2027-02-01,2,2027,0.0,0.0,0.0,1.64
S3_reappro_100,MAT014-80010003,MATERIEL_ELEVAGE,Ngaoundere,Centre,2027-02-01,2,2027,0.0,0.0,0.0,0.46
S3_reappro_100,MAT014-80010003,MATERIEL_ELEVAGE,Nkoabang,Centre,2027-02-01,2,2027,0.0,0.0,0.0,0.46
S3_reappro_100,MAT014-80010003,MATERIEL_ELEVAGE,Nkolbisson,Centre,2027-02-01,2,2027,0.0,0.0,0.0,0.38
S3_reappro_100,MAT017,MATERIEL_ELEVAGE,Ahala,Centre,2027-02-01,2,2027,0.0,0.0,0.0,0.4
S3_reappro_100,MAT017,MATERIEL_ELEVAGE,Bertoua,Centre,2027-02-01,2,2027,0.0,0.0,0.0,0.01
S3_reappro_100,MAT017,MATERIEL_ELEVAGE,Messassi,Centre,2027-02-01,2,2027,0.0,0.0,0.0,0.46
S3_reappro_100,MAT017,MATERIEL_ELEVAGE,Ngaoundere,Centre,2027-02-01,2,2027,0.0,0.0,0.0,0.64
S3_reappro_100,MAT017,MATERIEL_ELEVAGE,Nkoabang,Centre,2027-02-01,2,2027,0.0,0.0,0.0,0.27
S3_reappro_100,MAT020,MATERIEL_ELEVAGE,Ahala,Centre,2027-02-01,2,2027,0.0,0.0,0.0,0.01
S3_reappro_100,MAT020,MATERIEL_ELEVAGE,Bertoua,Centre,2027-02-01,2,2027,0.0,0.0,0.0,0.01
S3_reappro_100,MAT020,MATERIEL_ELEVAGE,Messassi,Centre,2027-02-01,2,2027,0.0,0.0,0.0,0.04
S3_reappro_100,MAT020,MATERIEL_ELEVAGE,Ngaoundere,Centre,2027-02-01,2,2027,0.0,0.0,0.0,0.01
S3_reappro_100,MAT020,MATERIEL_ELEVAGE,Nkoabang,Centre,2027-02-01,2,2027,0.0,0.0,0.0,0.02
S3_reappro_100,MAT023,MATERIEL_ELEVAGE,Messassi,Centre,2027-02-01,2,2027,0.0,0.0,0.0,0.01
S3_reappro_100,MAT030,MATERIEL_ELEVAGE,Nkoabang,Centre,2027-02-01,2,2027,0.0,0.0,0.0,0.02
S3_reappro_100,MAT033,MATERIEL_ELEVAGE,Ahala,Centre,2027-02-01,2,2027,0.0,0.0,0.0,0.0
S3_reappro_100,MAT033,MATERIEL_ELEVAGE,Bertoua,Centre,2027-02-01,2,2027,0.0,0.0,0.0,0.0
S3_reappro_100,MAT033,MATERIEL_ELEVAGE,Messassi,Centre,2027-02-01,2,2027,0.0,0.0,0.0,0.01
S3_reappro_100,MAT039,MATERIEL_ELEVAGE,Ahala,Centre,2027-02-01,2,2027,0.0,0.0,0.0,0.11
S3_reappro_100,MAT039,MATERIEL_ELEVAGE,Bertoua,Centre,2027-02-01,2,2027,0.0,0.0,0.0,0.54
S3_reappro_100,MAT039,MATERIEL_ELEVAGE,Messassi,Centre,2027-02-01,2,2027,0.0,0.0,0.0,0.35
S3_reappro_100,MAT039,MATERIEL_ELEVAGE,Ngaoundere,Centre,2027-02-01,2,2027,0.0,0.0,0.0,0.11
S3_reappro_100,MAT039,MATERIEL_ELEVAGE,Nkoabang,Centre,2027-02-01,2,2027,0.0,0.0,0.0,0.12
S3_reappro_100,MAT039,MATERIEL_ELEVAGE,Nkolbisson,Centre,2027-02-01,2,2027,0.0,0.0,0.0,0.04
S3_reappro_100,MAT040,MATERIEL_ELEVAGE,Ahala,Centre,2027-02-01,2,2027,0.0,0.0,0.0,0.01
S3_reappro_100,MAT040,MATERIEL_ELEVAGE,Messassi,Centre,2027-02-01,2,2027,0.0,0.0,0.0,0.02
S3_reappro_100,MAT040,MATERIEL_ELEVAGE,Ngaoundere,Centre,2027-02-01,2,2027,0.0,0.0,0.0,0.0
S3_reappro_100,MAT040,MATERIEL_ELEVAGE,Nkolbisson,Centre,2027-02-01,2,2027,0.0,0.0,0.0,0.0
S3_reappro_100,MAT042,MATERIEL_ELEVAGE,Ahala,Centre,2027-02-01,2,2027,0.0,0.0,0.0,0.12
S3_reappro_100,MAT042,MATERIEL_ELEVAGE,Bertoua,Centre,2027-02-01,2,2027,0.0,0.0,0.0,0.09
S3_reappro_100,MAT042,MATERIEL_ELEVAGE,Messassi,Centre,2027-02-01,2,2027,0.0,0.0,0.0,0.01
S3_reappro_100,MAT042,MATERIEL_ELEVAGE,Ngaoundere,Centre,2027-02-01,2,2027,0.0,0.0,0.0,0.05
S3_reappro_100,MAT049,MATERIEL_ELEVAGE,Ahala,Centre,2027-02-01,2,2027,0.0,0.0,0.0,0.03
S3_reappro_100,MAT049,MATERIEL_ELEVAGE,Bertoua,Centre,2027-02-01,2,2027,0.0,0.0,0.0,0.03
S3_reappro_100,MAT049,MATERIEL_ELEVAGE,Messassi,Centre,2027-02-01,2,2027,0.0,0.0,0.0,0.03
S3_reappro_100,MAT049,MATERIEL_ELEVAGE,Ngaoundere,Centre,2027-02-01,2,2027,0.0,0.0,0.0,0.01
S3_reappro_100,MAT049,MATERIEL_ELEVAGE,Nkoabang,Centre,2027-02-01,2,2027,0.0,0.0,0.0,0.03
S3_reappro_100,MAT050,MATERIEL_ELEVAGE,Ahala,Centre,2027-02-01,2,2027,0.0,0.0,0.0,0.02
S3_reappro_100,MAT050,MATERIEL_ELEVAGE,Bertoua,Centre,2027-02-01,2,2027,0.0,0.0,0.0,0.01
S3_reappro_100,MAT050,MATERIEL_ELEVAGE,Messassi,Centre,2027-02-01,2,2027,0.0,0.0,0.0,0.03
S3_reappro_100,MAT050,MATERIEL_ELEVAGE,Nkoabang,Centre,2027-02-01,2,2027,0.0,0.0,0.0,0.03
S3_reappro_100,MAT053,MATERIEL_ELEVAGE,Ahala,Centre,2027-02-01,2,2027,0.0,0.0,0.0,0.0
S3_reappro_100,MAT054,MATERIEL_ELEVAGE,Ahala,Centre,2027-02-01,2,2027,0.0,0.0,0.0,0.0
S3_reappro_100,MAT055,MATERIEL_ELEVAGE,Ahala,Centre,2027-02-01,2,2027,0.0,0.0,0.0,0.0
S3_reappro_100,MAT073,MATERIEL_ELEVAGE,Ahala,Centre,2027-02-01,2,2027,0.0,0.0,0.0,0.07
S3_reappro_100,MAT073,MATERIEL_ELEVAGE,Messassi,Centre,2027-02-01,2,2027,0.0,0.0,0.0,0.15
S3_reappro_100,MAT003,MATERIEL_ELEVAGE,Ahala,Centre,2027-03-01,3,2027,0.0,0.0,0.0,0.48
S3_reappro_100,MAT003,MATERIEL_ELEVAGE,Bertoua,Centre,2027-03-01,3,2027,0.0,0.0,0.0,0.64
S3_reappro_100,MAT003,MATERIEL_ELEVAGE,Messassi,Centre,2027-03-01,3,2027,0.0,0.0,0.0,0.29
S3_reappro_100,MAT003,MATERIEL_ELEVAGE,Ngaoundere,Centre,2027-03-01,3,2027,0.0,0.0,0.0,0.32
S3_reappro_100,MAT003,MATERIEL_ELEVAGE,Nkoabang,Centre,2027-03-01,3,2027,0.0,0.0,0.0,0.21
S3_reappro_100,MAT003,MATERIEL_ELEVAGE,Nkolbisson,Centre,2027-03-01,3,2027,0.0,0.0,0.0,0.02
S3_reappro_100,MAT004,MATERIEL_ELEVAGE,Ahala,Centre,2027-03-01,3,2027,0.0,0.0,0.0,0.0
S3_reappro_100,MAT004,MATERIEL_ELEVAGE,Bertoua,Centre,2027-03-01,3,2027,0.0,0.0,0.0,0.02
S3_reappro_100,MAT004,MATERIEL_ELEVAGE,Nkoabang,Centre,2027-03-01,3,2027,0.0,0.0,0.0,0.0
S3_reappro_100,MAT006,MATERIEL_ELEVAGE,Ahala,Centre,2027-03-01,3,2027,0.0,0.0,0.0,0.0
S3_reappro_100,MAT006,MATERIEL_ELEVAGE,Bertoua,Centre,2027-03-01,3,2027,0.0,0.0,0.0,0.0
S3_reappro_100,MAT006,MATERIEL_ELEVAGE,Messassi,Centre,2027-03-01,3,2027,0.0,0.0,0.0,0.02
S3_reappro_100,MAT007,MATERIEL_ELEVAGE,Ngaoundere,Centre,2027-03-01,3,2027,0.0,0.0,0.0,0.0
S3_reappro_100,MAT008,MATERIEL_ELEVAGE,Ahala,Centre,2027-03-01,3,2027,0.0,0.0,0.0,0.0
S3_reappro_100,MAT008,MATERIEL_ELEVAGE,Messassi,Centre,2027-03-01,3,2027,0.0,0.0,0.0,0.0
S3_reappro_100,MAT009,MATERIEL_ELEVAGE,Ahala,Centre,2027-03-01,3,2027,0.0,0.0,0.0,0.0
S3_reappro_100,MAT009,MATERIEL_ELEVAGE,Bertoua,Centre,2027-03-01,3,2027,0.0,0.0,0.0,0.0
S3_reappro_100,MAT009,MATERIEL_ELEVAGE,Messassi,Centre,2027-03-01,3,2027,0.0,0.0,0.0,0.0
S3_reappro_100,MAT009,MATERIEL_ELEVAGE,Nkoabang,Centre,2027-03-01,3,2027,0.0,0.0,0.0,0.0
S3_reappro_100,MAT011-80010002,MATERIEL_ELEVAGE,Ahala,Centre,2027-03-01,3,2027,0.0,0.0,0.0,0.31
S3_reappro_100,MAT011-80010002,MATERIEL_ELEVAGE,Bertoua,Centre,2027-03-01,3,2027,0.0,0.0,0.0,0.44
S3_reappro_100,MAT011-80010002,MATERIEL_ELEVAGE,Messassi,Centre,2027-03-01,3,2027,0.0,0.0,0.0,1.24
S3_reappro_100,MAT011-80010002,MATERIEL_ELEVAGE,Ngaoundere,Centre,2027-03-01,3,2027,0.0,0.0,0.0,0.41
S3_reappro_100,MAT011-80010002,MATERIEL_ELEVAGE,Nkoabang,Centre,2027-03-01,3,2027,0.0,0.0,0.0,0.2
S3_reappro_100,MAT011-80010002,MATERIEL_ELEVAGE,Nkolbisson,Centre,2027-03-01,3,2027,0.0,0.0,0.0,0.11
S3_reappro_100,MAT014-80010003,MATERIEL_ELEVAGE,Ahala,Centre,2027-03-01,3,2027,0.0,0.0,0.0,0.61
S3_reappro_100,MAT014-80010003,MATERIEL_ELEVAGE,Bertoua,Centre,2027-03-01,3,2027,0.0,0.0,0.0,2.77
S3_reappro_100,MAT014-80010003,MATERIEL_ELEVAGE,Messassi,Centre,2027-03-01,3,2027,0.0,0.0,0.0,1.64
S3_reappro_100,MAT014-80010003,MATERIEL_ELEVAGE,Ngaoundere,Centre,2027-03-01,3,2027,0.0,0.0,0.0,0.46
S3_reappro_100,MAT014-80010003,MATERIEL_ELEVAGE,Nkoabang,Centre,2027-03-01,3,2027,0.0,0.0,0.0,0.46
S3_reappro_100,MAT014-80010003,MATERIEL_ELEVAGE,Nkolbisson,Centre,2027-03-01,3,2027,0.0,0.0,0.0,0.38
S3_reappro_100,MAT017,MATERIEL_ELEVAGE,Ahala,Centre,2027-03-01,3,2027,0.0,0.0,0.0,0.4
S3_reappro_100,MAT017,MATERIEL_ELEVAGE,Bertoua,Centre,2027-03-01,3,2027,0.0,0.0,0.0,0.01
S3_reappro_100,MAT017,MATERIEL_ELEVAGE,Messassi,Centre,2027-03-01,3,2027,0.0,0.0,0.0,0.46
S3_reappro_100,MAT017,MATERIEL_ELEVAGE,Ngaoundere,Centre,2027-03-01,3,2027,0.0,0.0,0.0,0.64
S3_reappro_100,MAT017,MATERIEL_ELEVAGE,Nkoabang,Centre,2027-03-01,3,2027,0.0,0.0,0.0,0.27
S3_reappro_100,MAT020,MATERIEL_ELEVAGE,Ahala,Centre,2027-03-01,3,2027,0.0,0.0,0.0,0.01
S3_reappro_100,MAT020,MATERIEL_ELEVAGE,Bertoua,Centre,2027-03-01,3,2027,0.0,0.0,0.0,0.01
S3_reappro_100,MAT020,MATERIEL_ELEVAGE,Messassi,Centre,2027-03-01,3,2027,0.0,0.0,0.0,0.04
S3_reappro_100,MAT020,MATERIEL_ELEVAGE,Ngaoundere,Centre,2027-03-01,3,2027,0.0,0.0,0.0,0.01
S3_reappro_100,MAT020,MATERIEL_ELEVAGE,Nkoabang,Centre,2027-03-01,3,2027,0.0,0.0,0.0,0.02
S3_reappro_100,MAT023,MATERIEL_ELEVAGE,Messassi,Centre,2027-03-01,3,2027,0.0,0.0,0.0,0.01
S3_reappro_100,MAT030,MATERIEL_ELEVAGE,Nkoabang,Centre,2027-03-01,3,2027,0.0,0.0,0.0,0.02
S3_reappro_100,MAT033,MATERIEL_ELEVAGE,Ahala,Centre,2027-03-01,3,2027,0.0,0.0,0.0,0.0
S3_reappro_100,MAT033,MATERIEL_ELEVAGE,Bertoua,Centre,2027-03-01,3,2027,0.0,0.0,0.0,0.0
S3_reappro_100,MAT033,MATERIEL_ELEVAGE,Messassi,Centre,2027-03-01,3,2027,0.0,0.0,0.0,0.01
S3_reappro_100,MAT039,MATERIEL_ELEVAGE,Ahala,Centre,2027-03-01,3,2027,0.0,0.0,0.0,0.11
S3_reappro_100,MAT039,MATERIEL_ELEVAGE,Bertoua,Centre,2027-03-01,3,2027,0.0,0.0,0.0,0.54
S3_reappro_100,MAT039,MATERIEL_ELEVAGE,Messassi,Centre,2027-03-01,3,2027,0.0,0.0,0.0,0.35
S3_reappro_100,MAT039,MATERIEL_ELEVAGE,Ngaoundere,Centre,2027-03-01,3,2027,0.0,0.0,0.0,0.11
S3_reappro_100,MAT039,MATERIEL_ELEVAGE,Nkoabang,Centre,2027-03-01,3,2027,0.0,0.0,0.0,0.12
S3_reappro_100,MAT039,MATERIEL_ELEVAGE,Nkolbisson,Centre,2027-03-01,3,2027,0.0,0.0,0.0,0.04
S3_reappro_100,MAT040,MATERIEL_ELEVAGE,Ahala,Centre,2027-03-01,3,2027,0.0,0.0,0.0,0.01
S3_reappro_100,MAT040,MATERIEL_ELEVAGE,Messassi,Centre,2027-03-01,3,2027,0.0,0.0,0.0,0.02
S3_reappro_100,MAT040,MATERIEL_ELEVAGE,Ngaoundere,Centre,2027-03-01,3,2027,0.0,0.0,0.0,0.0
S3_reappro_100,MAT040,MATERIEL_ELEVAGE,Nkolbisson,Centre,2027-03-01,3,2027,0.0,0.0,0.0,0.0
S3_reappro_100,MAT042,MATERIEL_ELEVAGE,Ahala,Centre,2027-03-01,3,2027,0.0,0.0,0.0,0.12
S3_reappro_100,MAT042,MATERIEL_ELEVAGE,Bertoua,Centre,2027-03-01,3,2027,0.0,0.0,0.0,0.09
S3_reappro_100,MAT042,MATERIEL_ELEVAGE,Messassi,Centre,2027-03-01,3,2027,0.0,0.0,0.0,0.01
S3_reappro_100,MAT042,MATERIEL_ELEVAGE,Ngaoundere,Centre,2027-03-01,3,2027,0.0,0.0,0.0,0.05
S3_reappro_100,MAT049,MATERIEL_ELEVAGE,Ahala,Centre,2027-03-01,3,2027,0.0,0.0,0.0,0.03
S3_reappro_100,MAT049,MATERIEL_ELEVAGE,Bertoua,Centre,2027-03-01,3,2027,0.0,0.0,0.0,0.03
S3_reappro_100,MAT049,MATERIEL_ELEVAGE,Messassi,Centre,2027-03-01,3,2027,0.0,0.0,0.0,0.03
S3_reappro_100,MAT049,MATERIEL_ELEVAGE,Ngaoundere,Centre,2027-03-01,3,2027,0.0,0.0,0.0,0.01
S3_reappro_100,MAT049,MATERIEL_ELEVAGE,Nkoabang,Centre,2027-03-01,3,2027,0.0,0.0,0.0,0.03
S3_reappro_100,MAT050,MATERIEL_ELEVAGE,Ahala,Centre,2027-03-01,3,2027,0.0,0.0,0.0,0.02
S3_reappro_100,MAT050,MATERIEL_ELEVAGE,Bertoua,Centre,2027-03-01,3,2027,0.0,0.0,0.0,0.01
S3_reappro_100,MAT050,MATERIEL_ELEVAGE,Messassi,Centre,2027-03-01,3,2027,0.0,0.0,0.0,0.03
S3_reappro_100,MAT050,MATERIEL_ELEVAGE,Nkoabang,Centre,2027-03-01,3,2027,0.0,0.0,0.0,0.03
S3_reappro_100,MAT053,MATERIEL_ELEVAGE,Ahala,Centre,2027-03-01,3,2027,0.0,0.0,0.0,0.0
S3_reappro_100,MAT054,MATERIEL_ELEVAGE,Ahala,Centre,2027-03-01,3,2027,0.0,0.0,0.0,0.0
S3_reappro_100,MAT055,MATERIEL_ELEVAGE,Ahala,Centre,2027-03-01,3,2027,0.0,0.0,0.0,0.0
S3_reappro_100,MAT073,MATERIEL_ELEVAGE,Ahala,Centre,2027-03-01,3,2027,0.0,0.0,0.0,0.07
S3_reappro_100,MAT073,MATERIEL_ELEVAGE,Messassi,Centre,2027-03-01,3,2027,0.0,0.0,0.0,0.15
S3_reappro_100,MAT003,MATERIEL_ELEVAGE,Ahala,Centre,2027-04-01,4,2027,0.0,0.0,0.0,0.48
S3_reappro_100,MAT003,MATERIEL_ELEVAGE,Bertoua,Centre,2027-04-01,4,2027,0.0,0.0,0.0,0.64
S3_reappro_100,MAT003,MATERIEL_ELEVAGE,Messassi,Centre,2027-04-01,4,2027,0.0,0.0,0.0,0.29
S3_reappro_100,MAT003,MATERIEL_ELEVAGE,Ngaoundere,Centre,2027-04-01,4,2027,0.0,0.0,0.0,0.32
S3_reappro_100,MAT003,MATERIEL_ELEVAGE,Nkoabang,Centre,2027-04-01,4,2027,0.0,0.0,0.0,0.21
S3_reappro_100,MAT003,MATERIEL_ELEVAGE,Nkolbisson,Centre,2027-04-01,4,2027,0.0,0.0,0.0,0.02
S3_reappro_100,MAT004,MATERIEL_ELEVAGE,Ahala,Centre,2027-04-01,4,2027,0.0,0.0,0.0,0.0
S3_reappro_100,MAT004,MATERIEL_ELEVAGE,Bertoua,Centre,2027-04-01,4,2027,0.0,0.0,0.0,0.02
S3_reappro_100,MAT004,MATERIEL_ELEVAGE,Nkoabang,Centre,2027-04-01,4,2027,0.0,0.0,0.0,0.0
S3_reappro_100,MAT006,MATERIEL_ELEVAGE,Ahala,Centre,2027-04-01,4,2027,0.0,0.0,0.0,0.0
S3_reappro_100,MAT006,MATERIEL_ELEVAGE,Bertoua,Centre,2027-04-01,4,2027,0.0,0.0,0.0,0.0
S3_reappro_100,MAT006,MATERIEL_ELEVAGE,Messassi,Centre,2027-04-01,4,2027,0.0,0.0,0.0,0.02
S3_reappro_100,MAT007,MATERIEL_ELEVAGE,Ngaoundere,Centre,2027-04-01,4,2027,0.0,0.0,0.0,0.0
S3_reappro_100,MAT008,MATERIEL_ELEVAGE,Ahala,Centre,2027-04-01,4,2027,0.0,0.0,0.0,0.0
S3_reappro_100,MAT008,MATERIEL_ELEVAGE,Messassi,Centre,2027-04-01,4,2027,0.0,0.0,0.0,0.0
S3_reappro_100,MAT009,MATERIEL_ELEVAGE,Ahala,Centre,2027-04-01,4,2027,0.0,0.0,0.0,0.0
S3_reappro_100,MAT009,MATERIEL_ELEVAGE,Bertoua,Centre,2027-04-01,4,2027,0.0,0.0,0.0,0.0
S3_reappro_100,MAT009,MATERIEL_ELEVAGE,Messassi,Centre,2027-04-01,4,2027,0.0,0.0,0.0,0.0
S3_reappro_100,MAT009,MATERIEL_ELEVAGE,Nkoabang,Centre,2027-04-01,4,2027,0.0,0.0,0.0,0.0
S3_reappro_100,MAT011-80010002,MATERIEL_ELEVAGE,Ahala,Centre,2027-04-01,4,2027,0.0,0.0,0.0,0.31
S3_reappro_100,MAT011-80010002,MATERIEL_ELEVAGE,Bertoua,Centre,2027-04-01,4,2027,0.0,0.0,0.0,0.44
S3_reappro_100,MAT011-80010002,MATERIEL_ELEVAGE,Messassi,Centre,2027-04-01,4,2027,0.0,0.0,0.0,1.24
S3_reappro_100,MAT011-80010002,MATERIEL_ELEVAGE,Ngaoundere,Centre,2027-04-01,4,2027,0.0,0.0,0.0,0.41
S3_reappro_100,MAT011-80010002,MATERIEL_ELEVAGE,Nkoabang,Centre,2027-04-01,4,2027,0.0,0.0,0.0,0.2
S3_reappro_100,MAT011-80010002,MATERIEL_ELEVAGE,Nkolbisson,Centre,2027-04-01,4,2027,0.0,0.0,0.0,0.11
S3_reappro_100,MAT014-80010003,MATERIEL_ELEVAGE,Ahala,Centre,2027-04-01,4,2027,0.0,0.0,0.0,0.61
S3_reappro_100,MAT014-80010003,MATERIEL_ELEVAGE,Bertoua,Centre,2027-04-01,4,2027,0.0,0.0,0.0,2.77
S3_reappro_100,MAT014-80010003,MATERIEL_ELEVAGE,Messassi,Centre,2027-04-01,4,2027,0.0,0.0,0.0,1.64
S3_reappro_100,MAT014-80010003,MATERIEL_ELEVAGE,Ngaoundere,Centre,2027-04-01,4,2027,0.0,0.0,0.0,0.46
S3_reappro_100,MAT014-80010003,MATERIEL_ELEVAGE,Nkoabang,Centre,2027-04-01,4,2027,0.0,0.0,0.0,0.46
S3_reappro_100,MAT014-80010003,MATERIEL_ELEVAGE,Nkolbisson,Centre,2027-04-01,4,2027,0.0,0.0,0.0,0.38
S3_reappro_100,MAT017,MATERIEL_ELEVAGE,Ahala,Centre,2027-04-01,4,2027,0.0,0.0,0.0,0.4
S3_reappro_100,MAT017,MATERIEL_ELEVAGE,Bertoua,Centre,2027-04-01,4,2027,0.0,0.0,0.0,0.01
S3_reappro_100,MAT017,MATERIEL_ELEVAGE,Messassi,Centre,2027-04-01,4,2027,0.0,0.0,0.0,0.46
S3_reappro_100,MAT017,MATERIEL_ELEVAGE,Ngaoundere,Centre,2027-04-01,4,2027,0.0,0.0,0.0,0.64
S3_reappro_100,MAT017,MATERIEL_ELEVAGE,Nkoabang,Centre,2027-04-01,4,2027,0.0,0.0,0.0,0.27
S3_reappro_100,MAT020,MATERIEL_ELEVAGE,Ahala,Centre,2027-04-01,4,2027,0.0,0.0,0.0,0.01
S3_reappro_100,MAT020,MATERIEL_ELEVAGE,Bertoua,Centre,2027-04-01,4,2027,0.0,0.0,0.0,0.01
S3_reappro_100,MAT020,MATERIEL_ELEVAGE,Messassi,Centre,2027-04-01,4,2027,0.0,0.0,0.0,0.04
S3_reappro_100,MAT020,MATERIEL_ELEVAGE,Ngaoundere,Centre,2027-04-01,4,2027,0.0,0.0,0.0,0.01
S3_reappro_100,MAT020,MATERIEL_ELEVAGE,Nkoabang,Centre,2027-04-01,4,2027,0.0,0.0,0.0,0.02
S3_reappro_100,MAT023,MATERIEL_ELEVAGE,Messassi,Centre,2027-04-01,4,2027,0.0,0.0,0.0,0.01
S3_reappro_100,MAT030,MATERIEL_ELEVAGE,Nkoabang,Centre,2027-04-01,4,2027,0.0,0.0,0.0,0.02
S3_reappro_100,MAT033,MATERIEL_ELEVAGE,Ahala,Centre,2027-04-01,4,2027,0.0,0.0,0.0,0.0
S3_reappro_100,MAT033,MATERIEL_ELEVAGE,Bertoua,Centre,2027-04-01,4,2027,0.0,0.0,0.0,0.0
S3_reappro_100,MAT033,MATERIEL_ELEVAGE,Messassi,Centre,2027-04-01,4,2027,0.0,0.0,0.0,0.01
S3_reappro_100,MAT039,MATERIEL_ELEVAGE,Ahala,Centre,2027-04-01,4,2027,0.0,0.0,0.0,0.11
S3_reappro_100,MAT039,MATERIEL_ELEVAGE,Bertoua,Centre,2027-04-01,4,2027,0.0,0.0,0.0,0.54
S3_reappro_100,MAT039,MATERIEL_ELEVAGE,Messassi,Centre,2027-04-01,4,2027,0.0,0.0,0.0,0.35
S3_reappro_100,MAT039,MATERIEL_ELEVAGE,Ngaoundere,Centre,2027-04-01,4,2027,0.0,0.0,0.0,0.11
S3_reappro_100,MAT039,MATERIEL_ELEVAGE,Nkoabang,Centre,2027-04-01,4,2027,0.0,0.0,0.0,0.12
S3_reappro_100,MAT039,MATERIEL_ELEVAGE,Nkolbisson,Centre,2027-04-01,4,2027,0.0,0.0,0.0,0.04
S3_reappro_100,MAT040,MATERIEL_ELEVAGE,Ahala,Centre,2027-04-01,4,2027,0.0,0.0,0.0,0.01
S3_reappro_100,MAT040,MATERIEL_ELEVAGE,Messassi,Centre,2027-04-01,4,2027,0.0,0.0,0.0,0.02
S3_reappro_100,MAT040,MATERIEL_ELEVAGE,Ngaoundere,Centre,2027-04-01,4,2027,0.0,0.0,0.0,0.0
S3_reappro_100,MAT040,MATERIEL_ELEVAGE,Nkolbisson,Centre,2027-04-01,4,2027,0.0,0.0,0.0,0.0
S3_reappro_100,MAT042,MATERIEL_ELEVAGE,Ahala,Centre,2027-04-01,4,2027,0.0,0.0,0.0,0.12
S3_reappro_100,MAT042,MATERIEL_ELEVAGE,Bertoua,Centre,2027-04-01,4,2027,0.0,0.0,0.0,0.09
S3_reappro_100,MAT042,MATERIEL_ELEVAGE,Messassi,Centre,2027-04-01,4,2027,0.0,0.0,0.0,0.01
S3_reappro_100,MAT042,MATERIEL_ELEVAGE,Ngaoundere,Centre,2027-04-01,4,2027,0.0,0.0,0.0,0.05
S3_reappro_100,MAT049,MATERIEL_ELEVAGE,Ahala,Centre,2027-04-01,4,2027,0.0,0.0,0.0,0.03
S3_reappro_100,MAT049,MATERIEL_ELEVAGE,Bertoua,Centre,2027-04-01,4,2027,0.0,0.0,0.0,0.03
S3_reappro_100,MAT049,MATERIEL_ELEVAGE,Messassi,Centre,2027-04-01,4,2027,0.0,0.0,0.0,0.03
S3_reappro_100,MAT049,MATERIEL_ELEVAGE,Ngaoundere,Centre,2027-04-01,4,2027,0.0,0.0,0.0,0.01
S3_reappro_100,MAT049,MATERIEL_ELEVAGE,Nkoabang,Centre,2027-04-01,4,2027,0.0,0.0,0.0,0.03
S3_reappro_100,MAT050,MATERIEL_ELEVAGE,Ahala,Centre,2027-04-01,4,2027,0.0,0.0,0.0,0.02
S3_reappro_100,MAT050,MATERIEL_ELEVAGE,Bertoua,Centre,2027-04-01,4,2027,0.0,0.0,0.0,0.01
S3_reappro_100,MAT050,MATERIEL_ELEVAGE,Messassi,Centre,2027-04-01,4,2027,0.0,0.0,0.0,0.03
S3_reappro_100,MAT050,MATERIEL_ELEVAGE,Nkoabang,Centre,2027-04-01,4,2027,0.0,0.0,0.0,0.03
S3_reappro_100,MAT053,MATERIEL_ELEVAGE,Ahala,Centre,2027-04-01,4,2027,0.0,0.0,0.0,0.0
S3_reappro_100,MAT054,MATERIEL_ELEVAGE,Ahala,Centre,2027-04-01,4,2027,0.0,0.0,0.0,0.0
S3_reappro_100,MAT055,MATERIEL_ELEVAGE,Ahala,Centre,2027-04-01,4,2027,0.0,0.0,0.0,0.0
S3_reappro_100,MAT073,MATERIEL_ELEVAGE,Ahala,Centre,2027-04-01,4,2027,0.0,0.0,0.0,0.07
S3_reappro_100,MAT073,MATERIEL_ELEVAGE,Messassi,Centre,2027-04-01,4,2027,0.0,0.0,0.0,0.15
S3_reappro_100,MAT003,MATERIEL_ELEVAGE,Ahala,Centre,2027-05-01,5,2027,0.0,0.0,0.0,0.48
S3_reappro_100,MAT003,MATERIEL_ELEVAGE,Bertoua,Centre,2027-05-01,5,2027,0.0,0.0,0.0,0.64
S3_reappro_100,MAT003,MATERIEL_ELEVAGE,Messassi,Centre,2027-05-01,5,2027,0.0,0.0,0.0,0.29
S3_reappro_100,MAT003,MATERIEL_ELEVAGE,Ngaoundere,Centre,2027-05-01,5,2027,0.0,0.0,0.0,0.32
S3_reappro_100,MAT003,MATERIEL_ELEVAGE,Nkoabang,Centre,2027-05-01,5,2027,0.0,0.0,0.0,0.21
S3_reappro_100,MAT003,MATERIEL_ELEVAGE,Nkolbisson,Centre,2027-05-01,5,2027,0.0,0.0,0.0,0.02
S3_reappro_100,MAT004,MATERIEL_ELEVAGE,Ahala,Centre,2027-05-01,5,2027,0.0,0.0,0.0,0.0
S3_reappro_100,MAT004,MATERIEL_ELEVAGE,Bertoua,Centre,2027-05-01,5,2027,0.0,0.0,0.0,0.02
S3_reappro_100,MAT004,MATERIEL_ELEVAGE,Nkoabang,Centre,2027-05-01,5,2027,0.0,0.0,0.0,0.0
S3_reappro_100,MAT006,MATERIEL_ELEVAGE,Ahala,Centre,2027-05-01,5,2027,0.0,0.0,0.0,0.0
S3_reappro_100,MAT006,MATERIEL_ELEVAGE,Bertoua,Centre,2027-05-01,5,2027,0.0,0.0,0.0,0.0
S3_reappro_100,MAT006,MATERIEL_ELEVAGE,Messassi,Centre,2027-05-01,5,2027,0.0,0.0,0.0,0.02
S3_reappro_100,MAT007,MATERIEL_ELEVAGE,Ngaoundere,Centre,2027-05-01,5,2027,0.0,0.0,0.0,0.0
S3_reappro_100,MAT008,MATERIEL_ELEVAGE,Ahala,Centre,2027-05-01,5,2027,0.0,0.0,0.0,0.0
S3_reappro_100,MAT008,MATERIEL_ELEVAGE,Messassi,Centre,2027-05-01,5,2027,0.0,0.0,0.0,0.0
S3_reappro_100,MAT009,MATERIEL_ELEVAGE,Ahala,Centre,2027-05-01,5,2027,0.0,0.0,0.0,0.0
S3_reappro_100,MAT009,MATERIEL_ELEVAGE,Bertoua,Centre,2027-05-01,5,2027,0.0,0.0,0.0,0.0
S3_reappro_100,MAT009,MATERIEL_ELEVAGE,Messassi,Centre,2027-05-01,5,2027,0.0,0.0,0.0,0.0
S3_reappro_100,MAT009,MATERIEL_ELEVAGE,Nkoabang,Centre,2027-05-01,5,2027,0.0,0.0,0.0,0.0
S3_reappro_100,MAT011-80010002,MATERIEL_ELEVAGE,Ahala,Centre,2027-05-01,5,2027,0.0,0.0,0.0,0.31
S3_reappro_100,MAT011-80010002,MATERIEL_ELEVAGE,Bertoua,Centre,2027-05-01,5,2027,0.0,0.0,0.0,0.44
S3_reappro_100,MAT011-80010002,MATERIEL_ELEVAGE,Messassi,Centre,2027-05-01,5,2027,0.0,0.0,0.0,1.24
S3_reappro_100,MAT011-80010002,MATERIEL_ELEVAGE,Ngaoundere,Centre,2027-05-01,5,2027,0.0,0.0,0.0,0.41
S3_reappro_100,MAT011-80010002,MATERIEL_ELEVAGE,Nkoabang,Centre,2027-05-01,5,2027,0.0,0.0,0.0,0.2
S3_reappro_100,MAT011-80010002,MATERIEL_ELEVAGE,Nkolbisson,Centre,2027-05-01,5,2027,0.0,0.0,0.0,0.11
S3_reappro_100,MAT014-80010003,MATERIEL_ELEVAGE,Ahala,Centre,2027-05-01,5,2027,0.0,0.0,0.0,0.61
S3_reappro_100,MAT014-80010003,MATERIEL_ELEVAGE,Bertoua,Centre,2027-05-01,5,2027,0.0,0.0,0.0,2.77
S3_reappro_100,MAT014-80010003,MATERIEL_ELEVAGE,Messassi,Centre,2027-05-01,5,2027,0.0,0.0,0.0,1.64
S3_reappro_100,MAT014-80010003,MATERIEL_ELEVAGE,Ngaoundere,Centre,2027-05-01,5,2027,0.0,0.0,0.0,0.46
S3_reappro_100,MAT014-80010003,MATERIEL_ELEVAGE,Nkoabang,Centre,2027-05-01,5,2027,0.0,0.0,0.0,0.46
S3_reappro_100,MAT014-80010003,MATERIEL_ELEVAGE,Nkolbisson,Centre,2027-05-01,5,2027,0.0,0.0,0.0,0.38
S3_reappro_100,MAT017,MATERIEL_ELEVAGE,Ahala,Centre,2027-05-01,5,2027,0.0,0.0,0.0,0.4
S3_reappro_100,MAT017,MATERIEL_ELEVAGE,Bertoua,Centre,2027-05-01,5,2027,0.0,0.0,0.0,0.01
S3_reappro_100,MAT017,MATERIEL_ELEVAGE,Messassi,Centre,2027-05-01,5,2027,0.0,0.0,0.0,0.46
S3_reappro_100,MAT017,MATERIEL_ELEVAGE,Ngaoundere,Centre,2027-05-01,5,2027,0.0,0.0,0.0,0.64
S3_reappro_100,MAT017,MATERIEL_ELEVAGE,Nkoabang,Centre,2027-05-01,5,2027,0.0,0.0,0.0,0.27
S3_reappro_100,MAT020,MATERIEL_ELEVAGE,Ahala,Centre,2027-05-01,5,2027,0.0,0.0,0.0,0.01
S3_reappro_100,MAT020,MATERIEL_ELEVAGE,Bertoua,Centre,2027-05-01,5,2027,0.0,0.0,0.0,0.01
S3_reappro_100,MAT020,MATERIEL_ELEVAGE,Messassi,Centre,2027-05-01,5,2027,0.0,0.0,0.0,0.04
S3_reappro_100,MAT020,MATERIEL_ELEVAGE,Ngaoundere,Centre,2027-05-01,5,2027,0.0,0.0,0.0,0.01
S3_reappro_100,MAT020,MATERIEL_ELEVAGE,Nkoabang,Centre,2027-05-01,5,2027,0.0,0.0,0.0,0.02
S3_reappro_100,MAT023,MATERIEL_ELEVAGE,Messassi,Centre,2027-05-01,5,2027,0.0,0.0,0.0,0.01
S3_reappro_100,MAT030,MATERIEL_ELEVAGE,Nkoabang,Centre,2027-05-01,5,2027,0.0,0.0,0.0,0.02
S3_reappro_100,MAT033,MATERIEL_ELEVAGE,Ahala,Centre,2027-05-01,5,2027,0.0,0.0,0.0,0.0
S3_reappro_100,MAT033,MATERIEL_ELEVAGE,Bertoua,Centre,2027-05-01,5,2027,0.0,0.0,0.0,0.0
S3_reappro_100,MAT033,MATERIEL_ELEVAGE,Messassi,Centre,2027-05-01,5,2027,0.0,0.0,0.0,0.01
S3_reappro_100,MAT039,MATERIEL_ELEVAGE,Ahala,Centre,2027-05-01,5,2027,0.0,0.0,0.0,0.11
S3_reappro_100,MAT039,MATERIEL_ELEVAGE,Bertoua,Centre,2027-05-01,5,2027,0.0,0.0,0.0,0.54
S3_reappro_100,MAT039,MATERIEL_ELEVAGE,Messassi,Centre,2027-05-01,5,2027,0.0,0.0,0.0,0.35
S3_reappro_100,MAT039,MATERIEL_ELEVAGE,Ngaoundere,Centre,2027-05-01,5,2027,0.0,0.0,0.0,0.11
S3_reappro_100,MAT039,MATERIEL_ELEVAGE,Nkoabang,Centre,2027-05-01,5,2027,0.0,0.0,0.0,0.12
S3_reappro_100,MAT039,MATERIEL_ELEVAGE,Nkolbisson,Centre,2027-05-01,5,2027,0.0,0.0,0.0,0.04
S3_reappro_100,MAT040,MATERIEL_ELEVAGE,Ahala,Centre,2027-05-01,5,2027,0.0,0.0,0.0,0.01
S3_reappro_100,MAT040,MATERIEL_ELEVAGE,Messassi,Centre,2027-05-01,5,2027,0.0,0.0,0.0,0.02
S3_reappro_100,MAT040,MATERIEL_ELEVAGE,Ngaoundere,Centre,2027-05-01,5,2027,0.0,0.0,0.0,0.0
S3_reappro_100,MAT040,MATERIEL_ELEVAGE,Nkolbisson,Centre,2027-05-01,5,2027,0.0,0.0,0.0,0.0
S3_reappro_100,MAT042,MATERIEL_ELEVAGE,Ahala,Centre,2027-05-01,5,2027,0.0,0.0,0.0,0.12
S3_reappro_100,MAT042,MATERIEL_ELEVAGE,Bertoua,Centre,2027-05-01,5,2027,0.0,0.0,0.0,0.09
S3_reappro_100,MAT042,MATERIEL_ELEVAGE,Messassi,Centre,2027-05-01,5,2027,0.0,0.0,0.0,0.01
S3_reappro_100,MAT042,MATERIEL_ELEVAGE,Ngaoundere,Centre,2027-05-01,5,2027,0.0,0.0,0.0,0.05
S3_reappro_100,MAT049,MATERIEL_ELEVAGE,Ahala,Centre,2027-05-01,5,2027,0.0,0.0,0.0,0.03
S3_reappro_100,MAT049,MATERIEL_ELEVAGE,Bertoua,Centre,2027-05-01,5,2027,0.0,0.0,0.0,0.03
S3_reappro_100,MAT049,MATERIEL_ELEVAGE,Messassi,Centre,2027-05-01,5,2027,0.0,0.0,0.0,0.03
S3_reappro_100,MAT049,MATERIEL_ELEVAGE,Ngaoundere,Centre,2027-05-01,5,2027,0.0,0.0,0.0,0.01
S3_reappro_100,MAT049,MATERIEL_ELEVAGE,Nkoabang,Centre,2027-05-01,5,2027,0.0,0.0,0.0,0.03
S3_reappro_100,MAT050,MATERIEL_ELEVAGE,Ahala,Centre,2027-05-01,5,2027,0.0,0.0,0.0,0.02
S3_reappro_100,MAT050,MATERIEL_ELEVAGE,Bertoua,Centre,2027-05-01,5,2027,0.0,0.0,0.0,0.01
S3_reappro_100,MAT050,MATERIEL_ELEVAGE,Messassi,Centre,2027-05-01,5,2027,0.0,0.0,0.0,0.03
S3_reappro_100,MAT050,MATERIEL_ELEVAGE,Nkoabang,Centre,2027-05-01,5,2027,0.0,0.0,0.0,0.03
S3_reappro_100,MAT053,MATERIEL_ELEVAGE,Ahala,Centre,2027-05-01,5,2027,0.0,0.0,0.0,0.0
S3_reappro_100,MAT054,MATERIEL_ELEVAGE,Ahala,Centre,2027-05-01,5,2027,0.0,0.0,0.0,0.0
S3_reappro_100,MAT055,MATERIEL_ELEVAGE,Ahala,Centre,2027-05-01,5,2027,0.0,0.0,0.0,0.0
S3_reappro_100,MAT073,MATERIEL_ELEVAGE,Ahala,Centre,2027-05-01,5,2027,0.0,0.0,0.0,0.07
S3_reappro_100,MAT073,MATERIEL_ELEVAGE,Messassi,Centre,2027-05-01,5,2027,0.0,0.0,0.0,0.15
S3_reappro_100,MAT003,MATERIEL_ELEVAGE,Ahala,Centre,2027-06-01,6,2027,0.0,0.0,0.0,0.48
S3_reappro_100,MAT003,MATERIEL_ELEVAGE,Bertoua,Centre,2027-06-01,6,2027,0.0,0.0,0.0,0.64
S3_reappro_100,MAT003,MATERIEL_ELEVAGE,Messassi,Centre,2027-06-01,6,2027,0.0,0.0,0.0,0.29
S3_reappro_100,MAT003,MATERIEL_ELEVAGE,Ngaoundere,Centre,2027-06-01,6,2027,0.0,0.0,0.0,0.32
S3_reappro_100,MAT003,MATERIEL_ELEVAGE,Nkoabang,Centre,2027-06-01,6,2027,0.0,0.0,0.0,0.21
S3_reappro_100,MAT003,MATERIEL_ELEVAGE,Nkolbisson,Centre,2027-06-01,6,2027,0.0,0.0,0.0,0.02
S3_reappro_100,MAT004,MATERIEL_ELEVAGE,Ahala,Centre,2027-06-01,6,2027,0.0,0.0,0.0,0.0
S3_reappro_100,MAT004,MATERIEL_ELEVAGE,Bertoua,Centre,2027-06-01,6,2027,0.0,0.0,0.0,0.02
S3_reappro_100,MAT004,MATERIEL_ELEVAGE,Nkoabang,Centre,2027-06-01,6,2027,0.0,0.0,0.0,0.0
S3_reappro_100,MAT006,MATERIEL_ELEVAGE,Ahala,Centre,2027-06-01,6,2027,0.0,0.0,0.0,0.0
S3_reappro_100,MAT006,MATERIEL_ELEVAGE,Bertoua,Centre,2027-06-01,6,2027,0.0,0.0,0.0,0.0
S3_reappro_100,MAT006,MATERIEL_ELEVAGE,Messassi,Centre,2027-06-01,6,2027,0.0,0.0,0.0,0.02
S3_reappro_100,MAT007,MATERIEL_ELEVAGE,Ngaoundere,Centre,2027-06-01,6,2027,0.0,0.0,0.0,0.0
S3_reappro_100,MAT008,MATERIEL_ELEVAGE,Ahala,Centre,2027-06-01,6,2027,0.0,0.0,0.0,0.0
S3_reappro_100,MAT008,MATERIEL_ELEVAGE,Messassi,Centre,2027-06-01,6,2027,0.0,0.0,0.0,0.0
S3_reappro_100,MAT009,MATERIEL_ELEVAGE,Ahala,Centre,2027-06-01,6,2027,0.0,0.0,0.0,0.0
S3_reappro_100,MAT009,MATERIEL_ELEVAGE,Bertoua,Centre,2027-06-01,6,2027,0.0,0.0,0.0,0.0
S3_reappro_100,MAT009,MATERIEL_ELEVAGE,Messassi,Centre,2027-06-01,6,2027,0.0,0.0,0.0,0.0
S3_reappro_100,MAT009,MATERIEL_ELEVAGE,Nkoabang,Centre,2027-06-01,6,2027,0.0,0.0,0.0,0.0
S3_reappro_100,MAT011-80010002,MATERIEL_ELEVAGE,Ahala,Centre,2027-06-01,6,2027,0.0,0.0,0.0,0.31
S3_reappro_100,MAT011-80010002,MATERIEL_ELEVAGE,Bertoua,Centre,2027-06-01,6,2027,0.0,0.0,0.0,0.44
S3_reappro_100,MAT011-80010002,MATERIEL_ELEVAGE,Messassi,Centre,2027-06-01,6,2027,0.0,0.0,0.0,1.24
S3_reappro_100,MAT011-80010002,MATERIEL_ELEVAGE,Ngaoundere,Centre,2027-06-01,6,2027,0.0,0.0,0.0,0.41
S3_reappro_100,MAT011-80010002,MATERIEL_ELEVAGE,Nkoabang,Centre,2027-06-01,6,2027,0.0,0.0,0.0,0.2
S3_reappro_100,MAT011-80010002,MATERIEL_ELEVAGE,Nkolbisson,Centre,2027-06-01,6,2027,0.0,0.0,0.0,0.11
S3_reappro_100,MAT014-80010003,MATERIEL_ELEVAGE,Ahala,Centre,2027-06-01,6,2027,0.0,0.0,0.0,0.61
S3_reappro_100,MAT014-80010003,MATERIEL_ELEVAGE,Bertoua,Centre,2027-06-01,6,2027,0.0,0.0,0.0,2.77
S3_reappro_100,MAT014-80010003,MATERIEL_ELEVAGE,Messassi,Centre,2027-06-01,6,2027,0.0,0.0,0.0,1.64
S3_reappro_100,MAT014-80010003,MATERIEL_ELEVAGE,Ngaoundere,Centre,2027-06-01,6,2027,0.0,0.0,0.0,0.46
S3_reappro_100,MAT014-80010003,MATERIEL_ELEVAGE,Nkoabang,Centre,2027-06-01,6,2027,0.0,0.0,0.0,0.46
S3_reappro_100,MAT014-80010003,MATERIEL_ELEVAGE,Nkolbisson,Centre,2027-06-01,6,2027,0.0,0.0,0.0,0.38
S3_reappro_100,MAT017,MATERIEL_ELEVAGE,Ahala,Centre,2027-06-01,6,2027,0.0,0.0,0.0,0.4
S3_reappro_100,MAT017,MATERIEL_ELEVAGE,Bertoua,Centre,2027-06-01,6,2027,0.0,0.0,0.0,0.01
S3_reappro_100,MAT017,MATERIEL_ELEVAGE,Messassi,Centre,2027-06-01,6,2027,0.0,0.0,0.0,0.46
S3_reappro_100,MAT017,MATERIEL_ELEVAGE,Ngaoundere,Centre,2027-06-01,6,2027,0.0,0.0,0.0,0.64
S3_reappro_100,MAT017,MATERIEL_ELEVAGE,Nkoabang,Centre,2027-06-01,6,2027,0.0,0.0,0.0,0.27
S3_reappro_100,MAT020,MATERIEL_ELEVAGE,Ahala,Centre,2027-06-01,6,2027,0.0,0.0,0.0,0.01
S3_reappro_100,MAT020,MATERIEL_ELEVAGE,Bertoua,Centre,2027-06-01,6,2027,0.0,0.0,0.0,0.01
S3_reappro_100,MAT020,MATERIEL_ELEVAGE,Messassi,Centre,2027-06-01,6,2027,0.0,0.0,0.0,0.04
S3_reappro_100,MAT020,MATERIEL_ELEVAGE,Ngaoundere,Centre,2027-06-01,6,2027,0.0,0.0,0.0,0.01
S3_reappro_100,MAT020,MATERIEL_ELEVAGE,Nkoabang,Centre,2027-06-01,6,2027,0.0,0.0,0.0,0.02
S3_reappro_100,MAT023,MATERIEL_ELEVAGE,Messassi,Centre,2027-06-01,6,2027,0.0,0.0,0.0,0.01
S3_reappro_100,MAT030,MATERIEL_ELEVAGE,Nkoabang,Centre,2027-06-01,6,2027,0.0,0.0,0.0,0.02
S3_reappro_100,MAT033,MATERIEL_ELEVAGE,Ahala,Centre,2027-06-01,6,2027,0.0,0.0,0.0,0.0
S3_reappro_100,MAT033,MATERIEL_ELEVAGE,Bertoua,Centre,2027-06-01,6,2027,0.0,0.0,0.0,0.0
S3_reappro_100,MAT033,MATERIEL_ELEVAGE,Messassi,Centre,2027-06-01,6,2027,0.0,0.0,0.0,0.01
S3_reappro_100,MAT039,MATERIEL_ELEVAGE,Ahala,Centre,2027-06-01,6,2027,0.0,0.0,0.0,0.11
S3_reappro_100,MAT039,MATERIEL_ELEVAGE,Bertoua,Centre,2027-06-01,6,2027,0.0,0.0,0.0,0.54
S3_reappro_100,MAT039,MATERIEL_ELEVAGE,Messassi,Centre,2027-06-01,6,2027,0.0,0.0,0.0,0.35
S3_reappro_100,MAT039,MATERIEL_ELEVAGE,Ngaoundere,Centre,2027-06-01,6,2027,0.0,0.0,0.0,0.11
S3_reappro_100,MAT039,MATERIEL_ELEVAGE,Nkoabang,Centre,2027-06-01,6,2027,0.0,0.0,0.0,0.12
S3_reappro_100,MAT039,MATERIEL_ELEVAGE,Nkolbisson,Centre,2027-06-01,6,2027,0.0,0.0,0.0,0.04
S3_reappro_100,MAT040,MATERIEL_ELEVAGE,Ahala,Centre,2027-06-01,6,2027,0.0,0.0,0.0,0.01
S3_reappro_100,MAT040,MATERIEL_ELEVAGE,Messassi,Centre,2027-06-01,6,2027,0.0,0.0,0.0,0.02
S3_reappro_100,MAT040,MATERIEL_ELEVAGE,Ngaoundere,Centre,2027-06-01,6,2027,0.0,0.0,0.0,0.0
S3_reappro_100,MAT040,MATERIEL_ELEVAGE,Nkolbisson,Centre,2027-06-01,6,2027,0.0,0.0,0.0,0.0
S3_reappro_100,MAT042,MATERIEL_ELEVAGE,Ahala,Centre,2027-06-01,6,2027,0.0,0.0,0.0,0.12
S3_reappro_100,MAT042,MATERIEL_ELEVAGE,Bertoua,Centre,2027-06-01,6,2027,0.0,0.0,0.0,0.09
S3_reappro_100,MAT042,MATERIEL_ELEVAGE,Messassi,Centre,2027-06-01,6,2027,0.0,0.0,0.0,0.01
S3_reappro_100,MAT042,MATERIEL_ELEVAGE,Ngaoundere,Centre,2027-06-01,6,2027,0.0,0.0,0.0,0.05
S3_reappro_100,MAT049,MATERIEL_ELEVAGE,Ahala,Centre,2027-06-01,6,2027,0.0,0.0,0.0,0.03
S3_reappro_100,MAT049,MATERIEL_ELEVAGE,Bertoua,Centre,2027-06-01,6,2027,0.0,0.0,0.0,0.03
S3_reappro_100,MAT049,MATERIEL_ELEVAGE,Messassi,Centre,2027-06-01,6,2027,0.0,0.0,0.0,0.03
S3_reappro_100,MAT049,MATERIEL_ELEVAGE,Ngaoundere,Centre,2027-06-01,6,2027,0.0,0.0,0.0,0.01
S3_reappro_100,MAT049,MATERIEL_ELEVAGE,Nkoabang,Centre,2027-06-01,6,2027,0.0,0.0,0.0,0.03
S3_reappro_100,MAT050,MATERIEL_ELEVAGE,Ahala,Centre,2027-06-01,6,2027,0.0,0.0,0.0,0.02
S3_reappro_100,MAT050,MATERIEL_ELEVAGE,Bertoua,Centre,2027-06-01,6,2027,0.0,0.0,0.0,0.01
S3_reappro_100,MAT050,MATERIEL_ELEVAGE,Messassi,Centre,2027-06-01,6,2027,0.0,0.0,0.0,0.03
S3_reappro_100,MAT050,MATERIEL_ELEVAGE,Nkoabang,Centre,2027-06-01,6,2027,0.0,0.0,0.0,0.03
S3_reappro_100,MAT053,MATERIEL_ELEVAGE,Ahala,Centre,2027-06-01,6,2027,0.0,0.0,0.0,0.0
S3_reappro_100,MAT054,MATERIEL_ELEVAGE,Ahala,Centre,2027-06-01,6,2027,0.0,0.0,0.0,0.0
S3_reappro_100,MAT055,MATERIEL_ELEVAGE,Ahala,Centre,2027-06-01,6,2027,0.0,0.0,0.0,0.0
S3_reappro_100,MAT073,MATERIEL_ELEVAGE,Ahala,Centre,2027-06-01,6,2027,0.0,0.0,0.0,0.07
S3_reappro_100,MAT073,MATERIEL_ELEVAGE,Messassi,Centre,2027-06-01,6,2027,0.0,0.0,0.0,0.15
S3_reappro_100,MAT003,MATERIEL_ELEVAGE,Ahala,Centre,2027-07-01,7,2027,0.0,0.0,0.0,0.48
S3_reappro_100,MAT003,MATERIEL_ELEVAGE,Bertoua,Centre,2027-07-01,7,2027,0.0,0.0,0.0,0.64
S3_reappro_100,MAT003,MATERIEL_ELEVAGE,Messassi,Centre,2027-07-01,7,2027,0.0,0.0,0.0,0.29
S3_reappro_100,MAT003,MATERIEL_ELEVAGE,Ngaoundere,Centre,2027-07-01,7,2027,0.0,0.0,0.0,0.32
S3_reappro_100,MAT003,MATERIEL_ELEVAGE,Nkoabang,Centre,2027-07-01,7,2027,0.0,0.0,0.0,0.21
S3_reappro_100,MAT003,MATERIEL_ELEVAGE,Nkolbisson,Centre,2027-07-01,7,2027,0.0,0.0,0.0,0.02
S3_reappro_100,MAT004,MATERIEL_ELEVAGE,Ahala,Centre,2027-07-01,7,2027,0.0,0.0,0.0,0.0
S3_reappro_100,MAT004,MATERIEL_ELEVAGE,Bertoua,Centre,2027-07-01,7,2027,0.0,0.0,0.0,0.02
S3_reappro_100,MAT004,MATERIEL_ELEVAGE,Nkoabang,Centre,2027-07-01,7,2027,0.0,0.0,0.0,0.0
S3_reappro_100,MAT006,MATERIEL_ELEVAGE,Ahala,Centre,2027-07-01,7,2027,0.0,0.0,0.0,0.0
S3_reappro_100,MAT006,MATERIEL_ELEVAGE,Bertoua,Centre,2027-07-01,7,2027,0.0,0.0,0.0,0.0
S3_reappro_100,MAT006,MATERIEL_ELEVAGE,Messassi,Centre,2027-07-01,7,2027,0.0,0.0,0.0,0.02
S3_reappro_100,MAT007,MATERIEL_ELEVAGE,Ngaoundere,Centre,2027-07-01,7,2027,0.0,0.0,0.0,0.0
S3_reappro_100,MAT008,MATERIEL_ELEVAGE,Ahala,Centre,2027-07-01,7,2027,0.0,0.0,0.0,0.0
S3_reappro_100,MAT008,MATERIEL_ELEVAGE,Messassi,Centre,2027-07-01,7,2027,0.0,0.0,0.0,0.0
S3_reappro_100,MAT009,MATERIEL_ELEVAGE,Ahala,Centre,2027-07-01,7,2027,0.0,0.0,0.0,0.0
S3_reappro_100,MAT009,MATERIEL_ELEVAGE,Bertoua,Centre,2027-07-01,7,2027,0.0,0.0,0.0,0.0
S3_reappro_100,MAT009,MATERIEL_ELEVAGE,Messassi,Centre,2027-07-01,7,2027,0.0,0.0,0.0,0.0
S3_reappro_100,MAT009,MATERIEL_ELEVAGE,Nkoabang,Centre,2027-07-01,7,2027,0.0,0.0,0.0,0.0
S3_reappro_100,MAT011-80010002,MATERIEL_ELEVAGE,Ahala,Centre,2027-07-01,7,2027,0.0,0.0,0.0,0.31
S3_reappro_100,MAT011-80010002,MATERIEL_ELEVAGE,Bertoua,Centre,2027-07-01,7,2027,0.0,0.0,0.0,0.44
S3_reappro_100,MAT011-80010002,MATERIEL_ELEVAGE,Messassi,Centre,2027-07-01,7,2027,0.0,0.0,0.0,1.24
S3_reappro_100,MAT011-80010002,MATERIEL_ELEVAGE,Ngaoundere,Centre,2027-07-01,7,2027,0.0,0.0,0.0,0.41
S3_reappro_100,MAT011-80010002,MATERIEL_ELEVAGE,Nkoabang,Centre,2027-07-01,7,2027,0.0,0.0,0.0,0.2
S3_reappro_100,MAT011-80010002,MATERIEL_ELEVAGE,Nkolbisson,Centre,2027-07-01,7,2027,0.0,0.0,0.0,0.11
S3_reappro_100,MAT014-80010003,MATERIEL_ELEVAGE,Ahala,Centre,2027-07-01,7,2027,0.0,0.0,0.0,0.61
S3_reappro_100,MAT014-80010003,MATERIEL_ELEVAGE,Bertoua,Centre,2027-07-01,7,2027,0.0,0.0,0.0,2.77
S3_reappro_100,MAT014-80010003,MATERIEL_ELEVAGE,Messassi,Centre,2027-07-01,7,2027,0.0,0.0,0.0,1.64
S3_reappro_100,MAT014-80010003,MATERIEL_ELEVAGE,Ngaoundere,Centre,2027-07-01,7,2027,0.0,0.0,0.0,0.46
S3_reappro_100,MAT014-80010003,MATERIEL_ELEVAGE,Nkoabang,Centre,2027-07-01,7,2027,0.0,0.0,0.0,0.46
S3_reappro_100,MAT014-80010003,MATERIEL_ELEVAGE,Nkolbisson,Centre,2027-07-01,7,2027,0.0,0.0,0.0,0.38
S3_reappro_100,MAT017,MATERIEL_ELEVAGE,Ahala,Centre,2027-07-01,7,2027,0.0,0.0,0.0,0.4
S3_reappro_100,MAT017,MATERIEL_ELEVAGE,Bertoua,Centre,2027-07-01,7,2027,0.0,0.0,0.0,0.01
S3_reappro_100,MAT017,MATERIEL_ELEVAGE,Messassi,Centre,2027-07-01,7,2027,0.0,0.0,0.0,0.46
S3_reappro_100,MAT017,MATERIEL_ELEVAGE,Ngaoundere,Centre,2027-07-01,7,2027,0.0,0.0,0.0,0.64
S3_reappro_100,MAT017,MATERIEL_ELEVAGE,Nkoabang,Centre,2027-07-01,7,2027,0.0,0.0,0.0,0.27
S3_reappro_100,MAT020,MATERIEL_ELEVAGE,Ahala,Centre,2027-07-01,7,2027,0.0,0.0,0.0,0.01
S3_reappro_100,MAT020,MATERIEL_ELEVAGE,Bertoua,Centre,2027-07-01,7,2027,0.0,0.0,0.0,0.01
S3_reappro_100,MAT020,MATERIEL_ELEVAGE,Messassi,Centre,2027-07-01,7,2027,0.0,0.0,0.0,0.04
S3_reappro_100,MAT020,MATERIEL_ELEVAGE,Ngaoundere,Centre,2027-07-01,7,2027,0.0,0.0,0.0,0.01
S3_reappro_100,MAT020,MATERIEL_ELEVAGE,Nkoabang,Centre,2027-07-01,7,2027,0.0,0.0,0.0,0.02
S3_reappro_100,MAT023,MATERIEL_ELEVAGE,Messassi,Centre,2027-07-01,7,2027,0.0,0.0,0.0,0.01
S3_reappro_100,MAT030,MATERIEL_ELEVAGE,Nkoabang,Centre,2027-07-01,7,2027,0.0,0.0,0.0,0.02
S3_reappro_100,MAT033,MATERIEL_ELEVAGE,Ahala,Centre,2027-07-01,7,2027,0.0,0.0,0.0,0.0
S3_reappro_100,MAT033,MATERIEL_ELEVAGE,Bertoua,Centre,2027-07-01,7,2027,0.0,0.0,0.0,0.0
S3_reappro_100,MAT033,MATERIEL_ELEVAGE,Messassi,Centre,2027-07-01,7,2027,0.0,0.0,0.0,0.01
S3_reappro_100,MAT039,MATERIEL_ELEVAGE,Ahala,Centre,2027-07-01,7,2027,0.0,0.0,0.0,0.11
S3_reappro_100,MAT039,MATERIEL_ELEVAGE,Bertoua,Centre,2027-07-01,7,2027,0.0,0.0,0.0,0.54
S3_reappro_100,MAT039,MATERIEL_ELEVAGE,Messassi,Centre,2027-07-01,7,2027,0.0,0.0,0.0,0.35
S3_reappro_100,MAT039,MATERIEL_ELEVAGE,Ngaoundere,Centre,2027-07-01,7,2027,0.0,0.0,0.0,0.11
S3_reappro_100,MAT039,MATERIEL_ELEVAGE,Nkoabang,Centre,2027-07-01,7,2027,0.0,0.0,0.0,0.12
S3_reappro_100,MAT039,MATERIEL_ELEVAGE,Nkolbisson,Centre,2027-07-01,7,2027,0.0,0.0,0.0,0.04
S3_reappro_100,MAT040,MATERIEL_ELEVAGE,Ahala,Centre,2027-07-01,7,2027,0.0,0.0,0.0,0.01
S3_reappro_100,MAT040,MATERIEL_ELEVAGE,Messassi,Centre,2027-07-01,7,2027,0.0,0.0,0.0,0.02
S3_reappro_100,MAT040,MATERIEL_ELEVAGE,Ngaoundere,Centre,2027-07-01,7,2027,0.0,0.0,0.0,0.0
S3_reappro_100,MAT040,MATERIEL_ELEVAGE,Nkolbisson,Centre,2027-07-01,7,2027,0.0,0.0,0.0,0.0
S3_reappro_100,MAT042,MATERIEL_ELEVAGE,Ahala,Centre,2027-07-01,7,2027,0.0,0.0,0.0,0.12
S3_reappro_100,MAT042,MATERIEL_ELEVAGE,Bertoua,Centre,2027-07-01,7,2027,0.0,0.0,0.0,0.09
S3_reappro_100,MAT042,MATERIEL_ELEVAGE,Messassi,Centre,2027-07-01,7,2027,0.0,0.0,0.0,0.01
S3_reappro_100,MAT042,MATERIEL_ELEVAGE,Ngaoundere,Centre,2027-07-01,7,2027,0.0,0.0,0.0,0.05
S3_reappro_100,MAT049,MATERIEL_ELEVAGE,Ahala,Centre,2027-07-01,7,2027,0.0,0.0,0.0,0.03
S3_reappro_100,MAT049,MATERIEL_ELEVAGE,Bertoua,Centre,2027-07-01,7,2027,0.0,0.0,0.0,0.03
S3_reappro_100,MAT049,MATERIEL_ELEVAGE,Messassi,Centre,2027-07-01,7,2027,0.0,0.0,0.0,0.03
S3_reappro_100,MAT049,MATERIEL_ELEVAGE,Ngaoundere,Centre,2027-07-01,7,2027,0.0,0.0,0.0,0.01
S3_reappro_100,MAT049,MATERIEL_ELEVAGE,Nkoabang,Centre,2027-07-01,7,2027,0.0,0.0,0.0,0.03
S3_reappro_100,MAT050,MATERIEL_ELEVAGE,Ahala,Centre,2027-07-01,7,2027,0.0,0.0,0.0,0.02
S3_reappro_100,MAT050,MATERIEL_ELEVAGE,Bertoua,Centre,2027-07-01,7,2027,0.0,0.0,0.0,0.01
S3_reappro_100,MAT050,MATERIEL_ELEVAGE,Messassi,Centre,2027-07-01,7,2027,0.0,0.0,0.0,0.03
S3_reappro_100,MAT050,MATERIEL_ELEVAGE,Nkoabang,Centre,2027-07-01,7,2027,0.0,0.0,0.0,0.03
S3_reappro_100,MAT053,MATERIEL_ELEVAGE,Ahala,Centre,2027-07-01,7,2027,0.0,0.0,0.0,0.0
S3_reappro_100,MAT054,MATERIEL_ELEVAGE,Ahala,Centre,2027-07-01,7,2027,0.0,0.0,0.0,0.0
S3_reappro_100,MAT055,MATERIEL_ELEVAGE,Ahala,Centre,2027-07-01,7,2027,0.0,0.0,0.0,0.0
S3_reappro_100,MAT073,MATERIEL_ELEVAGE,Ahala,Centre,2027-07-01,7,2027,0.0,0.0,0.0,0.07
S3_reappro_100,MAT073,MATERIEL_ELEVAGE,Messassi,Centre,2027-07-01,7,2027,0.0,0.0,0.0,0.15
S3_reappro_100,MAT003,MATERIEL_ELEVAGE,Ahala,Centre,2027-08-01,8,2027,0.0,0.0,0.0,0.48
S3_reappro_100,MAT003,MATERIEL_ELEVAGE,Bertoua,Centre,2027-08-01,8,2027,0.0,0.0,0.0,0.64
S3_reappro_100,MAT003,MATERIEL_ELEVAGE,Messassi,Centre,2027-08-01,8,2027,0.0,0.0,0.0,0.29
S3_reappro_100,MAT003,MATERIEL_ELEVAGE,Ngaoundere,Centre,2027-08-01,8,2027,0.0,0.0,0.0,0.32
S3_reappro_100,MAT003,MATERIEL_ELEVAGE,Nkoabang,Centre,2027-08-01,8,2027,0.0,0.0,0.0,0.21
S3_reappro_100,MAT003,MATERIEL_ELEVAGE,Nkolbisson,Centre,2027-08-01,8,2027,0.0,0.0,0.0,0.02
S3_reappro_100,MAT004,MATERIEL_ELEVAGE,Ahala,Centre,2027-08-01,8,2027,0.0,0.0,0.0,0.0
S3_reappro_100,MAT004,MATERIEL_ELEVAGE,Bertoua,Centre,2027-08-01,8,2027,0.0,0.0,0.0,0.02
S3_reappro_100,MAT004,MATERIEL_ELEVAGE,Nkoabang,Centre,2027-08-01,8,2027,0.0,0.0,0.0,0.0
S3_reappro_100,MAT006,MATERIEL_ELEVAGE,Ahala,Centre,2027-08-01,8,2027,0.0,0.0,0.0,0.0
S3_reappro_100,MAT006,MATERIEL_ELEVAGE,Bertoua,Centre,2027-08-01,8,2027,0.0,0.0,0.0,0.0
S3_reappro_100,MAT006,MATERIEL_ELEVAGE,Messassi,Centre,2027-08-01,8,2027,0.0,0.0,0.0,0.02
S3_reappro_100,MAT007,MATERIEL_ELEVAGE,Ngaoundere,Centre,2027-08-01,8,2027,0.0,0.0,0.0,0.0
S3_reappro_100,MAT008,MATERIEL_ELEVAGE,Ahala,Centre,2027-08-01,8,2027,0.0,0.0,0.0,0.0
S3_reappro_100,MAT008,MATERIEL_ELEVAGE,Messassi,Centre,2027-08-01,8,2027,0.0,0.0,0.0,0.0
S3_reappro_100,MAT009,MATERIEL_ELEVAGE,Ahala,Centre,2027-08-01,8,2027,0.0,0.0,0.0,0.0
S3_reappro_100,MAT009,MATERIEL_ELEVAGE,Bertoua,Centre,2027-08-01,8,2027,0.0,0.0,0.0,0.0
S3_reappro_100,MAT009,MATERIEL_ELEVAGE,Messassi,Centre,2027-08-01,8,2027,0.0,0.0,0.0,0.0
S3_reappro_100,MAT009,MATERIEL_ELEVAGE,Nkoabang,Centre,2027-08-01,8,2027,0.0,0.0,0.0,0.0
S3_reappro_100,MAT011-80010002,MATERIEL_ELEVAGE,Ahala,Centre,2027-08-01,8,2027,0.0,0.0,0.0,0.31
S3_reappro_100,MAT011-80010002,MATERIEL_ELEVAGE,Bertoua,Centre,2027-08-01,8,2027,0.0,0.0,0.0,0.44
S3_reappro_100,MAT011-80010002,MATERIEL_ELEVAGE,Messassi,Centre,2027-08-01,8,2027,0.0,0.0,0.0,1.24
S3_reappro_100,MAT011-80010002,MATERIEL_ELEVAGE,Ngaoundere,Centre,2027-08-01,8,2027,0.0,0.0,0.0,0.41
S3_reappro_100,MAT011-80010002,MATERIEL_ELEVAGE,Nkoabang,Centre,2027-08-01,8,2027,0.0,0.0,0.0,0.2
S3_reappro_100,MAT011-80010002,MATERIEL_ELEVAGE,Nkolbisson,Centre,2027-08-01,8,2027,0.0,0.0,0.0,0.11
S3_reappro_100,MAT014-80010003,MATERIEL_ELEVAGE,Ahala,Centre,2027-08-01,8,2027,0.0,0.0,0.0,0.61
S3_reappro_100,MAT014-80010003,MATERIEL_ELEVAGE,Bertoua,Centre,2027-08-01,8,2027,0.0,0.0,0.0,2.77
S3_reappro_100,MAT014-80010003,MATERIEL_ELEVAGE,Messassi,Centre,2027-08-01,8,2027,0.0,0.0,0.0,1.64
S3_reappro_100,MAT014-80010003,MATERIEL_ELEVAGE,Ngaoundere,Centre,2027-08-01,8,2027,0.0,0.0,0.0,0.46
S3_reappro_100,MAT014-80010003,MATERIEL_ELEVAGE,Nkoabang,Centre,2027-08-01,8,2027,0.0,0.0,0.0,0.46
S3_reappro_100,MAT014-80010003,MATERIEL_ELEVAGE,Nkolbisson,Centre,2027-08-01,8,2027,0.0,0.0,0.0,0.38
S3_reappro_100,MAT017,MATERIEL_ELEVAGE,Ahala,Centre,2027-08-01,8,2027,0.0,0.0,0.0,0.4
S3_reappro_100,MAT017,MATERIEL_ELEVAGE,Bertoua,Centre,2027-08-01,8,2027,0.0,0.0,0.0,0.01
S3_reappro_100,MAT017,MATERIEL_ELEVAGE,Messassi,Centre,2027-08-01,8,2027,0.0,0.0,0.0,0.46
S3_reappro_100,MAT017,MATERIEL_ELEVAGE,Ngaoundere,Centre,2027-08-01,8,2027,0.0,0.0,0.0,0.64
S3_reappro_100,MAT017,MATERIEL_ELEVAGE,Nkoabang,Centre,2027-08-01,8,2027,0.0,0.0,0.0,0.27
S3_reappro_100,MAT020,MATERIEL_ELEVAGE,Ahala,Centre,2027-08-01,8,2027,0.0,0.0,0.0,0.01
S3_reappro_100,MAT020,MATERIEL_ELEVAGE,Bertoua,Centre,2027-08-01,8,2027,0.0,0.0,0.0,0.01
S3_reappro_100,MAT020,MATERIEL_ELEVAGE,Messassi,Centre,2027-08-01,8,2027,0.0,0.0,0.0,0.04
S3_reappro_100,MAT020,MATERIEL_ELEVAGE,Ngaoundere,Centre,2027-08-01,8,2027,0.0,0.0,0.0,0.01
S3_reappro_100,MAT020,MATERIEL_ELEVAGE,Nkoabang,Centre,2027-08-01,8,2027,0.0,0.0,0.0,0.02
S3_reappro_100,MAT023,MATERIEL_ELEVAGE,Messassi,Centre,2027-08-01,8,2027,0.0,0.0,0.0,0.01
S3_reappro_100,MAT030,MATERIEL_ELEVAGE,Nkoabang,Centre,2027-08-01,8,2027,0.0,0.0,0.0,0.02
S3_reappro_100,MAT033,MATERIEL_ELEVAGE,Ahala,Centre,2027-08-01,8,2027,0.0,0.0,0.0,0.0
S3_reappro_100,MAT033,MATERIEL_ELEVAGE,Bertoua,Centre,2027-08-01,8,2027,0.0,0.0,0.0,0.0
S3_reappro_100,MAT033,MATERIEL_ELEVAGE,Messassi,Centre,2027-08-01,8,2027,0.0,0.0,0.0,0.01
S3_reappro_100,MAT039,MATERIEL_ELEVAGE,Ahala,Centre,2027-08-01,8,2027,0.0,0.0,0.0,0.11
S3_reappro_100,MAT039,MATERIEL_ELEVAGE,Bertoua,Centre,2027-08-01,8,2027,0.0,0.0,0.0,0.54
S3_reappro_100,MAT039,MATERIEL_ELEVAGE,Messassi,Centre,2027-08-01,8,2027,0.0,0.0,0.0,0.35
S3_reappro_100,MAT039,MATERIEL_ELEVAGE,Ngaoundere,Centre,2027-08-01,8,2027,0.0,0.0,0.0,0.11
S3_reappro_100,MAT039,MATERIEL_ELEVAGE,Nkoabang,Centre,2027-08-01,8,2027,0.0,0.0,0.0,0.12
S3_reappro_100,MAT039,MATERIEL_ELEVAGE,Nkolbisson,Centre,2027-08-01,8,2027,0.0,0.0,0.0,0.04
S3_reappro_100,MAT040,MATERIEL_ELEVAGE,Ahala,Centre,2027-08-01,8,2027,0.0,0.0,0.0,0.01
S3_reappro_100,MAT040,MATERIEL_ELEVAGE,Messassi,Centre,2027-08-01,8,2027,0.0,0.0,0.0,0.02
S3_reappro_100,MAT040,MATERIEL_ELEVAGE,Ngaoundere,Centre,2027-08-01,8,2027,0.0,0.0,0.0,0.0
S3_reappro_100,MAT040,MATERIEL_ELEVAGE,Nkolbisson,Centre,2027-08-01,8,2027,0.0,0.0,0.0,0.0
S3_reappro_100,MAT042,MATERIEL_ELEVAGE,Ahala,Centre,2027-08-01,8,2027,0.0,0.0,0.0,0.12
S3_reappro_100,MAT042,MATERIEL_ELEVAGE,Bertoua,Centre,2027-08-01,8,2027,0.0,0.0,0.0,0.09
S3_reappro_100,MAT042,MATERIEL_ELEVAGE,Messassi,Centre,2027-08-01,8,2027,0.0,0.0,0.0,0.01
S3_reappro_100,MAT042,MATERIEL_ELEVAGE,Ngaoundere,Centre,2027-08-01,8,2027,0.0,0.0,0.0,0.05
S3_reappro_100,MAT049,MATERIEL_ELEVAGE,Ahala,Centre,2027-08-01,8,2027,0.0,0.0,0.0,0.03
S3_reappro_100,MAT049,MATERIEL_ELEVAGE,Bertoua,Centre,2027-08-01,8,2027,0.0,0.0,0.0,0.03
S3_reappro_100,MAT049,MATERIEL_ELEVAGE,Messassi,Centre,2027-08-01,8,2027,0.0,0.0,0.0,0.03
S3_reappro_100,MAT049,MATERIEL_ELEVAGE,Ngaoundere,Centre,2027-08-01,8,2027,0.0,0.0,0.0,0.01
S3_reappro_100,MAT049,MATERIEL_ELEVAGE,Nkoabang,Centre,2027-08-01,8,2027,0.0,0.0,0.0,0.03
S3_reappro_100,MAT050,MATERIEL_ELEVAGE,Ahala,Centre,2027-08-01,8,2027,0.0,0.0,0.0,0.02
S3_reappro_100,MAT050,MATERIEL_ELEVAGE,Bertoua,Centre,2027-08-01,8,2027,0.0,0.0,0.0,0.01
S3_reappro_100,MAT050,MATERIEL_ELEVAGE,Messassi,Centre,2027-08-01,8,2027,0.0,0.0,0.0,0.03
S3_reappro_100,MAT050,MATERIEL_ELEVAGE,Nkoabang,Centre,2027-08-01,8,2027,0.0,0.0,0.0,0.03
S3_reappro_100,MAT053,MATERIEL_ELEVAGE,Ahala,Centre,2027-08-01,8,2027,0.0,0.0,0.0,0.0
S3_reappro_100,MAT054,MATERIEL_ELEVAGE,Ahala,Centre,2027-08-01,8,2027,0.0,0.0,0.0,0.0
S3_reappro_100,MAT055,MATERIEL_ELEVAGE,Ahala,Centre,2027-08-01,8,2027,0.0,0.0,0.0,0.0
S3_reappro_100,MAT073,MATERIEL_ELEVAGE,Ahala,Centre,2027-08-01,8,2027,0.0,0.0,0.0,0.07
S3_reappro_100,MAT073,MATERIEL_ELEVAGE,Messassi,Centre,2027-08-01,8,2027,0.0,0.0,0.0,0.15
S3_reappro_100,MAT003,MATERIEL_ELEVAGE,Ahala,Centre,2027-09-01,9,2027,0.0,0.0,0.0,0.48
S3_reappro_100,MAT003,MATERIEL_ELEVAGE,Bertoua,Centre,2027-09-01,9,2027,0.0,0.0,0.0,0.64
S3_reappro_100,MAT003,MATERIEL_ELEVAGE,Messassi,Centre,2027-09-01,9,2027,0.0,0.0,0.0,0.29
S3_reappro_100,MAT003,MATERIEL_ELEVAGE,Ngaoundere,Centre,2027-09-01,9,2027,0.0,0.0,0.0,0.32
S3_reappro_100,MAT003,MATERIEL_ELEVAGE,Nkoabang,Centre,2027-09-01,9,2027,0.0,0.0,0.0,0.21
S3_reappro_100,MAT003,MATERIEL_ELEVAGE,Nkolbisson,Centre,2027-09-01,9,2027,0.0,0.0,0.0,0.02
S3_reappro_100,MAT004,MATERIEL_ELEVAGE,Ahala,Centre,2027-09-01,9,2027,0.0,0.0,0.0,0.0
S3_reappro_100,MAT004,MATERIEL_ELEVAGE,Bertoua,Centre,2027-09-01,9,2027,0.0,0.0,0.0,0.02
S3_reappro_100,MAT004,MATERIEL_ELEVAGE,Nkoabang,Centre,2027-09-01,9,2027,0.0,0.0,0.0,0.0
S3_reappro_100,MAT006,MATERIEL_ELEVAGE,Ahala,Centre,2027-09-01,9,2027,0.0,0.0,0.0,0.0
S3_reappro_100,MAT006,MATERIEL_ELEVAGE,Bertoua,Centre,2027-09-01,9,2027,0.0,0.0,0.0,0.0
S3_reappro_100,MAT006,MATERIEL_ELEVAGE,Messassi,Centre,2027-09-01,9,2027,0.0,0.0,0.0,0.02
S3_reappro_100,MAT007,MATERIEL_ELEVAGE,Ngaoundere,Centre,2027-09-01,9,2027,0.0,0.0,0.0,0.0
S3_reappro_100,MAT008,MATERIEL_ELEVAGE,Ahala,Centre,2027-09-01,9,2027,0.0,0.0,0.0,0.0
S3_reappro_100,MAT008,MATERIEL_ELEVAGE,Messassi,Centre,2027-09-01,9,2027,0.0,0.0,0.0,0.0
S3_reappro_100,MAT009,MATERIEL_ELEVAGE,Ahala,Centre,2027-09-01,9,2027,0.0,0.0,0.0,0.0
S3_reappro_100,MAT009,MATERIEL_ELEVAGE,Bertoua,Centre,2027-09-01,9,2027,0.0,0.0,0.0,0.0
S3_reappro_100,MAT009,MATERIEL_ELEVAGE,Messassi,Centre,2027-09-01,9,2027,0.0,0.0,0.0,0.0
S3_reappro_100,MAT009,MATERIEL_ELEVAGE,Nkoabang,Centre,2027-09-01,9,2027,0.0,0.0,0.0,0.0
S3_reappro_100,MAT011-80010002,MATERIEL_ELEVAGE,Ahala,Centre,2027-09-01,9,2027,0.0,0.0,0.0,0.31
S3_reappro_100,MAT011-80010002,MATERIEL_ELEVAGE,Bertoua,Centre,2027-09-01,9,2027,0.0,0.0,0.0,0.44
S3_reappro_100,MAT011-80010002,MATERIEL_ELEVAGE,Messassi,Centre,2027-09-01,9,2027,0.0,0.0,0.0,1.24
S3_reappro_100,MAT011-80010002,MATERIEL_ELEVAGE,Ngaoundere,Centre,2027-09-01,9,2027,0.0,0.0,0.0,0.41
S3_reappro_100,MAT011-80010002,MATERIEL_ELEVAGE,Nkoabang,Centre,2027-09-01,9,2027,0.0,0.0,0.0,0.2
S3_reappro_100,MAT011-80010002,MATERIEL_ELEVAGE,Nkolbisson,Centre,2027-09-01,9,2027,0.0,0.0,0.0,0.11
S3_reappro_100,MAT014-80010003,MATERIEL_ELEVAGE,Ahala,Centre,2027-09-01,9,2027,0.0,0.0,0.0,0.61
S3_reappro_100,MAT014-80010003,MATERIEL_ELEVAGE,Bertoua,Centre,2027-09-01,9,2027,0.0,0.0,0.0,2.77
S3_reappro_100,MAT014-80010003,MATERIEL_ELEVAGE,Messassi,Centre,2027-09-01,9,2027,0.0,0.0,0.0,1.64
S3_reappro_100,MAT014-80010003,MATERIEL_ELEVAGE,Ngaoundere,Centre,2027-09-01,9,2027,0.0,0.0,0.0,0.46
S3_reappro_100,MAT014-80010003,MATERIEL_ELEVAGE,Nkoabang,Centre,2027-09-01,9,2027,0.0,0.0,0.0,0.46
S3_reappro_100,MAT014-80010003,MATERIEL_ELEVAGE,Nkolbisson,Centre,2027-09-01,9,2027,0.0,0.0,0.0,0.38
S3_reappro_100,MAT017,MATERIEL_ELEVAGE,Ahala,Centre,2027-09-01,9,2027,0.0,0.0,0.0,0.4
S3_reappro_100,MAT017,MATERIEL_ELEVAGE,Bertoua,Centre,2027-09-01,9,2027,0.0,0.0,0.0,0.01
S3_reappro_100,MAT017,MATERIEL_ELEVAGE,Messassi,Centre,2027-09-01,9,2027,0.0,0.0,0.0,0.46
S3_reappro_100,MAT017,MATERIEL_ELEVAGE,Ngaoundere,Centre,2027-09-01,9,2027,0.0,0.0,0.0,0.64
S3_reappro_100,MAT017,MATERIEL_ELEVAGE,Nkoabang,Centre,2027-09-01,9,2027,0.0,0.0,0.0,0.27
S3_reappro_100,MAT020,MATERIEL_ELEVAGE,Ahala,Centre,2027-09-01,9,2027,0.0,0.0,0.0,0.01
S3_reappro_100,MAT020,MATERIEL_ELEVAGE,Bertoua,Centre,2027-09-01,9,2027,0.0,0.0,0.0,0.01
S3_reappro_100,MAT020,MATERIEL_ELEVAGE,Messassi,Centre,2027-09-01,9,2027,0.0,0.0,0.0,0.04
S3_reappro_100,MAT020,MATERIEL_ELEVAGE,Ngaoundere,Centre,2027-09-01,9,2027,0.0,0.0,0.0,0.01
S3_reappro_100,MAT020,MATERIEL_ELEVAGE,Nkoabang,Centre,2027-09-01,9,2027,0.0,0.0,0.0,0.02
S3_reappro_100,MAT023,MATERIEL_ELEVAGE,Messassi,Centre,2027-09-01,9,2027,0.0,0.0,0.0,0.01
S3_reappro_100,MAT030,MATERIEL_ELEVAGE,Nkoabang,Centre,2027-09-01,9,2027,0.0,0.0,0.0,0.02
S3_reappro_100,MAT033,MATERIEL_ELEVAGE,Ahala,Centre,2027-09-01,9,2027,0.0,0.0,0.0,0.0
S3_reappro_100,MAT033,MATERIEL_ELEVAGE,Bertoua,Centre,2027-09-01,9,2027,0.0,0.0,0.0,0.0
S3_reappro_100,MAT033,MATERIEL_ELEVAGE,Messassi,Centre,2027-09-01,9,2027,0.0,0.0,0.0,0.01
S3_reappro_100,MAT039,MATERIEL_ELEVAGE,Ahala,Centre,2027-09-01,9,2027,0.0,0.0,0.0,0.11
S3_reappro_100,MAT039,MATERIEL_ELEVAGE,Bertoua,Centre,2027-09-01,9,2027,0.0,0.0,0.0,0.54
S3_reappro_100,MAT039,MATERIEL_ELEVAGE,Messassi,Centre,2027-09-01,9,2027,0.0,0.0,0.0,0.35
S3_reappro_100,MAT039,MATERIEL_ELEVAGE,Ngaoundere,Centre,2027-09-01,9,2027,0.0,0.0,0.0,0.11
S3_reappro_100,MAT039,MATERIEL_ELEVAGE,Nkoabang,Centre,2027-09-01,9,2027,0.0,0.0,0.0,0.12
S3_reappro_100,MAT039,MATERIEL_ELEVAGE,Nkolbisson,Centre,2027-09-01,9,2027,0.0,0.0,0.0,0.04
S3_reappro_100,MAT040,MATERIEL_ELEVAGE,Ahala,Centre,2027-09-01,9,2027,0.0,0.0,0.0,0.01
S3_reappro_100,MAT040,MATERIEL_ELEVAGE,Messassi,Centre,2027-09-01,9,2027,0.0,0.0,0.0,0.02
S3_reappro_100,MAT040,MATERIEL_ELEVAGE,Ngaoundere,Centre,2027-09-01,9,2027,0.0,0.0,0.0,0.0
S3_reappro_100,MAT040,MATERIEL_ELEVAGE,Nkolbisson,Centre,2027-09-01,9,2027,0.0,0.0,0.0,0.0
S3_reappro_100,MAT042,MATERIEL_ELEVAGE,Ahala,Centre,2027-09-01,9,2027,0.0,0.0,0.0,0.12
S3_reappro_100,MAT042,MATERIEL_ELEVAGE,Bertoua,Centre,2027-09-01,9,2027,0.0,0.0,0.0,0.09
S3_reappro_100,MAT042,MATERIEL_ELEVAGE,Messassi,Centre,2027-09-01,9,2027,0.0,0.0,0.0,0.01
S3_reappro_100,MAT042,MATERIEL_ELEVAGE,Ngaoundere,Centre,2027-09-01,9,2027,0.0,0.0,0.0,0.05
S3_reappro_100,MAT049,MATERIEL_ELEVAGE,Ahala,Centre,2027-09-01,9,2027,0.0,0.0,0.0,0.03
S3_reappro_100,MAT049,MATERIEL_ELEVAGE,Bertoua,Centre,2027-09-01,9,2027,0.0,0.0,0.0,0.03
S3_reappro_100,MAT049,MATERIEL_ELEVAGE,Messassi,Centre,2027-09-01,9,2027,0.0,0.0,0.0,0.03
S3_reappro_100,MAT049,MATERIEL_ELEVAGE,Ngaoundere,Centre,2027-09-01,9,2027,0.0,0.0,0.0,0.01
S3_reappro_100,MAT049,MATERIEL_ELEVAGE,Nkoabang,Centre,2027-09-01,9,2027,0.0,0.0,0.0,0.03
S3_reappro_100,MAT050,MATERIEL_ELEVAGE,Ahala,Centre,2027-09-01,9,2027,0.0,0.0,0.0,0.02
S3_reappro_100,MAT050,MATERIEL_ELEVAGE,Bertoua,Centre,2027-09-01,9,2027,0.0,0.0,0.0,0.01
S3_reappro_100,MAT050,MATERIEL_ELEVAGE,Messassi,Centre,2027-09-01,9,2027,0.0,0.0,0.0,0.03
S3_reappro_100,MAT050,MATERIEL_ELEVAGE,Nkoabang,Centre,2027-09-01,9,2027,0.0,0.0,0.0,0.03
S3_reappro_100,MAT053,MATERIEL_ELEVAGE,Ahala,Centre,2027-09-01,9,2027,0.0,0.0,0.0,0.0
S3_reappro_100,MAT054,MATERIEL_ELEVAGE,Ahala,Centre,2027-09-01,9,2027,0.0,0.0,0.0,0.0
S3_reappro_100,MAT055,MATERIEL_ELEVAGE,Ahala,Centre,2027-09-01,9,2027,0.0,0.0,0.0,0.0
S3_reappro_100,MAT073,MATERIEL_ELEVAGE,Ahala,Centre,2027-09-01,9,2027,0.0,0.0,0.0,0.07
S3_reappro_100,MAT073,MATERIEL_ELEVAGE,Messassi,Centre,2027-09-01,9,2027,0.0,0.0,0.0,0.15
S3_reappro_100,MAT003,MATERIEL_ELEVAGE,Ahala,Centre,2027-10-01,10,2027,0.0,0.0,0.0,0.48
S3_reappro_100,MAT003,MATERIEL_ELEVAGE,Bertoua,Centre,2027-10-01,10,2027,0.0,0.0,0.0,0.64
S3_reappro_100,MAT003,MATERIEL_ELEVAGE,Messassi,Centre,2027-10-01,10,2027,0.0,0.0,0.0,0.29
S3_reappro_100,MAT003,MATERIEL_ELEVAGE,Ngaoundere,Centre,2027-10-01,10,2027,0.0,0.0,0.0,0.32
S3_reappro_100,MAT003,MATERIEL_ELEVAGE,Nkoabang,Centre,2027-10-01,10,2027,0.0,0.0,0.0,0.21
S3_reappro_100,MAT003,MATERIEL_ELEVAGE,Nkolbisson,Centre,2027-10-01,10,2027,0.0,0.0,0.0,0.02
S3_reappro_100,MAT004,MATERIEL_ELEVAGE,Ahala,Centre,2027-10-01,10,2027,0.0,0.0,0.0,0.0
S3_reappro_100,MAT004,MATERIEL_ELEVAGE,Bertoua,Centre,2027-10-01,10,2027,0.0,0.0,0.0,0.02
S3_reappro_100,MAT004,MATERIEL_ELEVAGE,Nkoabang,Centre,2027-10-01,10,2027,0.0,0.0,0.0,0.0
S3_reappro_100,MAT006,MATERIEL_ELEVAGE,Ahala,Centre,2027-10-01,10,2027,0.0,0.0,0.0,0.0
S3_reappro_100,MAT006,MATERIEL_ELEVAGE,Bertoua,Centre,2027-10-01,10,2027,0.0,0.0,0.0,0.0
S3_reappro_100,MAT006,MATERIEL_ELEVAGE,Messassi,Centre,2027-10-01,10,2027,0.0,0.0,0.0,0.02
S3_reappro_100,MAT007,MATERIEL_ELEVAGE,Ngaoundere,Centre,2027-10-01,10,2027,0.0,0.0,0.0,0.0
S3_reappro_100,MAT008,MATERIEL_ELEVAGE,Ahala,Centre,2027-10-01,10,2027,0.0,0.0,0.0,0.0
S3_reappro_100,MAT008,MATERIEL_ELEVAGE,Messassi,Centre,2027-10-01,10,2027,0.0,0.0,0.0,0.0
S3_reappro_100,MAT009,MATERIEL_ELEVAGE,Ahala,Centre,2027-10-01,10,2027,0.0,0.0,0.0,0.0
S3_reappro_100,MAT009,MATERIEL_ELEVAGE,Bertoua,Centre,2027-10-01,10,2027,0.0,0.0,0.0,0.0
S3_reappro_100,MAT009,MATERIEL_ELEVAGE,Messassi,Centre,2027-10-01,10,2027,0.0,0.0,0.0,0.0
S3_reappro_100,MAT009,MATERIEL_ELEVAGE,Nkoabang,Centre,2027-10-01,10,2027,0.0,0.0,0.0,0.0
S3_reappro_100,MAT011-80010002,MATERIEL_ELEVAGE,Ahala,Centre,2027-10-01,10,2027,0.0,0.0,0.0,0.31
S3_reappro_100,MAT011-80010002,MATERIEL_ELEVAGE,Bertoua,Centre,2027-10-01,10,2027,0.0,0.0,0.0,0.44
S3_reappro_100,MAT011-80010002,MATERIEL_ELEVAGE,Messassi,Centre,2027-10-01,10,2027,0.0,0.0,0.0,1.24
S3_reappro_100,MAT011-80010002,MATERIEL_ELEVAGE,Ngaoundere,Centre,2027-10-01,10,2027,0.0,0.0,0.0,0.41
S3_reappro_100,MAT011-80010002,MATERIEL_ELEVAGE,Nkoabang,Centre,2027-10-01,10,2027,0.0,0.0,0.0,0.2
S3_reappro_100,MAT011-80010002,MATERIEL_ELEVAGE,Nkolbisson,Centre,2027-10-01,10,2027,0.0,0.0,0.0,0.11
S3_reappro_100,MAT014-80010003,MATERIEL_ELEVAGE,Ahala,Centre,2027-10-01,10,2027,0.0,0.0,0.0,0.61
S3_reappro_100,MAT014-80010003,MATERIEL_ELEVAGE,Bertoua,Centre,2027-10-01,10,2027,0.0,0.0,0.0,2.77
S3_reappro_100,MAT014-80010003,MATERIEL_ELEVAGE,Messassi,Centre,2027-10-01,10,2027,0.0,0.0,0.0,1.64
S3_reappro_100,MAT014-80010003,MATERIEL_ELEVAGE,Ngaoundere,Centre,2027-10-01,10,2027,0.0,0.0,0.0,0.46
S3_reappro_100,MAT014-80010003,MATERIEL_ELEVAGE,Nkoabang,Centre,2027-10-01,10,2027,0.0,0.0,0.0,0.46
S3_reappro_100,MAT014-80010003,MATERIEL_ELEVAGE,Nkolbisson,Centre,2027-10-01,10,2027,0.0,0.0,0.0,0.38
S3_reappro_100,MAT017,MATERIEL_ELEVAGE,Ahala,Centre,2027-10-01,10,2027,0.0,0.0,0.0,0.4
S3_reappro_100,MAT017,MATERIEL_ELEVAGE,Bertoua,Centre,2027-10-01,10,2027,0.0,0.0,0.0,0.01
S3_reappro_100,MAT017,MATERIEL_ELEVAGE,Messassi,Centre,2027-10-01,10,2027,0.0,0.0,0.0,0.46
S3_reappro_100,MAT017,MATERIEL_ELEVAGE,Ngaoundere,Centre,2027-10-01,10,2027,0.0,0.0,0.0,0.64
S3_reappro_100,MAT017,MATERIEL_ELEVAGE,Nkoabang,Centre,2027-10-01,10,2027,0.0,0.0,0.0,0.27
S3_reappro_100,MAT020,MATERIEL_ELEVAGE,Ahala,Centre,2027-10-01,10,2027,0.0,0.0,0.0,0.01
S3_reappro_100,MAT020,MATERIEL_ELEVAGE,Bertoua,Centre,2027-10-01,10,2027,0.0,0.0,0.0,0.01
S3_reappro_100,MAT020,MATERIEL_ELEVAGE,Messassi,Centre,2027-10-01,10,2027,0.0,0.0,0.0,0.04
S3_reappro_100,MAT020,MATERIEL_ELEVAGE,Ngaoundere,Centre,2027-10-01,10,2027,0.0,0.0,0.0,0.01
S3_reappro_100,MAT020,MATERIEL_ELEVAGE,Nkoabang,Centre,2027-10-01,10,2027,0.0,0.0,0.0,0.02
S3_reappro_100,MAT023,MATERIEL_ELEVAGE,Messassi,Centre,2027-10-01,10,2027,0.0,0.0,0.0,0.01
S3_reappro_100,MAT030,MATERIEL_ELEVAGE,Nkoabang,Centre,2027-10-01,10,2027,0.0,0.0,0.0,0.02
S3_reappro_100,MAT033,MATERIEL_ELEVAGE,Ahala,Centre,2027-10-01,10,2027,0.0,0.0,0.0,0.0
S3_reappro_100,MAT033,MATERIEL_ELEVAGE,Bertoua,Centre,2027-10-01,10,2027,0.0,0.0,0.0,0.0
S3_reappro_100,MAT033,MATERIEL_ELEVAGE,Messassi,Centre,2027-10-01,10,2027,0.0,0.0,0.0,0.01
S3_reappro_100,MAT039,MATERIEL_ELEVAGE,Ahala,Centre,2027-10-01,10,2027,0.0,0.0,0.0,0.11
S3_reappro_100,MAT039,MATERIEL_ELEVAGE,Bertoua,Centre,2027-10-01,10,2027,0.0,0.0,0.0,0.54
S3_reappro_100,MAT039,MATERIEL_ELEVAGE,Messassi,Centre,2027-10-01,10,2027,0.0,0.0,0.0,0.35
S3_reappro_100,MAT039,MATERIEL_ELEVAGE,Ngaoundere,Centre,2027-10-01,10,2027,0.0,0.0,0.0,0.11
S3_reappro_100,MAT039,MATERIEL_ELEVAGE,Nkoabang,Centre,2027-10-01,10,2027,0.0,0.0,0.0,0.12
S3_reappro_100,MAT039,MATERIEL_ELEVAGE,Nkolbisson,Centre,2027-10-01,10,2027,0.0,0.0,0.0,0.04
S3_reappro_100,MAT040,MATERIEL_ELEVAGE,Ahala,Centre,2027-10-01,10,2027,0.0,0.0,0.0,0.01
S3_reappro_100,MAT040,MATERIEL_ELEVAGE,Messassi,Centre,2027-10-01,10,2027,0.0,0.0,0.0,0.02
S3_reappro_100,MAT040,MATERIEL_ELEVAGE,Ngaoundere,Centre,2027-10-01,10,2027,0.0,0.0,0.0,0.0
S3_reappro_100,MAT040,MATERIEL_ELEVAGE,Nkolbisson,Centre,2027-10-01,10,2027,0.0,0.0,0.0,0.0
S3_reappro_100,MAT042,MATERIEL_ELEVAGE,Ahala,Centre,2027-10-01,10,2027,0.0,0.0,0.0,0.12
S3_reappro_100,MAT042,MATERIEL_ELEVAGE,Bertoua,Centre,2027-10-01,10,2027,0.0,0.0,0.0,0.09
S3_reappro_100,MAT042,MATERIEL_ELEVAGE,Messassi,Centre,2027-10-01,10,2027,0.0,0.0,0.0,0.01
S3_reappro_100,MAT042,MATERIEL_ELEVAGE,Ngaoundere,Centre,2027-10-01,10,2027,0.0,0.0,0.0,0.05
S3_reappro_100,MAT049,MATERIEL_ELEVAGE,Ahala,Centre,2027-10-01,10,2027,0.0,0.0,0.0,0.03
S3_reappro_100,MAT049,MATERIEL_ELEVAGE,Bertoua,Centre,2027-10-01,10,2027,0.0,0.0,0.0,0.03
S3_reappro_100,MAT049,MATERIEL_ELEVAGE,Messassi,Centre,2027-10-01,10,2027,0.0,0.0,0.0,0.03
S3_reappro_100,MAT049,MATERIEL_ELEVAGE,Ngaoundere,Centre,2027-10-01,10,2027,0.0,0.0,0.0,0.01
S3_reappro_100,MAT049,MATERIEL_ELEVAGE,Nkoabang,Centre,2027-10-01,10,2027,0.0,0.0,0.0,0.03
S3_reappro_100,MAT050,MATERIEL_ELEVAGE,Ahala,Centre,2027-10-01,10,2027,0.0,0.0,0.0,0.02
S3_reappro_100,MAT050,MATERIEL_ELEVAGE,Bertoua,Centre,2027-10-01,10,2027,0.0,0.0,0.0,0.01
S3_reappro_100,MAT050,MATERIEL_ELEVAGE,Messassi,Centre,2027-10-01,10,2027,0.0,0.0,0.0,0.03
S3_reappro_100,MAT050,MATERIEL_ELEVAGE,Nkoabang,Centre,2027-10-01,10,2027,0.0,0.0,0.0,0.03
S3_reappro_100,MAT053,MATERIEL_ELEVAGE,Ahala,Centre,2027-10-01,10,2027,0.0,0.0,0.0,0.0
S3_reappro_100,MAT054,MATERIEL_ELEVAGE,Ahala,Centre,2027-10-01,10,2027,0.0,0.0,0.0,0.0
S3_reappro_100,MAT055,MATERIEL_ELEVAGE,Ahala,Centre,2027-10-01,10,2027,0.0,0.0,0.0,0.0
S3_reappro_100,MAT073,MATERIEL_ELEVAGE,Ahala,Centre,2027-10-01,10,2027,0.0,0.0,0.0,0.07
S3_reappro_100,MAT073,MATERIEL_ELEVAGE,Messassi,Centre,2027-10-01,10,2027,0.0,0.0,0.0,0.15
S3_reappro_100,MAT003,MATERIEL_ELEVAGE,Ahala,Centre,2027-11-01,11,2027,0.0,0.0,0.0,0.48
S3_reappro_100,MAT003,MATERIEL_ELEVAGE,Bertoua,Centre,2027-11-01,11,2027,0.0,0.0,0.0,0.64
S3_reappro_100,MAT003,MATERIEL_ELEVAGE,Messassi,Centre,2027-11-01,11,2027,0.0,0.0,0.0,0.29
S3_reappro_100,MAT003,MATERIEL_ELEVAGE,Ngaoundere,Centre,2027-11-01,11,2027,0.0,0.0,0.0,0.32
S3_reappro_100,MAT003,MATERIEL_ELEVAGE,Nkoabang,Centre,2027-11-01,11,2027,0.0,0.0,0.0,0.21
S3_reappro_100,MAT003,MATERIEL_ELEVAGE,Nkolbisson,Centre,2027-11-01,11,2027,0.0,0.0,0.0,0.02
S3_reappro_100,MAT004,MATERIEL_ELEVAGE,Ahala,Centre,2027-11-01,11,2027,0.0,0.0,0.0,0.0
S3_reappro_100,MAT004,MATERIEL_ELEVAGE,Bertoua,Centre,2027-11-01,11,2027,0.0,0.0,0.0,0.02
S3_reappro_100,MAT004,MATERIEL_ELEVAGE,Nkoabang,Centre,2027-11-01,11,2027,0.0,0.0,0.0,0.0
S3_reappro_100,MAT006,MATERIEL_ELEVAGE,Ahala,Centre,2027-11-01,11,2027,0.0,0.0,0.0,0.0
S3_reappro_100,MAT006,MATERIEL_ELEVAGE,Bertoua,Centre,2027-11-01,11,2027,0.0,0.0,0.0,0.0
S3_reappro_100,MAT006,MATERIEL_ELEVAGE,Messassi,Centre,2027-11-01,11,2027,0.0,0.0,0.0,0.02
S3_reappro_100,MAT007,MATERIEL_ELEVAGE,Ngaoundere,Centre,2027-11-01,11,2027,0.0,0.0,0.0,0.0
S3_reappro_100,MAT008,MATERIEL_ELEVAGE,Ahala,Centre,2027-11-01,11,2027,0.0,0.0,0.0,0.0
S3_reappro_100,MAT008,MATERIEL_ELEVAGE,Messassi,Centre,2027-11-01,11,2027,0.0,0.0,0.0,0.0
S3_reappro_100,MAT009,MATERIEL_ELEVAGE,Ahala,Centre,2027-11-01,11,2027,0.0,0.0,0.0,0.0
S3_reappro_100,MAT009,MATERIEL_ELEVAGE,Bertoua,Centre,2027-11-01,11,2027,0.0,0.0,0.0,0.0
S3_reappro_100,MAT009,MATERIEL_ELEVAGE,Messassi,Centre,2027-11-01,11,2027,0.0,0.0,0.0,0.0
S3_reappro_100,MAT009,MATERIEL_ELEVAGE,Nkoabang,Centre,2027-11-01,11,2027,0.0,0.0,0.0,0.0
S3_reappro_100,MAT011-80010002,MATERIEL_ELEVAGE,Ahala,Centre,2027-11-01,11,2027,0.0,0.0,0.0,0.31
S3_reappro_100,MAT011-80010002,MATERIEL_ELEVAGE,Bertoua,Centre,2027-11-01,11,2027,0.0,0.0,0.0,0.44
S3_reappro_100,MAT011-80010002,MATERIEL_ELEVAGE,Messassi,Centre,2027-11-01,11,2027,0.0,0.0,0.0,1.24
S3_reappro_100,MAT011-80010002,MATERIEL_ELEVAGE,Ngaoundere,Centre,2027-11-01,11,2027,0.0,0.0,0.0,0.41
S3_reappro_100,MAT011-80010002,MATERIEL_ELEVAGE,Nkoabang,Centre,2027-11-01,11,2027,0.0,0.0,0.0,0.2
S3_reappro_100,MAT011-80010002,MATERIEL_ELEVAGE,Nkolbisson,Centre,2027-11-01,11,2027,0.0,0.0,0.0,0.11
S3_reappro_100,MAT014-80010003,MATERIEL_ELEVAGE,Ahala,Centre,2027-11-01,11,2027,0.0,0.0,0.0,0.61
S3_reappro_100,MAT014-80010003,MATERIEL_ELEVAGE,Bertoua,Centre,2027-11-01,11,2027,0.0,0.0,0.0,2.77
S3_reappro_100,MAT014-80010003,MATERIEL_ELEVAGE,Messassi,Centre,2027-11-01,11,2027,0.0,0.0,0.0,1.64
S3_reappro_100,MAT014-80010003,MATERIEL_ELEVAGE,Ngaoundere,Centre,2027-11-01,11,2027,0.0,0.0,0.0,0.46
S3_reappro_100,MAT014-80010003,MATERIEL_ELEVAGE,Nkoabang,Centre,2027-11-01,11,2027,0.0,0.0,0.0,0.46
S3_reappro_100,MAT014-80010003,MATERIEL_ELEVAGE,Nkolbisson,Centre,2027-11-01,11,2027,0.0,0.0,0.0,0.38
S3_reappro_100,MAT017,MATERIEL_ELEVAGE,Ahala,Centre,2027-11-01,11,2027,0.0,0.0,0.0,0.4
S3_reappro_100,MAT017,MATERIEL_ELEVAGE,Bertoua,Centre,2027-11-01,11,2027,0.0,0.0,0.0,0.01
S3_reappro_100,MAT017,MATERIEL_ELEVAGE,Messassi,Centre,2027-11-01,11,2027,0.0,0.0,0.0,0.46
S3_reappro_100,MAT017,MATERIEL_ELEVAGE,Ngaoundere,Centre,2027-11-01,11,2027,0.0,0.0,0.0,0.64
S3_reappro_100,MAT017,MATERIEL_ELEVAGE,Nkoabang,Centre,2027-11-01,11,2027,0.0,0.0,0.0,0.27
S3_reappro_100,MAT020,MATERIEL_ELEVAGE,Ahala,Centre,2027-11-01,11,2027,0.0,0.0,0.0,0.01
S3_reappro_100,MAT020,MATERIEL_ELEVAGE,Bertoua,Centre,2027-11-01,11,2027,0.0,0.0,0.0,0.01
S3_reappro_100,MAT020,MATERIEL_ELEVAGE,Messassi,Centre,2027-11-01,11,2027,0.0,0.0,0.0,0.04
S3_reappro_100,MAT020,MATERIEL_ELEVAGE,Ngaoundere,Centre,2027-11-01,11,2027,0.0,0.0,0.0,0.01
S3_reappro_100,MAT020,MATERIEL_ELEVAGE,Nkoabang,Centre,2027-11-01,11,2027,0.0,0.0,0.0,0.02
S3_reappro_100,MAT023,MATERIEL_ELEVAGE,Messassi,Centre,2027-11-01,11,2027,0.0,0.0,0.0,0.01
S3_reappro_100,MAT030,MATERIEL_ELEVAGE,Nkoabang,Centre,2027-11-01,11,2027,0.0,0.0,0.0,0.02
S3_reappro_100,MAT033,MATERIEL_ELEVAGE,Ahala,Centre,2027-11-01,11,2027,0.0,0.0,0.0,0.0
S3_reappro_100,MAT033,MATERIEL_ELEVAGE,Bertoua,Centre,2027-11-01,11,2027,0.0,0.0,0.0,0.0
S3_reappro_100,MAT033,MATERIEL_ELEVAGE,Messassi,Centre,2027-11-01,11,2027,0.0,0.0,0.0,0.01
S3_reappro_100,MAT039,MATERIEL_ELEVAGE,Ahala,Centre,2027-11-01,11,2027,0.0,0.0,0.0,0.11
S3_reappro_100,MAT039,MATERIEL_ELEVAGE,Bertoua,Centre,2027-11-01,11,2027,0.0,0.0,0.0,0.54
S3_reappro_100,MAT039,MATERIEL_ELEVAGE,Messassi,Centre,2027-11-01,11,2027,0.0,0.0,0.0,0.35
S3_reappro_100,MAT039,MATERIEL_ELEVAGE,Ngaoundere,Centre,2027-11-01,11,2027,0.0,0.0,0.0,0.11
S3_reappro_100,MAT039,MATERIEL_ELEVAGE,Nkoabang,Centre,2027-11-01,11,2027,0.0,0.0,0.0,0.12
S3_reappro_100,MAT039,MATERIEL_ELEVAGE,Nkolbisson,Centre,2027-11-01,11,2027,0.0,0.0,0.0,0.04
S3_reappro_100,MAT040,MATERIEL_ELEVAGE,Ahala,Centre,2027-11-01,11,2027,0.0,0.0,0.0,0.01
S3_reappro_100,MAT040,MATERIEL_ELEVAGE,Messassi,Centre,2027-11-01,11,2027,0.0,0.0,0.0,0.02
S3_reappro_100,MAT040,MATERIEL_ELEVAGE,Ngaoundere,Centre,2027-11-01,11,2027,0.0,0.0,0.0,0.0
S3_reappro_100,MAT040,MATERIEL_ELEVAGE,Nkolbisson,Centre,2027-11-01,11,2027,0.0,0.0,0.0,0.0
S3_reappro_100,MAT042,MATERIEL_ELEVAGE,Ahala,Centre,2027-11-01,11,2027,0.0,0.0,0.0,0.12
S3_reappro_100,MAT042,MATERIEL_ELEVAGE,Bertoua,Centre,2027-11-01,11,2027,0.0,0.0,0.0,0.09
S3_reappro_100,MAT042,MATERIEL_ELEVAGE,Messassi,Centre,2027-11-01,11,2027,0.0,0.0,0.0,0.01
S3_reappro_100,MAT042,MATERIEL_ELEVAGE,Ngaoundere,Centre,2027-11-01,11,2027,0.0,0.0,0.0,0.05
S3_reappro_100,MAT049,MATERIEL_ELEVAGE,Ahala,Centre,2027-11-01,11,2027,0.0,0.0,0.0,0.03
S3_reappro_100,MAT049,MATERIEL_ELEVAGE,Bertoua,Centre,2027-11-01,11,2027,0.0,0.0,0.0,0.03
S3_reappro_100,MAT049,MATERIEL_ELEVAGE,Messassi,Centre,2027-11-01,11,2027,0.0,0.0,0.0,0.03
S3_reappro_100,MAT049,MATERIEL_ELEVAGE,Ngaoundere,Centre,2027-11-01,11,2027,0.0,0.0,0.0,0.01
S3_reappro_100,MAT049,MATERIEL_ELEVAGE,Nkoabang,Centre,2027-11-01,11,2027,0.0,0.0,0.0,0.03
S3_reappro_100,MAT050,MATERIEL_ELEVAGE,Ahala,Centre,2027-11-01,11,2027,0.0,0.0,0.0,0.02
S3_reappro_100,MAT050,MATERIEL_ELEVAGE,Bertoua,Centre,2027-11-01,11,2027,0.0,0.0,0.0,0.01
S3_reappro_100,MAT050,MATERIEL_ELEVAGE,Messassi,Centre,2027-11-01,11,2027,0.0,0.0,0.0,0.03
S3_reappro_100,MAT050,MATERIEL_ELEVAGE,Nkoabang,Centre,2027-11-01,11,2027,0.0,0.0,0.0,0.03
S3_reappro_100,MAT053,MATERIEL_ELEVAGE,Ahala,Centre,2027-11-01,11,2027,0.0,0.0,0.0,0.0
S3_reappro_100,MAT054,MATERIEL_ELEVAGE,Ahala,Centre,2027-11-01,11,2027,0.0,0.0,0.0,0.0
S3_reappro_100,MAT055,MATERIEL_ELEVAGE,Ahala,Centre,2027-11-01,11,2027,0.0,0.0,0.0,0.0
S3_reappro_100,MAT073,MATERIEL_ELEVAGE,Ahala,Centre,2027-11-01,11,2027,0.0,0.0,0.0,0.07
S3_reappro_100,MAT073,MATERIEL_ELEVAGE,Messassi,Centre,2027-11-01,11,2027,0.0,0.0,0.0,0.15
S3_reappro_100,MAT003,MATERIEL_ELEVAGE,Ahala,Centre,2027-12-01,12,2027,0.0,0.0,0.0,0.48
S3_reappro_100,MAT003,MATERIEL_ELEVAGE,Bertoua,Centre,2027-12-01,12,2027,0.0,0.0,0.0,0.64
S3_reappro_100,MAT003,MATERIEL_ELEVAGE,Messassi,Centre,2027-12-01,12,2027,0.0,0.0,0.0,0.29
S3_reappro_100,MAT003,MATERIEL_ELEVAGE,Ngaoundere,Centre,2027-12-01,12,2027,0.0,0.0,0.0,0.32
S3_reappro_100,MAT003,MATERIEL_ELEVAGE,Nkoabang,Centre,2027-12-01,12,2027,0.0,0.0,0.0,0.21
S3_reappro_100,MAT003,MATERIEL_ELEVAGE,Nkolbisson,Centre,2027-12-01,12,2027,0.0,0.0,0.0,0.02
S3_reappro_100,MAT004,MATERIEL_ELEVAGE,Ahala,Centre,2027-12-01,12,2027,0.0,0.0,0.0,0.0
S3_reappro_100,MAT004,MATERIEL_ELEVAGE,Bertoua,Centre,2027-12-01,12,2027,0.0,0.0,0.0,0.02
S3_reappro_100,MAT004,MATERIEL_ELEVAGE,Nkoabang,Centre,2027-12-01,12,2027,0.0,0.0,0.0,0.0
S3_reappro_100,MAT006,MATERIEL_ELEVAGE,Ahala,Centre,2027-12-01,12,2027,0.0,0.0,0.0,0.0
S3_reappro_100,MAT006,MATERIEL_ELEVAGE,Bertoua,Centre,2027-12-01,12,2027,0.0,0.0,0.0,0.0
S3_reappro_100,MAT006,MATERIEL_ELEVAGE,Messassi,Centre,2027-12-01,12,2027,0.0,0.0,0.0,0.02
S3_reappro_100,MAT007,MATERIEL_ELEVAGE,Ngaoundere,Centre,2027-12-01,12,2027,0.0,0.0,0.0,0.0
S3_reappro_100,MAT008,MATERIEL_ELEVAGE,Ahala,Centre,2027-12-01,12,2027,0.0,0.0,0.0,0.0
S3_reappro_100,MAT008,MATERIEL_ELEVAGE,Messassi,Centre,2027-12-01,12,2027,0.0,0.0,0.0,0.0
S3_reappro_100,MAT009,MATERIEL_ELEVAGE,Ahala,Centre,2027-12-01,12,2027,0.0,0.0,0.0,0.0
S3_reappro_100,MAT009,MATERIEL_ELEVAGE,Bertoua,Centre,2027-12-01,12,2027,0.0,0.0,0.0,0.0
S3_reappro_100,MAT009,MATERIEL_ELEVAGE,Messassi,Centre,2027-12-01,12,2027,0.0,0.0,0.0,0.0
S3_reappro_100,MAT009,MATERIEL_ELEVAGE,Nkoabang,Centre,2027-12-01,12,2027,0.0,0.0,0.0,0.0
S3_reappro_100,MAT011-80010002,MATERIEL_ELEVAGE,Ahala,Centre,2027-12-01,12,2027,0.0,0.0,0.0,0.31
S3_reappro_100,MAT011-80010002,MATERIEL_ELEVAGE,Bertoua,Centre,2027-12-01,12,2027,0.0,0.0,0.0,0.44
S3_reappro_100,MAT011-80010002,MATERIEL_ELEVAGE,Messassi,Centre,2027-12-01,12,2027,0.0,0.0,0.0,1.24
S3_reappro_100,MAT011-80010002,MATERIEL_ELEVAGE,Ngaoundere,Centre,2027-12-01,12,2027,0.0,0.0,0.0,0.41
S3_reappro_100,MAT011-80010002,MATERIEL_ELEVAGE,Nkoabang,Centre,2027-12-01,12,2027,0.0,0.0,0.0,0.2
S3_reappro_100,MAT011-80010002,MATERIEL_ELEVAGE,Nkolbisson,Centre,2027-12-01,12,2027,0.0,0.0,0.0,0.11
S3_reappro_100,MAT014-80010003,MATERIEL_ELEVAGE,Ahala,Centre,2027-12-01,12,2027,0.0,0.0,0.0,0.61
S3_reappro_100,MAT014-80010003,MATERIEL_ELEVAGE,Bertoua,Centre,2027-12-01,12,2027,0.0,0.0,0.0,2.77
S3_reappro_100,MAT014-80010003,MATERIEL_ELEVAGE,Messassi,Centre,2027-12-01,12,2027,0.0,0.0,0.0,1.64
S3_reappro_100,MAT014-80010003,MATERIEL_ELEVAGE,Ngaoundere,Centre,2027-12-01,12,2027,0.0,0.0,0.0,0.46
S3_reappro_100,MAT014-80010003,MATERIEL_ELEVAGE,Nkoabang,Centre,2027-12-01,12,2027,0.0,0.0,0.0,0.46
S3_reappro_100,MAT014-80010003,MATERIEL_ELEVAGE,Nkolbisson,Centre,2027-12-01,12,2027,0.0,0.0,0.0,0.38
S3_reappro_100,MAT017,MATERIEL_ELEVAGE,Ahala,Centre,2027-12-01,12,2027,0.0,0.0,0.0,0.4
S3_reappro_100,MAT017,MATERIEL_ELEVAGE,Bertoua,Centre,2027-12-01,12,2027,0.0,0.0,0.0,0.01
S3_reappro_100,MAT017,MATERIEL_ELEVAGE,Messassi,Centre,2027-12-01,12,2027,0.0,0.0,0.0,0.46
S3_reappro_100,MAT017,MATERIEL_ELEVAGE,Ngaoundere,Centre,2027-12-01,12,2027,0.0,0.0,0.0,0.64
S3_reappro_100,MAT017,MATERIEL_ELEVAGE,Nkoabang,Centre,2027-12-01,12,2027,0.0,0.0,0.0,0.27
S3_reappro_100,MAT020,MATERIEL_ELEVAGE,Ahala,Centre,2027-12-01,12,2027,0.0,0.0,0.0,0.01
S3_reappro_100,MAT020,MATERIEL_ELEVAGE,Bertoua,Centre,2027-12-01,12,2027,0.0,0.0,0.0,0.01
S3_reappro_100,MAT020,MATERIEL_ELEVAGE,Messassi,Centre,2027-12-01,12,2027,0.0,0.0,0.0,0.04
S3_reappro_100,MAT020,MATERIEL_ELEVAGE,Ngaoundere,Centre,2027-12-01,12,2027,0.0,0.0,0.0,0.01
S3_reappro_100,MAT020,MATERIEL_ELEVAGE,Nkoabang,Centre,2027-12-01,12,2027,0.0,0.0,0.0,0.02
S3_reappro_100,MAT023,MATERIEL_ELEVAGE,Messassi,Centre,2027-12-01,12,2027,0.0,0.0,0.0,0.01
S3_reappro_100,MAT030,MATERIEL_ELEVAGE,Nkoabang,Centre,2027-12-01,12,2027,0.0,0.0,0.0,0.02
S3_reappro_100,MAT033,MATERIEL_ELEVAGE,Ahala,Centre,2027-12-01,12,2027,0.0,0.0,0.0,0.0
S3_reappro_100,MAT033,MATERIEL_ELEVAGE,Bertoua,Centre,2027-12-01,12,2027,0.0,0.0,0.0,0.0
S3_reappro_100,MAT033,MATERIEL_ELEVAGE,Messassi,Centre,2027-12-01,12,2027,0.0,0.0,0.0,0.01
S3_reappro_100,MAT039,MATERIEL_ELEVAGE,Ahala,Centre,2027-12-01,12,2027,0.0,0.0,0.0,0.11
S3_reappro_100,MAT039,MATERIEL_ELEVAGE,Bertoua,Centre,2027-12-01,12,2027,0.0,0.0,0.0,0.54
S3_reappro_100,MAT039,MATERIEL_ELEVAGE,Messassi,Centre,2027-12-01,12,2027,0.0,0.0,0.0,0.35
S3_reappro_100,MAT039,MATERIEL_ELEVAGE,Ngaoundere,Centre,2027-12-01,12,2027,0.0,0.0,0.0,0.11
S3_reappro_100,MAT039,MATERIEL_ELEVAGE,Nkoabang,Centre,2027-12-01,12,2027,0.0,0.0,0.0,0.12
S3_reappro_100,MAT039,MATERIEL_ELEVAGE,Nkolbisson,Centre,2027-12-01,12,2027,0.0,0.0,0.0,0.04
S3_reappro_100,MAT040,MATERIEL_ELEVAGE,Ahala,Centre,2027-12-01,12,2027,0.0,0.0,0.0,0.01
S3_reappro_100,MAT040,MATERIEL_ELEVAGE,Messassi,Centre,2027-12-01,12,2027,0.0,0.0,0.0,0.02
S3_reappro_100,MAT040,MATERIEL_ELEVAGE,Ngaoundere,Centre,2027-12-01,12,2027,0.0,0.0,0.0,0.0
S3_reappro_100,MAT040,MATERIEL_ELEVAGE,Nkolbisson,Centre,2027-12-01,12,2027,0.0,0.0,0.0,0.0
S3_reappro_100,MAT042,MATERIEL_ELEVAGE,Ahala,Centre,2027-12-01,12,2027,0.0,0.0,0.0,0.12
S3_reappro_100,MAT042,MATERIEL_ELEVAGE,Bertoua,Centre,2027-12-01,12,2027,0.0,0.0,0.0,0.09
S3_reappro_100,MAT042,MATERIEL_ELEVAGE,Messassi,Centre,2027-12-01,12,2027,0.0,0.0,0.0,0.01
S3_reappro_100,MAT042,MATERIEL_ELEVAGE,Ngaoundere,Centre,2027-12-01,12,2027,0.0,0.0,0.0,0.05
S3_reappro_100,MAT049,MATERIEL_ELEVAGE,Ahala,Centre,2027-12-01,12,2027,0.0,0.0,0.0,0.03
S3_reappro_100,MAT049,MATERIEL_ELEVAGE,Bertoua,Centre,2027-12-01,12,2027,0.0,0.0,0.0,0.03
S3_reappro_100,MAT049,MATERIEL_ELEVAGE,Messassi,Centre,2027-12-01,12,2027,0.0,0.0,0.0,0.03
S3_reappro_100,MAT049,MATERIEL_ELEVAGE,Ngaoundere,Centre,2027-12-01,12,2027,0.0,0.0,0.0,0.01
S3_reappro_100,MAT049,MATERIEL_ELEVAGE,Nkoabang,Centre,2027-12-01,12,2027,0.0,0.0,0.0,0.03
S3_reappro_100,MAT050,MATERIEL_ELEVAGE,Ahala,Centre,2027-12-01,12,2027,0.0,0.0,0.0,0.02
S3_reappro_100,MAT050,MATERIEL_ELEVAGE,Bertoua,Centre,2027-12-01,12,2027,0.0,0.0,0.0,0.01
S3_reappro_100,MAT050,MATERIEL_ELEVAGE,Messassi,Centre,2027-12-01,12,2027,0.0,0.0,0.0,0.03
S3_reappro_100,MAT050,MATERIEL_ELEVAGE,Nkoabang,Centre,2027-12-01,12,2027,0.0,0.0,0.0,0.03
S3_reappro_100,MAT053,MATERIEL_ELEVAGE,Ahala,Centre,2027-12-01,12,2027,0.0,0.0,0.0,0.0
S3_reappro_100,MAT054,MATERIEL_ELEVAGE,Ahala,Centre,2027-12-01,12,2027,0.0,0.0,0.0,0.0
S3_reappro_100,MAT055,MATERIEL_ELEVAGE,Ahala,Centre,2027-12-01,12,2027,0.0,0.0,0.0,0.0
S3_reappro_100,MAT073,MATERIEL_ELEVAGE,Ahala,Centre,2027-12-01,12,2027,0.0,0.0,0.0,0.07
S3_reappro_100,MAT073,MATERIEL_ELEVAGE,Messassi,Centre,2027-12-01,12,2027,0.0,0.0,0.0,0.15
S3_reappro_100,MAT001,MATERIEL_ELEVAGE,Ndobo,Littoral,2027-01-01,1,2027,0.0,0.0,0.0,0.12
S3_reappro_100,MAT003,MATERIEL_ELEVAGE,Buea,Littoral,2027-01-01,1,2027,0.0,0.0,0.0,0.13
S3_reappro_100,MAT003,MATERIEL_ELEVAGE,Ndobo,Littoral,2027-01-01,1,2027,0.0,0.0,0.0,0.17
S3_reappro_100,MAT003,MATERIEL_ELEVAGE,Nkongsamba,Littoral,2027-01-01,1,2027,0.0,0.0,0.0,0.22
S3_reappro_100,MAT003,MATERIEL_ELEVAGE,Pk11,Littoral,2027-01-01,1,2027,0.0,0.0,0.0,0.02
S3_reappro_100,MAT003,MATERIEL_ELEVAGE,Village,Littoral,2027-01-01,1,2027,0.0,0.0,0.0,0.17
S3_reappro_100,MAT004,MATERIEL_ELEVAGE,Buea,Littoral,2027-01-01,1,2027,0.0,0.0,0.0,0.01
S3_reappro_100,MAT004,MATERIEL_ELEVAGE,Village,Littoral,2027-01-01,1,2027,0.0,0.0,0.0,0.02
S3_reappro_100,MAT006,MATERIEL_ELEVAGE,Buea,Littoral,2027-01-01,1,2027,0.0,0.0,0.0,0.01
S3_reappro_100,MAT006,MATERIEL_ELEVAGE,Ndobo,Littoral,2027-01-01,1,2027,0.0,0.0,0.0,0.0
S3_reappro_100,MAT006,MATERIEL_ELEVAGE,Nkongsamba,Littoral,2027-01-01,1,2027,0.0,0.0,0.0,0.01
S3_reappro_100,MAT009,MATERIEL_ELEVAGE,Buea,Littoral,2027-01-01,1,2027,0.0,0.0,0.0,0.0
S3_reappro_100,MAT011-80010002,MATERIEL_ELEVAGE,Buea,Littoral,2027-01-01,1,2027,0.0,0.0,0.0,0.03
S3_reappro_100,MAT011-80010002,MATERIEL_ELEVAGE,Ndobo,Littoral,2027-01-01,1,2027,0.0,0.0,0.0,1.12
S3_reappro_100,MAT011-80010002,MATERIEL_ELEVAGE,Village,Littoral,2027-01-01,1,2027,0.0,0.0,0.0,0.01
S3_reappro_100,MAT014-80010003,MATERIEL_ELEVAGE,Buea,Littoral,2027-01-01,1,2027,0.0,0.0,0.0,0.11
S3_reappro_100,MAT014-80010003,MATERIEL_ELEVAGE,Ndobo,Littoral,2027-01-01,1,2027,0.0,0.0,0.0,2.83
S3_reappro_100,MAT014-80010003,MATERIEL_ELEVAGE,Nkongsamba,Littoral,2027-01-01,1,2027,0.0,0.0,0.0,0.14
S3_reappro_100,MAT014-80010003,MATERIEL_ELEVAGE,Village,Littoral,2027-01-01,1,2027,0.0,0.0,0.0,0.02
S3_reappro_100,MAT015,MATERIEL_ELEVAGE,Village,Littoral,2027-01-01,1,2027,0.0,0.0,0.0,0.0
S3_reappro_100,MAT017,MATERIEL_ELEVAGE,Ndobo,Littoral,2027-01-01,1,2027,0.0,0.0,0.0,0.07
S3_reappro_100,MAT020,MATERIEL_ELEVAGE,Buea,Littoral,2027-01-01,1,2027,0.0,0.0,0.0,0.05
S3_reappro_100,MAT020,MATERIEL_ELEVAGE,Ndobo,Littoral,2027-01-01,1,2027,0.0,0.0,0.0,0.04
S3_reappro_100,MAT020,MATERIEL_ELEVAGE,Nkongsamba,Littoral,2027-01-01,1,2027,0.0,0.0,0.0,0.1
S3_reappro_100,MAT020,MATERIEL_ELEVAGE,Pk11,Littoral,2027-01-01,1,2027,0.0,0.0,0.0,0.02
S3_reappro_100,MAT020,MATERIEL_ELEVAGE,Village,Littoral,2027-01-01,1,2027,0.0,0.0,0.0,0.05
S3_reappro_100,MAT029,MATERIEL_ELEVAGE,Ndobo,Littoral,2027-01-01,1,2027,0.0,0.0,0.0,0.07
S3_reappro_100,MAT030,MATERIEL_ELEVAGE,Ndobo,Littoral,2027-01-01,1,2027,0.0,0.0,0.0,0.08
S3_reappro_100,MAT039,MATERIEL_ELEVAGE,Buea,Littoral,2027-01-01,1,2027,0.0,0.0,0.0,0.12
S3_reappro_100,MAT039,MATERIEL_ELEVAGE,Ndobo,Littoral,2027-01-01,1,2027,0.0,0.0,0.0,0.28
S3_reappro_100,MAT039,MATERIEL_ELEVAGE,Nkongsamba,Littoral,2027-01-01,1,2027,0.0,0.0,0.0,0.14
S3_reappro_100,MAT039,MATERIEL_ELEVAGE,Pk11,Littoral,2027-01-01,1,2027,0.0,0.0,0.0,0.09
S3_reappro_100,MAT039,MATERIEL_ELEVAGE,Village,Littoral,2027-01-01,1,2027,0.0,0.0,0.0,0.17
S3_reappro_100,MAT040,MATERIEL_ELEVAGE,Buea,Littoral,2027-01-01,1,2027,0.0,0.0,0.0,0.0
S3_reappro_100,MAT040,MATERIEL_ELEVAGE,Nkongsamba,Littoral,2027-01-01,1,2027,0.0,0.0,0.0,0.01
S3_reappro_100,MAT040,MATERIEL_ELEVAGE,Village,Littoral,2027-01-01,1,2027,0.0,0.0,0.0,0.07
S3_reappro_100,MAT042,MATERIEL_ELEVAGE,Buea,Littoral,2027-01-01,1,2027,0.0,0.0,0.0,0.02
S3_reappro_100,MAT042,MATERIEL_ELEVAGE,Ndobo,Littoral,2027-01-01,1,2027,0.0,0.0,0.0,0.01
S3_reappro_100,MAT042,MATERIEL_ELEVAGE,Nkongsamba,Littoral,2027-01-01,1,2027,0.0,0.0,0.0,0.07
S3_reappro_100,MAT042,MATERIEL_ELEVAGE,Village,Littoral,2027-01-01,1,2027,0.0,0.0,0.0,0.08
S3_reappro_100,MAT049,MATERIEL_ELEVAGE,Buea,Littoral,2027-01-01,1,2027,0.0,0.0,0.0,0.01
S3_reappro_100,MAT049,MATERIEL_ELEVAGE,Ndobo,Littoral,2027-01-01,1,2027,0.0,0.0,0.0,0.04
S3_reappro_100,MAT049,MATERIEL_ELEVAGE,Nkongsamba,Littoral,2027-01-01,1,2027,0.0,0.0,0.0,0.01
S3_reappro_100,MAT049,MATERIEL_ELEVAGE,Pk11,Littoral,2027-01-01,1,2027,0.0,0.0,0.0,0.01
S3_reappro_100,MAT049,MATERIEL_ELEVAGE,Village,Littoral,2027-01-01,1,2027,0.0,0.0,0.0,0.03
S3_reappro_100,MAT050,MATERIEL_ELEVAGE,Ndobo,Littoral,2027-01-01,1,2027,0.0,0.0,0.0,0.01
S3_reappro_100,MAT054,MATERIEL_ELEVAGE,Ndobo,Littoral,2027-01-01,1,2027,0.0,0.0,0.0,0.0
S3_reappro_100,MAT054,MATERIEL_ELEVAGE,Nkongsamba,Littoral,2027-01-01,1,2027,0.0,0.0,0.0,0.0
S3_reappro_100,MAT073,MATERIEL_ELEVAGE,Ndobo,Littoral,2027-01-01,1,2027,0.0,0.0,0.0,0.84
S3_reappro_100,MAT073,MATERIEL_ELEVAGE,Nkongsamba,Littoral,2027-01-01,1,2027,0.0,0.0,0.0,0.0
S3_reappro_100,MAT001,MATERIEL_ELEVAGE,Ndobo,Littoral,2027-02-01,2,2027,0.0,0.0,0.0,0.12
S3_reappro_100,MAT003,MATERIEL_ELEVAGE,Buea,Littoral,2027-02-01,2,2027,0.0,0.0,0.0,0.13
S3_reappro_100,MAT003,MATERIEL_ELEVAGE,Ndobo,Littoral,2027-02-01,2,2027,0.0,0.0,0.0,0.17
S3_reappro_100,MAT003,MATERIEL_ELEVAGE,Nkongsamba,Littoral,2027-02-01,2,2027,0.0,0.0,0.0,0.22
S3_reappro_100,MAT003,MATERIEL_ELEVAGE,Pk11,Littoral,2027-02-01,2,2027,0.0,0.0,0.0,0.02
S3_reappro_100,MAT003,MATERIEL_ELEVAGE,Village,Littoral,2027-02-01,2,2027,0.0,0.0,0.0,0.17
S3_reappro_100,MAT004,MATERIEL_ELEVAGE,Buea,Littoral,2027-02-01,2,2027,0.0,0.0,0.0,0.01
S3_reappro_100,MAT004,MATERIEL_ELEVAGE,Village,Littoral,2027-02-01,2,2027,0.0,0.0,0.0,0.02
S3_reappro_100,MAT006,MATERIEL_ELEVAGE,Buea,Littoral,2027-02-01,2,2027,0.0,0.0,0.0,0.01
S3_reappro_100,MAT006,MATERIEL_ELEVAGE,Ndobo,Littoral,2027-02-01,2,2027,0.0,0.0,0.0,0.0
S3_reappro_100,MAT006,MATERIEL_ELEVAGE,Nkongsamba,Littoral,2027-02-01,2,2027,0.0,0.0,0.0,0.01
S3_reappro_100,MAT009,MATERIEL_ELEVAGE,Buea,Littoral,2027-02-01,2,2027,0.0,0.0,0.0,0.0
S3_reappro_100,MAT011-80010002,MATERIEL_ELEVAGE,Buea,Littoral,2027-02-01,2,2027,0.0,0.0,0.0,0.03
S3_reappro_100,MAT011-80010002,MATERIEL_ELEVAGE,Ndobo,Littoral,2027-02-01,2,2027,0.0,0.0,0.0,1.12
S3_reappro_100,MAT011-80010002,MATERIEL_ELEVAGE,Village,Littoral,2027-02-01,2,2027,0.0,0.0,0.0,0.01
S3_reappro_100,MAT014-80010003,MATERIEL_ELEVAGE,Buea,Littoral,2027-02-01,2,2027,0.0,0.0,0.0,0.11
S3_reappro_100,MAT014-80010003,MATERIEL_ELEVAGE,Ndobo,Littoral,2027-02-01,2,2027,0.0,0.0,0.0,2.83
S3_reappro_100,MAT014-80010003,MATERIEL_ELEVAGE,Nkongsamba,Littoral,2027-02-01,2,2027,0.0,0.0,0.0,0.14
S3_reappro_100,MAT014-80010003,MATERIEL_ELEVAGE,Village,Littoral,2027-02-01,2,2027,0.0,0.0,0.0,0.02
S3_reappro_100,MAT015,MATERIEL_ELEVAGE,Village,Littoral,2027-02-01,2,2027,0.0,0.0,0.0,0.0
S3_reappro_100,MAT017,MATERIEL_ELEVAGE,Ndobo,Littoral,2027-02-01,2,2027,0.0,0.0,0.0,0.07
S3_reappro_100,MAT020,MATERIEL_ELEVAGE,Buea,Littoral,2027-02-01,2,2027,0.0,0.0,0.0,0.05
S3_reappro_100,MAT020,MATERIEL_ELEVAGE,Ndobo,Littoral,2027-02-01,2,2027,0.0,0.0,0.0,0.04
S3_reappro_100,MAT020,MATERIEL_ELEVAGE,Nkongsamba,Littoral,2027-02-01,2,2027,0.0,0.0,0.0,0.1
S3_reappro_100,MAT020,MATERIEL_ELEVAGE,Pk11,Littoral,2027-02-01,2,2027,0.0,0.0,0.0,0.02
S3_reappro_100,MAT020,MATERIEL_ELEVAGE,Village,Littoral,2027-02-01,2,2027,0.0,0.0,0.0,0.05
S3_reappro_100,MAT029,MATERIEL_ELEVAGE,Ndobo,Littoral,2027-02-01,2,2027,0.0,0.0,0.0,0.07
S3_reappro_100,MAT030,MATERIEL_ELEVAGE,Ndobo,Littoral,2027-02-01,2,2027,0.0,0.0,0.0,0.08
S3_reappro_100,MAT039,MATERIEL_ELEVAGE,Buea,Littoral,2027-02-01,2,2027,0.0,0.0,0.0,0.12
S3_reappro_100,MAT039,MATERIEL_ELEVAGE,Ndobo,Littoral,2027-02-01,2,2027,0.0,0.0,0.0,0.28
S3_reappro_100,MAT039,MATERIEL_ELEVAGE,Nkongsamba,Littoral,2027-02-01,2,2027,0.0,0.0,0.0,0.14
S3_reappro_100,MAT039,MATERIEL_ELEVAGE,Pk11,Littoral,2027-02-01,2,2027,0.0,0.0,0.0,0.09
S3_reappro_100,MAT039,MATERIEL_ELEVAGE,Village,Littoral,2027-02-01,2,2027,0.0,0.0,0.0,0.17
S3_reappro_100,MAT040,MATERIEL_ELEVAGE,Buea,Littoral,2027-02-01,2,2027,0.0,0.0,0.0,0.0
S3_reappro_100,MAT040,MATERIEL_ELEVAGE,Nkongsamba,Littoral,2027-02-01,2,2027,0.0,0.0,0.0,0.01
S3_reappro_100,MAT040,MATERIEL_ELEVAGE,Village,Littoral,2027-02-01,2,2027,0.0,0.0,0.0,0.07
S3_reappro_100,MAT042,MATERIEL_ELEVAGE,Buea,Littoral,2027-02-01,2,2027,0.0,0.0,0.0,0.02
S3_reappro_100,MAT042,MATERIEL_ELEVAGE,Ndobo,Littoral,2027-02-01,2,2027,0.0,0.0,0.0,0.01
S3_reappro_100,MAT042,MATERIEL_ELEVAGE,Nkongsamba,Littoral,2027-02-01,2,2027,0.0,0.0,0.0,0.07
S3_reappro_100,MAT042,MATERIEL_ELEVAGE,Village,Littoral,2027-02-01,2,2027,0.0,0.0,0.0,0.08
S3_reappro_100,MAT049,MATERIEL_ELEVAGE,Buea,Littoral,2027-02-01,2,2027,0.0,0.0,0.0,0.01
S3_reappro_100,MAT049,MATERIEL_ELEVAGE,Ndobo,Littoral,2027-02-01,2,2027,0.0,0.0,0.0,0.04
S3_reappro_100,MAT049,MATERIEL_ELEVAGE,Nkongsamba,Littoral,2027-02-01,2,2027,0.0,0.0,0.0,0.01
S3_reappro_100,MAT049,MATERIEL_ELEVAGE,Pk11,Littoral,2027-02-01,2,2027,0.0,0.0,0.0,0.01
S3_reappro_100,MAT049,MATERIEL_ELEVAGE,Village,Littoral,2027-02-01,2,2027,0.0,0.0,0.0,0.03
S3_reappro_100,MAT050,MATERIEL_ELEVAGE,Ndobo,Littoral,2027-02-01,2,2027,0.0,0.0,0.0,0.01
S3_reappro_100,MAT054,MATERIEL_ELEVAGE,Ndobo,Littoral,2027-02-01,2,2027,0.0,0.0,0.0,0.0
S3_reappro_100,MAT054,MATERIEL_ELEVAGE,Nkongsamba,Littoral,2027-02-01,2,2027,0.0,0.0,0.0,0.0
S3_reappro_100,MAT073,MATERIEL_ELEVAGE,Ndobo,Littoral,2027-02-01,2,2027,0.0,0.0,0.0,0.84
S3_reappro_100,MAT073,MATERIEL_ELEVAGE,Nkongsamba,Littoral,2027-02-01,2,2027,0.0,0.0,0.0,0.0
S3_reappro_100,MAT001,MATERIEL_ELEVAGE,Ndobo,Littoral,2027-03-01,3,2027,0.0,0.0,0.0,0.12
S3_reappro_100,MAT003,MATERIEL_ELEVAGE,Buea,Littoral,2027-03-01,3,2027,0.0,0.0,0.0,0.13
S3_reappro_100,MAT003,MATERIEL_ELEVAGE,Ndobo,Littoral,2027-03-01,3,2027,0.0,0.0,0.0,0.17
S3_reappro_100,MAT003,MATERIEL_ELEVAGE,Nkongsamba,Littoral,2027-03-01,3,2027,0.0,0.0,0.0,0.22
S3_reappro_100,MAT003,MATERIEL_ELEVAGE,Pk11,Littoral,2027-03-01,3,2027,0.0,0.0,0.0,0.02
S3_reappro_100,MAT003,MATERIEL_ELEVAGE,Village,Littoral,2027-03-01,3,2027,0.0,0.0,0.0,0.17
S3_reappro_100,MAT004,MATERIEL_ELEVAGE,Buea,Littoral,2027-03-01,3,2027,0.0,0.0,0.0,0.01
S3_reappro_100,MAT004,MATERIEL_ELEVAGE,Village,Littoral,2027-03-01,3,2027,0.0,0.0,0.0,0.02
S3_reappro_100,MAT006,MATERIEL_ELEVAGE,Buea,Littoral,2027-03-01,3,2027,0.0,0.0,0.0,0.01
S3_reappro_100,MAT006,MATERIEL_ELEVAGE,Ndobo,Littoral,2027-03-01,3,2027,0.0,0.0,0.0,0.0
S3_reappro_100,MAT006,MATERIEL_ELEVAGE,Nkongsamba,Littoral,2027-03-01,3,2027,0.0,0.0,0.0,0.01
S3_reappro_100,MAT009,MATERIEL_ELEVAGE,Buea,Littoral,2027-03-01,3,2027,0.0,0.0,0.0,0.0
S3_reappro_100,MAT011-80010002,MATERIEL_ELEVAGE,Buea,Littoral,2027-03-01,3,2027,0.0,0.0,0.0,0.03
S3_reappro_100,MAT011-80010002,MATERIEL_ELEVAGE,Ndobo,Littoral,2027-03-01,3,2027,0.0,0.0,0.0,1.12
S3_reappro_100,MAT011-80010002,MATERIEL_ELEVAGE,Village,Littoral,2027-03-01,3,2027,0.0,0.0,0.0,0.01
S3_reappro_100,MAT014-80010003,MATERIEL_ELEVAGE,Buea,Littoral,2027-03-01,3,2027,0.0,0.0,0.0,0.11
S3_reappro_100,MAT014-80010003,MATERIEL_ELEVAGE,Ndobo,Littoral,2027-03-01,3,2027,0.0,0.0,0.0,2.83
S3_reappro_100,MAT014-80010003,MATERIEL_ELEVAGE,Nkongsamba,Littoral,2027-03-01,3,2027,0.0,0.0,0.0,0.14
S3_reappro_100,MAT014-80010003,MATERIEL_ELEVAGE,Village,Littoral,2027-03-01,3,2027,0.0,0.0,0.0,0.02
S3_reappro_100,MAT015,MATERIEL_ELEVAGE,Village,Littoral,2027-03-01,3,2027,0.0,0.0,0.0,0.0
S3_reappro_100,MAT017,MATERIEL_ELEVAGE,Ndobo,Littoral,2027-03-01,3,2027,0.0,0.0,0.0,0.07
S3_reappro_100,MAT020,MATERIEL_ELEVAGE,Buea,Littoral,2027-03-01,3,2027,0.0,0.0,0.0,0.05
S3_reappro_100,MAT020,MATERIEL_ELEVAGE,Ndobo,Littoral,2027-03-01,3,2027,0.0,0.0,0.0,0.04
S3_reappro_100,MAT020,MATERIEL_ELEVAGE,Nkongsamba,Littoral,2027-03-01,3,2027,0.0,0.0,0.0,0.1
S3_reappro_100,MAT020,MATERIEL_ELEVAGE,Pk11,Littoral,2027-03-01,3,2027,0.0,0.0,0.0,0.02
S3_reappro_100,MAT020,MATERIEL_ELEVAGE,Village,Littoral,2027-03-01,3,2027,0.0,0.0,0.0,0.05
S3_reappro_100,MAT029,MATERIEL_ELEVAGE,Ndobo,Littoral,2027-03-01,3,2027,0.0,0.0,0.0,0.07
S3_reappro_100,MAT030,MATERIEL_ELEVAGE,Ndobo,Littoral,2027-03-01,3,2027,0.0,0.0,0.0,0.08
S3_reappro_100,MAT039,MATERIEL_ELEVAGE,Buea,Littoral,2027-03-01,3,2027,0.0,0.0,0.0,0.12
S3_reappro_100,MAT039,MATERIEL_ELEVAGE,Ndobo,Littoral,2027-03-01,3,2027,0.0,0.0,0.0,0.28
S3_reappro_100,MAT039,MATERIEL_ELEVAGE,Nkongsamba,Littoral,2027-03-01,3,2027,0.0,0.0,0.0,0.14
S3_reappro_100,MAT039,MATERIEL_ELEVAGE,Pk11,Littoral,2027-03-01,3,2027,0.0,0.0,0.0,0.09
S3_reappro_100,MAT039,MATERIEL_ELEVAGE,Village,Littoral,2027-03-01,3,2027,0.0,0.0,0.0,0.17
S3_reappro_100,MAT040,MATERIEL_ELEVAGE,Buea,Littoral,2027-03-01,3,2027,0.0,0.0,0.0,0.0
S3_reappro_100,MAT040,MATERIEL_ELEVAGE,Nkongsamba,Littoral,2027-03-01,3,2027,0.0,0.0,0.0,0.01
S3_reappro_100,MAT040,MATERIEL_ELEVAGE,Village,Littoral,2027-03-01,3,2027,0.0,0.0,0.0,0.07
S3_reappro_100,MAT042,MATERIEL_ELEVAGE,Buea,Littoral,2027-03-01,3,2027,0.0,0.0,0.0,0.02
S3_reappro_100,MAT042,MATERIEL_ELEVAGE,Ndobo,Littoral,2027-03-01,3,2027,0.0,0.0,0.0,0.01
S3_reappro_100,MAT042,MATERIEL_ELEVAGE,Nkongsamba,Littoral,2027-03-01,3,2027,0.0,0.0,0.0,0.07
S3_reappro_100,MAT042,MATERIEL_ELEVAGE,Village,Littoral,2027-03-01,3,2027,0.0,0.0,0.0,0.08
S3_reappro_100,MAT049,MATERIEL_ELEVAGE,Buea,Littoral,2027-03-01,3,2027,0.0,0.0,0.0,0.01
S3_reappro_100,MAT049,MATERIEL_ELEVAGE,Ndobo,Littoral,2027-03-01,3,2027,0.0,0.0,0.0,0.04
S3_reappro_100,MAT049,MATERIEL_ELEVAGE,Nkongsamba,Littoral,2027-03-01,3,2027,0.0,0.0,0.0,0.01
S3_reappro_100,MAT049,MATERIEL_ELEVAGE,Pk11,Littoral,2027-03-01,3,2027,0.0,0.0,0.0,0.01
S3_reappro_100,MAT049,MATERIEL_ELEVAGE,Village,Littoral,2027-03-01,3,2027,0.0,0.0,0.0,0.03
S3_reappro_100,MAT050,MATERIEL_ELEVAGE,Ndobo,Littoral,2027-03-01,3,2027,0.0,0.0,0.0,0.01
S3_reappro_100,MAT054,MATERIEL_ELEVAGE,Ndobo,Littoral,2027-03-01,3,2027,0.0,0.0,0.0,0.0
S3_reappro_100,MAT054,MATERIEL_ELEVAGE,Nkongsamba,Littoral,2027-03-01,3,2027,0.0,0.0,0.0,0.0
S3_reappro_100,MAT073,MATERIEL_ELEVAGE,Ndobo,Littoral,2027-03-01,3,2027,0.0,0.0,0.0,0.84
S3_reappro_100,MAT073,MATERIEL_ELEVAGE,Nkongsamba,Littoral,2027-03-01,3,2027,0.0,0.0,0.0,0.0
S3_reappro_100,MAT001,MATERIEL_ELEVAGE,Ndobo,Littoral,2027-04-01,4,2027,0.0,0.0,0.0,0.12
S3_reappro_100,MAT003,MATERIEL_ELEVAGE,Buea,Littoral,2027-04-01,4,2027,0.0,0.0,0.0,0.13
S3_reappro_100,MAT003,MATERIEL_ELEVAGE,Ndobo,Littoral,2027-04-01,4,2027,0.0,0.0,0.0,0.17
S3_reappro_100,MAT003,MATERIEL_ELEVAGE,Nkongsamba,Littoral,2027-04-01,4,2027,0.0,0.0,0.0,0.22
S3_reappro_100,MAT003,MATERIEL_ELEVAGE,Pk11,Littoral,2027-04-01,4,2027,0.0,0.0,0.0,0.02
S3_reappro_100,MAT003,MATERIEL_ELEVAGE,Village,Littoral,2027-04-01,4,2027,0.0,0.0,0.0,0.17
S3_reappro_100,MAT004,MATERIEL_ELEVAGE,Buea,Littoral,2027-04-01,4,2027,0.0,0.0,0.0,0.01
S3_reappro_100,MAT004,MATERIEL_ELEVAGE,Village,Littoral,2027-04-01,4,2027,0.0,0.0,0.0,0.02
S3_reappro_100,MAT006,MATERIEL_ELEVAGE,Buea,Littoral,2027-04-01,4,2027,0.0,0.0,0.0,0.01
S3_reappro_100,MAT006,MATERIEL_ELEVAGE,Ndobo,Littoral,2027-04-01,4,2027,0.0,0.0,0.0,0.0
S3_reappro_100,MAT006,MATERIEL_ELEVAGE,Nkongsamba,Littoral,2027-04-01,4,2027,0.0,0.0,0.0,0.01
S3_reappro_100,MAT009,MATERIEL_ELEVAGE,Buea,Littoral,2027-04-01,4,2027,0.0,0.0,0.0,0.0
S3_reappro_100,MAT011-80010002,MATERIEL_ELEVAGE,Buea,Littoral,2027-04-01,4,2027,0.0,0.0,0.0,0.03
S3_reappro_100,MAT011-80010002,MATERIEL_ELEVAGE,Ndobo,Littoral,2027-04-01,4,2027,0.0,0.0,0.0,1.12
S3_reappro_100,MAT011-80010002,MATERIEL_ELEVAGE,Village,Littoral,2027-04-01,4,2027,0.0,0.0,0.0,0.01
S3_reappro_100,MAT014-80010003,MATERIEL_ELEVAGE,Buea,Littoral,2027-04-01,4,2027,0.0,0.0,0.0,0.11
S3_reappro_100,MAT014-80010003,MATERIEL_ELEVAGE,Ndobo,Littoral,2027-04-01,4,2027,0.0,0.0,0.0,2.83
S3_reappro_100,MAT014-80010003,MATERIEL_ELEVAGE,Nkongsamba,Littoral,2027-04-01,4,2027,0.0,0.0,0.0,0.14
S3_reappro_100,MAT014-80010003,MATERIEL_ELEVAGE,Village,Littoral,2027-04-01,4,2027,0.0,0.0,0.0,0.02
S3_reappro_100,MAT015,MATERIEL_ELEVAGE,Village,Littoral,2027-04-01,4,2027,0.0,0.0,0.0,0.0
S3_reappro_100,MAT017,MATERIEL_ELEVAGE,Ndobo,Littoral,2027-04-01,4,2027,0.0,0.0,0.0,0.07
S3_reappro_100,MAT020,MATERIEL_ELEVAGE,Buea,Littoral,2027-04-01,4,2027,0.0,0.0,0.0,0.05
S3_reappro_100,MAT020,MATERIEL_ELEVAGE,Ndobo,Littoral,2027-04-01,4,2027,0.0,0.0,0.0,0.04
S3_reappro_100,MAT020,MATERIEL_ELEVAGE,Nkongsamba,Littoral,2027-04-01,4,2027,0.0,0.0,0.0,0.1
S3_reappro_100,MAT020,MATERIEL_ELEVAGE,Pk11,Littoral,2027-04-01,4,2027,0.0,0.0,0.0,0.02
S3_reappro_100,MAT020,MATERIEL_ELEVAGE,Village,Littoral,2027-04-01,4,2027,0.0,0.0,0.0,0.05
S3_reappro_100,MAT029,MATERIEL_ELEVAGE,Ndobo,Littoral,2027-04-01,4,2027,0.0,0.0,0.0,0.07
S3_reappro_100,MAT030,MATERIEL_ELEVAGE,Ndobo,Littoral,2027-04-01,4,2027,0.0,0.0,0.0,0.08
S3_reappro_100,MAT039,MATERIEL_ELEVAGE,Buea,Littoral,2027-04-01,4,2027,0.0,0.0,0.0,0.12
S3_reappro_100,MAT039,MATERIEL_ELEVAGE,Ndobo,Littoral,2027-04-01,4,2027,0.0,0.0,0.0,0.28
S3_reappro_100,MAT039,MATERIEL_ELEVAGE,Nkongsamba,Littoral,2027-04-01,4,2027,0.0,0.0,0.0,0.14
S3_reappro_100,MAT039,MATERIEL_ELEVAGE,Pk11,Littoral,2027-04-01,4,2027,0.0,0.0,0.0,0.09
S3_reappro_100,MAT039,MATERIEL_ELEVAGE,Village,Littoral,2027-04-01,4,2027,0.0,0.0,0.0,0.17
S3_reappro_100,MAT040,MATERIEL_ELEVAGE,Buea,Littoral,2027-04-01,4,2027,0.0,0.0,0.0,0.0
S3_reappro_100,MAT040,MATERIEL_ELEVAGE,Nkongsamba,Littoral,2027-04-01,4,2027,0.0,0.0,0.0,0.01
S3_reappro_100,MAT040,MATERIEL_ELEVAGE,Village,Littoral,2027-04-01,4,2027,0.0,0.0,0.0,0.07
S3_reappro_100,MAT042,MATERIEL_ELEVAGE,Buea,Littoral,2027-04-01,4,2027,0.0,0.0,0.0,0.02
S3_reappro_100,MAT042,MATERIEL_ELEVAGE,Ndobo,Littoral,2027-04-01,4,2027,0.0,0.0,0.0,0.01
S3_reappro_100,MAT042,MATERIEL_ELEVAGE,Nkongsamba,Littoral,2027-04-01,4,2027,0.0,0.0,0.0,0.07
S3_reappro_100,MAT042,MATERIEL_ELEVAGE,Village,Littoral,2027-04-01,4,2027,0.0,0.0,0.0,0.08
S3_reappro_100,MAT049,MATERIEL_ELEVAGE,Buea,Littoral,2027-04-01,4,2027,0.0,0.0,0.0,0.01
S3_reappro_100,MAT049,MATERIEL_ELEVAGE,Ndobo,Littoral,2027-04-01,4,2027,0.0,0.0,0.0,0.04
S3_reappro_100,MAT049,MATERIEL_ELEVAGE,Nkongsamba,Littoral,2027-04-01,4,2027,0.0,0.0,0.0,0.01
S3_reappro_100,MAT049,MATERIEL_ELEVAGE,Pk11,Littoral,2027-04-01,4,2027,0.0,0.0,0.0,0.01
S3_reappro_100,MAT049,MATERIEL_ELEVAGE,Village,Littoral,2027-04-01,4,2027,0.0,0.0,0.0,0.03
S3_reappro_100,MAT050,MATERIEL_ELEVAGE,Ndobo,Littoral,2027-04-01,4,2027,0.0,0.0,0.0,0.01
S3_reappro_100,MAT054,MATERIEL_ELEVAGE,Ndobo,Littoral,2027-04-01,4,2027,0.0,0.0,0.0,0.0
S3_reappro_100,MAT054,MATERIEL_ELEVAGE,Nkongsamba,Littoral,2027-04-01,4,2027,0.0,0.0,0.0,0.0
S3_reappro_100,MAT073,MATERIEL_ELEVAGE,Ndobo,Littoral,2027-04-01,4,2027,0.0,0.0,0.0,0.84
S3_reappro_100,MAT073,MATERIEL_ELEVAGE,Nkongsamba,Littoral,2027-04-01,4,2027,0.0,0.0,0.0,0.0
S3_reappro_100,MAT001,MATERIEL_ELEVAGE,Ndobo,Littoral,2027-05-01,5,2027,0.0,0.0,0.0,0.12
S3_reappro_100,MAT003,MATERIEL_ELEVAGE,Buea,Littoral,2027-05-01,5,2027,0.0,0.0,0.0,0.13
S3_reappro_100,MAT003,MATERIEL_ELEVAGE,Ndobo,Littoral,2027-05-01,5,2027,0.0,0.0,0.0,0.17
S3_reappro_100,MAT003,MATERIEL_ELEVAGE,Nkongsamba,Littoral,2027-05-01,5,2027,0.0,0.0,0.0,0.22
S3_reappro_100,MAT003,MATERIEL_ELEVAGE,Pk11,Littoral,2027-05-01,5,2027,0.0,0.0,0.0,0.02
S3_reappro_100,MAT003,MATERIEL_ELEVAGE,Village,Littoral,2027-05-01,5,2027,0.0,0.0,0.0,0.17
S3_reappro_100,MAT004,MATERIEL_ELEVAGE,Buea,Littoral,2027-05-01,5,2027,0.0,0.0,0.0,0.01
S3_reappro_100,MAT004,MATERIEL_ELEVAGE,Village,Littoral,2027-05-01,5,2027,0.0,0.0,0.0,0.02
S3_reappro_100,MAT006,MATERIEL_ELEVAGE,Buea,Littoral,2027-05-01,5,2027,0.0,0.0,0.0,0.01
S3_reappro_100,MAT006,MATERIEL_ELEVAGE,Ndobo,Littoral,2027-05-01,5,2027,0.0,0.0,0.0,0.0
S3_reappro_100,MAT006,MATERIEL_ELEVAGE,Nkongsamba,Littoral,2027-05-01,5,2027,0.0,0.0,0.0,0.01
S3_reappro_100,MAT009,MATERIEL_ELEVAGE,Buea,Littoral,2027-05-01,5,2027,0.0,0.0,0.0,0.0
S3_reappro_100,MAT011-80010002,MATERIEL_ELEVAGE,Buea,Littoral,2027-05-01,5,2027,0.0,0.0,0.0,0.03
S3_reappro_100,MAT011-80010002,MATERIEL_ELEVAGE,Ndobo,Littoral,2027-05-01,5,2027,0.0,0.0,0.0,1.12
S3_reappro_100,MAT011-80010002,MATERIEL_ELEVAGE,Village,Littoral,2027-05-01,5,2027,0.0,0.0,0.0,0.01
S3_reappro_100,MAT014-80010003,MATERIEL_ELEVAGE,Buea,Littoral,2027-05-01,5,2027,0.0,0.0,0.0,0.11
S3_reappro_100,MAT014-80010003,MATERIEL_ELEVAGE,Ndobo,Littoral,2027-05-01,5,2027,0.0,0.0,0.0,2.83
S3_reappro_100,MAT014-80010003,MATERIEL_ELEVAGE,Nkongsamba,Littoral,2027-05-01,5,2027,0.0,0.0,0.0,0.14
S3_reappro_100,MAT014-80010003,MATERIEL_ELEVAGE,Village,Littoral,2027-05-01,5,2027,0.0,0.0,0.0,0.02
S3_reappro_100,MAT015,MATERIEL_ELEVAGE,Village,Littoral,2027-05-01,5,2027,0.0,0.0,0.0,0.0
S3_reappro_100,MAT017,MATERIEL_ELEVAGE,Ndobo,Littoral,2027-05-01,5,2027,0.0,0.0,0.0,0.07
S3_reappro_100,MAT020,MATERIEL_ELEVAGE,Buea,Littoral,2027-05-01,5,2027,0.0,0.0,0.0,0.05
S3_reappro_100,MAT020,MATERIEL_ELEVAGE,Ndobo,Littoral,2027-05-01,5,2027,0.0,0.0,0.0,0.04
S3_reappro_100,MAT020,MATERIEL_ELEVAGE,Nkongsamba,Littoral,2027-05-01,5,2027,0.0,0.0,0.0,0.1
S3_reappro_100,MAT020,MATERIEL_ELEVAGE,Pk11,Littoral,2027-05-01,5,2027,0.0,0.0,0.0,0.02
S3_reappro_100,MAT020,MATERIEL_ELEVAGE,Village,Littoral,2027-05-01,5,2027,0.0,0.0,0.0,0.05
S3_reappro_100,MAT029,MATERIEL_ELEVAGE,Ndobo,Littoral,2027-05-01,5,2027,0.0,0.0,0.0,0.07
S3_reappro_100,MAT030,MATERIEL_ELEVAGE,Ndobo,Littoral,2027-05-01,5,2027,0.0,0.0,0.0,0.08
S3_reappro_100,MAT039,MATERIEL_ELEVAGE,Buea,Littoral,2027-05-01,5,2027,0.0,0.0,0.0,0.12
S3_reappro_100,MAT039,MATERIEL_ELEVAGE,Ndobo,Littoral,2027-05-01,5,2027,0.0,0.0,0.0,0.28
S3_reappro_100,MAT039,MATERIEL_ELEVAGE,Nkongsamba,Littoral,2027-05-01,5,2027,0.0,0.0,0.0,0.14
S3_reappro_100,MAT039,MATERIEL_ELEVAGE,Pk11,Littoral,2027-05-01,5,2027,0.0,0.0,0.0,0.09
S3_reappro_100,MAT039,MATERIEL_ELEVAGE,Village,Littoral,2027-05-01,5,2027,0.0,0.0,0.0,0.17
S3_reappro_100,MAT040,MATERIEL_ELEVAGE,Buea,Littoral,2027-05-01,5,2027,0.0,0.0,0.0,0.0
S3_reappro_100,MAT040,MATERIEL_ELEVAGE,Nkongsamba,Littoral,2027-05-01,5,2027,0.0,0.0,0.0,0.01
S3_reappro_100,MAT040,MATERIEL_ELEVAGE,Village,Littoral,2027-05-01,5,2027,0.0,0.0,0.0,0.07
S3_reappro_100,MAT042,MATERIEL_ELEVAGE,Buea,Littoral,2027-05-01,5,2027,0.0,0.0,0.0,0.02
S3_reappro_100,MAT042,MATERIEL_ELEVAGE,Ndobo,Littoral,2027-05-01,5,2027,0.0,0.0,0.0,0.01
S3_reappro_100,MAT042,MATERIEL_ELEVAGE,Nkongsamba,Littoral,2027-05-01,5,2027,0.0,0.0,0.0,0.07
S3_reappro_100,MAT042,MATERIEL_ELEVAGE,Village,Littoral,2027-05-01,5,2027,0.0,0.0,0.0,0.08
S3_reappro_100,MAT049,MATERIEL_ELEVAGE,Buea,Littoral,2027-05-01,5,2027,0.0,0.0,0.0,0.01
S3_reappro_100,MAT049,MATERIEL_ELEVAGE,Ndobo,Littoral,2027-05-01,5,2027,0.0,0.0,0.0,0.04
S3_reappro_100,MAT049,MATERIEL_ELEVAGE,Nkongsamba,Littoral,2027-05-01,5,2027,0.0,0.0,0.0,0.01
S3_reappro_100,MAT049,MATERIEL_ELEVAGE,Pk11,Littoral,2027-05-01,5,2027,0.0,0.0,0.0,0.01
S3_reappro_100,MAT049,MATERIEL_ELEVAGE,Village,Littoral,2027-05-01,5,2027,0.0,0.0,0.0,0.03
S3_reappro_100,MAT050,MATERIEL_ELEVAGE,Ndobo,Littoral,2027-05-01,5,2027,0.0,0.0,0.0,0.01
S3_reappro_100,MAT054,MATERIEL_ELEVAGE,Ndobo,Littoral,2027-05-01,5,2027,0.0,0.0,0.0,0.0
S3_reappro_100,MAT054,MATERIEL_ELEVAGE,Nkongsamba,Littoral,2027-05-01,5,2027,0.0,0.0,0.0,0.0
S3_reappro_100,MAT073,MATERIEL_ELEVAGE,Ndobo,Littoral,2027-05-01,5,2027,0.0,0.0,0.0,0.84
S3_reappro_100,MAT073,MATERIEL_ELEVAGE,Nkongsamba,Littoral,2027-05-01,5,2027,0.0,0.0,0.0,0.0
S3_reappro_100,MAT001,MATERIEL_ELEVAGE,Ndobo,Littoral,2027-06-01,6,2027,0.0,0.0,0.0,0.12
S3_reappro_100,MAT003,MATERIEL_ELEVAGE,Buea,Littoral,2027-06-01,6,2027,0.0,0.0,0.0,0.13
S3_reappro_100,MAT003,MATERIEL_ELEVAGE,Ndobo,Littoral,2027-06-01,6,2027,0.0,0.0,0.0,0.17
S3_reappro_100,MAT003,MATERIEL_ELEVAGE,Nkongsamba,Littoral,2027-06-01,6,2027,0.0,0.0,0.0,0.22
S3_reappro_100,MAT003,MATERIEL_ELEVAGE,Pk11,Littoral,2027-06-01,6,2027,0.0,0.0,0.0,0.02
S3_reappro_100,MAT003,MATERIEL_ELEVAGE,Village,Littoral,2027-06-01,6,2027,0.0,0.0,0.0,0.17
S3_reappro_100,MAT004,MATERIEL_ELEVAGE,Buea,Littoral,2027-06-01,6,2027,0.0,0.0,0.0,0.01
S3_reappro_100,MAT004,MATERIEL_ELEVAGE,Village,Littoral,2027-06-01,6,2027,0.0,0.0,0.0,0.02
S3_reappro_100,MAT006,MATERIEL_ELEVAGE,Buea,Littoral,2027-06-01,6,2027,0.0,0.0,0.0,0.01
S3_reappro_100,MAT006,MATERIEL_ELEVAGE,Ndobo,Littoral,2027-06-01,6,2027,0.0,0.0,0.0,0.0
S3_reappro_100,MAT006,MATERIEL_ELEVAGE,Nkongsamba,Littoral,2027-06-01,6,2027,0.0,0.0,0.0,0.01
S3_reappro_100,MAT009,MATERIEL_ELEVAGE,Buea,Littoral,2027-06-01,6,2027,0.0,0.0,0.0,0.0
S3_reappro_100,MAT011-80010002,MATERIEL_ELEVAGE,Buea,Littoral,2027-06-01,6,2027,0.0,0.0,0.0,0.03
S3_reappro_100,MAT011-80010002,MATERIEL_ELEVAGE,Ndobo,Littoral,2027-06-01,6,2027,0.0,0.0,0.0,1.12
S3_reappro_100,MAT011-80010002,MATERIEL_ELEVAGE,Village,Littoral,2027-06-01,6,2027,0.0,0.0,0.0,0.01
S3_reappro_100,MAT014-80010003,MATERIEL_ELEVAGE,Buea,Littoral,2027-06-01,6,2027,0.0,0.0,0.0,0.11
S3_reappro_100,MAT014-80010003,MATERIEL_ELEVAGE,Ndobo,Littoral,2027-06-01,6,2027,0.0,0.0,0.0,2.83
S3_reappro_100,MAT014-80010003,MATERIEL_ELEVAGE,Nkongsamba,Littoral,2027-06-01,6,2027,0.0,0.0,0.0,0.14
S3_reappro_100,MAT014-80010003,MATERIEL_ELEVAGE,Village,Littoral,2027-06-01,6,2027,0.0,0.0,0.0,0.02
S3_reappro_100,MAT015,MATERIEL_ELEVAGE,Village,Littoral,2027-06-01,6,2027,0.0,0.0,0.0,0.0
S3_reappro_100,MAT017,MATERIEL_ELEVAGE,Ndobo,Littoral,2027-06-01,6,2027,0.0,0.0,0.0,0.07
S3_reappro_100,MAT020,MATERIEL_ELEVAGE,Buea,Littoral,2027-06-01,6,2027,0.0,0.0,0.0,0.05
S3_reappro_100,MAT020,MATERIEL_ELEVAGE,Ndobo,Littoral,2027-06-01,6,2027,0.0,0.0,0.0,0.04
S3_reappro_100,MAT020,MATERIEL_ELEVAGE,Nkongsamba,Littoral,2027-06-01,6,2027,0.0,0.0,0.0,0.1
S3_reappro_100,MAT020,MATERIEL_ELEVAGE,Pk11,Littoral,2027-06-01,6,2027,0.0,0.0,0.0,0.02
S3_reappro_100,MAT020,MATERIEL_ELEVAGE,Village,Littoral,2027-06-01,6,2027,0.0,0.0,0.0,0.05
S3_reappro_100,MAT029,MATERIEL_ELEVAGE,Ndobo,Littoral,2027-06-01,6,2027,0.0,0.0,0.0,0.07
S3_reappro_100,MAT030,MATERIEL_ELEVAGE,Ndobo,Littoral,2027-06-01,6,2027,0.0,0.0,0.0,0.08
S3_reappro_100,MAT039,MATERIEL_ELEVAGE,Buea,Littoral,2027-06-01,6,2027,0.0,0.0,0.0,0.12
S3_reappro_100,MAT039,MATERIEL_ELEVAGE,Ndobo,Littoral,2027-06-01,6,2027,0.0,0.0,0.0,0.28
S3_reappro_100,MAT039,MATERIEL_ELEVAGE,Nkongsamba,Littoral,2027-06-01,6,2027,0.0,0.0,0.0,0.14
S3_reappro_100,MAT039,MATERIEL_ELEVAGE,Pk11,Littoral,2027-06-01,6,2027,0.0,0.0,0.0,0.09
S3_reappro_100,MAT039,MATERIEL_ELEVAGE,Village,Littoral,2027-06-01,6,2027,0.0,0.0,0.0,0.17
S3_reappro_100,MAT040,MATERIEL_ELEVAGE,Buea,Littoral,2027-06-01,6,2027,0.0,0.0,0.0,0.0
S3_reappro_100,MAT040,MATERIEL_ELEVAGE,Nkongsamba,Littoral,2027-06-01,6,2027,0.0,0.0,0.0,0.01
S3_reappro_100,MAT040,MATERIEL_ELEVAGE,Village,Littoral,2027-06-01,6,2027,0.0,0.0,0.0,0.07
S3_reappro_100,MAT042,MATERIEL_ELEVAGE,Buea,Littoral,2027-06-01,6,2027,0.0,0.0,0.0,0.02
S3_reappro_100,MAT042,MATERIEL_ELEVAGE,Ndobo,Littoral,2027-06-01,6,2027,0.0,0.0,0.0,0.01
S3_reappro_100,MAT042,MATERIEL_ELEVAGE,Nkongsamba,Littoral,2027-06-01,6,2027,0.0,0.0,0.0,0.07
S3_reappro_100,MAT042,MATERIEL_ELEVAGE,Village,Littoral,2027-06-01,6,2027,0.0,0.0,0.0,0.08
S3_reappro_100,MAT049,MATERIEL_ELEVAGE,Buea,Littoral,2027-06-01,6,2027,0.0,0.0,0.0,0.01
S3_reappro_100,MAT049,MATERIEL_ELEVAGE,Ndobo,Littoral,2027-06-01,6,2027,0.0,0.0,0.0,0.04
S3_reappro_100,MAT049,MATERIEL_ELEVAGE,Nkongsamba,Littoral,2027-06-01,6,2027,0.0,0.0,0.0,0.01
S3_reappro_100,MAT049,MATERIEL_ELEVAGE,Pk11,Littoral,2027-06-01,6,2027,0.0,0.0,0.0,0.01
S3_reappro_100,MAT049,MATERIEL_ELEVAGE,Village,Littoral,2027-06-01,6,2027,0.0,0.0,0.0,0.03
S3_reappro_100,MAT050,MATERIEL_ELEVAGE,Ndobo,Littoral,2027-06-01,6,2027,0.0,0.0,0.0,0.01
S3_reappro_100,MAT054,MATERIEL_ELEVAGE,Ndobo,Littoral,2027-06-01,6,2027,0.0,0.0,0.0,0.0
S3_reappro_100,MAT054,MATERIEL_ELEVAGE,Nkongsamba,Littoral,2027-06-01,6,2027,0.0,0.0,0.0,0.0
S3_reappro_100,MAT073,MATERIEL_ELEVAGE,Ndobo,Littoral,2027-06-01,6,2027,0.0,0.0,0.0,0.84
S3_reappro_100,MAT073,MATERIEL_ELEVAGE,Nkongsamba,Littoral,2027-06-01,6,2027,0.0,0.0,0.0,0.0
S3_reappro_100,MAT001,MATERIEL_ELEVAGE,Ndobo,Littoral,2027-07-01,7,2027,0.0,0.0,0.0,0.12
S3_reappro_100,MAT003,MATERIEL_ELEVAGE,Buea,Littoral,2027-07-01,7,2027,0.0,0.0,0.0,0.13
S3_reappro_100,MAT003,MATERIEL_ELEVAGE,Ndobo,Littoral,2027-07-01,7,2027,0.0,0.0,0.0,0.17
S3_reappro_100,MAT003,MATERIEL_ELEVAGE,Nkongsamba,Littoral,2027-07-01,7,2027,0.0,0.0,0.0,0.22
S3_reappro_100,MAT003,MATERIEL_ELEVAGE,Pk11,Littoral,2027-07-01,7,2027,0.0,0.0,0.0,0.02
S3_reappro_100,MAT003,MATERIEL_ELEVAGE,Village,Littoral,2027-07-01,7,2027,0.0,0.0,0.0,0.17
S3_reappro_100,MAT004,MATERIEL_ELEVAGE,Buea,Littoral,2027-07-01,7,2027,0.0,0.0,0.0,0.01
S3_reappro_100,MAT004,MATERIEL_ELEVAGE,Village,Littoral,2027-07-01,7,2027,0.0,0.0,0.0,0.02
S3_reappro_100,MAT006,MATERIEL_ELEVAGE,Buea,Littoral,2027-07-01,7,2027,0.0,0.0,0.0,0.01
S3_reappro_100,MAT006,MATERIEL_ELEVAGE,Ndobo,Littoral,2027-07-01,7,2027,0.0,0.0,0.0,0.0
S3_reappro_100,MAT006,MATERIEL_ELEVAGE,Nkongsamba,Littoral,2027-07-01,7,2027,0.0,0.0,0.0,0.01
S3_reappro_100,MAT009,MATERIEL_ELEVAGE,Buea,Littoral,2027-07-01,7,2027,0.0,0.0,0.0,0.0
S3_reappro_100,MAT011-80010002,MATERIEL_ELEVAGE,Buea,Littoral,2027-07-01,7,2027,0.0,0.0,0.0,0.03
S3_reappro_100,MAT011-80010002,MATERIEL_ELEVAGE,Ndobo,Littoral,2027-07-01,7,2027,0.0,0.0,0.0,1.12
S3_reappro_100,MAT011-80010002,MATERIEL_ELEVAGE,Village,Littoral,2027-07-01,7,2027,0.0,0.0,0.0,0.01
S3_reappro_100,MAT014-80010003,MATERIEL_ELEVAGE,Buea,Littoral,2027-07-01,7,2027,0.0,0.0,0.0,0.11
S3_reappro_100,MAT014-80010003,MATERIEL_ELEVAGE,Ndobo,Littoral,2027-07-01,7,2027,0.0,0.0,0.0,2.83
S3_reappro_100,MAT014-80010003,MATERIEL_ELEVAGE,Nkongsamba,Littoral,2027-07-01,7,2027,0.0,0.0,0.0,0.14
S3_reappro_100,MAT014-80010003,MATERIEL_ELEVAGE,Village,Littoral,2027-07-01,7,2027,0.0,0.0,0.0,0.02
S3_reappro_100,MAT015,MATERIEL_ELEVAGE,Village,Littoral,2027-07-01,7,2027,0.0,0.0,0.0,0.0
S3_reappro_100,MAT017,MATERIEL_ELEVAGE,Ndobo,Littoral,2027-07-01,7,2027,0.0,0.0,0.0,0.07
S3_reappro_100,MAT020,MATERIEL_ELEVAGE,Buea,Littoral,2027-07-01,7,2027,0.0,0.0,0.0,0.05
S3_reappro_100,MAT020,MATERIEL_ELEVAGE,Ndobo,Littoral,2027-07-01,7,2027,0.0,0.0,0.0,0.04
S3_reappro_100,MAT020,MATERIEL_ELEVAGE,Nkongsamba,Littoral,2027-07-01,7,2027,0.0,0.0,0.0,0.1
S3_reappro_100,MAT020,MATERIEL_ELEVAGE,Pk11,Littoral,2027-07-01,7,2027,0.0,0.0,0.0,0.02
S3_reappro_100,MAT020,MATERIEL_ELEVAGE,Village,Littoral,2027-07-01,7,2027,0.0,0.0,0.0,0.05
S3_reappro_100,MAT029,MATERIEL_ELEVAGE,Ndobo,Littoral,2027-07-01,7,2027,0.0,0.0,0.0,0.07
S3_reappro_100,MAT030,MATERIEL_ELEVAGE,Ndobo,Littoral,2027-07-01,7,2027,0.0,0.0,0.0,0.08
S3_reappro_100,MAT039,MATERIEL_ELEVAGE,Buea,Littoral,2027-07-01,7,2027,0.0,0.0,0.0,0.12
S3_reappro_100,MAT039,MATERIEL_ELEVAGE,Ndobo,Littoral,2027-07-01,7,2027,0.0,0.0,0.0,0.28
S3_reappro_100,MAT039,MATERIEL_ELEVAGE,Nkongsamba,Littoral,2027-07-01,7,2027,0.0,0.0,0.0,0.14
S3_reappro_100,MAT039,MATERIEL_ELEVAGE,Pk11,Littoral,2027-07-01,7,2027,0.0,0.0,0.0,0.09
S3_reappro_100,MAT039,MATERIEL_ELEVAGE,Village,Littoral,2027-07-01,7,2027,0.0,0.0,0.0,0.17
S3_reappro_100,MAT040,MATERIEL_ELEVAGE,Buea,Littoral,2027-07-01,7,2027,0.0,0.0,0.0,0.0
S3_reappro_100,MAT040,MATERIEL_ELEVAGE,Nkongsamba,Littoral,2027-07-01,7,2027,0.0,0.0,0.0,0.01
S3_reappro_100,MAT040,MATERIEL_ELEVAGE,Village,Littoral,2027-07-01,7,2027,0.0,0.0,0.0,0.07
S3_reappro_100,MAT042,MATERIEL_ELEVAGE,Buea,Littoral,2027-07-01,7,2027,0.0,0.0,0.0,0.02
S3_reappro_100,MAT042,MATERIEL_ELEVAGE,Ndobo,Littoral,2027-07-01,7,2027,0.0,0.0,0.0,0.01
S3_reappro_100,MAT042,MATERIEL_ELEVAGE,Nkongsamba,Littoral,2027-07-01,7,2027,0.0,0.0,0.0,0.07
S3_reappro_100,MAT042,MATERIEL_ELEVAGE,Village,Littoral,2027-07-01,7,2027,0.0,0.0,0.0,0.08
S3_reappro_100,MAT049,MATERIEL_ELEVAGE,Buea,Littoral,2027-07-01,7,2027,0.0,0.0,0.0,0.01
S3_reappro_100,MAT049,MATERIEL_ELEVAGE,Ndobo,Littoral,2027-07-01,7,2027,0.0,0.0,0.0,0.04
S3_reappro_100,MAT049,MATERIEL_ELEVAGE,Nkongsamba,Littoral,2027-07-01,7,2027,0.0,0.0,0.0,0.01
S3_reappro_100,MAT049,MATERIEL_ELEVAGE,Pk11,Littoral,2027-07-01,7,2027,0.0,0.0,0.0,0.01
S3_reappro_100,MAT049,MATERIEL_ELEVAGE,Village,Littoral,2027-07-01,7,2027,0.0,0.0,0.0,0.03
S3_reappro_100,MAT050,MATERIEL_ELEVAGE,Ndobo,Littoral,2027-07-01,7,2027,0.0,0.0,0.0,0.01
S3_reappro_100,MAT054,MATERIEL_ELEVAGE,Ndobo,Littoral,2027-07-01,7,2027,0.0,0.0,0.0,0.0
S3_reappro_100,MAT054,MATERIEL_ELEVAGE,Nkongsamba,Littoral,2027-07-01,7,2027,0.0,0.0,0.0,0.0
S3_reappro_100,MAT073,MATERIEL_ELEVAGE,Ndobo,Littoral,2027-07-01,7,2027,0.0,0.0,0.0,0.84
S3_reappro_100,MAT073,MATERIEL_ELEVAGE,Nkongsamba,Littoral,2027-07-01,7,2027,0.0,0.0,0.0,0.0
S3_reappro_100,MAT001,MATERIEL_ELEVAGE,Ndobo,Littoral,2027-08-01,8,2027,0.0,0.0,0.0,0.12
S3_reappro_100,MAT003,MATERIEL_ELEVAGE,Buea,Littoral,2027-08-01,8,2027,0.0,0.0,0.0,0.13
S3_reappro_100,MAT003,MATERIEL_ELEVAGE,Ndobo,Littoral,2027-08-01,8,2027,0.0,0.0,0.0,0.17
S3_reappro_100,MAT003,MATERIEL_ELEVAGE,Nkongsamba,Littoral,2027-08-01,8,2027,0.0,0.0,0.0,0.22
S3_reappro_100,MAT003,MATERIEL_ELEVAGE,Pk11,Littoral,2027-08-01,8,2027,0.0,0.0,0.0,0.02
S3_reappro_100,MAT003,MATERIEL_ELEVAGE,Village,Littoral,2027-08-01,8,2027,0.0,0.0,0.0,0.17
S3_reappro_100,MAT004,MATERIEL_ELEVAGE,Buea,Littoral,2027-08-01,8,2027,0.0,0.0,0.0,0.01
S3_reappro_100,MAT004,MATERIEL_ELEVAGE,Village,Littoral,2027-08-01,8,2027,0.0,0.0,0.0,0.02
S3_reappro_100,MAT006,MATERIEL_ELEVAGE,Buea,Littoral,2027-08-01,8,2027,0.0,0.0,0.0,0.01
S3_reappro_100,MAT006,MATERIEL_ELEVAGE,Ndobo,Littoral,2027-08-01,8,2027,0.0,0.0,0.0,0.0
S3_reappro_100,MAT006,MATERIEL_ELEVAGE,Nkongsamba,Littoral,2027-08-01,8,2027,0.0,0.0,0.0,0.01
S3_reappro_100,MAT009,MATERIEL_ELEVAGE,Buea,Littoral,2027-08-01,8,2027,0.0,0.0,0.0,0.0
S3_reappro_100,MAT011-80010002,MATERIEL_ELEVAGE,Buea,Littoral,2027-08-01,8,2027,0.0,0.0,0.0,0.03
S3_reappro_100,MAT011-80010002,MATERIEL_ELEVAGE,Ndobo,Littoral,2027-08-01,8,2027,0.0,0.0,0.0,1.12
S3_reappro_100,MAT011-80010002,MATERIEL_ELEVAGE,Village,Littoral,2027-08-01,8,2027,0.0,0.0,0.0,0.01
S3_reappro_100,MAT014-80010003,MATERIEL_ELEVAGE,Buea,Littoral,2027-08-01,8,2027,0.0,0.0,0.0,0.11
S3_reappro_100,MAT014-80010003,MATERIEL_ELEVAGE,Ndobo,Littoral,2027-08-01,8,2027,0.0,0.0,0.0,2.83
S3_reappro_100,MAT014-80010003,MATERIEL_ELEVAGE,Nkongsamba,Littoral,2027-08-01,8,2027,0.0,0.0,0.0,0.14
S3_reappro_100,MAT014-80010003,MATERIEL_ELEVAGE,Village,Littoral,2027-08-01,8,2027,0.0,0.0,0.0,0.02
S3_reappro_100,MAT015,MATERIEL_ELEVAGE,Village,Littoral,2027-08-01,8,2027,0.0,0.0,0.0,0.0
S3_reappro_100,MAT017,MATERIEL_ELEVAGE,Ndobo,Littoral,2027-08-01,8,2027,0.0,0.0,0.0,0.07
S3_reappro_100,MAT020,MATERIEL_ELEVAGE,Buea,Littoral,2027-08-01,8,2027,0.0,0.0,0.0,0.05
S3_reappro_100,MAT020,MATERIEL_ELEVAGE,Ndobo,Littoral,2027-08-01,8,2027,0.0,0.0,0.0,0.04
S3_reappro_100,MAT020,MATERIEL_ELEVAGE,Nkongsamba,Littoral,2027-08-01,8,2027,0.0,0.0,0.0,0.1
S3_reappro_100,MAT020,MATERIEL_ELEVAGE,Pk11,Littoral,2027-08-01,8,2027,0.0,0.0,0.0,0.02
S3_reappro_100,MAT020,MATERIEL_ELEVAGE,Village,Littoral,2027-08-01,8,2027,0.0,0.0,0.0,0.05
S3_reappro_100,MAT029,MATERIEL_ELEVAGE,Ndobo,Littoral,2027-08-01,8,2027,0.0,0.0,0.0,0.07
S3_reappro_100,MAT030,MATERIEL_ELEVAGE,Ndobo,Littoral,2027-08-01,8,2027,0.0,0.0,0.0,0.08
S3_reappro_100,MAT039,MATERIEL_ELEVAGE,Buea,Littoral,2027-08-01,8,2027,0.0,0.0,0.0,0.12
S3_reappro_100,MAT039,MATERIEL_ELEVAGE,Ndobo,Littoral,2027-08-01,8,2027,0.0,0.0,0.0,0.28
S3_reappro_100,MAT039,MATERIEL_ELEVAGE,Nkongsamba,Littoral,2027-08-01,8,2027,0.0,0.0,0.0,0.14
S3_reappro_100,MAT039,MATERIEL_ELEVAGE,Pk11,Littoral,2027-08-01,8,2027,0.0,0.0,0.0,0.09
S3_reappro_100,MAT039,MATERIEL_ELEVAGE,Village,Littoral,2027-08-01,8,2027,0.0,0.0,0.0,0.17
S3_reappro_100,MAT040,MATERIEL_ELEVAGE,Buea,Littoral,2027-08-01,8,2027,0.0,0.0,0.0,0.0
S3_reappro_100,MAT040,MATERIEL_ELEVAGE,Nkongsamba,Littoral,2027-08-01,8,2027,0.0,0.0,0.0,0.01
S3_reappro_100,MAT040,MATERIEL_ELEVAGE,Village,Littoral,2027-08-01,8,2027,0.0,0.0,0.0,0.07
S3_reappro_100,MAT042,MATERIEL_ELEVAGE,Buea,Littoral,2027-08-01,8,2027,0.0,0.0,0.0,0.02
S3_reappro_100,MAT042,MATERIEL_ELEVAGE,Ndobo,Littoral,2027-08-01,8,2027,0.0,0.0,0.0,0.01
S3_reappro_100,MAT042,MATERIEL_ELEVAGE,Nkongsamba,Littoral,2027-08-01,8,2027,0.0,0.0,0.0,0.07
S3_reappro_100,MAT042,MATERIEL_ELEVAGE,Village,Littoral,2027-08-01,8,2027,0.0,0.0,0.0,0.08
S3_reappro_100,MAT049,MATERIEL_ELEVAGE,Buea,Littoral,2027-08-01,8,2027,0.0,0.0,0.0,0.01
S3_reappro_100,MAT049,MATERIEL_ELEVAGE,Ndobo,Littoral,2027-08-01,8,2027,0.0,0.0,0.0,0.04
S3_reappro_100,MAT049,MATERIEL_ELEVAGE,Nkongsamba,Littoral,2027-08-01,8,2027,0.0,0.0,0.0,0.01
S3_reappro_100,MAT049,MATERIEL_ELEVAGE,Pk11,Littoral,2027-08-01,8,2027,0.0,0.0,0.0,0.01
S3_reappro_100,MAT049,MATERIEL_ELEVAGE,Village,Littoral,2027-08-01,8,2027,0.0,0.0,0.0,0.03
S3_reappro_100,MAT050,MATERIEL_ELEVAGE,Ndobo,Littoral,2027-08-01,8,2027,0.0,0.0,0.0,0.01
S3_reappro_100,MAT054,MATERIEL_ELEVAGE,Ndobo,Littoral,2027-08-01,8,2027,0.0,0.0,0.0,0.0
S3_reappro_100,MAT054,MATERIEL_ELEVAGE,Nkongsamba,Littoral,2027-08-01,8,2027,0.0,0.0,0.0,0.0
S3_reappro_100,MAT073,MATERIEL_ELEVAGE,Ndobo,Littoral,2027-08-01,8,2027,0.0,0.0,0.0,0.84
S3_reappro_100,MAT073,MATERIEL_ELEVAGE,Nkongsamba,Littoral,2027-08-01,8,2027,0.0,0.0,0.0,0.0
S3_reappro_100,MAT001,MATERIEL_ELEVAGE,Ndobo,Littoral,2027-09-01,9,2027,0.0,0.0,0.0,0.12
S3_reappro_100,MAT003,MATERIEL_ELEVAGE,Buea,Littoral,2027-09-01,9,2027,0.0,0.0,0.0,0.13
S3_reappro_100,MAT003,MATERIEL_ELEVAGE,Ndobo,Littoral,2027-09-01,9,2027,0.0,0.0,0.0,0.17
S3_reappro_100,MAT003,MATERIEL_ELEVAGE,Nkongsamba,Littoral,2027-09-01,9,2027,0.0,0.0,0.0,0.22
S3_reappro_100,MAT003,MATERIEL_ELEVAGE,Pk11,Littoral,2027-09-01,9,2027,0.0,0.0,0.0,0.02
S3_reappro_100,MAT003,MATERIEL_ELEVAGE,Village,Littoral,2027-09-01,9,2027,0.0,0.0,0.0,0.17
S3_reappro_100,MAT004,MATERIEL_ELEVAGE,Buea,Littoral,2027-09-01,9,2027,0.0,0.0,0.0,0.01
S3_reappro_100,MAT004,MATERIEL_ELEVAGE,Village,Littoral,2027-09-01,9,2027,0.0,0.0,0.0,0.02
S3_reappro_100,MAT006,MATERIEL_ELEVAGE,Buea,Littoral,2027-09-01,9,2027,0.0,0.0,0.0,0.01
S3_reappro_100,MAT006,MATERIEL_ELEVAGE,Ndobo,Littoral,2027-09-01,9,2027,0.0,0.0,0.0,0.0
S3_reappro_100,MAT006,MATERIEL_ELEVAGE,Nkongsamba,Littoral,2027-09-01,9,2027,0.0,0.0,0.0,0.01
S3_reappro_100,MAT009,MATERIEL_ELEVAGE,Buea,Littoral,2027-09-01,9,2027,0.0,0.0,0.0,0.0
S3_reappro_100,MAT011-80010002,MATERIEL_ELEVAGE,Buea,Littoral,2027-09-01,9,2027,0.0,0.0,0.0,0.03
S3_reappro_100,MAT011-80010002,MATERIEL_ELEVAGE,Ndobo,Littoral,2027-09-01,9,2027,0.0,0.0,0.0,1.12
S3_reappro_100,MAT011-80010002,MATERIEL_ELEVAGE,Village,Littoral,2027-09-01,9,2027,0.0,0.0,0.0,0.01
S3_reappro_100,MAT014-80010003,MATERIEL_ELEVAGE,Buea,Littoral,2027-09-01,9,2027,0.0,0.0,0.0,0.11
S3_reappro_100,MAT014-80010003,MATERIEL_ELEVAGE,Ndobo,Littoral,2027-09-01,9,2027,0.0,0.0,0.0,2.83
S3_reappro_100,MAT014-80010003,MATERIEL_ELEVAGE,Nkongsamba,Littoral,2027-09-01,9,2027,0.0,0.0,0.0,0.14
S3_reappro_100,MAT014-80010003,MATERIEL_ELEVAGE,Village,Littoral,2027-09-01,9,2027,0.0,0.0,0.0,0.02
S3_reappro_100,MAT015,MATERIEL_ELEVAGE,Village,Littoral,2027-09-01,9,2027,0.0,0.0,0.0,0.0
S3_reappro_100,MAT017,MATERIEL_ELEVAGE,Ndobo,Littoral,2027-09-01,9,2027,0.0,0.0,0.0,0.07
S3_reappro_100,MAT020,MATERIEL_ELEVAGE,Buea,Littoral,2027-09-01,9,2027,0.0,0.0,0.0,0.05
S3_reappro_100,MAT020,MATERIEL_ELEVAGE,Ndobo,Littoral,2027-09-01,9,2027,0.0,0.0,0.0,0.04
S3_reappro_100,MAT020,MATERIEL_ELEVAGE,Nkongsamba,Littoral,2027-09-01,9,2027,0.0,0.0,0.0,0.1
S3_reappro_100,MAT020,MATERIEL_ELEVAGE,Pk11,Littoral,2027-09-01,9,2027,0.0,0.0,0.0,0.02
S3_reappro_100,MAT020,MATERIEL_ELEVAGE,Village,Littoral,2027-09-01,9,2027,0.0,0.0,0.0,0.05
S3_reappro_100,MAT029,MATERIEL_ELEVAGE,Ndobo,Littoral,2027-09-01,9,2027,0.0,0.0,0.0,0.07
S3_reappro_100,MAT030,MATERIEL_ELEVAGE,Ndobo,Littoral,2027-09-01,9,2027,0.0,0.0,0.0,0.08
S3_reappro_100,MAT039,MATERIEL_ELEVAGE,Buea,Littoral,2027-09-01,9,2027,0.0,0.0,0.0,0.12
S3_reappro_100,MAT039,MATERIEL_ELEVAGE,Ndobo,Littoral,2027-09-01,9,2027,0.0,0.0,0.0,0.28
S3_reappro_100,MAT039,MATERIEL_ELEVAGE,Nkongsamba,Littoral,2027-09-01,9,2027,0.0,0.0,0.0,0.14
S3_reappro_100,MAT039,MATERIEL_ELEVAGE,Pk11,Littoral,2027-09-01,9,2027,0.0,0.0,0.0,0.09
S3_reappro_100,MAT039,MATERIEL_ELEVAGE,Village,Littoral,2027-09-01,9,2027,0.0,0.0,0.0,0.17
S3_reappro_100,MAT040,MATERIEL_ELEVAGE,Buea,Littoral,2027-09-01,9,2027,0.0,0.0,0.0,0.0
S3_reappro_100,MAT040,MATERIEL_ELEVAGE,Nkongsamba,Littoral,2027-09-01,9,2027,0.0,0.0,0.0,0.01
S3_reappro_100,MAT040,MATERIEL_ELEVAGE,Village,Littoral,2027-09-01,9,2027,0.0,0.0,0.0,0.07
S3_reappro_100,MAT042,MATERIEL_ELEVAGE,Buea,Littoral,2027-09-01,9,2027,0.0,0.0,0.0,0.02
S3_reappro_100,MAT042,MATERIEL_ELEVAGE,Ndobo,Littoral,2027-09-01,9,2027,0.0,0.0,0.0,0.01
S3_reappro_100,MAT042,MATERIEL_ELEVAGE,Nkongsamba,Littoral,2027-09-01,9,2027,0.0,0.0,0.0,0.07
S3_reappro_100,MAT042,MATERIEL_ELEVAGE,Village,Littoral,2027-09-01,9,2027,0.0,0.0,0.0,0.08
S3_reappro_100,MAT049,MATERIEL_ELEVAGE,Buea,Littoral,2027-09-01,9,2027,0.0,0.0,0.0,0.01
S3_reappro_100,MAT049,MATERIEL_ELEVAGE,Ndobo,Littoral,2027-09-01,9,2027,0.0,0.0,0.0,0.04
S3_reappro_100,MAT049,MATERIEL_ELEVAGE,Nkongsamba,Littoral,2027-09-01,9,2027,0.0,0.0,0.0,0.01
S3_reappro_100,MAT049,MATERIEL_ELEVAGE,Pk11,Littoral,2027-09-01,9,2027,0.0,0.0,0.0,0.01
S3_reappro_100,MAT049,MATERIEL_ELEVAGE,Village,Littoral,2027-09-01,9,2027,0.0,0.0,0.0,0.03
S3_reappro_100,MAT050,MATERIEL_ELEVAGE,Ndobo,Littoral,2027-09-01,9,2027,0.0,0.0,0.0,0.01
S3_reappro_100,MAT054,MATERIEL_ELEVAGE,Ndobo,Littoral,2027-09-01,9,2027,0.0,0.0,0.0,0.0
S3_reappro_100,MAT054,MATERIEL_ELEVAGE,Nkongsamba,Littoral,2027-09-01,9,2027,0.0,0.0,0.0,0.0
S3_reappro_100,MAT073,MATERIEL_ELEVAGE,Ndobo,Littoral,2027-09-01,9,2027,0.0,0.0,0.0,0.84
S3_reappro_100,MAT073,MATERIEL_ELEVAGE,Nkongsamba,Littoral,2027-09-01,9,2027,0.0,0.0,0.0,0.0
S3_reappro_100,MAT001,MATERIEL_ELEVAGE,Ndobo,Littoral,2027-10-01,10,2027,0.0,0.0,0.0,0.12
S3_reappro_100,MAT003,MATERIEL_ELEVAGE,Buea,Littoral,2027-10-01,10,2027,0.0,0.0,0.0,0.13
S3_reappro_100,MAT003,MATERIEL_ELEVAGE,Ndobo,Littoral,2027-10-01,10,2027,0.0,0.0,0.0,0.17
S3_reappro_100,MAT003,MATERIEL_ELEVAGE,Nkongsamba,Littoral,2027-10-01,10,2027,0.0,0.0,0.0,0.22
S3_reappro_100,MAT003,MATERIEL_ELEVAGE,Pk11,Littoral,2027-10-01,10,2027,0.0,0.0,0.0,0.02
S3_reappro_100,MAT003,MATERIEL_ELEVAGE,Village,Littoral,2027-10-01,10,2027,0.0,0.0,0.0,0.17
S3_reappro_100,MAT004,MATERIEL_ELEVAGE,Buea,Littoral,2027-10-01,10,2027,0.0,0.0,0.0,0.01
S3_reappro_100,MAT004,MATERIEL_ELEVAGE,Village,Littoral,2027-10-01,10,2027,0.0,0.0,0.0,0.02
S3_reappro_100,MAT006,MATERIEL_ELEVAGE,Buea,Littoral,2027-10-01,10,2027,0.0,0.0,0.0,0.01
S3_reappro_100,MAT006,MATERIEL_ELEVAGE,Ndobo,Littoral,2027-10-01,10,2027,0.0,0.0,0.0,0.0
S3_reappro_100,MAT006,MATERIEL_ELEVAGE,Nkongsamba,Littoral,2027-10-01,10,2027,0.0,0.0,0.0,0.01
S3_reappro_100,MAT009,MATERIEL_ELEVAGE,Buea,Littoral,2027-10-01,10,2027,0.0,0.0,0.0,0.0
S3_reappro_100,MAT011-80010002,MATERIEL_ELEVAGE,Buea,Littoral,2027-10-01,10,2027,0.0,0.0,0.0,0.03
S3_reappro_100,MAT011-80010002,MATERIEL_ELEVAGE,Ndobo,Littoral,2027-10-01,10,2027,0.0,0.0,0.0,1.12
S3_reappro_100,MAT011-80010002,MATERIEL_ELEVAGE,Village,Littoral,2027-10-01,10,2027,0.0,0.0,0.0,0.01
S3_reappro_100,MAT014-80010003,MATERIEL_ELEVAGE,Buea,Littoral,2027-10-01,10,2027,0.0,0.0,0.0,0.11
S3_reappro_100,MAT014-80010003,MATERIEL_ELEVAGE,Ndobo,Littoral,2027-10-01,10,2027,0.0,0.0,0.0,2.83
S3_reappro_100,MAT014-80010003,MATERIEL_ELEVAGE,Nkongsamba,Littoral,2027-10-01,10,2027,0.0,0.0,0.0,0.14
S3_reappro_100,MAT014-80010003,MATERIEL_ELEVAGE,Village,Littoral,2027-10-01,10,2027,0.0,0.0,0.0,0.02
S3_reappro_100,MAT015,MATERIEL_ELEVAGE,Village,Littoral,2027-10-01,10,2027,0.0,0.0,0.0,0.0
S3_reappro_100,MAT017,MATERIEL_ELEVAGE,Ndobo,Littoral,2027-10-01,10,2027,0.0,0.0,0.0,0.07
S3_reappro_100,MAT020,MATERIEL_ELEVAGE,Buea,Littoral,2027-10-01,10,2027,0.0,0.0,0.0,0.05
S3_reappro_100,MAT020,MATERIEL_ELEVAGE,Ndobo,Littoral,2027-10-01,10,2027,0.0,0.0,0.0,0.04
S3_reappro_100,MAT020,MATERIEL_ELEVAGE,Nkongsamba,Littoral,2027-10-01,10,2027,0.0,0.0,0.0,0.1
S3_reappro_100,MAT020,MATERIEL_ELEVAGE,Pk11,Littoral,2027-10-01,10,2027,0.0,0.0,0.0,0.02
S3_reappro_100,MAT020,MATERIEL_ELEVAGE,Village,Littoral,2027-10-01,10,2027,0.0,0.0,0.0,0.05
S3_reappro_100,MAT029,MATERIEL_ELEVAGE,Ndobo,Littoral,2027-10-01,10,2027,0.0,0.0,0.0,0.07
S3_reappro_100,MAT030,MATERIEL_ELEVAGE,Ndobo,Littoral,2027-10-01,10,2027,0.0,0.0,0.0,0.08
S3_reappro_100,MAT039,MATERIEL_ELEVAGE,Buea,Littoral,2027-10-01,10,2027,0.0,0.0,0.0,0.12
S3_reappro_100,MAT039,MATERIEL_ELEVAGE,Ndobo,Littoral,2027-10-01,10,2027,0.0,0.0,0.0,0.28
S3_reappro_100,MAT039,MATERIEL_ELEVAGE,Nkongsamba,Littoral,2027-10-01,10,2027,0.0,0.0,0.0,0.14
S3_reappro_100,MAT039,MATERIEL_ELEVAGE,Pk11,Littoral,2027-10-01,10,2027,0.0,0.0,0.0,0.09
S3_reappro_100,MAT039,MATERIEL_ELEVAGE,Village,Littoral,2027-10-01,10,2027,0.0,0.0,0.0,0.17
S3_reappro_100,MAT040,MATERIEL_ELEVAGE,Buea,Littoral,2027-10-01,10,2027,0.0,0.0,0.0,0.0
S3_reappro_100,MAT040,MATERIEL_ELEVAGE,Nkongsamba,Littoral,2027-10-01,10,2027,0.0,0.0,0.0,0.01
S3_reappro_100,MAT040,MATERIEL_ELEVAGE,Village,Littoral,2027-10-01,10,2027,0.0,0.0,0.0,0.07
S3_reappro_100,MAT042,MATERIEL_ELEVAGE,Buea,Littoral,2027-10-01,10,2027,0.0,0.0,0.0,0.02
S3_reappro_100,MAT042,MATERIEL_ELEVAGE,Ndobo,Littoral,2027-10-01,10,2027,0.0,0.0,0.0,0.01
S3_reappro_100,MAT042,MATERIEL_ELEVAGE,Nkongsamba,Littoral,2027-10-01,10,2027,0.0,0.0,0.0,0.07
S3_reappro_100,MAT042,MATERIEL_ELEVAGE,Village,Littoral,2027-10-01,10,2027,0.0,0.0,0.0,0.08
S3_reappro_100,MAT049,MATERIEL_ELEVAGE,Buea,Littoral,2027-10-01,10,2027,0.0,0.0,0.0,0.01
S3_reappro_100,MAT049,MATERIEL_ELEVAGE,Ndobo,Littoral,2027-10-01,10,2027,0.0,0.0,0.0,0.04
S3_reappro_100,MAT049,MATERIEL_ELEVAGE,Nkongsamba,Littoral,2027-10-01,10,2027,0.0,0.0,0.0,0.01
S3_reappro_100,MAT049,MATERIEL_ELEVAGE,Pk11,Littoral,2027-10-01,10,2027,0.0,0.0,0.0,0.01
S3_reappro_100,MAT049,MATERIEL_ELEVAGE,Village,Littoral,2027-10-01,10,2027,0.0,0.0,0.0,0.03
S3_reappro_100,MAT050,MATERIEL_ELEVAGE,Ndobo,Littoral,2027-10-01,10,2027,0.0,0.0,0.0,0.01
S3_reappro_100,MAT054,MATERIEL_ELEVAGE,Ndobo,Littoral,2027-10-01,10,2027,0.0,0.0,0.0,0.0
S3_reappro_100,MAT054,MATERIEL_ELEVAGE,Nkongsamba,Littoral,2027-10-01,10,2027,0.0,0.0,0.0,0.0
S3_reappro_100,MAT073,MATERIEL_ELEVAGE,Ndobo,Littoral,2027-10-01,10,2027,0.0,0.0,0.0,0.84
S3_reappro_100,MAT073,MATERIEL_ELEVAGE,Nkongsamba,Littoral,2027-10-01,10,2027,0.0,0.0,0.0,0.0
S3_reappro_100,MAT001,MATERIEL_ELEVAGE,Ndobo,Littoral,2027-11-01,11,2027,0.0,0.0,0.0,0.12
S3_reappro_100,MAT003,MATERIEL_ELEVAGE,Buea,Littoral,2027-11-01,11,2027,0.0,0.0,0.0,0.13
S3_reappro_100,MAT003,MATERIEL_ELEVAGE,Ndobo,Littoral,2027-11-01,11,2027,0.0,0.0,0.0,0.17
S3_reappro_100,MAT003,MATERIEL_ELEVAGE,Nkongsamba,Littoral,2027-11-01,11,2027,0.0,0.0,0.0,0.22
S3_reappro_100,MAT003,MATERIEL_ELEVAGE,Pk11,Littoral,2027-11-01,11,2027,0.0,0.0,0.0,0.02
S3_reappro_100,MAT003,MATERIEL_ELEVAGE,Village,Littoral,2027-11-01,11,2027,0.0,0.0,0.0,0.17
S3_reappro_100,MAT004,MATERIEL_ELEVAGE,Buea,Littoral,2027-11-01,11,2027,0.0,0.0,0.0,0.01
S3_reappro_100,MAT004,MATERIEL_ELEVAGE,Village,Littoral,2027-11-01,11,2027,0.0,0.0,0.0,0.02
S3_reappro_100,MAT006,MATERIEL_ELEVAGE,Buea,Littoral,2027-11-01,11,2027,0.0,0.0,0.0,0.01
S3_reappro_100,MAT006,MATERIEL_ELEVAGE,Ndobo,Littoral,2027-11-01,11,2027,0.0,0.0,0.0,0.0
S3_reappro_100,MAT006,MATERIEL_ELEVAGE,Nkongsamba,Littoral,2027-11-01,11,2027,0.0,0.0,0.0,0.01
S3_reappro_100,MAT009,MATERIEL_ELEVAGE,Buea,Littoral,2027-11-01,11,2027,0.0,0.0,0.0,0.0
S3_reappro_100,MAT011-80010002,MATERIEL_ELEVAGE,Buea,Littoral,2027-11-01,11,2027,0.0,0.0,0.0,0.03
S3_reappro_100,MAT011-80010002,MATERIEL_ELEVAGE,Ndobo,Littoral,2027-11-01,11,2027,0.0,0.0,0.0,1.12
S3_reappro_100,MAT011-80010002,MATERIEL_ELEVAGE,Village,Littoral,2027-11-01,11,2027,0.0,0.0,0.0,0.01
S3_reappro_100,MAT014-80010003,MATERIEL_ELEVAGE,Buea,Littoral,2027-11-01,11,2027,0.0,0.0,0.0,0.11
S3_reappro_100,MAT014-80010003,MATERIEL_ELEVAGE,Ndobo,Littoral,2027-11-01,11,2027,0.0,0.0,0.0,2.83
S3_reappro_100,MAT014-80010003,MATERIEL_ELEVAGE,Nkongsamba,Littoral,2027-11-01,11,2027,0.0,0.0,0.0,0.14
S3_reappro_100,MAT014-80010003,MATERIEL_ELEVAGE,Village,Littoral,2027-11-01,11,2027,0.0,0.0,0.0,0.02
S3_reappro_100,MAT015,MATERIEL_ELEVAGE,Village,Littoral,2027-11-01,11,2027,0.0,0.0,0.0,0.0
S3_reappro_100,MAT017,MATERIEL_ELEVAGE,Ndobo,Littoral,2027-11-01,11,2027,0.0,0.0,0.0,0.07
S3_reappro_100,MAT020,MATERIEL_ELEVAGE,Buea,Littoral,2027-11-01,11,2027,0.0,0.0,0.0,0.05
S3_reappro_100,MAT020,MATERIEL_ELEVAGE,Ndobo,Littoral,2027-11-01,11,2027,0.0,0.0,0.0,0.04
S3_reappro_100,MAT020,MATERIEL_ELEVAGE,Nkongsamba,Littoral,2027-11-01,11,2027,0.0,0.0,0.0,0.1
S3_reappro_100,MAT020,MATERIEL_ELEVAGE,Pk11,Littoral,2027-11-01,11,2027,0.0,0.0,0.0,0.02
S3_reappro_100,MAT020,MATERIEL_ELEVAGE,Village,Littoral,2027-11-01,11,2027,0.0,0.0,0.0,0.05
S3_reappro_100,MAT029,MATERIEL_ELEVAGE,Ndobo,Littoral,2027-11-01,11,2027,0.0,0.0,0.0,0.07
S3_reappro_100,MAT030,MATERIEL_ELEVAGE,Ndobo,Littoral,2027-11-01,11,2027,0.0,0.0,0.0,0.08
S3_reappro_100,MAT039,MATERIEL_ELEVAGE,Buea,Littoral,2027-11-01,11,2027,0.0,0.0,0.0,0.12
S3_reappro_100,MAT039,MATERIEL_ELEVAGE,Ndobo,Littoral,2027-11-01,11,2027,0.0,0.0,0.0,0.28
S3_reappro_100,MAT039,MATERIEL_ELEVAGE,Nkongsamba,Littoral,2027-11-01,11,2027,0.0,0.0,0.0,0.14
S3_reappro_100,MAT039,MATERIEL_ELEVAGE,Pk11,Littoral,2027-11-01,11,2027,0.0,0.0,0.0,0.09
S3_reappro_100,MAT039,MATERIEL_ELEVAGE,Village,Littoral,2027-11-01,11,2027,0.0,0.0,0.0,0.17
S3_reappro_100,MAT040,MATERIEL_ELEVAGE,Buea,Littoral,2027-11-01,11,2027,0.0,0.0,0.0,0.0
S3_reappro_100,MAT040,MATERIEL_ELEVAGE,Nkongsamba,Littoral,2027-11-01,11,2027,0.0,0.0,0.0,0.01
S3_reappro_100,MAT040,MATERIEL_ELEVAGE,Village,Littoral,2027-11-01,11,2027,0.0,0.0,0.0,0.07
S3_reappro_100,MAT042,MATERIEL_ELEVAGE,Buea,Littoral,2027-11-01,11,2027,0.0,0.0,0.0,0.02
S3_reappro_100,MAT042,MATERIEL_ELEVAGE,Ndobo,Littoral,2027-11-01,11,2027,0.0,0.0,0.0,0.01
S3_reappro_100,MAT042,MATERIEL_ELEVAGE,Nkongsamba,Littoral,2027-11-01,11,2027,0.0,0.0,0.0,0.07
S3_reappro_100,MAT042,MATERIEL_ELEVAGE,Village,Littoral,2027-11-01,11,2027,0.0,0.0,0.0,0.08
S3_reappro_100,MAT049,MATERIEL_ELEVAGE,Buea,Littoral,2027-11-01,11,2027,0.0,0.0,0.0,0.01
S3_reappro_100,MAT049,MATERIEL_ELEVAGE,Ndobo,Littoral,2027-11-01,11,2027,0.0,0.0,0.0,0.04
S3_reappro_100,MAT049,MATERIEL_ELEVAGE,Nkongsamba,Littoral,2027-11-01,11,2027,0.0,0.0,0.0,0.01
S3_reappro_100,MAT049,MATERIEL_ELEVAGE,Pk11,Littoral,2027-11-01,11,2027,0.0,0.0,0.0,0.01
S3_reappro_100,MAT049,MATERIEL_ELEVAGE,Village,Littoral,2027-11-01,11,2027,0.0,0.0,0.0,0.03
S3_reappro_100,MAT050,MATERIEL_ELEVAGE,Ndobo,Littoral,2027-11-01,11,2027,0.0,0.0,0.0,0.01
S3_reappro_100,MAT054,MATERIEL_ELEVAGE,Ndobo,Littoral,2027-11-01,11,2027,0.0,0.0,0.0,0.0
S3_reappro_100,MAT054,MATERIEL_ELEVAGE,Nkongsamba,Littoral,2027-11-01,11,2027,0.0,0.0,0.0,0.0
S3_reappro_100,MAT073,MATERIEL_ELEVAGE,Ndobo,Littoral,2027-11-01,11,2027,0.0,0.0,0.0,0.84
S3_reappro_100,MAT073,MATERIEL_ELEVAGE,Nkongsamba,Littoral,2027-11-01,11,2027,0.0,0.0,0.0,0.0
S3_reappro_100,MAT001,MATERIEL_ELEVAGE,Ndobo,Littoral,2027-12-01,12,2027,0.0,0.0,0.0,0.12
S3_reappro_100,MAT003,MATERIEL_ELEVAGE,Buea,Littoral,2027-12-01,12,2027,0.0,0.0,0.0,0.13
S3_reappro_100,MAT003,MATERIEL_ELEVAGE,Ndobo,Littoral,2027-12-01,12,2027,0.0,0.0,0.0,0.17
S3_reappro_100,MAT003,MATERIEL_ELEVAGE,Nkongsamba,Littoral,2027-12-01,12,2027,0.0,0.0,0.0,0.22
S3_reappro_100,MAT003,MATERIEL_ELEVAGE,Pk11,Littoral,2027-12-01,12,2027,0.0,0.0,0.0,0.02
S3_reappro_100,MAT003,MATERIEL_ELEVAGE,Village,Littoral,2027-12-01,12,2027,0.0,0.0,0.0,0.17
S3_reappro_100,MAT004,MATERIEL_ELEVAGE,Buea,Littoral,2027-12-01,12,2027,0.0,0.0,0.0,0.01
S3_reappro_100,MAT004,MATERIEL_ELEVAGE,Village,Littoral,2027-12-01,12,2027,0.0,0.0,0.0,0.02
S3_reappro_100,MAT006,MATERIEL_ELEVAGE,Buea,Littoral,2027-12-01,12,2027,0.0,0.0,0.0,0.01
S3_reappro_100,MAT006,MATERIEL_ELEVAGE,Ndobo,Littoral,2027-12-01,12,2027,0.0,0.0,0.0,0.0
S3_reappro_100,MAT006,MATERIEL_ELEVAGE,Nkongsamba,Littoral,2027-12-01,12,2027,0.0,0.0,0.0,0.01
S3_reappro_100,MAT009,MATERIEL_ELEVAGE,Buea,Littoral,2027-12-01,12,2027,0.0,0.0,0.0,0.0
S3_reappro_100,MAT011-80010002,MATERIEL_ELEVAGE,Buea,Littoral,2027-12-01,12,2027,0.0,0.0,0.0,0.03
S3_reappro_100,MAT011-80010002,MATERIEL_ELEVAGE,Ndobo,Littoral,2027-12-01,12,2027,0.0,0.0,0.0,1.12
S3_reappro_100,MAT011-80010002,MATERIEL_ELEVAGE,Village,Littoral,2027-12-01,12,2027,0.0,0.0,0.0,0.01
S3_reappro_100,MAT014-80010003,MATERIEL_ELEVAGE,Buea,Littoral,2027-12-01,12,2027,0.0,0.0,0.0,0.11
S3_reappro_100,MAT014-80010003,MATERIEL_ELEVAGE,Ndobo,Littoral,2027-12-01,12,2027,0.0,0.0,0.0,2.83
S3_reappro_100,MAT014-80010003,MATERIEL_ELEVAGE,Nkongsamba,Littoral,2027-12-01,12,2027,0.0,0.0,0.0,0.14
S3_reappro_100,MAT014-80010003,MATERIEL_ELEVAGE,Village,Littoral,2027-12-01,12,2027,0.0,0.0,0.0,0.02
S3_reappro_100,MAT015,MATERIEL_ELEVAGE,Village,Littoral,2027-12-01,12,2027,0.0,0.0,0.0,0.0
S3_reappro_100,MAT017,MATERIEL_ELEVAGE,Ndobo,Littoral,2027-12-01,12,2027,0.0,0.0,0.0,0.07
S3_reappro_100,MAT020,MATERIEL_ELEVAGE,Buea,Littoral,2027-12-01,12,2027,0.0,0.0,0.0,0.05
S3_reappro_100,MAT020,MATERIEL_ELEVAGE,Ndobo,Littoral,2027-12-01,12,2027,0.0,0.0,0.0,0.04
S3_reappro_100,MAT020,MATERIEL_ELEVAGE,Nkongsamba,Littoral,2027-12-01,12,2027,0.0,0.0,0.0,0.1
S3_reappro_100,MAT020,MATERIEL_ELEVAGE,Pk11,Littoral,2027-12-01,12,2027,0.0,0.0,0.0,0.02
S3_reappro_100,MAT020,MATERIEL_ELEVAGE,Village,Littoral,2027-12-01,12,2027,0.0,0.0,0.0,0.05
S3_reappro_100,MAT029,MATERIEL_ELEVAGE,Ndobo,Littoral,2027-12-01,12,2027,0.0,0.0,0.0,0.07
S3_reappro_100,MAT030,MATERIEL_ELEVAGE,Ndobo,Littoral,2027-12-01,12,2027,0.0,0.0,0.0,0.08
S3_reappro_100,MAT039,MATERIEL_ELEVAGE,Buea,Littoral,2027-12-01,12,2027,0.0,0.0,0.0,0.12
S3_reappro_100,MAT039,MATERIEL_ELEVAGE,Ndobo,Littoral,2027-12-01,12,2027,0.0,0.0,0.0,0.28
S3_reappro_100,MAT039,MATERIEL_ELEVAGE,Nkongsamba,Littoral,2027-12-01,12,2027,0.0,0.0,0.0,0.14
S3_reappro_100,MAT039,MATERIEL_ELEVAGE,Pk11,Littoral,2027-12-01,12,2027,0.0,0.0,0.0,0.09
S3_reappro_100,MAT039,MATERIEL_ELEVAGE,Village,Littoral,2027-12-01,12,2027,0.0,0.0,0.0,0.17
S3_reappro_100,MAT040,MATERIEL_ELEVAGE,Buea,Littoral,2027-12-01,12,2027,0.0,0.0,0.0,0.0
S3_reappro_100,MAT040,MATERIEL_ELEVAGE,Nkongsamba,Littoral,2027-12-01,12,2027,0.0,0.0,0.0,0.01
S3_reappro_100,MAT040,MATERIEL_ELEVAGE,Village,Littoral,2027-12-01,12,2027,0.0,0.0,0.0,0.07
S3_reappro_100,MAT042,MATERIEL_ELEVAGE,Buea,Littoral,2027-12-01,12,2027,0.0,0.0,0.0,0.02
S3_reappro_100,MAT042,MATERIEL_ELEVAGE,Ndobo,Littoral,2027-12-01,12,2027,0.0,0.0,0.0,0.01
S3_reappro_100,MAT042,MATERIEL_ELEVAGE,Nkongsamba,Littoral,2027-12-01,12,2027,0.0,0.0,0.0,0.07
S3_reappro_100,MAT042,MATERIEL_ELEVAGE,Village,Littoral,2027-12-01,12,2027,0.0,0.0,0.0,0.08
S3_reappro_100,MAT049,MATERIEL_ELEVAGE,Buea,Littoral,2027-12-01,12,2027,0.0,0.0,0.0,0.01
S3_reappro_100,MAT049,MATERIEL_ELEVAGE,Ndobo,Littoral,2027-12-01,12,2027,0.0,0.0,0.0,0.04
S3_reappro_100,MAT049,MATERIEL_ELEVAGE,Nkongsamba,Littoral,2027-12-01,12,2027,0.0,0.0,0.0,0.01
S3_reappro_100,MAT049,MATERIEL_ELEVAGE,Pk11,Littoral,2027-12-01,12,2027,0.0,0.0,0.0,0.01
S3_reappro_100,MAT049,MATERIEL_ELEVAGE,Village,Littoral,2027-12-01,12,2027,0.0,0.0,0.0,0.03
S3_reappro_100,MAT050,MATERIEL_ELEVAGE,Ndobo,Littoral,2027-12-01,12,2027,0.0,0.0,0.0,0.01
S3_reappro_100,MAT054,MATERIEL_ELEVAGE,Ndobo,Littoral,2027-12-01,12,2027,0.0,0.0,0.0,0.0
S3_reappro_100,MAT054,MATERIEL_ELEVAGE,Nkongsamba,Littoral,2027-12-01,12,2027,0.0,0.0,0.0,0.0
S3_reappro_100,MAT073,MATERIEL_ELEVAGE,Ndobo,Littoral,2027-12-01,12,2027,0.0,0.0,0.0,0.84
S3_reappro_100,MAT073,MATERIEL_ELEVAGE,Nkongsamba,Littoral,2027-12-01,12,2027,0.0,0.0,0.0,0.0
S3_reappro_100,MAT003,MATERIEL_ELEVAGE,Djeleng,Ouest,2027-01-01,1,2027,0.0,0.0,0.0,0.36
S3_reappro_100,MAT003,MATERIEL_ELEVAGE,Famla,Ouest,2027-01-01,1,2027,0.0,0.0,0.0,0.22
S3_reappro_100,MAT003,MATERIEL_ELEVAGE,Mbouda,Ouest,2027-01-01,1,2027,0.0,0.0,0.0,0.16
S3_reappro_100,MAT004,MATERIEL_ELEVAGE,Djeleng,Ouest,2027-01-01,1,2027,0.0,0.0,0.0,0.0
S3_reappro_100,MAT005,MATERIEL_ELEVAGE,Djeleng,Ouest,2027-01-01,1,2027,0.0,0.0,0.0,0.0
S3_reappro_100,MAT005,MATERIEL_ELEVAGE,Famla,Ouest,2027-01-01,1,2027,0.0,0.0,0.0,0.0
S3_reappro_100,MAT006,MATERIEL_ELEVAGE,Famla,Ouest,2027-01-01,1,2027,0.0,0.0,0.0,0.01
S3_reappro_100,MAT007,MATERIEL_ELEVAGE,Djeleng,Ouest,2027-01-01,1,2027,0.0,0.0,0.0,0.0
S3_reappro_100,MAT008,MATERIEL_ELEVAGE,Djeleng,Ouest,2027-01-01,1,2027,0.0,0.0,0.0,0.0
S3_reappro_100,MAT009,MATERIEL_ELEVAGE,Mbouda,Ouest,2027-01-01,1,2027,0.0,0.0,0.0,0.0
S3_reappro_100,MAT011-80010002,MATERIEL_ELEVAGE,Djeleng,Ouest,2027-01-01,1,2027,0.0,0.0,0.0,0.37
S3_reappro_100,MAT011-80010002,MATERIEL_ELEVAGE,Famla,Ouest,2027-01-01,1,2027,0.0,0.0,0.0,2.88
S3_reappro_100,MAT011-80010002,MATERIEL_ELEVAGE,Mbouda,Ouest,2027-01-01,1,2027,0.0,0.0,0.0,0.03
S3_reappro_100,MAT014-80010003,MATERIEL_ELEVAGE,Djeleng,Ouest,2027-01-01,1,2027,0.0,0.0,0.0,0.71
S3_reappro_100,MAT014-80010003,MATERIEL_ELEVAGE,Famla,Ouest,2027-01-01,1,2027,0.0,0.0,0.0,3.18
S3_reappro_100,MAT014-80010003,MATERIEL_ELEVAGE,Mbouda,Ouest,2027-01-01,1,2027,0.0,0.0,0.0,0.25
S3_reappro_100,MAT017,MATERIEL_ELEVAGE,Famla,Ouest,2027-01-01,1,2027,0.0,0.0,0.0,0.23
S3_reappro_100,MAT020,MATERIEL_ELEVAGE,Famla,Ouest,2027-01-01,1,2027,0.0,0.0,0.0,0.03
S3_reappro_100,MAT020,MATERIEL_ELEVAGE,Mbouda,Ouest,2027-01-01,1,2027,0.0,0.0,0.0,0.01
S3_reappro_100,MAT039,MATERIEL_ELEVAGE,Djeleng,Ouest,2027-01-01,1,2027,0.0,0.0,0.0,0.06
S3_reappro_100,MAT039,MATERIEL_ELEVAGE,Famla,Ouest,2027-01-01,1,2027,0.0,0.0,0.0,0.0
S3_reappro_100,MAT039,MATERIEL_ELEVAGE,Mbouda,Ouest,2027-01-01,1,2027,0.0,0.0,0.0,0.04
S3_reappro_100,MAT042,MATERIEL_ELEVAGE,Djeleng,Ouest,2027-01-01,1,2027,0.0,0.0,0.0,0.03
S3_reappro_100,MAT042,MATERIEL_ELEVAGE,Famla,Ouest,2027-01-01,1,2027,0.0,0.0,0.0,0.15
S3_reappro_100,MAT042,MATERIEL_ELEVAGE,Mbouda,Ouest,2027-01-01,1,2027,0.0,0.0,0.0,0.02
S3_reappro_100,MAT049,MATERIEL_ELEVAGE,Djeleng,Ouest,2027-01-01,1,2027,0.0,0.0,0.0,0.07
S3_reappro_100,MAT054,MATERIEL_ELEVAGE,Famla,Ouest,2027-01-01,1,2027,0.0,0.0,0.0,0.01
S3_reappro_100,MAT054,MATERIEL_ELEVAGE,Mbouda,Ouest,2027-01-01,1,2027,0.0,0.0,0.0,0.0
S3_reappro_100,MAT055,MATERIEL_ELEVAGE,Famla,Ouest,2027-01-01,1,2027,0.0,0.0,0.0,0.0
S3_reappro_100,MAT055,MATERIEL_ELEVAGE,Mbouda,Ouest,2027-01-01,1,2027,0.0,0.0,0.0,0.0
S3_reappro_100,MAT073,MATERIEL_ELEVAGE,Famla,Ouest,2027-01-01,1,2027,0.0,0.0,0.0,0.0
S3_reappro_100,MAT003,MATERIEL_ELEVAGE,Djeleng,Ouest,2027-02-01,2,2027,0.0,0.0,0.0,0.36
S3_reappro_100,MAT003,MATERIEL_ELEVAGE,Famla,Ouest,2027-02-01,2,2027,0.0,0.0,0.0,0.22
S3_reappro_100,MAT003,MATERIEL_ELEVAGE,Mbouda,Ouest,2027-02-01,2,2027,0.0,0.0,0.0,0.16
S3_reappro_100,MAT004,MATERIEL_ELEVAGE,Djeleng,Ouest,2027-02-01,2,2027,0.0,0.0,0.0,0.0
S3_reappro_100,MAT005,MATERIEL_ELEVAGE,Djeleng,Ouest,2027-02-01,2,2027,0.0,0.0,0.0,0.0
S3_reappro_100,MAT005,MATERIEL_ELEVAGE,Famla,Ouest,2027-02-01,2,2027,0.0,0.0,0.0,0.0
S3_reappro_100,MAT006,MATERIEL_ELEVAGE,Famla,Ouest,2027-02-01,2,2027,0.0,0.0,0.0,0.01
S3_reappro_100,MAT007,MATERIEL_ELEVAGE,Djeleng,Ouest,2027-02-01,2,2027,0.0,0.0,0.0,0.0
S3_reappro_100,MAT008,MATERIEL_ELEVAGE,Djeleng,Ouest,2027-02-01,2,2027,0.0,0.0,0.0,0.0
S3_reappro_100,MAT009,MATERIEL_ELEVAGE,Mbouda,Ouest,2027-02-01,2,2027,0.0,0.0,0.0,0.0
S3_reappro_100,MAT011-80010002,MATERIEL_ELEVAGE,Djeleng,Ouest,2027-02-01,2,2027,0.0,0.0,0.0,0.37
S3_reappro_100,MAT011-80010002,MATERIEL_ELEVAGE,Famla,Ouest,2027-02-01,2,2027,0.0,0.0,0.0,2.88
S3_reappro_100,MAT011-80010002,MATERIEL_ELEVAGE,Mbouda,Ouest,2027-02-01,2,2027,0.0,0.0,0.0,0.03
S3_reappro_100,MAT014-80010003,MATERIEL_ELEVAGE,Djeleng,Ouest,2027-02-01,2,2027,0.0,0.0,0.0,0.71
S3_reappro_100,MAT014-80010003,MATERIEL_ELEVAGE,Famla,Ouest,2027-02-01,2,2027,0.0,0.0,0.0,3.18
S3_reappro_100,MAT014-80010003,MATERIEL_ELEVAGE,Mbouda,Ouest,2027-02-01,2,2027,0.0,0.0,0.0,0.25
S3_reappro_100,MAT017,MATERIEL_ELEVAGE,Famla,Ouest,2027-02-01,2,2027,0.0,0.0,0.0,0.23
S3_reappro_100,MAT020,MATERIEL_ELEVAGE,Famla,Ouest,2027-02-01,2,2027,0.0,0.0,0.0,0.03
S3_reappro_100,MAT020,MATERIEL_ELEVAGE,Mbouda,Ouest,2027-02-01,2,2027,0.0,0.0,0.0,0.01
S3_reappro_100,MAT039,MATERIEL_ELEVAGE,Djeleng,Ouest,2027-02-01,2,2027,0.0,0.0,0.0,0.06
S3_reappro_100,MAT039,MATERIEL_ELEVAGE,Famla,Ouest,2027-02-01,2,2027,0.0,0.0,0.0,0.0
S3_reappro_100,MAT039,MATERIEL_ELEVAGE,Mbouda,Ouest,2027-02-01,2,2027,0.0,0.0,0.0,0.04
S3_reappro_100,MAT042,MATERIEL_ELEVAGE,Djeleng,Ouest,2027-02-01,2,2027,0.0,0.0,0.0,0.03
S3_reappro_100,MAT042,MATERIEL_ELEVAGE,Famla,Ouest,2027-02-01,2,2027,0.0,0.0,0.0,0.15
S3_reappro_100,MAT042,MATERIEL_ELEVAGE,Mbouda,Ouest,2027-02-01,2,2027,0.0,0.0,0.0,0.02
S3_reappro_100,MAT049,MATERIEL_ELEVAGE,Djeleng,Ouest,2027-02-01,2,2027,0.0,0.0,0.0,0.07
S3_reappro_100,MAT054,MATERIEL_ELEVAGE,Famla,Ouest,2027-02-01,2,2027,0.0,0.0,0.0,0.01
S3_reappro_100,MAT054,MATERIEL_ELEVAGE,Mbouda,Ouest,2027-02-01,2,2027,0.0,0.0,0.0,0.0
S3_reappro_100,MAT055,MATERIEL_ELEVAGE,Famla,Ouest,2027-02-01,2,2027,0.0,0.0,0.0,0.0
S3_reappro_100,MAT055,MATERIEL_ELEVAGE,Mbouda,Ouest,2027-02-01,2,2027,0.0,0.0,0.0,0.0
S3_reappro_100,MAT073,MATERIEL_ELEVAGE,Famla,Ouest,2027-02-01,2,2027,0.0,0.0,0.0,0.0
S3_reappro_100,MAT003,MATERIEL_ELEVAGE,Djeleng,Ouest,2027-03-01,3,2027,0.0,0.0,0.0,0.36
S3_reappro_100,MAT003,MATERIEL_ELEVAGE,Famla,Ouest,2027-03-01,3,2027,0.0,0.0,0.0,0.22
S3_reappro_100,MAT003,MATERIEL_ELEVAGE,Mbouda,Ouest,2027-03-01,3,2027,0.0,0.0,0.0,0.16
S3_reappro_100,MAT004,MATERIEL_ELEVAGE,Djeleng,Ouest,2027-03-01,3,2027,0.0,0.0,0.0,0.0
S3_reappro_100,MAT005,MATERIEL_ELEVAGE,Djeleng,Ouest,2027-03-01,3,2027,0.0,0.0,0.0,0.0
S3_reappro_100,MAT005,MATERIEL_ELEVAGE,Famla,Ouest,2027-03-01,3,2027,0.0,0.0,0.0,0.0
S3_reappro_100,MAT006,MATERIEL_ELEVAGE,Famla,Ouest,2027-03-01,3,2027,0.0,0.0,0.0,0.01
S3_reappro_100,MAT007,MATERIEL_ELEVAGE,Djeleng,Ouest,2027-03-01,3,2027,0.0,0.0,0.0,0.0
S3_reappro_100,MAT008,MATERIEL_ELEVAGE,Djeleng,Ouest,2027-03-01,3,2027,0.0,0.0,0.0,0.0
S3_reappro_100,MAT009,MATERIEL_ELEVAGE,Mbouda,Ouest,2027-03-01,3,2027,0.0,0.0,0.0,0.0
S3_reappro_100,MAT011-80010002,MATERIEL_ELEVAGE,Djeleng,Ouest,2027-03-01,3,2027,0.0,0.0,0.0,0.37
S3_reappro_100,MAT011-80010002,MATERIEL_ELEVAGE,Famla,Ouest,2027-03-01,3,2027,0.0,0.0,0.0,2.88
S3_reappro_100,MAT011-80010002,MATERIEL_ELEVAGE,Mbouda,Ouest,2027-03-01,3,2027,0.0,0.0,0.0,0.03
S3_reappro_100,MAT014-80010003,MATERIEL_ELEVAGE,Djeleng,Ouest,2027-03-01,3,2027,0.0,0.0,0.0,0.71
S3_reappro_100,MAT014-80010003,MATERIEL_ELEVAGE,Famla,Ouest,2027-03-01,3,2027,0.0,0.0,0.0,3.18
S3_reappro_100,MAT014-80010003,MATERIEL_ELEVAGE,Mbouda,Ouest,2027-03-01,3,2027,0.0,0.0,0.0,0.25
S3_reappro_100,MAT017,MATERIEL_ELEVAGE,Famla,Ouest,2027-03-01,3,2027,0.0,0.0,0.0,0.23
S3_reappro_100,MAT020,MATERIEL_ELEVAGE,Famla,Ouest,2027-03-01,3,2027,0.0,0.0,0.0,0.03
S3_reappro_100,MAT020,MATERIEL_ELEVAGE,Mbouda,Ouest,2027-03-01,3,2027,0.0,0.0,0.0,0.01
S3_reappro_100,MAT039,MATERIEL_ELEVAGE,Djeleng,Ouest,2027-03-01,3,2027,0.0,0.0,0.0,0.06
S3_reappro_100,MAT039,MATERIEL_ELEVAGE,Famla,Ouest,2027-03-01,3,2027,0.0,0.0,0.0,0.0
S3_reappro_100,MAT039,MATERIEL_ELEVAGE,Mbouda,Ouest,2027-03-01,3,2027,0.0,0.0,0.0,0.04
S3_reappro_100,MAT042,MATERIEL_ELEVAGE,Djeleng,Ouest,2027-03-01,3,2027,0.0,0.0,0.0,0.03
S3_reappro_100,MAT042,MATERIEL_ELEVAGE,Famla,Ouest,2027-03-01,3,2027,0.0,0.0,0.0,0.15
S3_reappro_100,MAT042,MATERIEL_ELEVAGE,Mbouda,Ouest,2027-03-01,3,2027,0.0,0.0,0.0,0.02
S3_reappro_100,MAT049,MATERIEL_ELEVAGE,Djeleng,Ouest,2027-03-01,3,2027,0.0,0.0,0.0,0.07
S3_reappro_100,MAT054,MATERIEL_ELEVAGE,Famla,Ouest,2027-03-01,3,2027,0.0,0.0,0.0,0.01
S3_reappro_100,MAT054,MATERIEL_ELEVAGE,Mbouda,Ouest,2027-03-01,3,2027,0.0,0.0,0.0,0.0
S3_reappro_100,MAT055,MATERIEL_ELEVAGE,Famla,Ouest,2027-03-01,3,2027,0.0,0.0,0.0,0.0
S3_reappro_100,MAT055,MATERIEL_ELEVAGE,Mbouda,Ouest,2027-03-01,3,2027,0.0,0.0,0.0,0.0
S3_reappro_100,MAT073,MATERIEL_ELEVAGE,Famla,Ouest,2027-03-01,3,2027,0.0,0.0,0.0,0.0
S3_reappro_100,MAT003,MATERIEL_ELEVAGE,Djeleng,Ouest,2027-04-01,4,2027,0.0,0.0,0.0,0.36
S3_reappro_100,MAT003,MATERIEL_ELEVAGE,Famla,Ouest,2027-04-01,4,2027,0.0,0.0,0.0,0.22
S3_reappro_100,MAT003,MATERIEL_ELEVAGE,Mbouda,Ouest,2027-04-01,4,2027,0.0,0.0,0.0,0.16
S3_reappro_100,MAT004,MATERIEL_ELEVAGE,Djeleng,Ouest,2027-04-01,4,2027,0.0,0.0,0.0,0.0
S3_reappro_100,MAT005,MATERIEL_ELEVAGE,Djeleng,Ouest,2027-04-01,4,2027,0.0,0.0,0.0,0.0
S3_reappro_100,MAT005,MATERIEL_ELEVAGE,Famla,Ouest,2027-04-01,4,2027,0.0,0.0,0.0,0.0
S3_reappro_100,MAT006,MATERIEL_ELEVAGE,Famla,Ouest,2027-04-01,4,2027,0.0,0.0,0.0,0.01
S3_reappro_100,MAT007,MATERIEL_ELEVAGE,Djeleng,Ouest,2027-04-01,4,2027,0.0,0.0,0.0,0.0
S3_reappro_100,MAT008,MATERIEL_ELEVAGE,Djeleng,Ouest,2027-04-01,4,2027,0.0,0.0,0.0,0.0
S3_reappro_100,MAT009,MATERIEL_ELEVAGE,Mbouda,Ouest,2027-04-01,4,2027,0.0,0.0,0.0,0.0
S3_reappro_100,MAT011-80010002,MATERIEL_ELEVAGE,Djeleng,Ouest,2027-04-01,4,2027,0.0,0.0,0.0,0.37
S3_reappro_100,MAT011-80010002,MATERIEL_ELEVAGE,Famla,Ouest,2027-04-01,4,2027,0.0,0.0,0.0,2.88
S3_reappro_100,MAT011-80010002,MATERIEL_ELEVAGE,Mbouda,Ouest,2027-04-01,4,2027,0.0,0.0,0.0,0.03
S3_reappro_100,MAT014-80010003,MATERIEL_ELEVAGE,Djeleng,Ouest,2027-04-01,4,2027,0.0,0.0,0.0,0.71
S3_reappro_100,MAT014-80010003,MATERIEL_ELEVAGE,Famla,Ouest,2027-04-01,4,2027,0.0,0.0,0.0,3.18
S3_reappro_100,MAT014-80010003,MATERIEL_ELEVAGE,Mbouda,Ouest,2027-04-01,4,2027,0.0,0.0,0.0,0.25
S3_reappro_100,MAT017,MATERIEL_ELEVAGE,Famla,Ouest,2027-04-01,4,2027,0.0,0.0,0.0,0.23
S3_reappro_100,MAT020,MATERIEL_ELEVAGE,Famla,Ouest,2027-04-01,4,2027,0.0,0.0,0.0,0.03
S3_reappro_100,MAT020,MATERIEL_ELEVAGE,Mbouda,Ouest,2027-04-01,4,2027,0.0,0.0,0.0,0.01
S3_reappro_100,MAT039,MATERIEL_ELEVAGE,Djeleng,Ouest,2027-04-01,4,2027,0.0,0.0,0.0,0.06
S3_reappro_100,MAT039,MATERIEL_ELEVAGE,Famla,Ouest,2027-04-01,4,2027,0.0,0.0,0.0,0.0
S3_reappro_100,MAT039,MATERIEL_ELEVAGE,Mbouda,Ouest,2027-04-01,4,2027,0.0,0.0,0.0,0.04
S3_reappro_100,MAT042,MATERIEL_ELEVAGE,Djeleng,Ouest,2027-04-01,4,2027,0.0,0.0,0.0,0.03
S3_reappro_100,MAT042,MATERIEL_ELEVAGE,Famla,Ouest,2027-04-01,4,2027,0.0,0.0,0.0,0.15
S3_reappro_100,MAT042,MATERIEL_ELEVAGE,Mbouda,Ouest,2027-04-01,4,2027,0.0,0.0,0.0,0.02
S3_reappro_100,MAT049,MATERIEL_ELEVAGE,Djeleng,Ouest,2027-04-01,4,2027,0.0,0.0,0.0,0.07
S3_reappro_100,MAT054,MATERIEL_ELEVAGE,Famla,Ouest,2027-04-01,4,2027,0.0,0.0,0.0,0.01
S3_reappro_100,MAT054,MATERIEL_ELEVAGE,Mbouda,Ouest,2027-04-01,4,2027,0.0,0.0,0.0,0.0
S3_reappro_100,MAT055,MATERIEL_ELEVAGE,Famla,Ouest,2027-04-01,4,2027,0.0,0.0,0.0,0.0
S3_reappro_100,MAT055,MATERIEL_ELEVAGE,Mbouda,Ouest,2027-04-01,4,2027,0.0,0.0,0.0,0.0
S3_reappro_100,MAT073,MATERIEL_ELEVAGE,Famla,Ouest,2027-04-01,4,2027,0.0,0.0,0.0,0.0
S3_reappro_100,MAT003,MATERIEL_ELEVAGE,Djeleng,Ouest,2027-05-01,5,2027,0.0,0.0,0.0,0.36
S3_reappro_100,MAT003,MATERIEL_ELEVAGE,Famla,Ouest,2027-05-01,5,2027,0.0,0.0,0.0,0.22
S3_reappro_100,MAT003,MATERIEL_ELEVAGE,Mbouda,Ouest,2027-05-01,5,2027,0.0,0.0,0.0,0.16
S3_reappro_100,MAT004,MATERIEL_ELEVAGE,Djeleng,Ouest,2027-05-01,5,2027,0.0,0.0,0.0,0.0
S3_reappro_100,MAT005,MATERIEL_ELEVAGE,Djeleng,Ouest,2027-05-01,5,2027,0.0,0.0,0.0,0.0
S3_reappro_100,MAT005,MATERIEL_ELEVAGE,Famla,Ouest,2027-05-01,5,2027,0.0,0.0,0.0,0.0
S3_reappro_100,MAT006,MATERIEL_ELEVAGE,Famla,Ouest,2027-05-01,5,2027,0.0,0.0,0.0,0.01
S3_reappro_100,MAT007,MATERIEL_ELEVAGE,Djeleng,Ouest,2027-05-01,5,2027,0.0,0.0,0.0,0.0
S3_reappro_100,MAT008,MATERIEL_ELEVAGE,Djeleng,Ouest,2027-05-01,5,2027,0.0,0.0,0.0,0.0
S3_reappro_100,MAT009,MATERIEL_ELEVAGE,Mbouda,Ouest,2027-05-01,5,2027,0.0,0.0,0.0,0.0
S3_reappro_100,MAT011-80010002,MATERIEL_ELEVAGE,Djeleng,Ouest,2027-05-01,5,2027,0.0,0.0,0.0,0.37
S3_reappro_100,MAT011-80010002,MATERIEL_ELEVAGE,Famla,Ouest,2027-05-01,5,2027,0.0,0.0,0.0,2.88
S3_reappro_100,MAT011-80010002,MATERIEL_ELEVAGE,Mbouda,Ouest,2027-05-01,5,2027,0.0,0.0,0.0,0.03
S3_reappro_100,MAT014-80010003,MATERIEL_ELEVAGE,Djeleng,Ouest,2027-05-01,5,2027,0.0,0.0,0.0,0.71
S3_reappro_100,MAT014-80010003,MATERIEL_ELEVAGE,Famla,Ouest,2027-05-01,5,2027,0.0,0.0,0.0,3.18
S3_reappro_100,MAT014-80010003,MATERIEL_ELEVAGE,Mbouda,Ouest,2027-05-01,5,2027,0.0,0.0,0.0,0.25
S3_reappro_100,MAT017,MATERIEL_ELEVAGE,Famla,Ouest,2027-05-01,5,2027,0.0,0.0,0.0,0.23
S3_reappro_100,MAT020,MATERIEL_ELEVAGE,Famla,Ouest,2027-05-01,5,2027,0.0,0.0,0.0,0.03
S3_reappro_100,MAT020,MATERIEL_ELEVAGE,Mbouda,Ouest,2027-05-01,5,2027,0.0,0.0,0.0,0.01
S3_reappro_100,MAT039,MATERIEL_ELEVAGE,Djeleng,Ouest,2027-05-01,5,2027,0.0,0.0,0.0,0.06
S3_reappro_100,MAT039,MATERIEL_ELEVAGE,Famla,Ouest,2027-05-01,5,2027,0.0,0.0,0.0,0.0
S3_reappro_100,MAT039,MATERIEL_ELEVAGE,Mbouda,Ouest,2027-05-01,5,2027,0.0,0.0,0.0,0.04
S3_reappro_100,MAT042,MATERIEL_ELEVAGE,Djeleng,Ouest,2027-05-01,5,2027,0.0,0.0,0.0,0.03
S3_reappro_100,MAT042,MATERIEL_ELEVAGE,Famla,Ouest,2027-05-01,5,2027,0.0,0.0,0.0,0.15
S3_reappro_100,MAT042,MATERIEL_ELEVAGE,Mbouda,Ouest,2027-05-01,5,2027,0.0,0.0,0.0,0.02
S3_reappro_100,MAT049,MATERIEL_ELEVAGE,Djeleng,Ouest,2027-05-01,5,2027,0.0,0.0,0.0,0.07
S3_reappro_100,MAT054,MATERIEL_ELEVAGE,Famla,Ouest,2027-05-01,5,2027,0.0,0.0,0.0,0.01
S3_reappro_100,MAT054,MATERIEL_ELEVAGE,Mbouda,Ouest,2027-05-01,5,2027,0.0,0.0,0.0,0.0
S3_reappro_100,MAT055,MATERIEL_ELEVAGE,Famla,Ouest,2027-05-01,5,2027,0.0,0.0,0.0,0.0
S3_reappro_100,MAT055,MATERIEL_ELEVAGE,Mbouda,Ouest,2027-05-01,5,2027,0.0,0.0,0.0,0.0
S3_reappro_100,MAT073,MATERIEL_ELEVAGE,Famla,Ouest,2027-05-01,5,2027,0.0,0.0,0.0,0.0
S3_reappro_100,MAT003,MATERIEL_ELEVAGE,Djeleng,Ouest,2027-06-01,6,2027,0.0,0.0,0.0,0.36
S3_reappro_100,MAT003,MATERIEL_ELEVAGE,Famla,Ouest,2027-06-01,6,2027,0.0,0.0,0.0,0.22
S3_reappro_100,MAT003,MATERIEL_ELEVAGE,Mbouda,Ouest,2027-06-01,6,2027,0.0,0.0,0.0,0.16
S3_reappro_100,MAT004,MATERIEL_ELEVAGE,Djeleng,Ouest,2027-06-01,6,2027,0.0,0.0,0.0,0.0
S3_reappro_100,MAT005,MATERIEL_ELEVAGE,Djeleng,Ouest,2027-06-01,6,2027,0.0,0.0,0.0,0.0
S3_reappro_100,MAT005,MATERIEL_ELEVAGE,Famla,Ouest,2027-06-01,6,2027,0.0,0.0,0.0,0.0
S3_reappro_100,MAT006,MATERIEL_ELEVAGE,Famla,Ouest,2027-06-01,6,2027,0.0,0.0,0.0,0.01
S3_reappro_100,MAT007,MATERIEL_ELEVAGE,Djeleng,Ouest,2027-06-01,6,2027,0.0,0.0,0.0,0.0
S3_reappro_100,MAT008,MATERIEL_ELEVAGE,Djeleng,Ouest,2027-06-01,6,2027,0.0,0.0,0.0,0.0
S3_reappro_100,MAT009,MATERIEL_ELEVAGE,Mbouda,Ouest,2027-06-01,6,2027,0.0,0.0,0.0,0.0
S3_reappro_100,MAT011-80010002,MATERIEL_ELEVAGE,Djeleng,Ouest,2027-06-01,6,2027,0.0,0.0,0.0,0.37
S3_reappro_100,MAT011-80010002,MATERIEL_ELEVAGE,Famla,Ouest,2027-06-01,6,2027,0.0,0.0,0.0,2.88
S3_reappro_100,MAT011-80010002,MATERIEL_ELEVAGE,Mbouda,Ouest,2027-06-01,6,2027,0.0,0.0,0.0,0.03
S3_reappro_100,MAT014-80010003,MATERIEL_ELEVAGE,Djeleng,Ouest,2027-06-01,6,2027,0.0,0.0,0.0,0.71
S3_reappro_100,MAT014-80010003,MATERIEL_ELEVAGE,Famla,Ouest,2027-06-01,6,2027,0.0,0.0,0.0,3.18
S3_reappro_100,MAT014-80010003,MATERIEL_ELEVAGE,Mbouda,Ouest,2027-06-01,6,2027,0.0,0.0,0.0,0.25
S3_reappro_100,MAT017,MATERIEL_ELEVAGE,Famla,Ouest,2027-06-01,6,2027,0.0,0.0,0.0,0.23
S3_reappro_100,MAT020,MATERIEL_ELEVAGE,Famla,Ouest,2027-06-01,6,2027,0.0,0.0,0.0,0.03
S3_reappro_100,MAT020,MATERIEL_ELEVAGE,Mbouda,Ouest,2027-06-01,6,2027,0.0,0.0,0.0,0.01
S3_reappro_100,MAT039,MATERIEL_ELEVAGE,Djeleng,Ouest,2027-06-01,6,2027,0.0,0.0,0.0,0.06
S3_reappro_100,MAT039,MATERIEL_ELEVAGE,Famla,Ouest,2027-06-01,6,2027,0.0,0.0,0.0,0.0
S3_reappro_100,MAT039,MATERIEL_ELEVAGE,Mbouda,Ouest,2027-06-01,6,2027,0.0,0.0,0.0,0.04
S3_reappro_100,MAT042,MATERIEL_ELEVAGE,Djeleng,Ouest,2027-06-01,6,2027,0.0,0.0,0.0,0.03
S3_reappro_100,MAT042,MATERIEL_ELEVAGE,Famla,Ouest,2027-06-01,6,2027,0.0,0.0,0.0,0.15
S3_reappro_100,MAT042,MATERIEL_ELEVAGE,Mbouda,Ouest,2027-06-01,6,2027,0.0,0.0,0.0,0.02
S3_reappro_100,MAT049,MATERIEL_ELEVAGE,Djeleng,Ouest,2027-06-01,6,2027,0.0,0.0,0.0,0.07
S3_reappro_100,MAT054,MATERIEL_ELEVAGE,Famla,Ouest,2027-06-01,6,2027,0.0,0.0,0.0,0.01
S3_reappro_100,MAT054,MATERIEL_ELEVAGE,Mbouda,Ouest,2027-06-01,6,2027,0.0,0.0,0.0,0.0
S3_reappro_100,MAT055,MATERIEL_ELEVAGE,Famla,Ouest,2027-06-01,6,2027,0.0,0.0,0.0,0.0
S3_reappro_100,MAT055,MATERIEL_ELEVAGE,Mbouda,Ouest,2027-06-01,6,2027,0.0,0.0,0.0,0.0
S3_reappro_100,MAT073,MATERIEL_ELEVAGE,Famla,Ouest,2027-06-01,6,2027,0.0,0.0,0.0,0.0
S3_reappro_100,MAT003,MATERIEL_ELEVAGE,Djeleng,Ouest,2027-07-01,7,2027,0.0,0.0,0.0,0.36
S3_reappro_100,MAT003,MATERIEL_ELEVAGE,Famla,Ouest,2027-07-01,7,2027,0.0,0.0,0.0,0.22
S3_reappro_100,MAT003,MATERIEL_ELEVAGE,Mbouda,Ouest,2027-07-01,7,2027,0.0,0.0,0.0,0.16
S3_reappro_100,MAT004,MATERIEL_ELEVAGE,Djeleng,Ouest,2027-07-01,7,2027,0.0,0.0,0.0,0.0
S3_reappro_100,MAT005,MATERIEL_ELEVAGE,Djeleng,Ouest,2027-07-01,7,2027,0.0,0.0,0.0,0.0
S3_reappro_100,MAT005,MATERIEL_ELEVAGE,Famla,Ouest,2027-07-01,7,2027,0.0,0.0,0.0,0.0
S3_reappro_100,MAT006,MATERIEL_ELEVAGE,Famla,Ouest,2027-07-01,7,2027,0.0,0.0,0.0,0.01
S3_reappro_100,MAT007,MATERIEL_ELEVAGE,Djeleng,Ouest,2027-07-01,7,2027,0.0,0.0,0.0,0.0
S3_reappro_100,MAT008,MATERIEL_ELEVAGE,Djeleng,Ouest,2027-07-01,7,2027,0.0,0.0,0.0,0.0
S3_reappro_100,MAT009,MATERIEL_ELEVAGE,Mbouda,Ouest,2027-07-01,7,2027,0.0,0.0,0.0,0.0
S3_reappro_100,MAT011-80010002,MATERIEL_ELEVAGE,Djeleng,Ouest,2027-07-01,7,2027,0.0,0.0,0.0,0.37
S3_reappro_100,MAT011-80010002,MATERIEL_ELEVAGE,Famla,Ouest,2027-07-01,7,2027,0.0,0.0,0.0,2.88
S3_reappro_100,MAT011-80010002,MATERIEL_ELEVAGE,Mbouda,Ouest,2027-07-01,7,2027,0.0,0.0,0.0,0.03
S3_reappro_100,MAT014-80010003,MATERIEL_ELEVAGE,Djeleng,Ouest,2027-07-01,7,2027,0.0,0.0,0.0,0.71
S3_reappro_100,MAT014-80010003,MATERIEL_ELEVAGE,Famla,Ouest,2027-07-01,7,2027,0.0,0.0,0.0,3.18
S3_reappro_100,MAT014-80010003,MATERIEL_ELEVAGE,Mbouda,Ouest,2027-07-01,7,2027,0.0,0.0,0.0,0.25
S3_reappro_100,MAT017,MATERIEL_ELEVAGE,Famla,Ouest,2027-07-01,7,2027,0.0,0.0,0.0,0.23
S3_reappro_100,MAT020,MATERIEL_ELEVAGE,Famla,Ouest,2027-07-01,7,2027,0.0,0.0,0.0,0.03
S3_reappro_100,MAT020,MATERIEL_ELEVAGE,Mbouda,Ouest,2027-07-01,7,2027,0.0,0.0,0.0,0.01
S3_reappro_100,MAT039,MATERIEL_ELEVAGE,Djeleng,Ouest,2027-07-01,7,2027,0.0,0.0,0.0,0.06
S3_reappro_100,MAT039,MATERIEL_ELEVAGE,Famla,Ouest,2027-07-01,7,2027,0.0,0.0,0.0,0.0
S3_reappro_100,MAT039,MATERIEL_ELEVAGE,Mbouda,Ouest,2027-07-01,7,2027,0.0,0.0,0.0,0.04
S3_reappro_100,MAT042,MATERIEL_ELEVAGE,Djeleng,Ouest,2027-07-01,7,2027,0.0,0.0,0.0,0.03
S3_reappro_100,MAT042,MATERIEL_ELEVAGE,Famla,Ouest,2027-07-01,7,2027,0.0,0.0,0.0,0.15
S3_reappro_100,MAT042,MATERIEL_ELEVAGE,Mbouda,Ouest,2027-07-01,7,2027,0.0,0.0,0.0,0.02
S3_reappro_100,MAT049,MATERIEL_ELEVAGE,Djeleng,Ouest,2027-07-01,7,2027,0.0,0.0,0.0,0.07
S3_reappro_100,MAT054,MATERIEL_ELEVAGE,Famla,Ouest,2027-07-01,7,2027,0.0,0.0,0.0,0.01
S3_reappro_100,MAT054,MATERIEL_ELEVAGE,Mbouda,Ouest,2027-07-01,7,2027,0.0,0.0,0.0,0.0
S3_reappro_100,MAT055,MATERIEL_ELEVAGE,Famla,Ouest,2027-07-01,7,2027,0.0,0.0,0.0,0.0
S3_reappro_100,MAT055,MATERIEL_ELEVAGE,Mbouda,Ouest,2027-07-01,7,2027,0.0,0.0,0.0,0.0
S3_reappro_100,MAT073,MATERIEL_ELEVAGE,Famla,Ouest,2027-07-01,7,2027,0.0,0.0,0.0,0.0
S3_reappro_100,MAT003,MATERIEL_ELEVAGE,Djeleng,Ouest,2027-08-01,8,2027,0.0,0.0,0.0,0.36
S3_reappro_100,MAT003,MATERIEL_ELEVAGE,Famla,Ouest,2027-08-01,8,2027,0.0,0.0,0.0,0.22
S3_reappro_100,MAT003,MATERIEL_ELEVAGE,Mbouda,Ouest,2027-08-01,8,2027,0.0,0.0,0.0,0.16
S3_reappro_100,MAT004,MATERIEL_ELEVAGE,Djeleng,Ouest,2027-08-01,8,2027,0.0,0.0,0.0,0.0
S3_reappro_100,MAT005,MATERIEL_ELEVAGE,Djeleng,Ouest,2027-08-01,8,2027,0.0,0.0,0.0,0.0
S3_reappro_100,MAT005,MATERIEL_ELEVAGE,Famla,Ouest,2027-08-01,8,2027,0.0,0.0,0.0,0.0
S3_reappro_100,MAT006,MATERIEL_ELEVAGE,Famla,Ouest,2027-08-01,8,2027,0.0,0.0,0.0,0.01
S3_reappro_100,MAT007,MATERIEL_ELEVAGE,Djeleng,Ouest,2027-08-01,8,2027,0.0,0.0,0.0,0.0
S3_reappro_100,MAT008,MATERIEL_ELEVAGE,Djeleng,Ouest,2027-08-01,8,2027,0.0,0.0,0.0,0.0
S3_reappro_100,MAT009,MATERIEL_ELEVAGE,Mbouda,Ouest,2027-08-01,8,2027,0.0,0.0,0.0,0.0
S3_reappro_100,MAT011-80010002,MATERIEL_ELEVAGE,Djeleng,Ouest,2027-08-01,8,2027,0.0,0.0,0.0,0.37
S3_reappro_100,MAT011-80010002,MATERIEL_ELEVAGE,Famla,Ouest,2027-08-01,8,2027,0.0,0.0,0.0,2.88
S3_reappro_100,MAT011-80010002,MATERIEL_ELEVAGE,Mbouda,Ouest,2027-08-01,8,2027,0.0,0.0,0.0,0.03
S3_reappro_100,MAT014-80010003,MATERIEL_ELEVAGE,Djeleng,Ouest,2027-08-01,8,2027,0.0,0.0,0.0,0.71
S3_reappro_100,MAT014-80010003,MATERIEL_ELEVAGE,Famla,Ouest,2027-08-01,8,2027,0.0,0.0,0.0,3.18
S3_reappro_100,MAT014-80010003,MATERIEL_ELEVAGE,Mbouda,Ouest,2027-08-01,8,2027,0.0,0.0,0.0,0.25
S3_reappro_100,MAT017,MATERIEL_ELEVAGE,Famla,Ouest,2027-08-01,8,2027,0.0,0.0,0.0,0.23
S3_reappro_100,MAT020,MATERIEL_ELEVAGE,Famla,Ouest,2027-08-01,8,2027,0.0,0.0,0.0,0.03
S3_reappro_100,MAT020,MATERIEL_ELEVAGE,Mbouda,Ouest,2027-08-01,8,2027,0.0,0.0,0.0,0.01
S3_reappro_100,MAT039,MATERIEL_ELEVAGE,Djeleng,Ouest,2027-08-01,8,2027,0.0,0.0,0.0,0.06
S3_reappro_100,MAT039,MATERIEL_ELEVAGE,Famla,Ouest,2027-08-01,8,2027,0.0,0.0,0.0,0.0
S3_reappro_100,MAT039,MATERIEL_ELEVAGE,Mbouda,Ouest,2027-08-01,8,2027,0.0,0.0,0.0,0.04
S3_reappro_100,MAT042,MATERIEL_ELEVAGE,Djeleng,Ouest,2027-08-01,8,2027,0.0,0.0,0.0,0.03
S3_reappro_100,MAT042,MATERIEL_ELEVAGE,Famla,Ouest,2027-08-01,8,2027,0.0,0.0,0.0,0.15
S3_reappro_100,MAT042,MATERIEL_ELEVAGE,Mbouda,Ouest,2027-08-01,8,2027,0.0,0.0,0.0,0.02
S3_reappro_100,MAT049,MATERIEL_ELEVAGE,Djeleng,Ouest,2027-08-01,8,2027,0.0,0.0,0.0,0.07
S3_reappro_100,MAT054,MATERIEL_ELEVAGE,Famla,Ouest,2027-08-01,8,2027,0.0,0.0,0.0,0.01
S3_reappro_100,MAT054,MATERIEL_ELEVAGE,Mbouda,Ouest,2027-08-01,8,2027,0.0,0.0,0.0,0.0
S3_reappro_100,MAT055,MATERIEL_ELEVAGE,Famla,Ouest,2027-08-01,8,2027,0.0,0.0,0.0,0.0
S3_reappro_100,MAT055,MATERIEL_ELEVAGE,Mbouda,Ouest,2027-08-01,8,2027,0.0,0.0,0.0,0.0
S3_reappro_100,MAT073,MATERIEL_ELEVAGE,Famla,Ouest,2027-08-01,8,2027,0.0,0.0,0.0,0.0
S3_reappro_100,MAT003,MATERIEL_ELEVAGE,Djeleng,Ouest,2027-09-01,9,2027,0.0,0.0,0.0,0.36
S3_reappro_100,MAT003,MATERIEL_ELEVAGE,Famla,Ouest,2027-09-01,9,2027,0.0,0.0,0.0,0.22
S3_reappro_100,MAT003,MATERIEL_ELEVAGE,Mbouda,Ouest,2027-09-01,9,2027,0.0,0.0,0.0,0.16
S3_reappro_100,MAT004,MATERIEL_ELEVAGE,Djeleng,Ouest,2027-09-01,9,2027,0.0,0.0,0.0,0.0
S3_reappro_100,MAT005,MATERIEL_ELEVAGE,Djeleng,Ouest,2027-09-01,9,2027,0.0,0.0,0.0,0.0
S3_reappro_100,MAT005,MATERIEL_ELEVAGE,Famla,Ouest,2027-09-01,9,2027,0.0,0.0,0.0,0.0
S3_reappro_100,MAT006,MATERIEL_ELEVAGE,Famla,Ouest,2027-09-01,9,2027,0.0,0.0,0.0,0.01
S3_reappro_100,MAT007,MATERIEL_ELEVAGE,Djeleng,Ouest,2027-09-01,9,2027,0.0,0.0,0.0,0.0
S3_reappro_100,MAT008,MATERIEL_ELEVAGE,Djeleng,Ouest,2027-09-01,9,2027,0.0,0.0,0.0,0.0
S3_reappro_100,MAT009,MATERIEL_ELEVAGE,Mbouda,Ouest,2027-09-01,9,2027,0.0,0.0,0.0,0.0
S3_reappro_100,MAT011-80010002,MATERIEL_ELEVAGE,Djeleng,Ouest,2027-09-01,9,2027,0.0,0.0,0.0,0.37
S3_reappro_100,MAT011-80010002,MATERIEL_ELEVAGE,Famla,Ouest,2027-09-01,9,2027,0.0,0.0,0.0,2.88
S3_reappro_100,MAT011-80010002,MATERIEL_ELEVAGE,Mbouda,Ouest,2027-09-01,9,2027,0.0,0.0,0.0,0.03
S3_reappro_100,MAT014-80010003,MATERIEL_ELEVAGE,Djeleng,Ouest,2027-09-01,9,2027,0.0,0.0,0.0,0.71
S3_reappro_100,MAT014-80010003,MATERIEL_ELEVAGE,Famla,Ouest,2027-09-01,9,2027,0.0,0.0,0.0,3.18
S3_reappro_100,MAT014-80010003,MATERIEL_ELEVAGE,Mbouda,Ouest,2027-09-01,9,2027,0.0,0.0,0.0,0.25
S3_reappro_100,MAT017,MATERIEL_ELEVAGE,Famla,Ouest,2027-09-01,9,2027,0.0,0.0,0.0,0.23
S3_reappro_100,MAT020,MATERIEL_ELEVAGE,Famla,Ouest,2027-09-01,9,2027,0.0,0.0,0.0,0.03
S3_reappro_100,MAT020,MATERIEL_ELEVAGE,Mbouda,Ouest,2027-09-01,9,2027,0.0,0.0,0.0,0.01
S3_reappro_100,MAT039,MATERIEL_ELEVAGE,Djeleng,Ouest,2027-09-01,9,2027,0.0,0.0,0.0,0.06
S3_reappro_100,MAT039,MATERIEL_ELEVAGE,Famla,Ouest,2027-09-01,9,2027,0.0,0.0,0.0,0.0
S3_reappro_100,MAT039,MATERIEL_ELEVAGE,Mbouda,Ouest,2027-09-01,9,2027,0.0,0.0,0.0,0.04
S3_reappro_100,MAT042,MATERIEL_ELEVAGE,Djeleng,Ouest,2027-09-01,9,2027,0.0,0.0,0.0,0.03
S3_reappro_100,MAT042,MATERIEL_ELEVAGE,Famla,Ouest,2027-09-01,9,2027,0.0,0.0,0.0,0.15
S3_reappro_100,MAT042,MATERIEL_ELEVAGE,Mbouda,Ouest,2027-09-01,9,2027,0.0,0.0,0.0,0.02
S3_reappro_100,MAT049,MATERIEL_ELEVAGE,Djeleng,Ouest,2027-09-01,9,2027,0.0,0.0,0.0,0.07
S3_reappro_100,MAT054,MATERIEL_ELEVAGE,Famla,Ouest,2027-09-01,9,2027,0.0,0.0,0.0,0.01
S3_reappro_100,MAT054,MATERIEL_ELEVAGE,Mbouda,Ouest,2027-09-01,9,2027,0.0,0.0,0.0,0.0
S3_reappro_100,MAT055,MATERIEL_ELEVAGE,Famla,Ouest,2027-09-01,9,2027,0.0,0.0,0.0,0.0
S3_reappro_100,MAT055,MATERIEL_ELEVAGE,Mbouda,Ouest,2027-09-01,9,2027,0.0,0.0,0.0,0.0
S3_reappro_100,MAT073,MATERIEL_ELEVAGE,Famla,Ouest,2027-09-01,9,2027,0.0,0.0,0.0,0.0
S3_reappro_100,MAT003,MATERIEL_ELEVAGE,Djeleng,Ouest,2027-10-01,10,2027,0.0,0.0,0.0,0.36
S3_reappro_100,MAT003,MATERIEL_ELEVAGE,Famla,Ouest,2027-10-01,10,2027,0.0,0.0,0.0,0.22
S3_reappro_100,MAT003,MATERIEL_ELEVAGE,Mbouda,Ouest,2027-10-01,10,2027,0.0,0.0,0.0,0.16
S3_reappro_100,MAT004,MATERIEL_ELEVAGE,Djeleng,Ouest,2027-10-01,10,2027,0.0,0.0,0.0,0.0
S3_reappro_100,MAT005,MATERIEL_ELEVAGE,Djeleng,Ouest,2027-10-01,10,2027,0.0,0.0,0.0,0.0
S3_reappro_100,MAT005,MATERIEL_ELEVAGE,Famla,Ouest,2027-10-01,10,2027,0.0,0.0,0.0,0.0
S3_reappro_100,MAT006,MATERIEL_ELEVAGE,Famla,Ouest,2027-10-01,10,2027,0.0,0.0,0.0,0.01
S3_reappro_100,MAT007,MATERIEL_ELEVAGE,Djeleng,Ouest,2027-10-01,10,2027,0.0,0.0,0.0,0.0
S3_reappro_100,MAT008,MATERIEL_ELEVAGE,Djeleng,Ouest,2027-10-01,10,2027,0.0,0.0,0.0,0.0
S3_reappro_100,MAT009,MATERIEL_ELEVAGE,Mbouda,Ouest,2027-10-01,10,2027,0.0,0.0,0.0,0.0
S3_reappro_100,MAT011-80010002,MATERIEL_ELEVAGE,Djeleng,Ouest,2027-10-01,10,2027,0.0,0.0,0.0,0.37
S3_reappro_100,MAT011-80010002,MATERIEL_ELEVAGE,Famla,Ouest,2027-10-01,10,2027,0.0,0.0,0.0,2.88
S3_reappro_100,MAT011-80010002,MATERIEL_ELEVAGE,Mbouda,Ouest,2027-10-01,10,2027,0.0,0.0,0.0,0.03
S3_reappro_100,MAT014-80010003,MATERIEL_ELEVAGE,Djeleng,Ouest,2027-10-01,10,2027,0.0,0.0,0.0,0.71
S3_reappro_100,MAT014-80010003,MATERIEL_ELEVAGE,Famla,Ouest,2027-10-01,10,2027,0.0,0.0,0.0,3.18
S3_reappro_100,MAT014-80010003,MATERIEL_ELEVAGE,Mbouda,Ouest,2027-10-01,10,2027,0.0,0.0,0.0,0.25
S3_reappro_100,MAT017,MATERIEL_ELEVAGE,Famla,Ouest,2027-10-01,10,2027,0.0,0.0,0.0,0.23
S3_reappro_100,MAT020,MATERIEL_ELEVAGE,Famla,Ouest,2027-10-01,10,2027,0.0,0.0,0.0,0.03
S3_reappro_100,MAT020,MATERIEL_ELEVAGE,Mbouda,Ouest,2027-10-01,10,2027,0.0,0.0,0.0,0.01
S3_reappro_100,MAT039,MATERIEL_ELEVAGE,Djeleng,Ouest,2027-10-01,10,2027,0.0,0.0,0.0,0.06
S3_reappro_100,MAT039,MATERIEL_ELEVAGE,Famla,Ouest,2027-10-01,10,2027,0.0,0.0,0.0,0.0
S3_reappro_100,MAT039,MATERIEL_ELEVAGE,Mbouda,Ouest,2027-10-01,10,2027,0.0,0.0,0.0,0.04
S3_reappro_100,MAT042,MATERIEL_ELEVAGE,Djeleng,Ouest,2027-10-01,10,2027,0.0,0.0,0.0,0.03
S3_reappro_100,MAT042,MATERIEL_ELEVAGE,Famla,Ouest,2027-10-01,10,2027,0.0,0.0,0.0,0.15
S3_reappro_100,MAT042,MATERIEL_ELEVAGE,Mbouda,Ouest,2027-10-01,10,2027,0.0,0.0,0.0,0.02
S3_reappro_100,MAT049,MATERIEL_ELEVAGE,Djeleng,Ouest,2027-10-01,10,2027,0.0,0.0,0.0,0.07
S3_reappro_100,MAT054,MATERIEL_ELEVAGE,Famla,Ouest,2027-10-01,10,2027,0.0,0.0,0.0,0.01
S3_reappro_100,MAT054,MATERIEL_ELEVAGE,Mbouda,Ouest,2027-10-01,10,2027,0.0,0.0,0.0,0.0
S3_reappro_100,MAT055,MATERIEL_ELEVAGE,Famla,Ouest,2027-10-01,10,2027,0.0,0.0,0.0,0.0
S3_reappro_100,MAT055,MATERIEL_ELEVAGE,Mbouda,Ouest,2027-10-01,10,2027,0.0,0.0,0.0,0.0
S3_reappro_100,MAT073,MATERIEL_ELEVAGE,Famla,Ouest,2027-10-01,10,2027,0.0,0.0,0.0,0.0
S3_reappro_100,MAT003,MATERIEL_ELEVAGE,Djeleng,Ouest,2027-11-01,11,2027,0.0,0.0,0.0,0.36
S3_reappro_100,MAT003,MATERIEL_ELEVAGE,Famla,Ouest,2027-11-01,11,2027,0.0,0.0,0.0,0.22
S3_reappro_100,MAT003,MATERIEL_ELEVAGE,Mbouda,Ouest,2027-11-01,11,2027,0.0,0.0,0.0,0.16
S3_reappro_100,MAT004,MATERIEL_ELEVAGE,Djeleng,Ouest,2027-11-01,11,2027,0.0,0.0,0.0,0.0
S3_reappro_100,MAT005,MATERIEL_ELEVAGE,Djeleng,Ouest,2027-11-01,11,2027,0.0,0.0,0.0,0.0
S3_reappro_100,MAT005,MATERIEL_ELEVAGE,Famla,Ouest,2027-11-01,11,2027,0.0,0.0,0.0,0.0
S3_reappro_100,MAT006,MATERIEL_ELEVAGE,Famla,Ouest,2027-11-01,11,2027,0.0,0.0,0.0,0.01
S3_reappro_100,MAT007,MATERIEL_ELEVAGE,Djeleng,Ouest,2027-11-01,11,2027,0.0,0.0,0.0,0.0
S3_reappro_100,MAT008,MATERIEL_ELEVAGE,Djeleng,Ouest,2027-11-01,11,2027,0.0,0.0,0.0,0.0
S3_reappro_100,MAT009,MATERIEL_ELEVAGE,Mbouda,Ouest,2027-11-01,11,2027,0.0,0.0,0.0,0.0
S3_reappro_100,MAT011-80010002,MATERIEL_ELEVAGE,Djeleng,Ouest,2027-11-01,11,2027,0.0,0.0,0.0,0.37
S3_reappro_100,MAT011-80010002,MATERIEL_ELEVAGE,Famla,Ouest,2027-11-01,11,2027,0.0,0.0,0.0,2.88
S3_reappro_100,MAT011-80010002,MATERIEL_ELEVAGE,Mbouda,Ouest,2027-11-01,11,2027,0.0,0.0,0.0,0.03
S3_reappro_100,MAT014-80010003,MATERIEL_ELEVAGE,Djeleng,Ouest,2027-11-01,11,2027,0.0,0.0,0.0,0.71
S3_reappro_100,MAT014-80010003,MATERIEL_ELEVAGE,Famla,Ouest,2027-11-01,11,2027,0.0,0.0,0.0,3.18
S3_reappro_100,MAT014-80010003,MATERIEL_ELEVAGE,Mbouda,Ouest,2027-11-01,11,2027,0.0,0.0,0.0,0.25
S3_reappro_100,MAT017,MATERIEL_ELEVAGE,Famla,Ouest,2027-11-01,11,2027,0.0,0.0,0.0,0.23
S3_reappro_100,MAT020,MATERIEL_ELEVAGE,Famla,Ouest,2027-11-01,11,2027,0.0,0.0,0.0,0.03
S3_reappro_100,MAT020,MATERIEL_ELEVAGE,Mbouda,Ouest,2027-11-01,11,2027,0.0,0.0,0.0,0.01
S3_reappro_100,MAT039,MATERIEL_ELEVAGE,Djeleng,Ouest,2027-11-01,11,2027,0.0,0.0,0.0,0.06
S3_reappro_100,MAT039,MATERIEL_ELEVAGE,Famla,Ouest,2027-11-01,11,2027,0.0,0.0,0.0,0.0
S3_reappro_100,MAT039,MATERIEL_ELEVAGE,Mbouda,Ouest,2027-11-01,11,2027,0.0,0.0,0.0,0.04
S3_reappro_100,MAT042,MATERIEL_ELEVAGE,Djeleng,Ouest,2027-11-01,11,2027,0.0,0.0,0.0,0.03
S3_reappro_100,MAT042,MATERIEL_ELEVAGE,Famla,Ouest,2027-11-01,11,2027,0.0,0.0,0.0,0.15
S3_reappro_100,MAT042,MATERIEL_ELEVAGE,Mbouda,Ouest,2027-11-01,11,2027,0.0,0.0,0.0,0.02
S3_reappro_100,MAT049,MATERIEL_ELEVAGE,Djeleng,Ouest,2027-11-01,11,2027,0.0,0.0,0.0,0.07
S3_reappro_100,MAT054,MATERIEL_ELEVAGE,Famla,Ouest,2027-11-01,11,2027,0.0,0.0,0.0,0.01
S3_reappro_100,MAT054,MATERIEL_ELEVAGE,Mbouda,Ouest,2027-11-01,11,2027,0.0,0.0,0.0,0.0
S3_reappro_100,MAT055,MATERIEL_ELEVAGE,Famla,Ouest,2027-11-01,11,2027,0.0,0.0,0.0,0.0
S3_reappro_100,MAT055,MATERIEL_ELEVAGE,Mbouda,Ouest,2027-11-01,11,2027,0.0,0.0,0.0,0.0
S3_reappro_100,MAT073,MATERIEL_ELEVAGE,Famla,Ouest,2027-11-01,11,2027,0.0,0.0,0.0,0.0
S3_reappro_100,MAT003,MATERIEL_ELEVAGE,Djeleng,Ouest,2027-12-01,12,2027,0.0,0.0,0.0,0.36
S3_reappro_100,MAT003,MATERIEL_ELEVAGE,Famla,Ouest,2027-12-01,12,2027,0.0,0.0,0.0,0.22
S3_reappro_100,MAT003,MATERIEL_ELEVAGE,Mbouda,Ouest,2027-12-01,12,2027,0.0,0.0,0.0,0.16
S3_reappro_100,MAT004,MATERIEL_ELEVAGE,Djeleng,Ouest,2027-12-01,12,2027,0.0,0.0,0.0,0.0
S3_reappro_100,MAT005,MATERIEL_ELEVAGE,Djeleng,Ouest,2027-12-01,12,2027,0.0,0.0,0.0,0.0
S3_reappro_100,MAT005,MATERIEL_ELEVAGE,Famla,Ouest,2027-12-01,12,2027,0.0,0.0,0.0,0.0
S3_reappro_100,MAT006,MATERIEL_ELEVAGE,Famla,Ouest,2027-12-01,12,2027,0.0,0.0,0.0,0.01
S3_reappro_100,MAT007,MATERIEL_ELEVAGE,Djeleng,Ouest,2027-12-01,12,2027,0.0,0.0,0.0,0.0
S3_reappro_100,MAT008,MATERIEL_ELEVAGE,Djeleng,Ouest,2027-12-01,12,2027,0.0,0.0,0.0,0.0
S3_reappro_100,MAT009,MATERIEL_ELEVAGE,Mbouda,Ouest,2027-12-01,12,2027,0.0,0.0,0.0,0.0
S3_reappro_100,MAT011-80010002,MATERIEL_ELEVAGE,Djeleng,Ouest,2027-12-01,12,2027,0.0,0.0,0.0,0.37
S3_reappro_100,MAT011-80010002,MATERIEL_ELEVAGE,Famla,Ouest,2027-12-01,12,2027,0.0,0.0,0.0,2.88
S3_reappro_100,MAT011-80010002,MATERIEL_ELEVAGE,Mbouda,Ouest,2027-12-01,12,2027,0.0,0.0,0.0,0.03
S3_reappro_100,MAT014-80010003,MATERIEL_ELEVAGE,Djeleng,Ouest,2027-12-01,12,2027,0.0,0.0,0.0,0.71
S3_reappro_100,MAT014-80010003,MATERIEL_ELEVAGE,Famla,Ouest,2027-12-01,12,2027,0.0,0.0,0.0,3.18
S3_reappro_100,MAT014-80010003,MATERIEL_ELEVAGE,Mbouda,Ouest,2027-12-01,12,2027,0.0,0.0,0.0,0.25
S3_reappro_100,MAT017,MATERIEL_ELEVAGE,Famla,Ouest,2027-12-01,12,2027,0.0,0.0,0.0,0.23
S3_reappro_100,MAT020,MATERIEL_ELEVAGE,Famla,Ouest,2027-12-01,12,2027,0.0,0.0,0.0,0.03
S3_reappro_100,MAT020,MATERIEL_ELEVAGE,Mbouda,Ouest,2027-12-01,12,2027,0.0,0.0,0.0,0.01
S3_reappro_100,MAT039,MATERIEL_ELEVAGE,Djeleng,Ouest,2027-12-01,12,2027,0.0,0.0,0.0,0.06
S3_reappro_100,MAT039,MATERIEL_ELEVAGE,Famla,Ouest,2027-12-01,12,2027,0.0,0.0,0.0,0.0
S3_reappro_100,MAT039,MATERIEL_ELEVAGE,Mbouda,Ouest,2027-12-01,12,2027,0.0,0.0,0.0,0.04
S3_reappro_100,MAT042,MATERIEL_ELEVAGE,Djeleng,Ouest,2027-12-01,12,2027,0.0,0.0,0.0,0.03
S3_reappro_100,MAT042,MATERIEL_ELEVAGE,Famla,Ouest,2027-12-01,12,2027,0.0,0.0,0.0,0.15
S3_reappro_100,MAT042,MATERIEL_ELEVAGE,Mbouda,Ouest,2027-12-01,12,2027,0.0,0.0,0.0,0.02
S3_reappro_100,MAT049,MATERIEL_ELEVAGE,Djeleng,Ouest,2027-12-01,12,2027,0.0,0.0,0.0,0.07
S3_reappro_100,MAT054,MATERIEL_ELEVAGE,Famla,Ouest,2027-12-01,12,2027,0.0,0.0,0.0,0.01
S3_reappro_100,MAT054,MATERIEL_ELEVAGE,Mbouda,Ouest,2027-12-01,12,2027,0.0,0.0,0.0,0.0
S3_reappro_100,MAT055,MATERIEL_ELEVAGE,Famla,Ouest,2027-12-01,12,2027,0.0,0.0,0.0,0.0
S3_reappro_100,MAT055,MATERIEL_ELEVAGE,Mbouda,Ouest,2027-12-01,12,2027,0.0,0.0,0.0,0.0
S3_reappro_100,MAT073,MATERIEL_ELEVAGE,Famla,Ouest,2027-12-01,12,2027,0.0,0.0,0.0,0.0
S3_reappro_100,P102N2,PREMIX,Ahala,Centre,2027-01-01,1,2027,0.0,0.0,0.0,0.52
S3_reappro_100,P102N2,PREMIX,Bertoua,Centre,2027-01-01,1,2027,0.0,0.0,0.0,0.7
S3_reappro_100,P102N2,PREMIX,Messassi,Centre,2027-01-01,1,2027,0.0,0.0,0.0,0.84
S3_reappro_100,P102N2,PREMIX,Ngaoundere,Centre,2027-01-01,1,2027,0.0,0.0,0.0,0.3
S3_reappro_100,P102N2,PREMIX,Nkoabang,Centre,2027-01-01,1,2027,0.0,0.0,0.0,0.48
S3_reappro_100,P102N2,PREMIX,Nkolbisson,Centre,2027-01-01,1,2027,0.0,0.0,0.0,0.03
S3_reappro_100,P104N2,PREMIX,Ahala,Centre,2027-01-01,1,2027,0.0,0.0,0.0,0.13
S3_reappro_100,P104N2,PREMIX,Bertoua,Centre,2027-01-01,1,2027,0.0,0.0,0.0,0.34
S3_reappro_100,P104N2,PREMIX,Messassi,Centre,2027-01-01,1,2027,0.0,0.0,0.0,0.1
S3_reappro_100,P104N2,PREMIX,Ngaoundere,Centre,2027-01-01,1,2027,0.0,0.0,0.0,0.08
S3_reappro_100,P104N2,PREMIX,Nkoabang,Centre,2027-01-01,1,2027,0.0,0.0,0.0,0.08
S3_reappro_100,P102N2,PREMIX,Ahala,Centre,2027-02-01,2,2027,0.0,0.0,0.0,0.52
S3_reappro_100,P102N2,PREMIX,Bertoua,Centre,2027-02-01,2,2027,0.0,0.0,0.0,0.7
S3_reappro_100,P102N2,PREMIX,Messassi,Centre,2027-02-01,2,2027,0.0,0.0,0.0,0.84
S3_reappro_100,P102N2,PREMIX,Ngaoundere,Centre,2027-02-01,2,2027,0.0,0.0,0.0,0.3
S3_reappro_100,P102N2,PREMIX,Nkoabang,Centre,2027-02-01,2,2027,0.0,0.0,0.0,0.48
S3_reappro_100,P102N2,PREMIX,Nkolbisson,Centre,2027-02-01,2,2027,0.0,0.0,0.0,0.03
S3_reappro_100,P104N2,PREMIX,Ahala,Centre,2027-02-01,2,2027,0.0,0.0,0.0,0.13
S3_reappro_100,P104N2,PREMIX,Bertoua,Centre,2027-02-01,2,2027,0.0,0.0,0.0,0.34
S3_reappro_100,P104N2,PREMIX,Messassi,Centre,2027-02-01,2,2027,0.0,0.0,0.0,0.1
S3_reappro_100,P104N2,PREMIX,Ngaoundere,Centre,2027-02-01,2,2027,0.0,0.0,0.0,0.08
S3_reappro_100,P104N2,PREMIX,Nkoabang,Centre,2027-02-01,2,2027,0.0,0.0,0.0,0.08
S3_reappro_100,P102N2,PREMIX,Ahala,Centre,2027-03-01,3,2027,0.0,0.0,0.0,0.52
S3_reappro_100,P102N2,PREMIX,Bertoua,Centre,2027-03-01,3,2027,0.0,0.0,0.0,0.7
S3_reappro_100,P102N2,PREMIX,Messassi,Centre,2027-03-01,3,2027,0.0,0.0,0.0,0.84
S3_reappro_100,P102N2,PREMIX,Ngaoundere,Centre,2027-03-01,3,2027,0.0,0.0,0.0,0.3
S3_reappro_100,P102N2,PREMIX,Nkoabang,Centre,2027-03-01,3,2027,0.0,0.0,0.0,0.48
S3_reappro_100,P102N2,PREMIX,Nkolbisson,Centre,2027-03-01,3,2027,0.0,0.0,0.0,0.03
S3_reappro_100,P104N2,PREMIX,Ahala,Centre,2027-03-01,3,2027,0.0,0.0,0.0,0.13
S3_reappro_100,P104N2,PREMIX,Bertoua,Centre,2027-03-01,3,2027,0.0,0.0,0.0,0.34
S3_reappro_100,P104N2,PREMIX,Messassi,Centre,2027-03-01,3,2027,0.0,0.0,0.0,0.1
S3_reappro_100,P104N2,PREMIX,Ngaoundere,Centre,2027-03-01,3,2027,0.0,0.0,0.0,0.08
S3_reappro_100,P104N2,PREMIX,Nkoabang,Centre,2027-03-01,3,2027,0.0,0.0,0.0,0.08
S3_reappro_100,P102N2,PREMIX,Ahala,Centre,2027-04-01,4,2027,0.0,0.0,0.0,0.52
S3_reappro_100,P102N2,PREMIX,Bertoua,Centre,2027-04-01,4,2027,0.0,0.0,0.0,0.7
S3_reappro_100,P102N2,PREMIX,Messassi,Centre,2027-04-01,4,2027,0.0,0.0,0.0,0.84
S3_reappro_100,P102N2,PREMIX,Ngaoundere,Centre,2027-04-01,4,2027,0.0,0.0,0.0,0.3
S3_reappro_100,P102N2,PREMIX,Nkoabang,Centre,2027-04-01,4,2027,0.0,0.0,0.0,0.48
S3_reappro_100,P102N2,PREMIX,Nkolbisson,Centre,2027-04-01,4,2027,0.0,0.0,0.0,0.03
S3_reappro_100,P104N2,PREMIX,Ahala,Centre,2027-04-01,4,2027,0.0,0.0,0.0,0.13
S3_reappro_100,P104N2,PREMIX,Bertoua,Centre,2027-04-01,4,2027,0.0,0.0,0.0,0.34
S3_reappro_100,P104N2,PREMIX,Messassi,Centre,2027-04-01,4,2027,0.0,0.0,0.0,0.1
S3_reappro_100,P104N2,PREMIX,Ngaoundere,Centre,2027-04-01,4,2027,0.0,0.0,0.0,0.08
S3_reappro_100,P104N2,PREMIX,Nkoabang,Centre,2027-04-01,4,2027,0.0,0.0,0.0,0.08
S3_reappro_100,P102N2,PREMIX,Ahala,Centre,2027-05-01,5,2027,0.0,0.0,0.0,0.52
S3_reappro_100,P102N2,PREMIX,Bertoua,Centre,2027-05-01,5,2027,0.0,0.0,0.0,0.7
S3_reappro_100,P102N2,PREMIX,Messassi,Centre,2027-05-01,5,2027,0.0,0.0,0.0,0.84
S3_reappro_100,P102N2,PREMIX,Ngaoundere,Centre,2027-05-01,5,2027,0.0,0.0,0.0,0.3
S3_reappro_100,P102N2,PREMIX,Nkoabang,Centre,2027-05-01,5,2027,0.0,0.0,0.0,0.48
S3_reappro_100,P102N2,PREMIX,Nkolbisson,Centre,2027-05-01,5,2027,0.0,0.0,0.0,0.03
S3_reappro_100,P104N2,PREMIX,Ahala,Centre,2027-05-01,5,2027,0.0,0.0,0.0,0.13
S3_reappro_100,P104N2,PREMIX,Bertoua,Centre,2027-05-01,5,2027,0.0,0.0,0.0,0.34
S3_reappro_100,P104N2,PREMIX,Messassi,Centre,2027-05-01,5,2027,0.0,0.0,0.0,0.1
S3_reappro_100,P104N2,PREMIX,Ngaoundere,Centre,2027-05-01,5,2027,0.0,0.0,0.0,0.08
S3_reappro_100,P104N2,PREMIX,Nkoabang,Centre,2027-05-01,5,2027,0.0,0.0,0.0,0.08
S3_reappro_100,P102N2,PREMIX,Ahala,Centre,2027-06-01,6,2027,0.0,0.0,0.0,0.52
S3_reappro_100,P102N2,PREMIX,Bertoua,Centre,2027-06-01,6,2027,0.0,0.0,0.0,0.7
S3_reappro_100,P102N2,PREMIX,Messassi,Centre,2027-06-01,6,2027,0.0,0.0,0.0,0.84
S3_reappro_100,P102N2,PREMIX,Ngaoundere,Centre,2027-06-01,6,2027,0.0,0.0,0.0,0.3
S3_reappro_100,P102N2,PREMIX,Nkoabang,Centre,2027-06-01,6,2027,0.0,0.0,0.0,0.48
S3_reappro_100,P102N2,PREMIX,Nkolbisson,Centre,2027-06-01,6,2027,0.0,0.0,0.0,0.03
S3_reappro_100,P104N2,PREMIX,Ahala,Centre,2027-06-01,6,2027,0.0,0.0,0.0,0.13
S3_reappro_100,P104N2,PREMIX,Bertoua,Centre,2027-06-01,6,2027,0.0,0.0,0.0,0.34
S3_reappro_100,P104N2,PREMIX,Messassi,Centre,2027-06-01,6,2027,0.0,0.0,0.0,0.1
S3_reappro_100,P104N2,PREMIX,Ngaoundere,Centre,2027-06-01,6,2027,0.0,0.0,0.0,0.08
S3_reappro_100,P104N2,PREMIX,Nkoabang,Centre,2027-06-01,6,2027,0.0,0.0,0.0,0.08
S3_reappro_100,P102N2,PREMIX,Ahala,Centre,2027-07-01,7,2027,0.0,0.0,0.0,0.52
S3_reappro_100,P102N2,PREMIX,Bertoua,Centre,2027-07-01,7,2027,0.0,0.0,0.0,0.7
S3_reappro_100,P102N2,PREMIX,Messassi,Centre,2027-07-01,7,2027,0.0,0.0,0.0,0.84
S3_reappro_100,P102N2,PREMIX,Ngaoundere,Centre,2027-07-01,7,2027,0.0,0.0,0.0,0.3
S3_reappro_100,P102N2,PREMIX,Nkoabang,Centre,2027-07-01,7,2027,0.0,0.0,0.0,0.48
S3_reappro_100,P102N2,PREMIX,Nkolbisson,Centre,2027-07-01,7,2027,0.0,0.0,0.0,0.03
S3_reappro_100,P104N2,PREMIX,Ahala,Centre,2027-07-01,7,2027,0.0,0.0,0.0,0.13
S3_reappro_100,P104N2,PREMIX,Bertoua,Centre,2027-07-01,7,2027,0.0,0.0,0.0,0.34
S3_reappro_100,P104N2,PREMIX,Messassi,Centre,2027-07-01,7,2027,0.0,0.0,0.0,0.1
S3_reappro_100,P104N2,PREMIX,Ngaoundere,Centre,2027-07-01,7,2027,0.0,0.0,0.0,0.08
S3_reappro_100,P104N2,PREMIX,Nkoabang,Centre,2027-07-01,7,2027,0.0,0.0,0.0,0.08
S3_reappro_100,P102N2,PREMIX,Ahala,Centre,2027-08-01,8,2027,0.0,0.0,0.0,0.52
S3_reappro_100,P102N2,PREMIX,Bertoua,Centre,2027-08-01,8,2027,0.0,0.0,0.0,0.7
S3_reappro_100,P102N2,PREMIX,Messassi,Centre,2027-08-01,8,2027,0.0,0.0,0.0,0.84
S3_reappro_100,P102N2,PREMIX,Ngaoundere,Centre,2027-08-01,8,2027,0.0,0.0,0.0,0.3
S3_reappro_100,P102N2,PREMIX,Nkoabang,Centre,2027-08-01,8,2027,0.0,0.0,0.0,0.48
S3_reappro_100,P102N2,PREMIX,Nkolbisson,Centre,2027-08-01,8,2027,0.0,0.0,0.0,0.03
S3_reappro_100,P104N2,PREMIX,Ahala,Centre,2027-08-01,8,2027,0.0,0.0,0.0,0.13
S3_reappro_100,P104N2,PREMIX,Bertoua,Centre,2027-08-01,8,2027,0.0,0.0,0.0,0.34
S3_reappro_100,P104N2,PREMIX,Messassi,Centre,2027-08-01,8,2027,0.0,0.0,0.0,0.1
S3_reappro_100,P104N2,PREMIX,Ngaoundere,Centre,2027-08-01,8,2027,0.0,0.0,0.0,0.08
S3_reappro_100,P104N2,PREMIX,Nkoabang,Centre,2027-08-01,8,2027,0.0,0.0,0.0,0.08
S3_reappro_100,P102N2,PREMIX,Ahala,Centre,2027-09-01,9,2027,0.0,0.0,0.0,0.52
S3_reappro_100,P102N2,PREMIX,Bertoua,Centre,2027-09-01,9,2027,0.0,0.0,0.0,0.7
S3_reappro_100,P102N2,PREMIX,Messassi,Centre,2027-09-01,9,2027,0.0,0.0,0.0,0.84
S3_reappro_100,P102N2,PREMIX,Ngaoundere,Centre,2027-09-01,9,2027,0.0,0.0,0.0,0.3
S3_reappro_100,P102N2,PREMIX,Nkoabang,Centre,2027-09-01,9,2027,0.0,0.0,0.0,0.48
S3_reappro_100,P102N2,PREMIX,Nkolbisson,Centre,2027-09-01,9,2027,0.0,0.0,0.0,0.03
S3_reappro_100,P104N2,PREMIX,Ahala,Centre,2027-09-01,9,2027,0.0,0.0,0.0,0.13
S3_reappro_100,P104N2,PREMIX,Bertoua,Centre,2027-09-01,9,2027,0.0,0.0,0.0,0.34
S3_reappro_100,P104N2,PREMIX,Messassi,Centre,2027-09-01,9,2027,0.0,0.0,0.0,0.1
S3_reappro_100,P104N2,PREMIX,Ngaoundere,Centre,2027-09-01,9,2027,0.0,0.0,0.0,0.08
S3_reappro_100,P104N2,PREMIX,Nkoabang,Centre,2027-09-01,9,2027,0.0,0.0,0.0,0.08
S3_reappro_100,P102N2,PREMIX,Ahala,Centre,2027-10-01,10,2027,0.0,0.0,0.0,0.52
S3_reappro_100,P102N2,PREMIX,Bertoua,Centre,2027-10-01,10,2027,0.0,0.0,0.0,0.7
S3_reappro_100,P102N2,PREMIX,Messassi,Centre,2027-10-01,10,2027,0.0,0.0,0.0,0.84
S3_reappro_100,P102N2,PREMIX,Ngaoundere,Centre,2027-10-01,10,2027,0.0,0.0,0.0,0.3
S3_reappro_100,P102N2,PREMIX,Nkoabang,Centre,2027-10-01,10,2027,0.0,0.0,0.0,0.48
S3_reappro_100,P102N2,PREMIX,Nkolbisson,Centre,2027-10-01,10,2027,0.0,0.0,0.0,0.03
S3_reappro_100,P104N2,PREMIX,Ahala,Centre,2027-10-01,10,2027,0.0,0.0,0.0,0.13
S3_reappro_100,P104N2,PREMIX,Bertoua,Centre,2027-10-01,10,2027,0.0,0.0,0.0,0.34
S3_reappro_100,P104N2,PREMIX,Messassi,Centre,2027-10-01,10,2027,0.0,0.0,0.0,0.1
S3_reappro_100,P104N2,PREMIX,Ngaoundere,Centre,2027-10-01,10,2027,0.0,0.0,0.0,0.08
S3_reappro_100,P104N2,PREMIX,Nkoabang,Centre,2027-10-01,10,2027,0.0,0.0,0.0,0.08
S3_reappro_100,P102N2,PREMIX,Ahala,Centre,2027-11-01,11,2027,0.0,0.0,0.0,0.52
S3_reappro_100,P102N2,PREMIX,Bertoua,Centre,2027-11-01,11,2027,0.0,0.0,0.0,0.7
S3_reappro_100,P102N2,PREMIX,Messassi,Centre,2027-11-01,11,2027,0.0,0.0,0.0,0.84
S3_reappro_100,P102N2,PREMIX,Ngaoundere,Centre,2027-11-01,11,2027,0.0,0.0,0.0,0.3
S3_reappro_100,P102N2,PREMIX,Nkoabang,Centre,2027-11-01,11,2027,0.0,0.0,0.0,0.48
S3_reappro_100,P102N2,PREMIX,Nkolbisson,Centre,2027-11-01,11,2027,0.0,0.0,0.0,0.03
S3_reappro_100,P104N2,PREMIX,Ahala,Centre,2027-11-01,11,2027,0.0,0.0,0.0,0.13
S3_reappro_100,P104N2,PREMIX,Bertoua,Centre,2027-11-01,11,2027,0.0,0.0,0.0,0.34
S3_reappro_100,P104N2,PREMIX,Messassi,Centre,2027-11-01,11,2027,0.0,0.0,0.0,0.1
S3_reappro_100,P104N2,PREMIX,Ngaoundere,Centre,2027-11-01,11,2027,0.0,0.0,0.0,0.08
S3_reappro_100,P104N2,PREMIX,Nkoabang,Centre,2027-11-01,11,2027,0.0,0.0,0.0,0.08
S3_reappro_100,P102N2,PREMIX,Ahala,Centre,2027-12-01,12,2027,0.0,0.0,0.0,0.52
S3_reappro_100,P102N2,PREMIX,Bertoua,Centre,2027-12-01,12,2027,0.0,0.0,0.0,0.7
S3_reappro_100,P102N2,PREMIX,Messassi,Centre,2027-12-01,12,2027,0.0,0.0,0.0,0.84
S3_reappro_100,P102N2,PREMIX,Ngaoundere,Centre,2027-12-01,12,2027,0.0,0.0,0.0,0.3
S3_reappro_100,P102N2,PREMIX,Nkoabang,Centre,2027-12-01,12,2027,0.0,0.0,0.0,0.48
S3_reappro_100,P102N2,PREMIX,Nkolbisson,Centre,2027-12-01,12,2027,0.0,0.0,0.0,0.03
S3_reappro_100,P104N2,PREMIX,Ahala,Centre,2027-12-01,12,2027,0.0,0.0,0.0,0.13
S3_reappro_100,P104N2,PREMIX,Bertoua,Centre,2027-12-01,12,2027,0.0,0.0,0.0,0.34
S3_reappro_100,P104N2,PREMIX,Messassi,Centre,2027-12-01,12,2027,0.0,0.0,0.0,0.1
S3_reappro_100,P104N2,PREMIX,Ngaoundere,Centre,2027-12-01,12,2027,0.0,0.0,0.0,0.08
S3_reappro_100,P104N2,PREMIX,Nkoabang,Centre,2027-12-01,12,2027,0.0,0.0,0.0,0.08
S3_reappro_100,P102N2,PREMIX,Ndobo,Littoral,2027-01-01,1,2027,0.0,0.0,0.0,1.59
S3_reappro_100,P102N2,PREMIX,Nkongsamba,Littoral,2027-01-01,1,2027,0.0,0.0,0.0,0.22
S3_reappro_100,P102N2,PREMIX,Pk11,Littoral,2027-01-01,1,2027,0.0,0.0,0.0,0.07
S3_reappro_100,P102N2,PREMIX,Village,Littoral,2027-01-01,1,2027,0.0,0.0,0.0,0.48
S3_reappro_100,P104N2,PREMIX,Ndobo,Littoral,2027-01-01,1,2027,0.0,0.0,0.0,0.93
S3_reappro_100,P104N2,PREMIX,Nkongsamba,Littoral,2027-01-01,1,2027,0.0,0.0,0.0,0.16
S3_reappro_100,P104N2,PREMIX,Pk11,Littoral,2027-01-01,1,2027,0.0,0.0,0.0,0.12
S3_reappro_100,P104N2,PREMIX,Village,Littoral,2027-01-01,1,2027,0.0,0.0,0.0,0.6
S3_reappro_100,P102N2,PREMIX,Ndobo,Littoral,2027-02-01,2,2027,0.0,0.0,0.0,1.59
S3_reappro_100,P102N2,PREMIX,Nkongsamba,Littoral,2027-02-01,2,2027,0.0,0.0,0.0,0.22
S3_reappro_100,P102N2,PREMIX,Pk11,Littoral,2027-02-01,2,2027,0.0,0.0,0.0,0.07
S3_reappro_100,P102N2,PREMIX,Village,Littoral,2027-02-01,2,2027,0.0,0.0,0.0,0.48
S3_reappro_100,P104N2,PREMIX,Ndobo,Littoral,2027-02-01,2,2027,0.0,0.0,0.0,0.93
S3_reappro_100,P104N2,PREMIX,Nkongsamba,Littoral,2027-02-01,2,2027,0.0,0.0,0.0,0.16
S3_reappro_100,P104N2,PREMIX,Pk11,Littoral,2027-02-01,2,2027,0.0,0.0,0.0,0.12
S3_reappro_100,P104N2,PREMIX,Village,Littoral,2027-02-01,2,2027,0.0,0.0,0.0,0.6
S3_reappro_100,P102N2,PREMIX,Ndobo,Littoral,2027-03-01,3,2027,0.0,0.0,0.0,1.59
S3_reappro_100,P102N2,PREMIX,Nkongsamba,Littoral,2027-03-01,3,2027,0.0,0.0,0.0,0.22
S3_reappro_100,P102N2,PREMIX,Pk11,Littoral,2027-03-01,3,2027,0.0,0.0,0.0,0.07
S3_reappro_100,P102N2,PREMIX,Village,Littoral,2027-03-01,3,2027,0.0,0.0,0.0,0.48
S3_reappro_100,P104N2,PREMIX,Ndobo,Littoral,2027-03-01,3,2027,0.0,0.0,0.0,0.93
S3_reappro_100,P104N2,PREMIX,Nkongsamba,Littoral,2027-03-01,3,2027,0.0,0.0,0.0,0.16
S3_reappro_100,P104N2,PREMIX,Pk11,Littoral,2027-03-01,3,2027,0.0,0.0,0.0,0.12
S3_reappro_100,P104N2,PREMIX,Village,Littoral,2027-03-01,3,2027,0.0,0.0,0.0,0.6
S3_reappro_100,P102N2,PREMIX,Ndobo,Littoral,2027-04-01,4,2027,0.0,0.0,0.0,1.59
S3_reappro_100,P102N2,PREMIX,Nkongsamba,Littoral,2027-04-01,4,2027,0.0,0.0,0.0,0.22
S3_reappro_100,P102N2,PREMIX,Pk11,Littoral,2027-04-01,4,2027,0.0,0.0,0.0,0.07
S3_reappro_100,P102N2,PREMIX,Village,Littoral,2027-04-01,4,2027,0.0,0.0,0.0,0.48
S3_reappro_100,P104N2,PREMIX,Ndobo,Littoral,2027-04-01,4,2027,0.0,0.0,0.0,0.93
S3_reappro_100,P104N2,PREMIX,Nkongsamba,Littoral,2027-04-01,4,2027,0.0,0.0,0.0,0.16
S3_reappro_100,P104N2,PREMIX,Pk11,Littoral,2027-04-01,4,2027,0.0,0.0,0.0,0.12
S3_reappro_100,P104N2,PREMIX,Village,Littoral,2027-04-01,4,2027,0.0,0.0,0.0,0.6
S3_reappro_100,P102N2,PREMIX,Ndobo,Littoral,2027-05-01,5,2027,0.0,0.0,0.0,1.59
S3_reappro_100,P102N2,PREMIX,Nkongsamba,Littoral,2027-05-01,5,2027,0.0,0.0,0.0,0.22
S3_reappro_100,P102N2,PREMIX,Pk11,Littoral,2027-05-01,5,2027,0.0,0.0,0.0,0.07
S3_reappro_100,P102N2,PREMIX,Village,Littoral,2027-05-01,5,2027,0.0,0.0,0.0,0.48
S3_reappro_100,P104N2,PREMIX,Ndobo,Littoral,2027-05-01,5,2027,0.0,0.0,0.0,0.93
S3_reappro_100,P104N2,PREMIX,Nkongsamba,Littoral,2027-05-01,5,2027,0.0,0.0,0.0,0.16
S3_reappro_100,P104N2,PREMIX,Pk11,Littoral,2027-05-01,5,2027,0.0,0.0,0.0,0.12
S3_reappro_100,P104N2,PREMIX,Village,Littoral,2027-05-01,5,2027,0.0,0.0,0.0,0.6
S3_reappro_100,P102N2,PREMIX,Ndobo,Littoral,2027-06-01,6,2027,0.0,0.0,0.0,1.59
S3_reappro_100,P102N2,PREMIX,Nkongsamba,Littoral,2027-06-01,6,2027,0.0,0.0,0.0,0.22
S3_reappro_100,P102N2,PREMIX,Pk11,Littoral,2027-06-01,6,2027,0.0,0.0,0.0,0.07
S3_reappro_100,P102N2,PREMIX,Village,Littoral,2027-06-01,6,2027,0.0,0.0,0.0,0.48
S3_reappro_100,P104N2,PREMIX,Ndobo,Littoral,2027-06-01,6,2027,0.0,0.0,0.0,0.93
S3_reappro_100,P104N2,PREMIX,Nkongsamba,Littoral,2027-06-01,6,2027,0.0,0.0,0.0,0.16
S3_reappro_100,P104N2,PREMIX,Pk11,Littoral,2027-06-01,6,2027,0.0,0.0,0.0,0.12
S3_reappro_100,P104N2,PREMIX,Village,Littoral,2027-06-01,6,2027,0.0,0.0,0.0,0.6
S3_reappro_100,P102N2,PREMIX,Ndobo,Littoral,2027-07-01,7,2027,0.0,0.0,0.0,1.59
S3_reappro_100,P102N2,PREMIX,Nkongsamba,Littoral,2027-07-01,7,2027,0.0,0.0,0.0,0.22
S3_reappro_100,P102N2,PREMIX,Pk11,Littoral,2027-07-01,7,2027,0.0,0.0,0.0,0.07
S3_reappro_100,P102N2,PREMIX,Village,Littoral,2027-07-01,7,2027,0.0,0.0,0.0,0.48
S3_reappro_100,P104N2,PREMIX,Ndobo,Littoral,2027-07-01,7,2027,0.0,0.0,0.0,0.93
S3_reappro_100,P104N2,PREMIX,Nkongsamba,Littoral,2027-07-01,7,2027,0.0,0.0,0.0,0.16
S3_reappro_100,P104N2,PREMIX,Pk11,Littoral,2027-07-01,7,2027,0.0,0.0,0.0,0.12
S3_reappro_100,P104N2,PREMIX,Village,Littoral,2027-07-01,7,2027,0.0,0.0,0.0,0.6
S3_reappro_100,P102N2,PREMIX,Ndobo,Littoral,2027-08-01,8,2027,0.0,0.0,0.0,1.59
S3_reappro_100,P102N2,PREMIX,Nkongsamba,Littoral,2027-08-01,8,2027,0.0,0.0,0.0,0.22
S3_reappro_100,P102N2,PREMIX,Pk11,Littoral,2027-08-01,8,2027,0.0,0.0,0.0,0.07
S3_reappro_100,P102N2,PREMIX,Village,Littoral,2027-08-01,8,2027,0.0,0.0,0.0,0.48
S3_reappro_100,P104N2,PREMIX,Ndobo,Littoral,2027-08-01,8,2027,0.0,0.0,0.0,0.93
S3_reappro_100,P104N2,PREMIX,Nkongsamba,Littoral,2027-08-01,8,2027,0.0,0.0,0.0,0.16
S3_reappro_100,P104N2,PREMIX,Pk11,Littoral,2027-08-01,8,2027,0.0,0.0,0.0,0.12
S3_reappro_100,P104N2,PREMIX,Village,Littoral,2027-08-01,8,2027,0.0,0.0,0.0,0.6
S3_reappro_100,P102N2,PREMIX,Ndobo,Littoral,2027-09-01,9,2027,0.0,0.0,0.0,1.59
S3_reappro_100,P102N2,PREMIX,Nkongsamba,Littoral,2027-09-01,9,2027,0.0,0.0,0.0,0.22
S3_reappro_100,P102N2,PREMIX,Pk11,Littoral,2027-09-01,9,2027,0.0,0.0,0.0,0.07
S3_reappro_100,P102N2,PREMIX,Village,Littoral,2027-09-01,9,2027,0.0,0.0,0.0,0.48
S3_reappro_100,P104N2,PREMIX,Ndobo,Littoral,2027-09-01,9,2027,0.0,0.0,0.0,0.93
S3_reappro_100,P104N2,PREMIX,Nkongsamba,Littoral,2027-09-01,9,2027,0.0,0.0,0.0,0.16
S3_reappro_100,P104N2,PREMIX,Pk11,Littoral,2027-09-01,9,2027,0.0,0.0,0.0,0.12
S3_reappro_100,P104N2,PREMIX,Village,Littoral,2027-09-01,9,2027,0.0,0.0,0.0,0.6
S3_reappro_100,P102N2,PREMIX,Ndobo,Littoral,2027-10-01,10,2027,0.0,0.0,0.0,1.59
S3_reappro_100,P102N2,PREMIX,Nkongsamba,Littoral,2027-10-01,10,2027,0.0,0.0,0.0,0.22
S3_reappro_100,P102N2,PREMIX,Pk11,Littoral,2027-10-01,10,2027,0.0,0.0,0.0,0.07
S3_reappro_100,P102N2,PREMIX,Village,Littoral,2027-10-01,10,2027,0.0,0.0,0.0,0.48
S3_reappro_100,P104N2,PREMIX,Ndobo,Littoral,2027-10-01,10,2027,0.0,0.0,0.0,0.93
S3_reappro_100,P104N2,PREMIX,Nkongsamba,Littoral,2027-10-01,10,2027,0.0,0.0,0.0,0.16
S3_reappro_100,P104N2,PREMIX,Pk11,Littoral,2027-10-01,10,2027,0.0,0.0,0.0,0.12
S3_reappro_100,P104N2,PREMIX,Village,Littoral,2027-10-01,10,2027,0.0,0.0,0.0,0.6
S3_reappro_100,P102N2,PREMIX,Ndobo,Littoral,2027-11-01,11,2027,0.0,0.0,0.0,1.59
S3_reappro_100,P102N2,PREMIX,Nkongsamba,Littoral,2027-11-01,11,2027,0.0,0.0,0.0,0.22
S3_reappro_100,P102N2,PREMIX,Pk11,Littoral,2027-11-01,11,2027,0.0,0.0,0.0,0.07
S3_reappro_100,P102N2,PREMIX,Village,Littoral,2027-11-01,11,2027,0.0,0.0,0.0,0.48
S3_reappro_100,P104N2,PREMIX,Ndobo,Littoral,2027-11-01,11,2027,0.0,0.0,0.0,0.93
S3_reappro_100,P104N2,PREMIX,Nkongsamba,Littoral,2027-11-01,11,2027,0.0,0.0,0.0,0.16
S3_reappro_100,P104N2,PREMIX,Pk11,Littoral,2027-11-01,11,2027,0.0,0.0,0.0,0.12
S3_reappro_100,P104N2,PREMIX,Village,Littoral,2027-11-01,11,2027,0.0,0.0,0.0,0.6
S3_reappro_100,P102N2,PREMIX,Ndobo,Littoral,2027-12-01,12,2027,0.0,0.0,0.0,1.59
S3_reappro_100,P102N2,PREMIX,Nkongsamba,Littoral,2027-12-01,12,2027,0.0,0.0,0.0,0.22
S3_reappro_100,P102N2,PREMIX,Pk11,Littoral,2027-12-01,12,2027,0.0,0.0,0.0,0.07
S3_reappro_100,P102N2,PREMIX,Village,Littoral,2027-12-01,12,2027,0.0,0.0,0.0,0.48
S3_reappro_100,P104N2,PREMIX,Ndobo,Littoral,2027-12-01,12,2027,0.0,0.0,0.0,0.93
S3_reappro_100,P104N2,PREMIX,Nkongsamba,Littoral,2027-12-01,12,2027,0.0,0.0,0.0,0.16
S3_reappro_100,P104N2,PREMIX,Pk11,Littoral,2027-12-01,12,2027,0.0,0.0,0.0,0.12
S3_reappro_100,P104N2,PREMIX,Village,Littoral,2027-12-01,12,2027,0.0,0.0,0.0,0.6
S3_reappro_100,P102N2,PREMIX,Djeleng,Ouest,2027-01-01,1,2027,0.0,0.0,0.0,0.0
S3_reappro_100,P102N2,PREMIX,Famla,Ouest,2027-01-01,1,2027,0.0,0.0,0.0,1.38
S3_reappro_100,P102N2,PREMIX,Mbouda,Ouest,2027-01-01,1,2027,0.0,0.0,0.0,0.16
S3_reappro_100,P104N2,PREMIX,Famla,Ouest,2027-01-01,1,2027,0.0,0.0,0.0,4.0
S3_reappro_100,P109,PREMIX,Famla,Ouest,2027-01-01,1,2027,0.0,0.0,0.0,0.05
S3_reappro_100,P102N2,PREMIX,Djeleng,Ouest,2027-02-01,2,2027,0.0,0.0,0.0,0.0
S3_reappro_100,P102N2,PREMIX,Famla,Ouest,2027-02-01,2,2027,0.0,0.0,0.0,1.38
S3_reappro_100,P102N2,PREMIX,Mbouda,Ouest,2027-02-01,2,2027,0.0,0.0,0.0,0.16
S3_reappro_100,P104N2,PREMIX,Famla,Ouest,2027-02-01,2,2027,0.0,0.0,0.0,4.0
S3_reappro_100,P109,PREMIX,Famla,Ouest,2027-02-01,2,2027,0.0,0.0,0.0,0.05
S3_reappro_100,P102N2,PREMIX,Djeleng,Ouest,2027-03-01,3,2027,0.0,0.0,0.0,0.0
S3_reappro_100,P102N2,PREMIX,Famla,Ouest,2027-03-01,3,2027,0.0,0.0,0.0,1.38
S3_reappro_100,P102N2,PREMIX,Mbouda,Ouest,2027-03-01,3,2027,0.0,0.0,0.0,0.16
S3_reappro_100,P104N2,PREMIX,Famla,Ouest,2027-03-01,3,2027,0.0,0.0,0.0,4.0
S3_reappro_100,P109,PREMIX,Famla,Ouest,2027-03-01,3,2027,0.0,0.0,0.0,0.05
S3_reappro_100,P102N2,PREMIX,Djeleng,Ouest,2027-04-01,4,2027,0.0,0.0,0.0,0.0
S3_reappro_100,P102N2,PREMIX,Famla,Ouest,2027-04-01,4,2027,0.0,0.0,0.0,1.38
S3_reappro_100,P102N2,PREMIX,Mbouda,Ouest,2027-04-01,4,2027,0.0,0.0,0.0,0.16
S3_reappro_100,P104N2,PREMIX,Famla,Ouest,2027-04-01,4,2027,0.0,0.0,0.0,4.0
S3_reappro_100,P109,PREMIX,Famla,Ouest,2027-04-01,4,2027,0.0,0.0,0.0,0.05
S3_reappro_100,P102N2,PREMIX,Djeleng,Ouest,2027-05-01,5,2027,0.0,0.0,0.0,0.0
S3_reappro_100,P102N2,PREMIX,Famla,Ouest,2027-05-01,5,2027,0.0,0.0,0.0,1.38
S3_reappro_100,P102N2,PREMIX,Mbouda,Ouest,2027-05-01,5,2027,0.0,0.0,0.0,0.16
S3_reappro_100,P104N2,PREMIX,Famla,Ouest,2027-05-01,5,2027,0.0,0.0,0.0,4.0
S3_reappro_100,P109,PREMIX,Famla,Ouest,2027-05-01,5,2027,0.0,0.0,0.0,0.05
S3_reappro_100,P102N2,PREMIX,Djeleng,Ouest,2027-06-01,6,2027,0.0,0.0,0.0,0.0
S3_reappro_100,P102N2,PREMIX,Famla,Ouest,2027-06-01,6,2027,0.0,0.0,0.0,1.38
S3_reappro_100,P102N2,PREMIX,Mbouda,Ouest,2027-06-01,6,2027,0.0,0.0,0.0,0.16
S3_reappro_100,P104N2,PREMIX,Famla,Ouest,2027-06-01,6,2027,0.0,0.0,0.0,4.0
S3_reappro_100,P109,PREMIX,Famla,Ouest,2027-06-01,6,2027,0.0,0.0,0.0,0.05
S3_reappro_100,P102N2,PREMIX,Djeleng,Ouest,2027-07-01,7,2027,0.0,0.0,0.0,0.0
S3_reappro_100,P102N2,PREMIX,Famla,Ouest,2027-07-01,7,2027,0.0,0.0,0.0,1.38
S3_reappro_100,P102N2,PREMIX,Mbouda,Ouest,2027-07-01,7,2027,0.0,0.0,0.0,0.16
S3_reappro_100,P104N2,PREMIX,Famla,Ouest,2027-07-01,7,2027,0.0,0.0,0.0,4.0
S3_reappro_100,P109,PREMIX,Famla,Ouest,2027-07-01,7,2027,0.0,0.0,0.0,0.05
S3_reappro_100,P102N2,PREMIX,Djeleng,Ouest,2027-08-01,8,2027,0.0,0.0,0.0,0.0
S3_reappro_100,P102N2,PREMIX,Famla,Ouest,2027-08-01,8,2027,0.0,0.0,0.0,1.38
S3_reappro_100,P102N2,PREMIX,Mbouda,Ouest,2027-08-01,8,2027,0.0,0.0,0.0,0.16
S3_reappro_100,P104N2,PREMIX,Famla,Ouest,2027-08-01,8,2027,0.0,0.0,0.0,4.0
S3_reappro_100,P109,PREMIX,Famla,Ouest,2027-08-01,8,2027,0.0,0.0,0.0,0.05
S3_reappro_100,P102N2,PREMIX,Djeleng,Ouest,2027-09-01,9,2027,0.0,0.0,0.0,0.0
S3_reappro_100,P102N2,PREMIX,Famla,Ouest,2027-09-01,9,2027,0.0,0.0,0.0,1.38
S3_reappro_100,P102N2,PREMIX,Mbouda,Ouest,2027-09-01,9,2027,0.0,0.0,0.0,0.16
S3_reappro_100,P104N2,PREMIX,Famla,Ouest,2027-09-01,9,2027,0.0,0.0,0.0,4.0
S3_reappro_100,P109,PREMIX,Famla,Ouest,2027-09-01,9,2027,0.0,0.0,0.0,0.05
S3_reappro_100,P102N2,PREMIX,Djeleng,Ouest,2027-10-01,10,2027,0.0,0.0,0.0,0.0
S3_reappro_100,P102N2,PREMIX,Famla,Ouest,2027-10-01,10,2027,0.0,0.0,0.0,1.38
S3_reappro_100,P102N2,PREMIX,Mbouda,Ouest,2027-10-01,10,2027,0.0,0.0,0.0,0.16
S3_reappro_100,P104N2,PREMIX,Famla,Ouest,2027-10-01,10,2027,0.0,0.0,0.0,4.0
S3_reappro_100,P109,PREMIX,Famla,Ouest,2027-10-01,10,2027,0.0,0.0,0.0,0.05
S3_reappro_100,P102N2,PREMIX,Djeleng,Ouest,2027-11-01,11,2027,0.0,0.0,0.0,0.0
S3_reappro_100,P102N2,PREMIX,Famla,Ouest,2027-11-01,11,2027,0.0,0.0,0.0,1.38
S3_reappro_100,P102N2,PREMIX,Mbouda,Ouest,2027-11-01,11,2027,0.0,0.0,0.0,0.16
S3_reappro_100,P104N2,PREMIX,Famla,Ouest,2027-11-01,11,2027,0.0,0.0,0.0,4.0
S3_reappro_100,P109,PREMIX,Famla,Ouest,2027-11-01,11,2027,0.0,0.0,0.0,0.05
S3_reappro_100,P102N2,PREMIX,Djeleng,Ouest,2027-12-01,12,2027,0.0,0.0,0.0,0.0
S3_reappro_100,P102N2,PREMIX,Famla,Ouest,2027-12-01,12,2027,0.0,0.0,0.0,1.38
S3_reappro_100,P102N2,PREMIX,Mbouda,Ouest,2027-12-01,12,2027,0.0,0.0,0.0,0.16
S3_reappro_100,P104N2,PREMIX,Famla,Ouest,2027-12-01,12,2027,0.0,0.0,0.0,4.0
S3_reappro_100,P109,PREMIX,Famla,Ouest,2027-12-01,12,2027,0.0,0.0,0.0,0.05
S3_reappro_100,T102,TOURTEAUX,Ahala,Centre,2027-01-01,1,2027,338.96,6779.1,25000.0,200.5
S3_reappro_100,T102,TOURTEAUX,Bertoua,Centre,2027-01-01,1,2027,396.66,7933.3,25000.0,176.64
S3_reappro_100,T102,TOURTEAUX,Messassi,Centre,2027-01-01,1,2027,835.25,16705.0,25000.0,392.04
S3_reappro_100,T102,TOURTEAUX,Ngaoundere,Centre,2027-01-01,1,2027,186.85,3737.0,25000.0,108.44
S3_reappro_100,T102,TOURTEAUX,Nkoabang,Centre,2027-01-01,1,2027,267.58,5351.6,25000.0,131.79
S3_reappro_100,T102,TOURTEAUX,Nkolbisson,Centre,2027-01-01,1,2027,101.65,2033.1,25000.0,54.56
S3_reappro_100,T1021,TOURTEAUX,Bertoua,Centre,2027-01-01,1,2027,0.06,1.2,27305.0,0.05
S3_reappro_100,T1021,TOURTEAUX,Messassi,Centre,2027-01-01,1,2027,0.01,0.1,27305.0,0.01
S3_reappro_100,T1021,TOURTEAUX,Nkoabang,Centre,2027-01-01,1,2027,0.0,0.0,27305.0,0.0
S3_reappro_100,T1023,TOURTEAUX,Ahala,Centre,2027-01-01,1,2027,0.01,0.1,28992.0,0.0
S3_reappro_100,T1023,TOURTEAUX,Bertoua,Centre,2027-01-01,1,2027,0.4,8.1,28992.0,0.06
S3_reappro_100,T1023,TOURTEAUX,Messassi,Centre,2027-01-01,1,2027,0.14,2.7,28992.0,0.03
S3_reappro_100,T1023,TOURTEAUX,Ngaoundere,Centre,2027-01-01,1,2027,0.2,4.1,28992.0,0.06
S3_reappro_100,T1023,TOURTEAUX,Nkoabang,Centre,2027-01-01,1,2027,0.03,0.6,28992.0,0.01
S3_reappro_100,T1023,TOURTEAUX,Nkolbisson,Centre,2027-01-01,1,2027,0.12,2.4,28992.0,0.02
S3_reappro_100,T1024,TOURTEAUX,Ahala,Centre,2027-01-01,1,2027,0.03,0.7,28021.0,0.02
S3_reappro_100,T1024,TOURTEAUX,Bertoua,Centre,2027-01-01,1,2027,0.18,3.7,28021.0,0.04
S3_reappro_100,T1024,TOURTEAUX,Messassi,Centre,2027-01-01,1,2027,0.12,2.4,28021.0,0.06
S3_reappro_100,T1024,TOURTEAUX,Ngaoundere,Centre,2027-01-01,1,2027,0.32,6.3,28021.0,0.09
S3_reappro_100,T1024,TOURTEAUX,Nkoabang,Centre,2027-01-01,1,2027,0.03,0.5,28021.0,0.01
S3_reappro_100,T1024,TOURTEAUX,Nkolbisson,Centre,2027-01-01,1,2027,0.07,1.5,28021.0,0.03
S3_reappro_100,T102,TOURTEAUX,Ahala,Centre,2027-02-01,2,2027,155.79,3115.9,25000.0,92.16
S3_reappro_100,T102,TOURTEAUX,Bertoua,Centre,2027-02-01,2,2027,182.32,3646.3,25000.0,81.19
S3_reappro_100,T102,TOURTEAUX,Messassi,Centre,2027-02-01,2,2027,383.9,7678.0,25000.0,180.19
S3_reappro_100,T102,TOURTEAUX,Ngaoundere,Centre,2027-02-01,2,2027,85.88,1717.6,25000.0,49.84
S3_reappro_100,T102,TOURTEAUX,Nkoabang,Centre,2027-02-01,2,2027,122.99,2459.7,25000.0,60.58
S3_reappro_100,T102,TOURTEAUX,Nkolbisson,Centre,2027-02-01,2,2027,46.72,934.4,25000.0,25.08
S3_reappro_100,T1021,TOURTEAUX,Bertoua,Centre,2027-02-01,2,2027,0.03,0.5,27305.0,0.02
S3_reappro_100,T1021,TOURTEAUX,Messassi,Centre,2027-02-01,2,2027,0.0,0.0,27305.0,0.0
S3_reappro_100,T1021,TOURTEAUX,Nkoabang,Centre,2027-02-01,2,2027,0.0,0.0,27305.0,0.0
S3_reappro_100,T1023,TOURTEAUX,Ahala,Centre,2027-02-01,2,2027,0.0,0.1,28992.0,0.0
S3_reappro_100,T1023,TOURTEAUX,Bertoua,Centre,2027-02-01,2,2027,0.19,3.7,28992.0,0.03
S3_reappro_100,T1023,TOURTEAUX,Messassi,Centre,2027-02-01,2,2027,0.06,1.2,28992.0,0.01
S3_reappro_100,T1023,TOURTEAUX,Ngaoundere,Centre,2027-02-01,2,2027,0.09,1.9,28992.0,0.03
S3_reappro_100,T1023,TOURTEAUX,Nkoabang,Centre,2027-02-01,2,2027,0.01,0.3,28992.0,0.0
S3_reappro_100,T1023,TOURTEAUX,Nkolbisson,Centre,2027-02-01,2,2027,0.05,1.1,28992.0,0.01
S3_reappro_100,T1024,TOURTEAUX,Ahala,Centre,2027-02-01,2,2027,0.02,0.3,28021.0,0.01
S3_reappro_100,T1024,TOURTEAUX,Bertoua,Centre,2027-02-01,2,2027,0.08,1.7,28021.0,0.02
S3_reappro_100,T1024,TOURTEAUX,Messassi,Centre,2027-02-01,2,2027,0.05,1.1,28021.0,0.03
S3_reappro_100,T1024,TOURTEAUX,Ngaoundere,Centre,2027-02-01,2,2027,0.15,2.9,28021.0,0.04
S3_reappro_100,T1024,TOURTEAUX,Nkoabang,Centre,2027-02-01,2,2027,0.01,0.2,28021.0,0.0
S3_reappro_100,T1024,TOURTEAUX,Nkolbisson,Centre,2027-02-01,2,2027,0.03,0.7,28021.0,0.01
S3_reappro_100,T102,TOURTEAUX,Ahala,Centre,2027-03-01,3,2027,160.9,3218.0,25000.0,95.18
S3_reappro_100,T102,TOURTEAUX,Bertoua,Centre,2027-03-01,3,2027,188.29,3765.8,25000.0,83.85
S3_reappro_100,T102,TOURTEAUX,Messassi,Centre,2027-03-01,3,2027,396.48,7929.6,25000.0,186.1
S3_reappro_100,T102,TOURTEAUX,Ngaoundere,Centre,2027-03-01,3,2027,88.7,1773.9,25000.0,51.48
S3_reappro_100,T102,TOURTEAUX,Nkoabang,Centre,2027-03-01,3,2027,127.02,2540.3,25000.0,62.56
S3_reappro_100,T102,TOURTEAUX,Nkolbisson,Centre,2027-03-01,3,2027,48.25,965.1,25000.0,25.9
S3_reappro_100,T1021,TOURTEAUX,Bertoua,Centre,2027-03-01,3,2027,0.03,0.6,27305.0,0.02
S3_reappro_100,T1021,TOURTEAUX,Messassi,Centre,2027-03-01,3,2027,0.0,0.1,27305.0,0.0
S3_reappro_100,T1021,TOURTEAUX,Nkoabang,Centre,2027-03-01,3,2027,0.0,0.0,27305.0,0.0
S3_reappro_100,T1023,TOURTEAUX,Ahala,Centre,2027-03-01,3,2027,0.0,0.1,28992.0,0.0
S3_reappro_100,T1023,TOURTEAUX,Bertoua,Centre,2027-03-01,3,2027,0.19,3.8,28992.0,0.03
S3_reappro_100,T1023,TOURTEAUX,Messassi,Centre,2027-03-01,3,2027,0.06,1.3,28992.0,0.01
S3_reappro_100,T1023,TOURTEAUX,Ngaoundere,Centre,2027-03-01,3,2027,0.1,1.9,28992.0,0.03
S3_reappro_100,T1023,TOURTEAUX,Nkoabang,Centre,2027-03-01,3,2027,0.02,0.3,28992.0,0.0
S3_reappro_100,T1023,TOURTEAUX,Nkolbisson,Centre,2027-03-01,3,2027,0.06,1.1,28992.0,0.01
S3_reappro_100,T1024,TOURTEAUX,Ahala,Centre,2027-03-01,3,2027,0.02,0.3,28021.0,0.01
S3_reappro_100,T1024,TOURTEAUX,Bertoua,Centre,2027-03-01,3,2027,0.09,1.7,28021.0,0.02
S3_reappro_100,T1024,TOURTEAUX,Messassi,Centre,2027-03-01,3,2027,0.06,1.1,28021.0,0.03
S3_reappro_100,T1024,TOURTEAUX,Ngaoundere,Centre,2027-03-01,3,2027,0.15,3.0,28021.0,0.04
S3_reappro_100,T1024,TOURTEAUX,Nkoabang,Centre,2027-03-01,3,2027,0.01,0.2,28021.0,0.0
S3_reappro_100,T1024,TOURTEAUX,Nkolbisson,Centre,2027-03-01,3,2027,0.04,0.7,28021.0,0.01
S3_reappro_100,T102,TOURTEAUX,Ahala,Centre,2027-04-01,4,2027,238.45,4769.0,25000.0,141.05
S3_reappro_100,T102,TOURTEAUX,Bertoua,Centre,2027-04-01,4,2027,279.04,5580.9,25000.0,124.26
S3_reappro_100,T102,TOURTEAUX,Messassi,Centre,2027-04-01,4,2027,587.58,11751.6,25000.0,275.79
S3_reappro_100,T102,TOURTEAUX,Ngaoundere,Centre,2027-04-01,4,2027,131.45,2628.9,25000.0,76.29
S3_reappro_100,T102,TOURTEAUX,Nkoabang,Centre,2027-04-01,4,2027,188.24,3764.7,25000.0,92.71
S3_reappro_100,T102,TOURTEAUX,Nkolbisson,Centre,2027-04-01,4,2027,71.51,1430.2,25000.0,38.38
S3_reappro_100,T1021,TOURTEAUX,Bertoua,Centre,2027-04-01,4,2027,0.04,0.8,27305.0,0.04
S3_reappro_100,T1021,TOURTEAUX,Messassi,Centre,2027-04-01,4,2027,0.0,0.1,27305.0,0.0
S3_reappro_100,T1021,TOURTEAUX,Nkoabang,Centre,2027-04-01,4,2027,0.0,0.0,27305.0,0.0
S3_reappro_100,T1023,TOURTEAUX,Ahala,Centre,2027-04-01,4,2027,0.01,0.1,28992.0,0.0
S3_reappro_100,T1023,TOURTEAUX,Bertoua,Centre,2027-04-01,4,2027,0.28,5.7,28992.0,0.04
S3_reappro_100,T1023,TOURTEAUX,Messassi,Centre,2027-04-01,4,2027,0.1,1.9,28992.0,0.02
S3_reappro_100,T1023,TOURTEAUX,Ngaoundere,Centre,2027-04-01,4,2027,0.14,2.9,28992.0,0.04
S3_reappro_100,T1023,TOURTEAUX,Nkoabang,Centre,2027-04-01,4,2027,0.02,0.5,28992.0,0.0
S3_reappro_100,T1023,TOURTEAUX,Nkolbisson,Centre,2027-04-01,4,2027,0.08,1.7,28992.0,0.01
S3_reappro_100,T1024,TOURTEAUX,Ahala,Centre,2027-04-01,4,2027,0.02,0.5,28021.0,0.02
S3_reappro_100,T1024,TOURTEAUX,Bertoua,Centre,2027-04-01,4,2027,0.13,2.6,28021.0,0.03
S3_reappro_100,T1024,TOURTEAUX,Messassi,Centre,2027-04-01,4,2027,0.08,1.7,28021.0,0.04
S3_reappro_100,T1024,TOURTEAUX,Ngaoundere,Centre,2027-04-01,4,2027,0.22,4.5,28021.0,0.06
S3_reappro_100,T1024,TOURTEAUX,Nkoabang,Centre,2027-04-01,4,2027,0.02,0.4,28021.0,0.0
S3_reappro_100,T1024,TOURTEAUX,Nkolbisson,Centre,2027-04-01,4,2027,0.05,1.0,28021.0,0.02
S3_reappro_100,T102,TOURTEAUX,Ahala,Centre,2027-05-01,5,2027,331.9,6638.0,25000.0,196.33
S3_reappro_100,T102,TOURTEAUX,Bertoua,Centre,2027-05-01,5,2027,388.41,7768.2,25000.0,172.96
S3_reappro_100,T102,TOURTEAUX,Messassi,Centre,2027-05-01,5,2027,817.87,16357.3,25000.0,383.88
S3_reappro_100,T102,TOURTEAUX,Ngaoundere,Centre,2027-05-01,5,2027,182.96,3659.3,25000.0,106.19
S3_reappro_100,T102,TOURTEAUX,Nkoabang,Centre,2027-05-01,5,2027,262.01,5240.2,25000.0,129.05
S3_reappro_100,T102,TOURTEAUX,Nkolbisson,Centre,2027-05-01,5,2027,99.54,1990.8,25000.0,53.43
S3_reappro_100,T1021,TOURTEAUX,Bertoua,Centre,2027-05-01,5,2027,0.06,1.1,27305.0,0.05
S3_reappro_100,T1021,TOURTEAUX,Messassi,Centre,2027-05-01,5,2027,0.01,0.1,27305.0,0.01
S3_reappro_100,T1021,TOURTEAUX,Nkoabang,Centre,2027-05-01,5,2027,0.0,0.0,27305.0,0.0
S3_reappro_100,T1023,TOURTEAUX,Ahala,Centre,2027-05-01,5,2027,0.01,0.1,28992.0,0.0
S3_reappro_100,T1023,TOURTEAUX,Bertoua,Centre,2027-05-01,5,2027,0.4,7.9,28992.0,0.06
S3_reappro_100,T1023,TOURTEAUX,Messassi,Centre,2027-05-01,5,2027,0.13,2.7,28992.0,0.03
S3_reappro_100,T1023,TOURTEAUX,Ngaoundere,Centre,2027-05-01,5,2027,0.2,4.0,28992.0,0.06
S3_reappro_100,T1023,TOURTEAUX,Nkoabang,Centre,2027-05-01,5,2027,0.03,0.6,28992.0,0.01
S3_reappro_100,T1023,TOURTEAUX,Nkolbisson,Centre,2027-05-01,5,2027,0.12,2.3,28992.0,0.02
S3_reappro_100,T1024,TOURTEAUX,Ahala,Centre,2027-05-01,5,2027,0.03,0.7,28021.0,0.02
S3_reappro_100,T1024,TOURTEAUX,Bertoua,Centre,2027-05-01,5,2027,0.18,3.6,28021.0,0.04
S3_reappro_100,T1024,TOURTEAUX,Messassi,Centre,2027-05-01,5,2027,0.12,2.3,28021.0,0.05
S3_reappro_100,T1024,TOURTEAUX,Ngaoundere,Centre,2027-05-01,5,2027,0.31,6.2,28021.0,0.09
S3_reappro_100,T1024,TOURTEAUX,Nkoabang,Centre,2027-05-01,5,2027,0.03,0.5,28021.0,0.01
S3_reappro_100,T1024,TOURTEAUX,Nkolbisson,Centre,2027-05-01,5,2027,0.07,1.5,28021.0,0.03
S3_reappro_100,T102,TOURTEAUX,Ahala,Centre,2027-06-01,6,2027,479.68,9593.7,25000.0,283.75
S3_reappro_100,T102,TOURTEAUX,Bertoua,Centre,2027-06-01,6,2027,561.35,11227.0,25000.0,249.97
S3_reappro_100,T102,TOURTEAUX,Messassi,Centre,2027-06-01,6,2027,1182.03,23640.6,25000.0,554.81
S3_reappro_100,T102,TOURTEAUX,Ngaoundere,Centre,2027-06-01,6,2027,264.43,5288.6,25000.0,153.47
S3_reappro_100,T102,TOURTEAUX,Nkoabang,Centre,2027-06-01,6,2027,378.67,7573.5,25000.0,186.51
S3_reappro_100,T102,TOURTEAUX,Nkolbisson,Centre,2027-06-01,6,2027,143.86,2877.2,25000.0,77.22
S3_reappro_100,T1021,TOURTEAUX,Bertoua,Centre,2027-06-01,6,2027,0.08,1.6,27305.0,0.07
S3_reappro_100,T1021,TOURTEAUX,Messassi,Centre,2027-06-01,6,2027,0.01,0.2,27305.0,0.01
S3_reappro_100,T1021,TOURTEAUX,Nkoabang,Centre,2027-06-01,6,2027,0.0,0.1,27305.0,0.0
S3_reappro_100,T1023,TOURTEAUX,Ahala,Centre,2027-06-01,6,2027,0.01,0.2,28992.0,0.01
S3_reappro_100,T1023,TOURTEAUX,Bertoua,Centre,2027-06-01,6,2027,0.57,11.5,28992.0,0.08
S3_reappro_100,T1023,TOURTEAUX,Messassi,Centre,2027-06-01,6,2027,0.19,3.8,28992.0,0.04
S3_reappro_100,T1023,TOURTEAUX,Ngaoundere,Centre,2027-06-01,6,2027,0.29,5.7,28992.0,0.09
S3_reappro_100,T1023,TOURTEAUX,Nkoabang,Centre,2027-06-01,6,2027,0.05,0.9,28992.0,0.01
S3_reappro_100,T1023,TOURTEAUX,Nkolbisson,Centre,2027-06-01,6,2027,0.17,3.4,28992.0,0.03
S3_reappro_100,T1024,TOURTEAUX,Ahala,Centre,2027-06-01,6,2027,0.05,1.0,28021.0,0.03
S3_reappro_100,T1024,TOURTEAUX,Bertoua,Centre,2027-06-01,6,2027,0.26,5.2,28021.0,0.06
S3_reappro_100,T1024,TOURTEAUX,Messassi,Centre,2027-06-01,6,2027,0.17,3.4,28021.0,0.08
S3_reappro_100,T1024,TOURTEAUX,Ngaoundere,Centre,2027-06-01,6,2027,0.45,9.0,28021.0,0.13
S3_reappro_100,T1024,TOURTEAUX,Nkoabang,Centre,2027-06-01,6,2027,0.04,0.7,28021.0,0.01
S3_reappro_100,T1024,TOURTEAUX,Nkolbisson,Centre,2027-06-01,6,2027,0.11,2.1,28021.0,0.04
S3_reappro_100,T102,TOURTEAUX,Ahala,Centre,2027-07-01,7,2027,170.68,3413.7,25000.0,100.96
S3_reappro_100,T102,TOURTEAUX,Bertoua,Centre,2027-07-01,7,2027,199.74,3994.9,25000.0,88.95
S3_reappro_100,T102,TOURTEAUX,Messassi,Centre,2027-07-01,7,2027,420.6,8411.9,25000.0,197.42
S3_reappro_100,T102,TOURTEAUX,Ngaoundere,Centre,2027-07-01,7,2027,94.09,1881.8,25000.0,54.61
S3_reappro_100,T102,TOURTEAUX,Nkoabang,Centre,2027-07-01,7,2027,134.74,2694.8,25000.0,66.37
S3_reappro_100,T102,TOURTEAUX,Nkolbisson,Centre,2027-07-01,7,2027,51.19,1023.8,25000.0,27.48
S3_reappro_100,T1021,TOURTEAUX,Bertoua,Centre,2027-07-01,7,2027,0.03,0.6,27305.0,0.03
S3_reappro_100,T1021,TOURTEAUX,Messassi,Centre,2027-07-01,7,2027,0.0,0.1,27305.0,0.0
S3_reappro_100,T1021,TOURTEAUX,Nkoabang,Centre,2027-07-01,7,2027,0.0,0.0,27305.0,0.0
S3_reappro_100,T1023,TOURTEAUX,Ahala,Centre,2027-07-01,7,2027,0.0,0.1,28992.0,0.0
S3_reappro_100,T1023,TOURTEAUX,Bertoua,Centre,2027-07-01,7,2027,0.2,4.1,28992.0,0.03
S3_reappro_100,T1023,TOURTEAUX,Messassi,Centre,2027-07-01,7,2027,0.07,1.4,28992.0,0.01
S3_reappro_100,T1023,TOURTEAUX,Ngaoundere,Centre,2027-07-01,7,2027,0.1,2.0,28992.0,0.03
S3_reappro_100,T1023,TOURTEAUX,Nkoabang,Centre,2027-07-01,7,2027,0.02,0.3,28992.0,0.0
S3_reappro_100,T1023,TOURTEAUX,Nkolbisson,Centre,2027-07-01,7,2027,0.06,1.2,28992.0,0.01
S3_reappro_100,T1024,TOURTEAUX,Ahala,Centre,2027-07-01,7,2027,0.02,0.3,28021.0,0.01
S3_reappro_100,T1024,TOURTEAUX,Bertoua,Centre,2027-07-01,7,2027,0.09,1.8,28021.0,0.02
S3_reappro_100,T1024,TOURTEAUX,Messassi,Centre,2027-07-01,7,2027,0.06,1.2,28021.0,0.03
S3_reappro_100,T1024,TOURTEAUX,Ngaoundere,Centre,2027-07-01,7,2027,0.16,3.2,28021.0,0.04
S3_reappro_100,T1024,TOURTEAUX,Nkoabang,Centre,2027-07-01,7,2027,0.01,0.3,28021.0,0.0
S3_reappro_100,T1024,TOURTEAUX,Nkolbisson,Centre,2027-07-01,7,2027,0.04,0.8,28021.0,0.01
S3_reappro_100,T102,TOURTEAUX,Ahala,Centre,2027-08-01,8,2027,73.88,1477.5,25000.0,43.7
S3_reappro_100,T102,TOURTEAUX,Bertoua,Centre,2027-08-01,8,2027,86.45,1729.0,25000.0,38.5
S3_reappro_100,T102,TOURTEAUX,Messassi,Centre,2027-08-01,8,2027,182.04,3640.8,25000.0,85.45
S3_reappro_100,T102,TOURTEAUX,Ngaoundere,Centre,2027-08-01,8,2027,40.72,814.5,25000.0,23.64
S3_reappro_100,T102,TOURTEAUX,Nkoabang,Centre,2027-08-01,8,2027,58.32,1166.4,25000.0,28.72
S3_reappro_100,T102,TOURTEAUX,Nkolbisson,Centre,2027-08-01,8,2027,22.16,443.1,25000.0,11.89
S3_reappro_100,T1021,TOURTEAUX,Bertoua,Centre,2027-08-01,8,2027,0.01,0.3,27305.0,0.01
S3_reappro_100,T1021,TOURTEAUX,Messassi,Centre,2027-08-01,8,2027,0.0,0.0,27305.0,0.0
S3_reappro_100,T1021,TOURTEAUX,Nkoabang,Centre,2027-08-01,8,2027,0.0,0.0,27305.0,0.0
S3_reappro_100,T1023,TOURTEAUX,Ahala,Centre,2027-08-01,8,2027,0.0,0.0,28992.0,0.0
S3_reappro_100,T1023,TOURTEAUX,Bertoua,Centre,2027-08-01,8,2027,0.09,1.8,28992.0,0.01
S3_reappro_100,T1023,TOURTEAUX,Messassi,Centre,2027-08-01,8,2027,0.03,0.6,28992.0,0.01
S3_reappro_100,T1023,TOURTEAUX,Ngaoundere,Centre,2027-08-01,8,2027,0.04,0.9,28992.0,0.01
S3_reappro_100,T1023,TOURTEAUX,Nkoabang,Centre,2027-08-01,8,2027,0.01,0.1,28992.0,0.0
S3_reappro_100,T1023,TOURTEAUX,Nkolbisson,Centre,2027-08-01,8,2027,0.03,0.5,28992.0,0.0
S3_reappro_100,T1024,TOURTEAUX,Ahala,Centre,2027-08-01,8,2027,0.01,0.1,28021.0,0.0
S3_reappro_100,T1024,TOURTEAUX,Bertoua,Centre,2027-08-01,8,2027,0.04,0.8,28021.0,0.01
S3_reappro_100,T1024,TOURTEAUX,Messassi,Centre,2027-08-01,8,2027,0.03,0.5,28021.0,0.01
S3_reappro_100,T1024,TOURTEAUX,Ngaoundere,Centre,2027-08-01,8,2027,0.07,1.4,28021.0,0.02
S3_reappro_100,T1024,TOURTEAUX,Nkoabang,Centre,2027-08-01,8,2027,0.01,0.1,28021.0,0.0
S3_reappro_100,T1024,TOURTEAUX,Nkolbisson,Centre,2027-08-01,8,2027,0.02,0.3,28021.0,0.01
S3_reappro_100,T102,TOURTEAUX,Ahala,Centre,2027-09-01,9,2027,218.98,4379.7,25000.0,129.54
S3_reappro_100,T102,TOURTEAUX,Bertoua,Centre,2027-09-01,9,2027,256.27,5125.3,25000.0,114.12
S3_reappro_100,T102,TOURTEAUX,Messassi,Centre,2027-09-01,9,2027,539.62,10792.3,25000.0,253.28
S3_reappro_100,T102,TOURTEAUX,Ngaoundere,Centre,2027-09-01,9,2027,120.72,2414.3,25000.0,70.06
S3_reappro_100,T102,TOURTEAUX,Nkoabang,Centre,2027-09-01,9,2027,172.87,3457.4,25000.0,85.15
S3_reappro_100,T102,TOURTEAUX,Nkolbisson,Centre,2027-09-01,9,2027,65.67,1313.5,25000.0,35.25
S3_reappro_100,T1021,TOURTEAUX,Bertoua,Centre,2027-09-01,9,2027,0.04,0.8,27305.0,0.03
S3_reappro_100,T1021,TOURTEAUX,Messassi,Centre,2027-09-01,9,2027,0.0,0.1,27305.0,0.0
S3_reappro_100,T1021,TOURTEAUX,Nkoabang,Centre,2027-09-01,9,2027,0.0,0.0,27305.0,0.0
S3_reappro_100,T1023,TOURTEAUX,Ahala,Centre,2027-09-01,9,2027,0.0,0.1,28992.0,0.0
S3_reappro_100,T1023,TOURTEAUX,Bertoua,Centre,2027-09-01,9,2027,0.26,5.2,28992.0,0.04
S3_reappro_100,T1023,TOURTEAUX,Messassi,Centre,2027-09-01,9,2027,0.09,1.8,28992.0,0.02
S3_reappro_100,T1023,TOURTEAUX,Ngaoundere,Centre,2027-09-01,9,2027,0.13,2.6,28992.0,0.04
S3_reappro_100,T1023,TOURTEAUX,Nkoabang,Centre,2027-09-01,9,2027,0.02,0.4,28992.0,0.0
S3_reappro_100,T1023,TOURTEAUX,Nkolbisson,Centre,2027-09-01,9,2027,0.08,1.5,28992.0,0.01
S3_reappro_100,T1024,TOURTEAUX,Ahala,Centre,2027-09-01,9,2027,0.02,0.4,28021.0,0.01
S3_reappro_100,T1024,TOURTEAUX,Bertoua,Centre,2027-09-01,9,2027,0.12,2.4,28021.0,0.03
S3_reappro_100,T1024,TOURTEAUX,Messassi,Centre,2027-09-01,9,2027,0.08,1.5,28021.0,0.04
S3_reappro_100,T1024,TOURTEAUX,Ngaoundere,Centre,2027-09-01,9,2027,0.21,4.1,28021.0,0.06
S3_reappro_100,T1024,TOURTEAUX,Nkoabang,Centre,2027-09-01,9,2027,0.02,0.3,28021.0,0.0
S3_reappro_100,T1024,TOURTEAUX,Nkolbisson,Centre,2027-09-01,9,2027,0.05,1.0,28021.0,0.02
S3_reappro_100,T102,TOURTEAUX,Ahala,Centre,2027-10-01,10,2027,819.41,16388.2,25000.0,484.7
S3_reappro_100,T102,TOURTEAUX,Bertoua,Centre,2027-10-01,10,2027,958.91,19178.3,25000.0,427.01
S3_reappro_100,T102,TOURTEAUX,Messassi,Centre,2027-10-01,10,2027,2019.18,40383.5,25000.0,947.74
S3_reappro_100,T102,TOURTEAUX,Ngaoundere,Centre,2027-10-01,10,2027,451.7,9034.1,25000.0,262.16
S3_reappro_100,T102,TOURTEAUX,Nkoabang,Centre,2027-10-01,10,2027,646.86,12937.2,25000.0,318.6
S3_reappro_100,T102,TOURTEAUX,Nkolbisson,Centre,2027-10-01,10,2027,245.74,4914.8,25000.0,131.91
S3_reappro_100,T1021,TOURTEAUX,Bertoua,Centre,2027-10-01,10,2027,0.14,2.8,27305.0,0.12
S3_reappro_100,T1021,TOURTEAUX,Messassi,Centre,2027-10-01,10,2027,0.01,0.3,27305.0,0.01
S3_reappro_100,T1021,TOURTEAUX,Nkoabang,Centre,2027-10-01,10,2027,0.0,0.1,27305.0,0.0
S3_reappro_100,T1023,TOURTEAUX,Ahala,Centre,2027-10-01,10,2027,0.02,0.3,28992.0,0.01
S3_reappro_100,T1023,TOURTEAUX,Bertoua,Centre,2027-10-01,10,2027,0.98,19.6,28992.0,0.14
S3_reappro_100,T1023,TOURTEAUX,Messassi,Centre,2027-10-01,10,2027,0.33,6.6,28992.0,0.07
S3_reappro_100,T1023,TOURTEAUX,Ngaoundere,Centre,2027-10-01,10,2027,0.49,9.8,28992.0,0.15
S3_reappro_100,T1023,TOURTEAUX,Nkoabang,Centre,2027-10-01,10,2027,0.08,1.6,28992.0,0.02
S3_reappro_100,T1023,TOURTEAUX,Nkolbisson,Centre,2027-10-01,10,2027,0.29,5.8,28992.0,0.05
S3_reappro_100,T1024,TOURTEAUX,Ahala,Centre,2027-10-01,10,2027,0.08,1.6,28021.0,0.05
S3_reappro_100,T1024,TOURTEAUX,Bertoua,Centre,2027-10-01,10,2027,0.44,8.9,28021.0,0.1
S3_reappro_100,T1024,TOURTEAUX,Messassi,Centre,2027-10-01,10,2027,0.29,5.8,28021.0,0.14
S3_reappro_100,T1024,TOURTEAUX,Ngaoundere,Centre,2027-10-01,10,2027,0.77,15.3,28021.0,0.22
S3_reappro_100,T1024,TOURTEAUX,Nkoabang,Centre,2027-10-01,10,2027,0.06,1.2,28021.0,0.02
S3_reappro_100,T1024,TOURTEAUX,Nkolbisson,Centre,2027-10-01,10,2027,0.18,3.6,28021.0,0.07
S3_reappro_100,T102,TOURTEAUX,Ahala,Centre,2027-11-01,11,2027,17.82,356.4,25000.0,10.54
S3_reappro_100,T102,TOURTEAUX,Bertoua,Centre,2027-11-01,11,2027,20.86,417.1,25000.0,9.29
S3_reappro_100,T102,TOURTEAUX,Messassi,Centre,2027-11-01,11,2027,43.92,878.3,25000.0,20.61
S3_reappro_100,T102,TOURTEAUX,Ngaoundere,Centre,2027-11-01,11,2027,9.82,196.5,25000.0,5.7
S3_reappro_100,T102,TOURTEAUX,Nkoabang,Centre,2027-11-01,11,2027,14.07,281.4,25000.0,6.93
S3_reappro_100,T102,TOURTEAUX,Nkolbisson,Centre,2027-11-01,11,2027,5.34,106.9,25000.0,2.87
S3_reappro_100,T1021,TOURTEAUX,Bertoua,Centre,2027-11-01,11,2027,0.0,0.1,27305.0,0.0
S3_reappro_100,T1021,TOURTEAUX,Messassi,Centre,2027-11-01,11,2027,0.0,0.0,27305.0,0.0
S3_reappro_100,T1021,TOURTEAUX,Nkoabang,Centre,2027-11-01,11,2027,0.0,0.0,27305.0,0.0
S3_reappro_100,T1023,TOURTEAUX,Ahala,Centre,2027-11-01,11,2027,0.0,0.0,28992.0,0.0
S3_reappro_100,T1023,TOURTEAUX,Bertoua,Centre,2027-11-01,11,2027,0.02,0.4,28992.0,0.0
S3_reappro_100,T1023,TOURTEAUX,Messassi,Centre,2027-11-01,11,2027,0.01,0.1,28992.0,0.0
S3_reappro_100,T1023,TOURTEAUX,Ngaoundere,Centre,2027-11-01,11,2027,0.01,0.2,28992.0,0.0
S3_reappro_100,T1023,TOURTEAUX,Nkoabang,Centre,2027-11-01,11,2027,0.0,0.0,28992.0,0.0
S3_reappro_100,T1023,TOURTEAUX,Nkolbisson,Centre,2027-11-01,11,2027,0.01,0.1,28992.0,0.0
S3_reappro_100,T1024,TOURTEAUX,Ahala,Centre,2027-11-01,11,2027,0.0,0.0,28021.0,0.0
S3_reappro_100,T1024,TOURTEAUX,Bertoua,Centre,2027-11-01,11,2027,0.01,0.2,28021.0,0.0
S3_reappro_100,T1024,TOURTEAUX,Messassi,Centre,2027-11-01,11,2027,0.01,0.1,28021.0,0.0
S3_reappro_100,T1024,TOURTEAUX,Ngaoundere,Centre,2027-11-01,11,2027,0.02,0.3,28021.0,0.0
S3_reappro_100,T1024,TOURTEAUX,Nkoabang,Centre,2027-11-01,11,2027,0.0,0.0,28021.0,0.0
S3_reappro_100,T1024,TOURTEAUX,Nkolbisson,Centre,2027-11-01,11,2027,0.0,0.1,28021.0,0.0
S3_reappro_100,T102,TOURTEAUX,Ahala,Centre,2027-12-01,12,2027,767.62,15352.3,25000.0,454.07
S3_reappro_100,T102,TOURTEAUX,Bertoua,Centre,2027-12-01,12,2027,898.3,17966.0,25000.0,400.02
S3_reappro_100,T102,TOURTEAUX,Messassi,Centre,2027-12-01,12,2027,1891.55,37830.9,25000.0,887.84
S3_reappro_100,T102,TOURTEAUX,Ngaoundere,Centre,2027-12-01,12,2027,423.15,8463.0,25000.0,245.58
S3_reappro_100,T102,TOURTEAUX,Nkoabang,Centre,2027-12-01,12,2027,605.97,12119.5,25000.0,298.47
S3_reappro_100,T102,TOURTEAUX,Nkolbisson,Centre,2027-12-01,12,2027,230.21,4604.2,25000.0,123.57
S3_reappro_100,T1021,TOURTEAUX,Bertoua,Centre,2027-12-01,12,2027,0.13,2.6,27305.0,0.12
S3_reappro_100,T1021,TOURTEAUX,Messassi,Centre,2027-12-01,12,2027,0.01,0.2,27305.0,0.01
S3_reappro_100,T1021,TOURTEAUX,Nkoabang,Centre,2027-12-01,12,2027,0.0,0.1,27305.0,0.0
S3_reappro_100,T1023,TOURTEAUX,Ahala,Centre,2027-12-01,12,2027,0.02,0.3,28992.0,0.01
S3_reappro_100,T1023,TOURTEAUX,Bertoua,Centre,2027-12-01,12,2027,0.92,18.3,28992.0,0.13
S3_reappro_100,T1023,TOURTEAUX,Messassi,Centre,2027-12-01,12,2027,0.31,6.1,28992.0,0.06
S3_reappro_100,T1023,TOURTEAUX,Ngaoundere,Centre,2027-12-01,12,2027,0.46,9.2,28992.0,0.14
S3_reappro_100,T1023,TOURTEAUX,Nkoabang,Centre,2027-12-01,12,2027,0.07,1.5,28992.0,0.01
S3_reappro_100,T1023,TOURTEAUX,Nkolbisson,Centre,2027-12-01,12,2027,0.27,5.4,28992.0,0.05
S3_reappro_100,T1024,TOURTEAUX,Ahala,Centre,2027-12-01,12,2027,0.08,1.5,28021.0,0.05
S3_reappro_100,T1024,TOURTEAUX,Bertoua,Centre,2027-12-01,12,2027,0.41,8.3,28021.0,0.09
S3_reappro_100,T1024,TOURTEAUX,Messassi,Centre,2027-12-01,12,2027,0.27,5.4,28021.0,0.13
S3_reappro_100,T1024,TOURTEAUX,Ngaoundere,Centre,2027-12-01,12,2027,0.72,14.4,28021.0,0.2
S3_reappro_100,T1024,TOURTEAUX,Nkoabang,Centre,2027-12-01,12,2027,0.06,1.2,28021.0,0.01
S3_reappro_100,T1024,TOURTEAUX,Nkolbisson,Centre,2027-12-01,12,2027,0.17,3.4,28021.0,0.06
S3_reappro_100,T102,TOURTEAUX,Buea,Littoral,2027-01-01,1,2027,302.44,6048.8,25000.0,148.79
S3_reappro_100,T102,TOURTEAUX,Ndobo,Littoral,2027-01-01,1,2027,1051.68,21033.6,25000.0,492.52
S3_reappro_100,T102,TOURTEAUX,Nkongsamba,Littoral,2027-01-01,1,2027,316.14,6322.9,25000.0,161.52
S3_reappro_100,T102,TOURTEAUX,Pk11,Littoral,2027-01-01,1,2027,144.74,2894.8,25000.0,72.4
S3_reappro_100,T102,TOURTEAUX,Village,Littoral,2027-01-01,1,2027,284.19,5683.8,25000.0,174.45
S3_reappro_100,T1021,TOURTEAUX,Buea,Littoral,2027-01-01,1,2027,0.0,0.0,27305.0,0.0
S3_reappro_100,T1021,TOURTEAUX,Ndobo,Littoral,2027-01-01,1,2027,0.05,1.1,27305.0,0.01
S3_reappro_100,T1021,TOURTEAUX,Village,Littoral,2027-01-01,1,2027,0.0,0.1,27305.0,0.0
S3_reappro_100,T1023,TOURTEAUX,Buea,Littoral,2027-01-01,1,2027,0.01,0.2,28992.0,0.01
S3_reappro_100,T1023,TOURTEAUX,Ndobo,Littoral,2027-01-01,1,2027,0.18,3.7,28992.0,0.03
S3_reappro_100,T1023,TOURTEAUX,Nkongsamba,Littoral,2027-01-01,1,2027,0.12,2.3,28992.0,0.04
S3_reappro_100,T1023,TOURTEAUX,Pk11,Littoral,2027-01-01,1,2027,0.03,0.5,28992.0,0.02
S3_reappro_100,T1023,TOURTEAUX,Village,Littoral,2027-01-01,1,2027,0.03,0.7,28992.0,0.0
S3_reappro_100,T1024,TOURTEAUX,Ndobo,Littoral,2027-01-01,1,2027,0.06,1.2,28021.0,0.05
S3_reappro_100,T1024,TOURTEAUX,Nkongsamba,Littoral,2027-01-01,1,2027,0.18,3.7,28021.0,0.12
S3_reappro_100,T1024,TOURTEAUX,Pk11,Littoral,2027-01-01,1,2027,0.01,0.2,28021.0,0.01
S3_reappro_100,T1024,TOURTEAUX,Village,Littoral,2027-01-01,1,2027,0.01,0.2,28021.0,0.01
S3_reappro_100,T102,TOURTEAUX,Buea,Littoral,2027-02-01,2,2027,71.24,1424.7,25000.0,35.05
S3_reappro_100,T102,TOURTEAUX,Ndobo,Littoral,2027-02-01,2,2027,247.71,4954.2,25000.0,116.01
S3_reappro_100,T102,TOURTEAUX,Nkongsamba,Littoral,2027-02-01,2,2027,74.46,1489.3,25000.0,38.04
S3_reappro_100,T102,TOURTEAUX,Pk11,Littoral,2027-02-01,2,2027,34.09,681.8,25000.0,17.05
S3_reappro_100,T102,TOURTEAUX,Village,Littoral,2027-02-01,2,2027,66.94,1338.7,25000.0,41.09
S3_reappro_100,T1021,TOURTEAUX,Buea,Littoral,2027-02-01,2,2027,0.0,0.0,27305.0,0.0
S3_reappro_100,T1021,TOURTEAUX,Ndobo,Littoral,2027-02-01,2,2027,0.01,0.3,27305.0,0.0
S3_reappro_100,T1021,TOURTEAUX,Village,Littoral,2027-02-01,2,2027,0.0,0.0,27305.0,0.0
S3_reappro_100,T1023,TOURTEAUX,Buea,Littoral,2027-02-01,2,2027,0.0,0.0,28992.0,0.0
S3_reappro_100,T1023,TOURTEAUX,Ndobo,Littoral,2027-02-01,2,2027,0.04,0.9,28992.0,0.01
S3_reappro_100,T1023,TOURTEAUX,Nkongsamba,Littoral,2027-02-01,2,2027,0.03,0.5,28992.0,0.01
S3_reappro_100,T1023,TOURTEAUX,Pk11,Littoral,2027-02-01,2,2027,0.01,0.1,28992.0,0.01
S3_reappro_100,T1023,TOURTEAUX,Village,Littoral,2027-02-01,2,2027,0.01,0.2,28992.0,0.0
S3_reappro_100,T1024,TOURTEAUX,Ndobo,Littoral,2027-02-01,2,2027,0.01,0.3,28021.0,0.01
S3_reappro_100,T1024,TOURTEAUX,Nkongsamba,Littoral,2027-02-01,2,2027,0.04,0.9,28021.0,0.03
S3_reappro_100,T1024,TOURTEAUX,Pk11,Littoral,2027-02-01,2,2027,0.0,0.0,28021.0,0.0
S3_reappro_100,T1024,TOURTEAUX,Village,Littoral,2027-02-01,2,2027,0.0,0.1,28021.0,0.0
S3_reappro_100,T102,TOURTEAUX,Buea,Littoral,2027-03-01,3,2027,195.45,3909.0,25000.0,96.16
S3_reappro_100,T102,TOURTEAUX,Ndobo,Littoral,2027-03-01,3,2027,679.64,13592.8,25000.0,318.29
S3_reappro_100,T102,TOURTEAUX,Nkongsamba,Littoral,2027-03-01,3,2027,204.31,4086.1,25000.0,104.38
S3_reappro_100,T102,TOURTEAUX,Pk11,Littoral,2027-03-01,3,2027,93.54,1870.8,25000.0,46.79
S3_reappro_100,T102,TOURTEAUX,Village,Littoral,2027-03-01,3,2027,183.66,3673.1,25000.0,112.74
S3_reappro_100,T1021,TOURTEAUX,Buea,Littoral,2027-03-01,3,2027,0.0,0.0,27305.0,0.0
S3_reappro_100,T1021,TOURTEAUX,Ndobo,Littoral,2027-03-01,3,2027,0.04,0.7,27305.0,0.01
S3_reappro_100,T1021,TOURTEAUX,Village,Littoral,2027-03-01,3,2027,0.0,0.0,27305.0,0.0
S3_reappro_100,T1023,TOURTEAUX,Buea,Littoral,2027-03-01,3,2027,0.01,0.1,28992.0,0.0
S3_reappro_100,T1023,TOURTEAUX,Ndobo,Littoral,2027-03-01,3,2027,0.12,2.4,28992.0,0.02
S3_reappro_100,T1023,TOURTEAUX,Nkongsamba,Littoral,2027-03-01,3,2027,0.07,1.5,28992.0,0.03
S3_reappro_100,T1023,TOURTEAUX,Pk11,Littoral,2027-03-01,3,2027,0.02,0.3,28992.0,0.01
S3_reappro_100,T1023,TOURTEAUX,Village,Littoral,2027-03-01,3,2027,0.02,0.5,28992.0,0.0
S3_reappro_100,T1024,TOURTEAUX,Ndobo,Littoral,2027-03-01,3,2027,0.04,0.8,28021.0,0.03
S3_reappro_100,T1024,TOURTEAUX,Nkongsamba,Littoral,2027-03-01,3,2027,0.12,2.4,28021.0,0.08
S3_reappro_100,T1024,TOURTEAUX,Pk11,Littoral,2027-03-01,3,2027,0.01,0.1,28021.0,0.01
S3_reappro_100,T1024,TOURTEAUX,Village,Littoral,2027-03-01,3,2027,0.01,0.2,28021.0,0.0
S3_reappro_100,T102,TOURTEAUX,Buea,Littoral,2027-04-01,4,2027,293.64,5872.8,25000.0,144.46
S3_reappro_100,T102,TOURTEAUX,Ndobo,Littoral,2027-04-01,4,2027,1021.07,20421.5,25000.0,478.18
S3_reappro_100,T102,TOURTEAUX,Nkongsamba,Littoral,2027-04-01,4,2027,306.95,6138.9,25000.0,156.82
S3_reappro_100,T102,TOURTEAUX,Pk11,Littoral,2027-04-01,4,2027,140.53,2810.6,25000.0,70.3
S3_reappro_100,T102,TOURTEAUX,Village,Littoral,2027-04-01,4,2027,275.92,5518.4,25000.0,169.38
S3_reappro_100,T1021,TOURTEAUX,Buea,Littoral,2027-04-01,4,2027,0.0,0.0,27305.0,0.0
S3_reappro_100,T1021,TOURTEAUX,Ndobo,Littoral,2027-04-01,4,2027,0.05,1.1,27305.0,0.01
S3_reappro_100,T1021,TOURTEAUX,Village,Littoral,2027-04-01,4,2027,0.0,0.1,27305.0,0.0
S3_reappro_100,T1023,TOURTEAUX,Buea,Littoral,2027-04-01,4,2027,0.01,0.2,28992.0,0.01
S3_reappro_100,T1023,TOURTEAUX,Ndobo,Littoral,2027-04-01,4,2027,0.18,3.6,28992.0,0.03
S3_reappro_100,T1023,TOURTEAUX,Nkongsamba,Littoral,2027-04-01,4,2027,0.11,2.2,28992.0,0.04
S3_reappro_100,T1023,TOURTEAUX,Pk11,Littoral,2027-04-01,4,2027,0.03,0.5,28992.0,0.02
S3_reappro_100,T1023,TOURTEAUX,Village,Littoral,2027-04-01,4,2027,0.03,0.7,28992.0,0.0
S3_reappro_100,T1024,TOURTEAUX,Ndobo,Littoral,2027-04-01,4,2027,0.06,1.2,28021.0,0.05
S3_reappro_100,T1024,TOURTEAUX,Nkongsamba,Littoral,2027-04-01,4,2027,0.18,3.6,28021.0,0.12
S3_reappro_100,T1024,TOURTEAUX,Pk11,Littoral,2027-04-01,4,2027,0.01,0.2,28021.0,0.01
S3_reappro_100,T1024,TOURTEAUX,Village,Littoral,2027-04-01,4,2027,0.01,0.2,28021.0,0.01
S3_reappro_100,T102,TOURTEAUX,Buea,Littoral,2027-05-01,5,2027,398.04,7960.9,25000.0,195.83
S3_reappro_100,T102,TOURTEAUX,Ndobo,Littoral,2027-05-01,5,2027,1384.13,27682.6,25000.0,648.21
S3_reappro_100,T102,TOURTEAUX,Nkongsamba,Littoral,2027-05-01,5,2027,416.08,8321.7,25000.0,212.59
S3_reappro_100,T102,TOURTEAUX,Pk11,Littoral,2027-05-01,5,2027,190.5,3809.9,25000.0,95.29
S3_reappro_100,T102,TOURTEAUX,Village,Littoral,2027-05-01,5,2027,374.03,7480.5,25000.0,229.6
S3_reappro_100,T1021,TOURTEAUX,Buea,Littoral,2027-05-01,5,2027,0.0,0.0,27305.0,0.0
S3_reappro_100,T1021,TOURTEAUX,Ndobo,Littoral,2027-05-01,5,2027,0.07,1.4,27305.0,0.02
S3_reappro_100,T1021,TOURTEAUX,Village,Littoral,2027-05-01,5,2027,0.01,0.1,27305.0,0.0
S3_reappro_100,T1023,TOURTEAUX,Buea,Littoral,2027-05-01,5,2027,0.01,0.2,28992.0,0.01
S3_reappro_100,T1023,TOURTEAUX,Ndobo,Littoral,2027-05-01,5,2027,0.24,4.8,28992.0,0.04
S3_reappro_100,T1023,TOURTEAUX,Nkongsamba,Littoral,2027-05-01,5,2027,0.15,3.0,28992.0,0.06
S3_reappro_100,T1023,TOURTEAUX,Pk11,Littoral,2027-05-01,5,2027,0.04,0.7,28992.0,0.03
S3_reappro_100,T1023,TOURTEAUX,Village,Littoral,2027-05-01,5,2027,0.05,0.9,28992.0,0.0
S3_reappro_100,T1024,TOURTEAUX,Ndobo,Littoral,2027-05-01,5,2027,0.08,1.6,28021.0,0.07
S3_reappro_100,T1024,TOURTEAUX,Nkongsamba,Littoral,2027-05-01,5,2027,0.24,4.9,28021.0,0.16
S3_reappro_100,T1024,TOURTEAUX,Pk11,Littoral,2027-05-01,5,2027,0.01,0.3,28021.0,0.01
S3_reappro_100,T1024,TOURTEAUX,Village,Littoral,2027-05-01,5,2027,0.02,0.3,28021.0,0.01
S3_reappro_100,T102,TOURTEAUX,Buea,Littoral,2027-06-01,6,2027,739.59,14791.9,25000.0,363.86
S3_reappro_100,T102,TOURTEAUX,Ndobo,Littoral,2027-06-01,6,2027,2571.81,51436.2,25000.0,1204.42
S3_reappro_100,T102,TOURTEAUX,Nkongsamba,Littoral,2027-06-01,6,2027,773.11,15462.2,25000.0,395.0
S3_reappro_100,T102,TOURTEAUX,Pk11,Littoral,2027-06-01,6,2027,353.95,7079.1,25000.0,177.06
S3_reappro_100,T102,TOURTEAUX,Village,Littoral,2027-06-01,6,2027,694.97,13899.3,25000.0,426.61
S3_reappro_100,T1021,TOURTEAUX,Buea,Littoral,2027-06-01,6,2027,0.0,0.1,27305.0,0.0
S3_reappro_100,T1021,TOURTEAUX,Ndobo,Littoral,2027-06-01,6,2027,0.13,2.7,27305.0,0.03
S3_reappro_100,T1021,TOURTEAUX,Village,Littoral,2027-06-01,6,2027,0.01,0.2,27305.0,0.0
S3_reappro_100,T1023,TOURTEAUX,Buea,Littoral,2027-06-01,6,2027,0.02,0.4,28992.0,0.02
S3_reappro_100,T1023,TOURTEAUX,Ndobo,Littoral,2027-06-01,6,2027,0.45,9.0,28992.0,0.07
S3_reappro_100,T1023,TOURTEAUX,Nkongsamba,Littoral,2027-06-01,6,2027,0.28,5.7,28992.0,0.1
S3_reappro_100,T1023,TOURTEAUX,Pk11,Littoral,2027-06-01,6,2027,0.07,1.3,28992.0,0.06
S3_reappro_100,T1023,TOURTEAUX,Village,Littoral,2027-06-01,6,2027,0.09,1.7,28992.0,0.0
S3_reappro_100,T1024,TOURTEAUX,Ndobo,Littoral,2027-06-01,6,2027,0.15,3.0,28021.0,0.12
S3_reappro_100,T1024,TOURTEAUX,Nkongsamba,Littoral,2027-06-01,6,2027,0.45,9.0,28021.0,0.3
S3_reappro_100,T1024,TOURTEAUX,Pk11,Littoral,2027-06-01,6,2027,0.03,0.5,28021.0,0.02
S3_reappro_100,T1024,TOURTEAUX,Village,Littoral,2027-06-01,6,2027,0.03,0.6,28021.0,0.01
S3_reappro_100,T102,TOURTEAUX,Buea,Littoral,2027-07-01,7,2027,240.58,4811.6,25000.0,118.36
S3_reappro_100,T102,TOURTEAUX,Ndobo,Littoral,2027-07-01,7,2027,836.58,16731.5,25000.0,391.78
S3_reappro_100,T102,TOURTEAUX,Nkongsamba,Littoral,2027-07-01,7,2027,251.48,5029.7,25000.0,128.49
S3_reappro_100,T102,TOURTEAUX,Pk11,Littoral,2027-07-01,7,2027,115.14,2302.7,25000.0,57.59
S3_reappro_100,T102,TOURTEAUX,Village,Littoral,2027-07-01,7,2027,226.06,4521.3,25000.0,138.77
S3_reappro_100,T1021,TOURTEAUX,Buea,Littoral,2027-07-01,7,2027,0.0,0.0,27305.0,0.0
S3_reappro_100,T1021,TOURTEAUX,Ndobo,Littoral,2027-07-01,7,2027,0.04,0.9,27305.0,0.01
S3_reappro_100,T1021,TOURTEAUX,Village,Littoral,2027-07-01,7,2027,0.0,0.1,27305.0,0.0
S3_reappro_100,T1023,TOURTEAUX,Buea,Littoral,2027-07-01,7,2027,0.01,0.1,28992.0,0.01
S3_reappro_100,T1023,TOURTEAUX,Ndobo,Littoral,2027-07-01,7,2027,0.15,2.9,28992.0,0.02
S3_reappro_100,T1023,TOURTEAUX,Nkongsamba,Littoral,2027-07-01,7,2027,0.09,1.8,28992.0,0.03
S3_reappro_100,T1023,TOURTEAUX,Pk11,Littoral,2027-07-01,7,2027,0.02,0.4,28992.0,0.02
S3_reappro_100,T1023,TOURTEAUX,Village,Littoral,2027-07-01,7,2027,0.03,0.6,28992.0,0.0
S3_reappro_100,T1024,TOURTEAUX,Ndobo,Littoral,2027-07-01,7,2027,0.05,1.0,28021.0,0.04
S3_reappro_100,T1024,TOURTEAUX,Nkongsamba,Littoral,2027-07-01,7,2027,0.15,2.9,28021.0,0.1
S3_reappro_100,T1024,TOURTEAUX,Pk11,Littoral,2027-07-01,7,2027,0.01,0.2,28021.0,0.01
S3_reappro_100,T1024,TOURTEAUX,Village,Littoral,2027-07-01,7,2027,0.01,0.2,28021.0,0.0
S3_reappro_100,T102,TOURTEAUX,Buea,Littoral,2027-08-01,8,2027,0.0,0.0,25000.0,0.0
S3_reappro_100,T102,TOURTEAUX,Ndobo,Littoral,2027-08-01,8,2027,0.0,0.0,25000.0,0.0
S3_reappro_100,T102,TOURTEAUX,Nkongsamba,Littoral,2027-08-01,8,2027,0.0,0.0,25000.0,0.0
S3_reappro_100,T102,TOURTEAUX,Pk11,Littoral,2027-08-01,8,2027,0.0,0.0,25000.0,0.0
S3_reappro_100,T102,TOURTEAUX,Village,Littoral,2027-08-01,8,2027,0.0,0.0,25000.0,0.0
S3_reappro_100,T1021,TOURTEAUX,Buea,Littoral,2027-08-01,8,2027,0.0,0.0,27305.0,0.0
S3_reappro_100,T1021,TOURTEAUX,Ndobo,Littoral,2027-08-01,8,2027,0.0,0.0,27305.0,0.0
S3_reappro_100,T1021,TOURTEAUX,Village,Littoral,2027-08-01,8,2027,0.0,0.0,27305.0,0.0
S3_reappro_100,T1023,TOURTEAUX,Buea,Littoral,2027-08-01,8,2027,0.0,0.0,28992.0,0.0
S3_reappro_100,T1023,TOURTEAUX,Ndobo,Littoral,2027-08-01,8,2027,0.0,0.0,28992.0,0.0
S3_reappro_100,T1023,TOURTEAUX,Nkongsamba,Littoral,2027-08-01,8,2027,0.0,0.0,28992.0,0.0
S3_reappro_100,T1023,TOURTEAUX,Pk11,Littoral,2027-08-01,8,2027,0.0,0.0,28992.0,0.0
S3_reappro_100,T1023,TOURTEAUX,Village,Littoral,2027-08-01,8,2027,0.0,0.0,28992.0,0.0
S3_reappro_100,T1024,TOURTEAUX,Ndobo,Littoral,2027-08-01,8,2027,0.0,0.0,28021.0,0.0
S3_reappro_100,T1024,TOURTEAUX,Nkongsamba,Littoral,2027-08-01,8,2027,0.0,0.0,28021.0,0.0
S3_reappro_100,T1024,TOURTEAUX,Pk11,Littoral,2027-08-01,8,2027,0.0,0.0,28021.0,0.0
S3_reappro_100,T1024,TOURTEAUX,Village,Littoral,2027-08-01,8,2027,0.0,0.0,28021.0,0.0
S3_reappro_100,T102,TOURTEAUX,Buea,Littoral,2027-09-01,9,2027,277.92,5558.4,25000.0,136.73
S3_reappro_100,T102,TOURTEAUX,Ndobo,Littoral,2027-09-01,9,2027,966.42,19328.5,25000.0,452.59
S3_reappro_100,T102,TOURTEAUX,Nkongsamba,Littoral,2027-09-01,9,2027,290.52,5810.3,25000.0,148.43
S3_reappro_100,T102,TOURTEAUX,Pk11,Littoral,2027-09-01,9,2027,133.01,2660.1,25000.0,66.53
S3_reappro_100,T102,TOURTEAUX,Village,Littoral,2027-09-01,9,2027,261.15,5223.0,25000.0,160.31
S3_reappro_100,T1021,TOURTEAUX,Buea,Littoral,2027-09-01,9,2027,0.0,0.0,27305.0,0.0
S3_reappro_100,T1021,TOURTEAUX,Ndobo,Littoral,2027-09-01,9,2027,0.05,1.0,27305.0,0.01
S3_reappro_100,T1021,TOURTEAUX,Village,Littoral,2027-09-01,9,2027,0.0,0.1,27305.0,0.0
S3_reappro_100,T1023,TOURTEAUX,Buea,Littoral,2027-09-01,9,2027,0.01,0.2,28992.0,0.01
S3_reappro_100,T1023,TOURTEAUX,Ndobo,Littoral,2027-09-01,9,2027,0.17,3.4,28992.0,0.03
S3_reappro_100,T1023,TOURTEAUX,Nkongsamba,Littoral,2027-09-01,9,2027,0.11,2.1,28992.0,0.04
S3_reappro_100,T1023,TOURTEAUX,Pk11,Littoral,2027-09-01,9,2027,0.02,0.5,28992.0,0.02
S3_reappro_100,T1023,TOURTEAUX,Village,Littoral,2027-09-01,9,2027,0.03,0.6,28992.0,0.0
S3_reappro_100,T1024,TOURTEAUX,Ndobo,Littoral,2027-09-01,9,2027,0.06,1.1,28021.0,0.05
S3_reappro_100,T1024,TOURTEAUX,Nkongsamba,Littoral,2027-09-01,9,2027,0.17,3.4,28021.0,0.11
S3_reappro_100,T1024,TOURTEAUX,Pk11,Littoral,2027-09-01,9,2027,0.01,0.2,28021.0,0.01
S3_reappro_100,T1024,TOURTEAUX,Village,Littoral,2027-09-01,9,2027,0.01,0.2,28021.0,0.01
S3_reappro_100,T102,TOURTEAUX,Buea,Littoral,2027-10-01,10,2027,198.64,3972.9,25000.0,97.73
S3_reappro_100,T102,TOURTEAUX,Ndobo,Littoral,2027-10-01,10,2027,690.75,13815.0,25000.0,323.49
S3_reappro_100,T102,TOURTEAUX,Nkongsamba,Littoral,2027-10-01,10,2027,207.65,4152.9,25000.0,106.09
S3_reappro_100,T102,TOURTEAUX,Pk11,Littoral,2027-10-01,10,2027,95.07,1901.3,25000.0,47.56
S3_reappro_100,T102,TOURTEAUX,Village,Littoral,2027-10-01,10,2027,186.66,3733.1,25000.0,114.58
S3_reappro_100,T1021,TOURTEAUX,Buea,Littoral,2027-10-01,10,2027,0.0,0.0,27305.0,0.0
S3_reappro_100,T1021,TOURTEAUX,Ndobo,Littoral,2027-10-01,10,2027,0.04,0.7,27305.0,0.01
S3_reappro_100,T1021,TOURTEAUX,Village,Littoral,2027-10-01,10,2027,0.0,0.0,27305.0,0.0
S3_reappro_100,T1023,TOURTEAUX,Buea,Littoral,2027-10-01,10,2027,0.01,0.1,28992.0,0.0
S3_reappro_100,T1023,TOURTEAUX,Ndobo,Littoral,2027-10-01,10,2027,0.12,2.4,28992.0,0.02
S3_reappro_100,T1023,TOURTEAUX,Nkongsamba,Littoral,2027-10-01,10,2027,0.08,1.5,28992.0,0.03
S3_reappro_100,T1023,TOURTEAUX,Pk11,Littoral,2027-10-01,10,2027,0.02,0.4,28992.0,0.01
S3_reappro_100,T1023,TOURTEAUX,Village,Littoral,2027-10-01,10,2027,0.02,0.5,28992.0,0.0
S3_reappro_100,T1024,TOURTEAUX,Ndobo,Littoral,2027-10-01,10,2027,0.04,0.8,28021.0,0.03
S3_reappro_100,T1024,TOURTEAUX,Nkongsamba,Littoral,2027-10-01,10,2027,0.12,2.4,28021.0,0.08
S3_reappro_100,T1024,TOURTEAUX,Pk11,Littoral,2027-10-01,10,2027,0.01,0.1,28021.0,0.01
S3_reappro_100,T1024,TOURTEAUX,Village,Littoral,2027-10-01,10,2027,0.01,0.2,28021.0,0.0
S3_reappro_100,T102,TOURTEAUX,Buea,Littoral,2027-11-01,11,2027,1366.55,27330.9,25000.0,672.31
S3_reappro_100,T102,TOURTEAUX,Ndobo,Littoral,2027-11-01,11,2027,4751.92,95038.5,25000.0,2225.4
S3_reappro_100,T102,TOURTEAUX,Nkongsamba,Littoral,2027-11-01,11,2027,1428.47,28569.5,25000.0,729.84
S3_reappro_100,T102,TOURTEAUX,Pk11,Littoral,2027-11-01,11,2027,654.0,13080.0,25000.0,327.15
S3_reappro_100,T102,TOURTEAUX,Village,Littoral,2027-11-01,11,2027,1284.09,25681.8,25000.0,788.25
S3_reappro_100,T1021,TOURTEAUX,Buea,Littoral,2027-11-01,11,2027,0.0,0.1,27305.0,0.0
S3_reappro_100,T1021,TOURTEAUX,Ndobo,Littoral,2027-11-01,11,2027,0.25,4.9,27305.0,0.06
S3_reappro_100,T1021,TOURTEAUX,Village,Littoral,2027-11-01,11,2027,0.02,0.3,27305.0,0.0
S3_reappro_100,T1023,TOURTEAUX,Buea,Littoral,2027-11-01,11,2027,0.04,0.8,28992.0,0.03
S3_reappro_100,T1023,TOURTEAUX,Ndobo,Littoral,2027-11-01,11,2027,0.83,16.6,28992.0,0.12
S3_reappro_100,T1023,TOURTEAUX,Nkongsamba,Littoral,2027-11-01,11,2027,0.52,10.5,28992.0,0.19
S3_reappro_100,T1023,TOURTEAUX,Pk11,Littoral,2027-11-01,11,2027,0.12,2.4,28992.0,0.1
S3_reappro_100,T1023,TOURTEAUX,Village,Littoral,2027-11-01,11,2027,0.16,3.1,28992.0,0.01
S3_reappro_100,T1024,TOURTEAUX,Ndobo,Littoral,2027-11-01,11,2027,0.28,5.6,28021.0,0.23
S3_reappro_100,T1024,TOURTEAUX,Nkongsamba,Littoral,2027-11-01,11,2027,0.83,16.7,28021.0,0.55
S3_reappro_100,T1024,TOURTEAUX,Pk11,Littoral,2027-11-01,11,2027,0.05,1.0,28021.0,0.04
S3_reappro_100,T1024,TOURTEAUX,Village,Littoral,2027-11-01,11,2027,0.06,1.1,28021.0,0.03
S3_reappro_100,T102,TOURTEAUX,Buea,Littoral,2027-12-01,12,2027,763.41,15268.3,25000.0,375.58
S3_reappro_100,T102,TOURTEAUX,Ndobo,Littoral,2027-12-01,12,2027,2654.64,53092.8,25000.0,1243.21
S3_reappro_100,T102,TOURTEAUX,Nkongsamba,Littoral,2027-12-01,12,2027,798.01,15960.2,25000.0,407.72
S3_reappro_100,T102,TOURTEAUX,Pk11,Littoral,2027-12-01,12,2027,365.35,7307.1,25000.0,182.76
S3_reappro_100,T102,TOURTEAUX,Village,Littoral,2027-12-01,12,2027,717.35,14347.0,25000.0,440.35
S3_reappro_100,T1021,TOURTEAUX,Buea,Littoral,2027-12-01,12,2027,0.0,0.1,27305.0,0.0
S3_reappro_100,T1021,TOURTEAUX,Ndobo,Littoral,2027-12-01,12,2027,0.14,2.7,27305.0,0.03
S3_reappro_100,T1021,TOURTEAUX,Village,Littoral,2027-12-01,12,2027,0.01,0.2,27305.0,0.0
S3_reappro_100,T1023,TOURTEAUX,Buea,Littoral,2027-12-01,12,2027,0.02,0.4,28992.0,0.02
S3_reappro_100,T1023,TOURTEAUX,Ndobo,Littoral,2027-12-01,12,2027,0.46,9.3,28992.0,0.07
S3_reappro_100,T1023,TOURTEAUX,Nkongsamba,Littoral,2027-12-01,12,2027,0.29,5.8,28992.0,0.11
S3_reappro_100,T1023,TOURTEAUX,Pk11,Littoral,2027-12-01,12,2027,0.07,1.4,28992.0,0.06
S3_reappro_100,T1023,TOURTEAUX,Village,Littoral,2027-12-01,12,2027,0.09,1.8,28992.0,0.0
S3_reappro_100,T1024,TOURTEAUX,Ndobo,Littoral,2027-12-01,12,2027,0.16,3.1,28021.0,0.13
S3_reappro_100,T1024,TOURTEAUX,Nkongsamba,Littoral,2027-12-01,12,2027,0.47,9.3,28021.0,0.31
S3_reappro_100,T1024,TOURTEAUX,Pk11,Littoral,2027-12-01,12,2027,0.03,0.5,28021.0,0.02
S3_reappro_100,T1024,TOURTEAUX,Village,Littoral,2027-12-01,12,2027,0.03,0.6,28021.0,0.01
S3_reappro_100,T102,TOURTEAUX,Djeleng,Ouest,2027-01-01,1,2027,698.69,13973.7,25000.0,358.47
S3_reappro_100,T102,TOURTEAUX,Famla,Ouest,2027-01-01,1,2027,2651.9,53038.1,25000.0,1296.71
S3_reappro_100,T102,TOURTEAUX,Mbouda,Ouest,2027-01-01,1,2027,413.95,8278.9,25000.0,227.06
S3_reappro_100,T1023,TOURTEAUX,Djeleng,Ouest,2027-01-01,1,2027,0.2,4.0,28992.0,0.15
S3_reappro_100,T1023,TOURTEAUX,Famla,Ouest,2027-01-01,1,2027,0.0,0.1,28992.0,0.0
S3_reappro_100,T1024,TOURTEAUX,Djeleng,Ouest,2027-01-01,1,2027,0.01,0.3,28021.0,0.0
S3_reappro_100,T1024,TOURTEAUX,Famla,Ouest,2027-01-01,1,2027,0.06,1.2,28021.0,0.04
S3_reappro_100,T1024,TOURTEAUX,Mbouda,Ouest,2027-01-01,1,2027,0.43,8.5,28021.0,0.23
S3_reappro_100,T102,TOURTEAUX,Djeleng,Ouest,2027-02-01,2,2027,428.41,8568.1,25000.0,219.8
S3_reappro_100,T102,TOURTEAUX,Famla,Ouest,2027-02-01,2,2027,1626.04,32520.7,25000.0,795.09
S3_reappro_100,T102,TOURTEAUX,Mbouda,Ouest,2027-02-01,2,2027,253.82,5076.3,25000.0,139.22
S3_reappro_100,T1023,TOURTEAUX,Djeleng,Ouest,2027-02-01,2,2027,0.12,2.5,28992.0,0.09
S3_reappro_100,T1023,TOURTEAUX,Famla,Ouest,2027-02-01,2,2027,0.0,0.1,28992.0,0.0
S3_reappro_100,T1024,TOURTEAUX,Djeleng,Ouest,2027-02-01,2,2027,0.01,0.2,28021.0,0.0
S3_reappro_100,T1024,TOURTEAUX,Famla,Ouest,2027-02-01,2,2027,0.04,0.8,28021.0,0.03
S3_reappro_100,T1024,TOURTEAUX,Mbouda,Ouest,2027-02-01,2,2027,0.26,5.2,28021.0,0.14
S3_reappro_100,T102,TOURTEAUX,Djeleng,Ouest,2027-03-01,3,2027,407.64,8152.9,25000.0,209.15
S3_reappro_100,T102,TOURTEAUX,Famla,Ouest,2027-03-01,3,2027,1547.24,30944.8,25000.0,756.56
S3_reappro_100,T102,TOURTEAUX,Mbouda,Ouest,2027-03-01,3,2027,241.52,4830.3,25000.0,132.47
S3_reappro_100,T1023,TOURTEAUX,Djeleng,Ouest,2027-03-01,3,2027,0.12,2.3,28992.0,0.09
S3_reappro_100,T1023,TOURTEAUX,Famla,Ouest,2027-03-01,3,2027,0.0,0.0,28992.0,0.0
S3_reappro_100,T1024,TOURTEAUX,Djeleng,Ouest,2027-03-01,3,2027,0.01,0.2,28021.0,0.0
S3_reappro_100,T1024,TOURTEAUX,Famla,Ouest,2027-03-01,3,2027,0.04,0.7,28021.0,0.03
S3_reappro_100,T1024,TOURTEAUX,Mbouda,Ouest,2027-03-01,3,2027,0.25,5.0,28021.0,0.14
S3_reappro_100,T102,TOURTEAUX,Djeleng,Ouest,2027-04-01,4,2027,276.05,5521.1,25000.0,141.63
S3_reappro_100,T102,TOURTEAUX,Famla,Ouest,2027-04-01,4,2027,1047.77,20955.5,25000.0,512.33
S3_reappro_100,T102,TOURTEAUX,Mbouda,Ouest,2027-04-01,4,2027,163.55,3271.0,25000.0,89.71
S3_reappro_100,T1023,TOURTEAUX,Djeleng,Ouest,2027-04-01,4,2027,0.08,1.6,28992.0,0.06
S3_reappro_100,T1023,TOURTEAUX,Famla,Ouest,2027-04-01,4,2027,0.0,0.0,28992.0,0.0
S3_reappro_100,T1024,TOURTEAUX,Djeleng,Ouest,2027-04-01,4,2027,0.01,0.1,28021.0,0.0
S3_reappro_100,T1024,TOURTEAUX,Famla,Ouest,2027-04-01,4,2027,0.02,0.5,28021.0,0.02
S3_reappro_100,T1024,TOURTEAUX,Mbouda,Ouest,2027-04-01,4,2027,0.17,3.4,28021.0,0.09
S3_reappro_100,T102,TOURTEAUX,Djeleng,Ouest,2027-05-01,5,2027,482.87,9657.5,25000.0,247.74
S3_reappro_100,T102,TOURTEAUX,Famla,Ouest,2027-05-01,5,2027,1832.78,36655.5,25000.0,896.18
S3_reappro_100,T102,TOURTEAUX,Mbouda,Ouest,2027-05-01,5,2027,286.09,5721.7,25000.0,156.92
S3_reappro_100,T1023,TOURTEAUX,Djeleng,Ouest,2027-05-01,5,2027,0.14,2.8,28992.0,0.1
S3_reappro_100,T1023,TOURTEAUX,Famla,Ouest,2027-05-01,5,2027,0.0,0.1,28992.0,0.0
S3_reappro_100,T1024,TOURTEAUX,Djeleng,Ouest,2027-05-01,5,2027,0.01,0.2,28021.0,0.0
S3_reappro_100,T1024,TOURTEAUX,Famla,Ouest,2027-05-01,5,2027,0.04,0.9,28021.0,0.03
S3_reappro_100,T1024,TOURTEAUX,Mbouda,Ouest,2027-05-01,5,2027,0.29,5.9,28021.0,0.16
S3_reappro_100,T102,TOURTEAUX,Djeleng,Ouest,2027-06-01,6,2027,1019.33,20386.6,25000.0,522.98
S3_reappro_100,T102,TOURTEAUX,Famla,Ouest,2027-06-01,6,2027,3868.92,77378.4,25000.0,1891.8
S3_reappro_100,T102,TOURTEAUX,Mbouda,Ouest,2027-06-01,6,2027,603.92,12078.3,25000.0,331.26
S3_reappro_100,T1023,TOURTEAUX,Djeleng,Ouest,2027-06-01,6,2027,0.29,5.9,28992.0,0.22
S3_reappro_100,T1023,TOURTEAUX,Famla,Ouest,2027-06-01,6,2027,0.01,0.1,28992.0,0.0
S3_reappro_100,T1024,TOURTEAUX,Djeleng,Ouest,2027-06-01,6,2027,0.02,0.4,28021.0,0.0
S3_reappro_100,T1024,TOURTEAUX,Famla,Ouest,2027-06-01,6,2027,0.09,1.8,28021.0,0.06
S3_reappro_100,T1024,TOURTEAUX,Mbouda,Ouest,2027-06-01,6,2027,0.62,12.4,28021.0,0.34
S3_reappro_100,T102,TOURTEAUX,Djeleng,Ouest,2027-07-01,7,2027,445.47,8909.3,25000.0,228.55
S3_reappro_100,T102,TOURTEAUX,Famla,Ouest,2027-07-01,7,2027,1690.79,33815.8,25000.0,826.75
S3_reappro_100,T102,TOURTEAUX,Mbouda,Ouest,2027-07-01,7,2027,263.92,5278.5,25000.0,144.77
S3_reappro_100,T1023,TOURTEAUX,Djeleng,Ouest,2027-07-01,7,2027,0.13,2.6,28992.0,0.1
S3_reappro_100,T1023,TOURTEAUX,Famla,Ouest,2027-07-01,7,2027,0.0,0.1,28992.0,0.0
S3_reappro_100,T1024,TOURTEAUX,Djeleng,Ouest,2027-07-01,7,2027,0.01,0.2,28021.0,0.0
S3_reappro_100,T1024,TOURTEAUX,Famla,Ouest,2027-07-01,7,2027,0.04,0.8,28021.0,0.03
S3_reappro_100,T1024,TOURTEAUX,Mbouda,Ouest,2027-07-01,7,2027,0.27,5.4,28021.0,0.15
S3_reappro_100,T102,TOURTEAUX,Djeleng,Ouest,2027-08-01,8,2027,105.68,2113.7,25000.0,54.22
S3_reappro_100,T102,TOURTEAUX,Famla,Ouest,2027-08-01,8,2027,401.13,8022.6,25000.0,196.14
S3_reappro_100,T102,TOURTEAUX,Mbouda,Ouest,2027-08-01,8,2027,62.61,1252.3,25000.0,34.34
S3_reappro_100,T1023,TOURTEAUX,Djeleng,Ouest,2027-08-01,8,2027,0.03,0.6,28992.0,0.02
S3_reappro_100,T1023,TOURTEAUX,Famla,Ouest,2027-08-01,8,2027,0.0,0.0,28992.0,0.0
S3_reappro_100,T1024,TOURTEAUX,Djeleng,Ouest,2027-08-01,8,2027,0.0,0.0,28021.0,0.0
S3_reappro_100,T1024,TOURTEAUX,Famla,Ouest,2027-08-01,8,2027,0.01,0.2,28021.0,0.01
S3_reappro_100,T1024,TOURTEAUX,Mbouda,Ouest,2027-08-01,8,2027,0.06,1.3,28021.0,0.04
S3_reappro_100,T102,TOURTEAUX,Djeleng,Ouest,2027-09-01,9,2027,36.74,734.8,25000.0,18.85
S3_reappro_100,T102,TOURTEAUX,Famla,Ouest,2027-09-01,9,2027,139.45,2789.1,25000.0,68.19
S3_reappro_100,T102,TOURTEAUX,Mbouda,Ouest,2027-09-01,9,2027,21.77,435.4,25000.0,11.94
S3_reappro_100,T1023,TOURTEAUX,Djeleng,Ouest,2027-09-01,9,2027,0.01,0.2,28992.0,0.01
S3_reappro_100,T1023,TOURTEAUX,Famla,Ouest,2027-09-01,9,2027,0.0,0.0,28992.0,0.0
S3_reappro_100,T1024,TOURTEAUX,Djeleng,Ouest,2027-09-01,9,2027,0.0,0.0,28021.0,0.0
S3_reappro_100,T1024,TOURTEAUX,Famla,Ouest,2027-09-01,9,2027,0.0,0.1,28021.0,0.0
S3_reappro_100,T1024,TOURTEAUX,Mbouda,Ouest,2027-09-01,9,2027,0.02,0.4,28021.0,0.01
S3_reappro_100,T102,TOURTEAUX,Djeleng,Ouest,2027-10-01,10,2027,1563.47,31269.4,25000.0,802.16
S3_reappro_100,T102,TOURTEAUX,Famla,Ouest,2027-10-01,10,2027,5934.24,118684.7,25000.0,2901.68
S3_reappro_100,T102,TOURTEAUX,Mbouda,Ouest,2027-10-01,10,2027,926.3,18526.0,25000.0,508.09
S3_reappro_100,T1023,TOURTEAUX,Djeleng,Ouest,2027-10-01,10,2027,0.45,9.0,28992.0,0.34
S3_reappro_100,T1023,TOURTEAUX,Famla,Ouest,2027-10-01,10,2027,0.01,0.2,28992.0,0.01
S3_reappro_100,T1024,TOURTEAUX,Djeleng,Ouest,2027-10-01,10,2027,0.03,0.7,28021.0,0.0
S3_reappro_100,T1024,TOURTEAUX,Famla,Ouest,2027-10-01,10,2027,0.14,2.8,28021.0,0.1
S3_reappro_100,T1024,TOURTEAUX,Mbouda,Ouest,2027-10-01,10,2027,0.95,19.1,28021.0,0.52
S3_reappro_100,T102,TOURTEAUX,Djeleng,Ouest,2027-11-01,11,2027,24.54,490.8,25000.0,12.59
S3_reappro_100,T102,TOURTEAUX,Famla,Ouest,2027-11-01,11,2027,93.14,1862.8,25000.0,45.54
S3_reappro_100,T102,TOURTEAUX,Mbouda,Ouest,2027-11-01,11,2027,14.54,290.8,25000.0,7.97
S3_reappro_100,T1023,TOURTEAUX,Djeleng,Ouest,2027-11-01,11,2027,0.01,0.1,28992.0,0.01
S3_reappro_100,T1023,TOURTEAUX,Famla,Ouest,2027-11-01,11,2027,0.0,0.0,28992.0,0.0
S3_reappro_100,T1024,TOURTEAUX,Djeleng,Ouest,2027-11-01,11,2027,0.0,0.0,28021.0,0.0
S3_reappro_100,T1024,TOURTEAUX,Famla,Ouest,2027-11-01,11,2027,0.0,0.0,28021.0,0.0
S3_reappro_100,T1024,TOURTEAUX,Mbouda,Ouest,2027-11-01,11,2027,0.01,0.3,28021.0,0.01
S3_reappro_100,T102,TOURTEAUX,Djeleng,Ouest,2027-12-01,12,2027,1035.18,20703.6,25000.0,531.11
S3_reappro_100,T102,TOURTEAUX,Famla,Ouest,2027-12-01,12,2027,3929.09,78581.7,25000.0,1921.22
S3_reappro_100,T102,TOURTEAUX,Mbouda,Ouest,2027-12-01,12,2027,613.31,12266.2,25000.0,336.41
S3_reappro_100,T1023,TOURTEAUX,Djeleng,Ouest,2027-12-01,12,2027,0.3,6.0,28992.0,0.22
S3_reappro_100,T1023,TOURTEAUX,Famla,Ouest,2027-12-01,12,2027,0.01,0.1,28992.0,0.01
S3_reappro_100,T1024,TOURTEAUX,Djeleng,Ouest,2027-12-01,12,2027,0.02,0.4,28021.0,0.0
S3_reappro_100,T1024,TOURTEAUX,Famla,Ouest,2027-12-01,12,2027,0.09,1.8,28021.0,0.07
S3_reappro_100,T1024,TOURTEAUX,Mbouda,Ouest,2027-12-01,12,2027,0.63,12.6,28021.0,0.35
