scenario,ref,family,agence,region,date,month,year,tonnes,tonnes_lower,tonnes_upper,sacs_50,prix_ttc_sac,ca_ttc_fcfa,ca_m_fcfa
S1_rupture,CB100,ALIMENT_COMPLET,Ahala,Centre,2026-09-01,9,2026,2.92,2.92,2.92,58.4,42000.0,2453986.0,2.45
S2_reappro_50,CB100,ALIMENT_COMPLET,Ahala,Centre,2026-09-01,9,2026,2.92,2.92,2.92,58.4,42000.0,2453986.0,2.45
S3_reappro_100,CB100,ALIMENT_COMPLET,Ahala,Centre,2026-09-01,9,2026,2.92,2.92,2.92,58.4,42000.0,2453986.0,2.45
S4_baisse_prix,CB100,ALIMENT_COMPLET,Ahala,Centre,2026-09-01,9,2026,2.92,2.92,2.92,58.4,42000.0,2453986.0,2.45
S1_rupture,CB100,ALIMENT_COMPLET,Bertoua,Centre,2026-09-01,9,2026,2.77,2.77,2.77,55.4,42000.0,2326391.0,2.33
S2_reappro_50,CB100,ALIMENT_COMPLET,Bertoua,Centre,2026-09-01,9,2026,2.77,2.77,2.77,55.4,42000.0,2326391.0,2.33
S3_reappro_100,CB100,ALIMENT_COMPLET,Bertoua,Centre,2026-09-01,9,2026,2.77,2.77,2.77,55.4,42000.0,2326391.0,2.33
S4_baisse_prix,CB100,ALIMENT_COMPLET,Bertoua,Centre,2026-09-01,9,2026,2.77,2.77,2.77,55.4,42000.0,2326391.0,2.33
S1_rupture,CB100,ALIMENT_COMPLET,Messassi,Centre,2026-09-01,9,2026,7.46,7.46,7.46,149.2,42000.0,6267011.0,6.27
S2_reappro_50,CB100,ALIMENT_COMPLET,Messassi,Centre,2026-09-01,9,2026,7.46,7.46,7.46,149.2,42000.0,6267011.0,6.27
S3_reappro_100,CB100,ALIMENT_COMPLET,Messassi,Centre,2026-09-01,9,2026,7.46,7.46,7.46,149.2,42000.0,6267011.0,6.27
S4_baisse_prix,CB100,ALIMENT_COMPLET,Messassi,Centre,2026-09-01,9,2026,7.46,7.46,7.46,149.2,42000.0,6267011.0,6.27
S1_rupture,CB100,ALIMENT_COMPLET,Ngaoundere,Centre,2026-09-01,9,2026,3.85,3.85,3.85,77.1,42000.0,3237362.0,3.24
S2_reappro_50,CB100,ALIMENT_COMPLET,Ngaoundere,Centre,2026-09-01,9,2026,3.85,3.85,3.85,77.1,42000.0,3237362.0,3.24
S3_reappro_100,CB100,ALIMENT_COMPLET,Ngaoundere,Centre,2026-09-01,9,2026,3.85,3.85,3.85,77.1,42000.0,3237362.0,3.24
S4_baisse_prix,CB100,ALIMENT_COMPLET,Ngaoundere,Centre,2026-09-01,9,2026,3.85,3.85,3.85,77.1,42000.0,3237362.0,3.24
S1_rupture,CB100,ALIMENT_COMPLET,Nkoabang,Centre,2026-09-01,9,2026,2.18,2.18,2.18,43.7,42000.0,1833813.0,1.83
S2_reappro_50,CB100,ALIMENT_COMPLET,Nkoabang,Centre,2026-09-01,9,2026,2.18,2.18,2.18,43.7,42000.0,1833813.0,1.83
S3_reappro_100,CB100,ALIMENT_COMPLET,Nkoabang,Centre,2026-09-01,9,2026,2.18,2.18,2.18,43.7,42000.0,1833813.0,1.83
S4_baisse_prix,CB100,ALIMENT_COMPLET,Nkoabang,Centre,2026-09-01,9,2026,2.18,2.18,2.18,43.7,42000.0,1833813.0,1.83
S1_rupture,CB100,ALIMENT_COMPLET,Nkolbisson,Centre,2026-09-01,9,2026,1.88,1.88,1.88,37.6,42000.0,1578622.0,1.58
S2_reappro_50,CB100,ALIMENT_COMPLET,Nkolbisson,Centre,2026-09-01,9,2026,1.88,1.88,1.88,37.6,42000.0,1578622.0,1.58
S3_reappro_100,CB100,ALIMENT_COMPLET,Nkolbisson,Centre,2026-09-01,9,2026,1.88,1.88,1.88,37.6,42000.0,1578622.0,1.58
S4_baisse_prix,CB100,ALIMENT_COMPLET,Nkolbisson,Centre,2026-09-01,9,2026,1.88,1.88,1.88,37.6,42000.0,1578622.0,1.58
S1_rupture,CB200,ALIMENT_COMPLET,Ahala,Centre,2026-09-01,9,2026,4.86,4.86,4.87,97.3,40000.0,3891448.0,3.89
S2_reappro_50,CB200,ALIMENT_COMPLET,Ahala,Centre,2026-09-01,9,2026,4.86,4.86,4.87,97.3,40000.0,3891448.0,3.89
S3_reappro_100,CB200,ALIMENT_COMPLET,Ahala,Centre,2026-09-01,9,2026,4.86,4.86,4.87,97.3,40000.0,3891448.0,3.89
S4_baisse_prix,CB200,ALIMENT_COMPLET,Ahala,Centre,2026-09-01,9,2026,4.86,4.86,4.87,97.3,40000.0,3891448.0,3.89
S1_rupture,CB200,ALIMENT_COMPLET,Bertoua,Centre,2026-09-01,9,2026,0.81,0.81,0.81,16.2,40000.0,647162.0,0.65
S2_reappro_50,CB200,ALIMENT_COMPLET,Bertoua,Centre,2026-09-01,9,2026,0.81,0.81,0.81,16.2,40000.0,647162.0,0.65
S3_reappro_100,CB200,ALIMENT_COMPLET,Bertoua,Centre,2026-09-01,9,2026,0.81,0.81,0.81,16.2,40000.0,647162.0,0.65
S4_baisse_prix,CB200,ALIMENT_COMPLET,Bertoua,Centre,2026-09-01,9,2026,0.81,0.81,0.81,16.2,40000.0,647162.0,0.65
S1_rupture,CB200,ALIMENT_COMPLET,Messassi,Centre,2026-09-01,9,2026,16.72,16.72,16.73,334.5,40000.0,13378441.0,13.38
S2_reappro_50,CB200,ALIMENT_COMPLET,Messassi,Centre,2026-09-01,9,2026,16.72,16.72,16.73,334.5,40000.0,13378441.0,13.38
S3_reappro_100,CB200,ALIMENT_COMPLET,Messassi,Centre,2026-09-01,9,2026,16.72,16.72,16.73,334.5,40000.0,13378441.0,13.38
S4_baisse_prix,CB200,ALIMENT_COMPLET,Messassi,Centre,2026-09-01,9,2026,16.72,16.72,16.73,334.5,40000.0,13378441.0,13.38
S1_rupture,CB200,ALIMENT_COMPLET,Ngaoundere,Centre,2026-09-01,9,2026,0.09,0.09,0.09,1.8,40000.0,70651.0,0.07
S2_reappro_50,CB200,ALIMENT_COMPLET,Ngaoundere,Centre,2026-09-01,9,2026,0.09,0.09,0.09,1.8,40000.0,70651.0,0.07
S3_reappro_100,CB200,ALIMENT_COMPLET,Ngaoundere,Centre,2026-09-01,9,2026,0.09,0.09,0.09,1.8,40000.0,70651.0,0.07
S4_baisse_prix,CB200,ALIMENT_COMPLET,Ngaoundere,Centre,2026-09-01,9,2026,0.09,0.09,0.09,1.8,40000.0,70651.0,0.07
S1_rupture,CB200,ALIMENT_COMPLET,Nkoabang,Centre,2026-09-01,9,2026,3.25,3.25,3.25,65.1,40000.0,2602777.0,2.6
S2_reappro_50,CB200,ALIMENT_COMPLET,Nkoabang,Centre,2026-09-01,9,2026,3.25,3.25,3.25,65.1,40000.0,2602777.0,2.6
S3_reappro_100,CB200,ALIMENT_COMPLET,Nkoabang,Centre,2026-09-01,9,2026,3.25,3.25,3.25,65.1,40000.0,2602777.0,2.6
S4_baisse_prix,CB200,ALIMENT_COMPLET,Nkoabang,Centre,2026-09-01,9,2026,3.25,3.25,3.25,65.1,40000.0,2602777.0,2.6
S1_rupture,CB200,ALIMENT_COMPLET,Nkolbisson,Centre,2026-09-01,9,2026,0.37,0.37,0.37,7.3,40000.0,293907.0,0.29
S2_reappro_50,CB200,ALIMENT_COMPLET,Nkolbisson,Centre,2026-09-01,9,2026,0.37,0.37,0.37,7.3,40000.0,293907.0,0.29
S3_reappro_100,CB200,ALIMENT_COMPLET,Nkolbisson,Centre,2026-09-01,9,2026,0.37,0.37,0.37,7.3,40000.0,293907.0,0.29
S4_baisse_prix,CB200,ALIMENT_COMPLET,Nkolbisson,Centre,2026-09-01,9,2026,0.37,0.37,0.37,7.3,40000.0,293907.0,0.29
S1_rupture,CB100,ALIMENT_COMPLET,Ahala,Centre,2026-10-01,10,2026,1.85,1.84,1.85,36.9,42000.0,1550697.0,1.55
S2_reappro_50,CB100,ALIMENT_COMPLET,Ahala,Centre,2026-10-01,10,2026,1.85,1.84,1.85,36.9,42000.0,1550697.0,1.55
S3_reappro_100,CB100,ALIMENT_COMPLET,Ahala,Centre,2026-10-01,10,2026,1.85,1.84,1.85,36.9,42000.0,1550697.0,1.55
S4_baisse_prix,CB100,ALIMENT_COMPLET,Ahala,Centre,2026-10-01,10,2026,1.85,1.84,1.85,36.9,42000.0,1550697.0,1.55
S1_rupture,CB100,ALIMENT_COMPLET,Bertoua,Centre,2026-10-01,10,2026,1.75,1.75,1.75,35.0,42000.0,1470069.0,1.47
S2_reappro_50,CB100,ALIMENT_COMPLET,Bertoua,Centre,2026-10-01,10,2026,1.75,1.75,1.75,35.0,42000.0,1470069.0,1.47
S3_reappro_100,CB100,ALIMENT_COMPLET,Bertoua,Centre,2026-10-01,10,2026,1.75,1.75,1.75,35.0,42000.0,1470069.0,1.47
S4_baisse_prix,CB100,ALIMENT_COMPLET,Bertoua,Centre,2026-10-01,10,2026,1.75,1.75,1.75,35.0,42000.0,1470069.0,1.47
S1_rupture,CB100,ALIMENT_COMPLET,Messassi,Centre,2026-10-01,10,2026,4.71,4.71,4.72,94.3,42000.0,3960185.0,3.96
S2_reappro_50,CB100,ALIMENT_COMPLET,Messassi,Centre,2026-10-01,10,2026,4.71,4.71,4.72,94.3,42000.0,3960185.0,3.96
S3_reappro_100,CB100,ALIMENT_COMPLET,Messassi,Centre,2026-10-01,10,2026,4.71,4.71,4.72,94.3,42000.0,3960185.0,3.96
S4_baisse_prix,CB100,ALIMENT_COMPLET,Messassi,Centre,2026-10-01,10,2026,4.71,4.71,4.72,94.3,42000.0,3960185.0,3.96
S1_rupture,CB100,ALIMENT_COMPLET,Ngaoundere,Centre,2026-10-01,10,2026,2.44,2.43,2.44,48.7,42000.0,2045720.0,2.05
S2_reappro_50,CB100,ALIMENT_COMPLET,Ngaoundere,Centre,2026-10-01,10,2026,2.44,2.43,2.44,48.7,42000.0,2045720.0,2.05
S3_reappro_100,CB100,ALIMENT_COMPLET,Ngaoundere,Centre,2026-10-01,10,2026,2.44,2.43,2.44,48.7,42000.0,2045720.0,2.05
S4_baisse_prix,CB100,ALIMENT_COMPLET,Ngaoundere,Centre,2026-10-01,10,2026,2.44,2.43,2.44,48.7,42000.0,2045720.0,2.05
S1_rupture,CB100,ALIMENT_COMPLET,Nkoabang,Centre,2026-10-01,10,2026,1.38,1.38,1.38,27.6,42000.0,1158804.0,1.16
S2_reappro_50,CB100,ALIMENT_COMPLET,Nkoabang,Centre,2026-10-01,10,2026,1.38,1.38,1.38,27.6,42000.0,1158804.0,1.16
S3_reappro_100,CB100,ALIMENT_COMPLET,Nkoabang,Centre,2026-10-01,10,2026,1.38,1.38,1.38,27.6,42000.0,1158804.0,1.16
S4_baisse_prix,CB100,ALIMENT_COMPLET,Nkoabang,Centre,2026-10-01,10,2026,1.38,1.38,1.38,27.6,42000.0,1158804.0,1.16
S1_rupture,CB100,ALIMENT_COMPLET,Nkolbisson,Centre,2026-10-01,10,2026,1.19,1.19,1.19,23.8,42000.0,997546.0,1.0
S2_reappro_50,CB100,ALIMENT_COMPLET,Nkolbisson,Centre,2026-10-01,10,2026,1.19,1.19,1.19,23.8,42000.0,997546.0,1.0
S3_reappro_100,CB100,ALIMENT_COMPLET,Nkolbisson,Centre,2026-10-01,10,2026,1.19,1.19,1.19,23.8,42000.0,997546.0,1.0
S4_baisse_prix,CB100,ALIMENT_COMPLET,Nkolbisson,Centre,2026-10-01,10,2026,1.19,1.19,1.19,23.8,42000.0,997546.0,1.0
S1_rupture,CB200,ALIMENT_COMPLET,Ahala,Centre,2026-10-01,10,2026,3.07,3.07,3.08,61.5,40000.0,2459043.0,2.46
S2_reappro_50,CB200,ALIMENT_COMPLET,Ahala,Centre,2026-10-01,10,2026,3.07,3.07,3.08,61.5,40000.0,2459043.0,2.46
S3_reappro_100,CB200,ALIMENT_COMPLET,Ahala,Centre,2026-10-01,10,2026,3.07,3.07,3.08,61.5,40000.0,2459043.0,2.46
S4_baisse_prix,CB200,ALIMENT_COMPLET,Ahala,Centre,2026-10-01,10,2026,3.07,3.07,3.08,61.5,40000.0,2459043.0,2.46
S1_rupture,CB200,ALIMENT_COMPLET,Bertoua,Centre,2026-10-01,10,2026,0.51,0.51,0.51,10.2,40000.0,408948.0,0.41
S2_reappro_50,CB200,ALIMENT_COMPLET,Bertoua,Centre,2026-10-01,10,2026,0.51,0.51,0.51,10.2,40000.0,408948.0,0.41
S3_reappro_100,CB200,ALIMENT_COMPLET,Bertoua,Centre,2026-10-01,10,2026,0.51,0.51,0.51,10.2,40000.0,408948.0,0.41
S4_baisse_prix,CB200,ALIMENT_COMPLET,Bertoua,Centre,2026-10-01,10,2026,0.51,0.51,0.51,10.2,40000.0,408948.0,0.41
S1_rupture,CB200,ALIMENT_COMPLET,Messassi,Centre,2026-10-01,10,2026,10.57,10.56,10.57,211.3,40000.0,8453965.0,8.45
S2_reappro_50,CB200,ALIMENT_COMPLET,Messassi,Centre,2026-10-01,10,2026,10.57,10.56,10.57,211.3,40000.0,8453965.0,8.45
S3_reappro_100,CB200,ALIMENT_COMPLET,Messassi,Centre,2026-10-01,10,2026,10.57,10.56,10.57,211.3,40000.0,8453965.0,8.45
S4_baisse_prix,CB200,ALIMENT_COMPLET,Messassi,Centre,2026-10-01,10,2026,10.57,10.56,10.57,211.3,40000.0,8453965.0,8.45
S1_rupture,CB200,ALIMENT_COMPLET,Ngaoundere,Centre,2026-10-01,10,2026,0.06,0.06,0.06,1.1,40000.0,44645.0,0.04
S2_reappro_50,CB200,ALIMENT_COMPLET,Ngaoundere,Centre,2026-10-01,10,2026,0.06,0.06,0.06,1.1,40000.0,44645.0,0.04
S3_reappro_100,CB200,ALIMENT_COMPLET,Ngaoundere,Centre,2026-10-01,10,2026,0.06,0.06,0.06,1.1,40000.0,44645.0,0.04
S4_baisse_prix,CB200,ALIMENT_COMPLET,Ngaoundere,Centre,2026-10-01,10,2026,0.06,0.06,0.06,1.1,40000.0,44645.0,0.04
S1_rupture,CB200,ALIMENT_COMPLET,Nkoabang,Centre,2026-10-01,10,2026,2.06,2.05,2.06,41.1,40000.0,1644719.0,1.64
S2_reappro_50,CB200,ALIMENT_COMPLET,Nkoabang,Centre,2026-10-01,10,2026,2.06,2.05,2.06,41.1,40000.0,1644719.0,1.64
S3_reappro_100,CB200,ALIMENT_COMPLET,Nkoabang,Centre,2026-10-01,10,2026,2.06,2.05,2.06,41.1,40000.0,1644719.0,1.64
S4_baisse_prix,CB200,ALIMENT_COMPLET,Nkoabang,Centre,2026-10-01,10,2026,2.06,2.05,2.06,41.1,40000.0,1644719.0,1.64
S1_rupture,CB200,ALIMENT_COMPLET,Nkolbisson,Centre,2026-10-01,10,2026,0.23,0.23,0.23,4.6,40000.0,185723.0,0.19
S2_reappro_50,CB200,ALIMENT_COMPLET,Nkolbisson,Centre,2026-10-01,10,2026,0.23,0.23,0.23,4.6,40000.0,185723.0,0.19
S3_reappro_100,CB200,ALIMENT_COMPLET,Nkolbisson,Centre,2026-10-01,10,2026,0.23,0.23,0.23,4.6,40000.0,185723.0,0.19
S4_baisse_prix,CB200,ALIMENT_COMPLET,Nkolbisson,Centre,2026-10-01,10,2026,0.23,0.23,0.23,4.6,40000.0,185723.0,0.19
S1_rupture,CB100,ALIMENT_COMPLET,Ahala,Centre,2026-11-01,11,2026,2.45,2.45,2.46,49.1,42000.0,2060536.0,2.06
S2_reappro_50,CB100,ALIMENT_COMPLET,Ahala,Centre,2026-11-01,11,2026,2.45,2.45,2.46,49.1,42000.0,2060536.0,2.06
S3_reappro_100,CB100,ALIMENT_COMPLET,Ahala,Centre,2026-11-01,11,2026,2.45,2.45,2.46,49.1,42000.0,2060536.0,2.06
S4_baisse_prix,CB100,ALIMENT_COMPLET,Ahala,Centre,2026-11-01,11,2026,2.45,2.45,2.46,49.1,42000.0,2060536.0,2.06
S1_rupture,CB100,ALIMENT_COMPLET,Bertoua,Centre,2026-11-01,11,2026,2.33,2.32,2.33,46.5,42000.0,1953398.0,1.95
S2_reappro_50,CB100,ALIMENT_COMPLET,Bertoua,Centre,2026-11-01,11,2026,2.33,2.32,2.33,46.5,42000.0,1953398.0,1.95
S3_reappro_100,CB100,ALIMENT_COMPLET,Bertoua,Centre,2026-11-01,11,2026,2.33,2.32,2.33,46.5,42000.0,1953398.0,1.95
S4_baisse_prix,CB100,ALIMENT_COMPLET,Bertoua,Centre,2026-11-01,11,2026,2.33,2.32,2.33,46.5,42000.0,1953398.0,1.95
S1_rupture,CB100,ALIMENT_COMPLET,Messassi,Centre,2026-11-01,11,2026,6.26,6.26,6.27,125.3,42000.0,5262215.0,5.26
S2_reappro_50,CB100,ALIMENT_COMPLET,Messassi,Centre,2026-11-01,11,2026,6.26,6.26,6.27,125.3,42000.0,5262215.0,5.26
S3_reappro_100,CB100,ALIMENT_COMPLET,Messassi,Centre,2026-11-01,11,2026,6.26,6.26,6.27,125.3,42000.0,5262215.0,5.26
S4_baisse_prix,CB100,ALIMENT_COMPLET,Messassi,Centre,2026-11-01,11,2026,6.26,6.26,6.27,125.3,42000.0,5262215.0,5.26
S1_rupture,CB100,ALIMENT_COMPLET,Ngaoundere,Centre,2026-11-01,11,2026,3.24,3.23,3.24,64.7,42000.0,2718313.0,2.72
S2_reappro_50,CB100,ALIMENT_COMPLET,Ngaoundere,Centre,2026-11-01,11,2026,3.24,3.23,3.24,64.7,42000.0,2718313.0,2.72
S3_reappro_100,CB100,ALIMENT_COMPLET,Ngaoundere,Centre,2026-11-01,11,2026,3.24,3.23,3.24,64.7,42000.0,2718313.0,2.72
S4_baisse_prix,CB100,ALIMENT_COMPLET,Ngaoundere,Centre,2026-11-01,11,2026,3.24,3.23,3.24,64.7,42000.0,2718313.0,2.72
S1_rupture,CB100,ALIMENT_COMPLET,Nkoabang,Centre,2026-11-01,11,2026,1.83,1.83,1.84,36.7,42000.0,1539796.0,1.54
S2_reappro_50,CB100,ALIMENT_COMPLET,Nkoabang,Centre,2026-11-01,11,2026,1.83,1.83,1.84,36.7,42000.0,1539796.0,1.54
S3_reappro_100,CB100,ALIMENT_COMPLET,Nkoabang,Centre,2026-11-01,11,2026,1.83,1.83,1.84,36.7,42000.0,1539796.0,1.54
S4_baisse_prix,CB100,ALIMENT_COMPLET,Nkoabang,Centre,2026-11-01,11,2026,1.83,1.83,1.84,36.7,42000.0,1539796.0,1.54
S1_rupture,CB100,ALIMENT_COMPLET,Nkolbisson,Centre,2026-11-01,11,2026,1.58,1.58,1.58,31.6,42000.0,1325520.0,1.33
S2_reappro_50,CB100,ALIMENT_COMPLET,Nkolbisson,Centre,2026-11-01,11,2026,1.58,1.58,1.58,31.6,42000.0,1325520.0,1.33
S3_reappro_100,CB100,ALIMENT_COMPLET,Nkolbisson,Centre,2026-11-01,11,2026,1.58,1.58,1.58,31.6,42000.0,1325520.0,1.33
S4_baisse_prix,CB100,ALIMENT_COMPLET,Nkolbisson,Centre,2026-11-01,11,2026,1.58,1.58,1.58,31.6,42000.0,1325520.0,1.33
S1_rupture,CB200,ALIMENT_COMPLET,Ahala,Centre,2026-11-01,11,2026,4.08,4.08,4.09,81.7,40000.0,3267528.0,3.27
S2_reappro_50,CB200,ALIMENT_COMPLET,Ahala,Centre,2026-11-01,11,2026,4.08,4.08,4.09,81.7,40000.0,3267528.0,3.27
S3_reappro_100,CB200,ALIMENT_COMPLET,Ahala,Centre,2026-11-01,11,2026,4.08,4.08,4.09,81.7,40000.0,3267528.0,3.27
S4_baisse_prix,CB200,ALIMENT_COMPLET,Ahala,Centre,2026-11-01,11,2026,4.08,4.08,4.09,81.7,40000.0,3267528.0,3.27
S1_rupture,CB200,ALIMENT_COMPLET,Bertoua,Centre,2026-11-01,11,2026,0.68,0.68,0.68,13.6,40000.0,543401.0,0.54
S2_reappro_50,CB200,ALIMENT_COMPLET,Bertoua,Centre,2026-11-01,11,2026,0.68,0.68,0.68,13.6,40000.0,543401.0,0.54
S3_reappro_100,CB200,ALIMENT_COMPLET,Bertoua,Centre,2026-11-01,11,2026,0.68,0.68,0.68,13.6,40000.0,543401.0,0.54
S4_baisse_prix,CB200,ALIMENT_COMPLET,Bertoua,Centre,2026-11-01,11,2026,0.68,0.68,0.68,13.6,40000.0,543401.0,0.54
S1_rupture,CB200,ALIMENT_COMPLET,Messassi,Centre,2026-11-01,11,2026,14.04,14.02,14.06,280.8,40000.0,11233461.0,11.23
S2_reappro_50,CB200,ALIMENT_COMPLET,Messassi,Centre,2026-11-01,11,2026,14.04,14.02,14.06,280.8,40000.0,11233461.0,11.23
S3_reappro_100,CB200,ALIMENT_COMPLET,Messassi,Centre,2026-11-01,11,2026,14.04,14.02,14.06,280.8,40000.0,11233461.0,11.23
S4_baisse_prix,CB200,ALIMENT_COMPLET,Messassi,Centre,2026-11-01,11,2026,14.04,14.02,14.06,280.8,40000.0,11233461.0,11.23
S1_rupture,CB200,ALIMENT_COMPLET,Ngaoundere,Centre,2026-11-01,11,2026,0.07,0.07,0.07,1.5,40000.0,59323.0,0.06
S2_reappro_50,CB200,ALIMENT_COMPLET,Ngaoundere,Centre,2026-11-01,11,2026,0.07,0.07,0.07,1.5,40000.0,59323.0,0.06
S3_reappro_100,CB200,ALIMENT_COMPLET,Ngaoundere,Centre,2026-11-01,11,2026,0.07,0.07,0.07,1.5,40000.0,59323.0,0.06
S4_baisse_prix,CB200,ALIMENT_COMPLET,Ngaoundere,Centre,2026-11-01,11,2026,0.07,0.07,0.07,1.5,40000.0,59323.0,0.06
S1_rupture,CB200,ALIMENT_COMPLET,Nkoabang,Centre,2026-11-01,11,2026,2.73,2.73,2.74,54.6,40000.0,2185471.0,2.19
S2_reappro_50,CB200,ALIMENT_COMPLET,Nkoabang,Centre,2026-11-01,11,2026,2.73,2.73,2.74,54.6,40000.0,2185471.0,2.19
S3_reappro_100,CB200,ALIMENT_COMPLET,Nkoabang,Centre,2026-11-01,11,2026,2.73,2.73,2.74,54.6,40000.0,2185471.0,2.19
S4_baisse_prix,CB200,ALIMENT_COMPLET,Nkoabang,Centre,2026-11-01,11,2026,2.73,2.73,2.74,54.6,40000.0,2185471.0,2.19
S1_rupture,CB200,ALIMENT_COMPLET,Nkolbisson,Centre,2026-11-01,11,2026,0.31,0.31,0.31,6.2,40000.0,246785.0,0.25
S2_reappro_50,CB200,ALIMENT_COMPLET,Nkolbisson,Centre,2026-11-01,11,2026,0.31,0.31,0.31,6.2,40000.0,246785.0,0.25
S3_reappro_100,CB200,ALIMENT_COMPLET,Nkolbisson,Centre,2026-11-01,11,2026,0.31,0.31,0.31,6.2,40000.0,246785.0,0.25
S4_baisse_prix,CB200,ALIMENT_COMPLET,Nkolbisson,Centre,2026-11-01,11,2026,0.31,0.31,0.31,6.2,40000.0,246785.0,0.25
S1_rupture,CB100,ALIMENT_COMPLET,Ahala,Centre,2026-12-01,12,2026,3.86,3.85,3.87,77.3,42000.0,3244972.0,3.24
S2_reappro_50,CB100,ALIMENT_COMPLET,Ahala,Centre,2026-12-01,12,2026,3.86,3.85,3.87,77.3,42000.0,3244972.0,3.24
S3_reappro_100,CB100,ALIMENT_COMPLET,Ahala,Centre,2026-12-01,12,2026,3.86,3.85,3.87,77.3,42000.0,3244972.0,3.24
S4_baisse_prix,CB100,ALIMENT_COMPLET,Ahala,Centre,2026-12-01,12,2026,3.86,3.85,3.87,77.3,42000.0,3244972.0,3.24
S1_rupture,CB100,ALIMENT_COMPLET,Bertoua,Centre,2026-12-01,12,2026,3.66,3.65,3.67,73.2,42000.0,3076249.0,3.08
S2_reappro_50,CB100,ALIMENT_COMPLET,Bertoua,Centre,2026-12-01,12,2026,3.66,3.65,3.67,73.2,42000.0,3076249.0,3.08
S3_reappro_100,CB100,ALIMENT_COMPLET,Bertoua,Centre,2026-12-01,12,2026,3.66,3.65,3.67,73.2,42000.0,3076249.0,3.08
S4_baisse_prix,CB100,ALIMENT_COMPLET,Bertoua,Centre,2026-12-01,12,2026,3.66,3.65,3.67,73.2,42000.0,3076249.0,3.08
S1_rupture,CB100,ALIMENT_COMPLET,Messassi,Centre,2026-12-01,12,2026,9.87,9.84,9.89,197.3,42000.0,8287037.0,8.29
S2_reappro_50,CB100,ALIMENT_COMPLET,Messassi,Centre,2026-12-01,12,2026,9.87,9.84,9.89,197.3,42000.0,8287037.0,8.29
S3_reappro_100,CB100,ALIMENT_COMPLET,Messassi,Centre,2026-12-01,12,2026,9.87,9.84,9.89,197.3,42000.0,8287037.0,8.29
S4_baisse_prix,CB100,ALIMENT_COMPLET,Messassi,Centre,2026-12-01,12,2026,9.87,9.84,9.89,197.3,42000.0,8287037.0,8.29
S1_rupture,CB100,ALIMENT_COMPLET,Ngaoundere,Centre,2026-12-01,12,2026,5.1,5.09,5.11,101.9,42000.0,4280851.0,4.28
S2_reappro_50,CB100,ALIMENT_COMPLET,Ngaoundere,Centre,2026-12-01,12,2026,5.1,5.09,5.11,101.9,42000.0,4280851.0,4.28
S3_reappro_100,CB100,ALIMENT_COMPLET,Ngaoundere,Centre,2026-12-01,12,2026,5.1,5.09,5.11,101.9,42000.0,4280851.0,4.28
S4_baisse_prix,CB100,ALIMENT_COMPLET,Ngaoundere,Centre,2026-12-01,12,2026,5.1,5.09,5.11,101.9,42000.0,4280851.0,4.28
S1_rupture,CB100,ALIMENT_COMPLET,Nkoabang,Centre,2026-12-01,12,2026,2.89,2.88,2.89,57.7,42000.0,2424900.0,2.42
S2_reappro_50,CB100,ALIMENT_COMPLET,Nkoabang,Centre,2026-12-01,12,2026,2.89,2.88,2.89,57.7,42000.0,2424900.0,2.42
S3_reappro_100,CB100,ALIMENT_COMPLET,Nkoabang,Centre,2026-12-01,12,2026,2.89,2.88,2.89,57.7,42000.0,2424900.0,2.42
S4_baisse_prix,CB100,ALIMENT_COMPLET,Nkoabang,Centre,2026-12-01,12,2026,2.89,2.88,2.89,57.7,42000.0,2424900.0,2.42
S1_rupture,CB100,ALIMENT_COMPLET,Nkolbisson,Centre,2026-12-01,12,2026,2.49,2.48,2.49,49.7,42000.0,2087454.0,2.09
S2_reappro_50,CB100,ALIMENT_COMPLET,Nkolbisson,Centre,2026-12-01,12,2026,2.49,2.48,2.49,49.7,42000.0,2087454.0,2.09
S3_reappro_100,CB100,ALIMENT_COMPLET,Nkolbisson,Centre,2026-12-01,12,2026,2.49,2.48,2.49,49.7,42000.0,2087454.0,2.09
S4_baisse_prix,CB100,ALIMENT_COMPLET,Nkolbisson,Centre,2026-12-01,12,2026,2.49,2.48,2.49,49.7,42000.0,2087454.0,2.09
S1_rupture,CB200,ALIMENT_COMPLET,Ahala,Centre,2026-12-01,12,2026,6.43,6.42,6.45,128.6,40000.0,5145766.0,5.15
S2_reappro_50,CB200,ALIMENT_COMPLET,Ahala,Centre,2026-12-01,12,2026,6.43,6.42,6.45,128.6,40000.0,5145766.0,5.15
S3_reappro_100,CB200,ALIMENT_COMPLET,Ahala,Centre,2026-12-01,12,2026,6.43,6.42,6.45,128.6,40000.0,5145766.0,5.15
S4_baisse_prix,CB200,ALIMENT_COMPLET,Ahala,Centre,2026-12-01,12,2026,6.43,6.42,6.45,128.6,40000.0,5145766.0,5.15
S1_rupture,CB200,ALIMENT_COMPLET,Bertoua,Centre,2026-12-01,12,2026,1.07,1.07,1.07,21.4,40000.0,855759.0,0.86
S2_reappro_50,CB200,ALIMENT_COMPLET,Bertoua,Centre,2026-12-01,12,2026,1.07,1.07,1.07,21.4,40000.0,855759.0,0.86
S3_reappro_100,CB200,ALIMENT_COMPLET,Bertoua,Centre,2026-12-01,12,2026,1.07,1.07,1.07,21.4,40000.0,855759.0,0.86
S4_baisse_prix,CB200,ALIMENT_COMPLET,Bertoua,Centre,2026-12-01,12,2026,1.07,1.07,1.07,21.4,40000.0,855759.0,0.86
S1_rupture,CB200,ALIMENT_COMPLET,Messassi,Centre,2026-12-01,12,2026,22.11,22.06,22.16,442.3,40000.0,17690672.0,17.69
S2_reappro_50,CB200,ALIMENT_COMPLET,Messassi,Centre,2026-12-01,12,2026,22.11,22.06,22.16,442.3,40000.0,17690672.0,17.69
S3_reappro_100,CB200,ALIMENT_COMPLET,Messassi,Centre,2026-12-01,12,2026,22.11,22.06,22.16,442.3,40000.0,17690672.0,17.69
S4_baisse_prix,CB200,ALIMENT_COMPLET,Messassi,Centre,2026-12-01,12,2026,22.11,22.06,22.16,442.3,40000.0,17690672.0,17.69
S1_rupture,CB200,ALIMENT_COMPLET,Ngaoundere,Centre,2026-12-01,12,2026,0.12,0.12,0.12,2.3,40000.0,93423.0,0.09
S2_reappro_50,CB200,ALIMENT_COMPLET,Ngaoundere,Centre,2026-12-01,12,2026,0.12,0.12,0.12,2.3,40000.0,93423.0,0.09
S3_reappro_100,CB200,ALIMENT_COMPLET,Ngaoundere,Centre,2026-12-01,12,2026,0.12,0.12,0.12,2.3,40000.0,93423.0,0.09
S4_baisse_prix,CB200,ALIMENT_COMPLET,Ngaoundere,Centre,2026-12-01,12,2026,0.12,0.12,0.12,2.3,40000.0,93423.0,0.09
S1_rupture,CB200,ALIMENT_COMPLET,Nkoabang,Centre,2026-12-01,12,2026,4.3,4.29,4.31,86.0,40000.0,3441721.0,3.44
S2_reappro_50,CB200,ALIMENT_COMPLET,Nkoabang,Centre,2026-12-01,12,2026,4.3,4.29,4.31,86.0,40000.0,3441721.0,3.44
S3_reappro_100,CB200,ALIMENT_COMPLET,Nkoabang,Centre,2026-12-01,12,2026,4.3,4.29,4.31,86.0,40000.0,3441721.0,3.44
S4_baisse_prix,CB200,ALIMENT_COMPLET,Nkoabang,Centre,2026-12-01,12,2026,4.3,4.29,4.31,86.0,40000.0,3441721.0,3.44
S1_rupture,CB200,ALIMENT_COMPLET,Nkolbisson,Centre,2026-12-01,12,2026,0.49,0.48,0.49,9.7,40000.0,388642.0,0.39
S2_reappro_50,CB200,ALIMENT_COMPLET,Nkolbisson,Centre,2026-12-01,12,2026,0.49,0.48,0.49,9.7,40000.0,388642.0,0.39
S3_reappro_100,CB200,ALIMENT_COMPLET,Nkolbisson,Centre,2026-12-01,12,2026,0.49,0.48,0.49,9.7,40000.0,388642.0,0.39
S4_baisse_prix,CB200,ALIMENT_COMPLET,Nkolbisson,Centre,2026-12-01,12,2026,0.49,0.48,0.49,9.7,40000.0,388642.0,0.39
S1_rupture,CB100,ALIMENT_COMPLET,Buea,Littoral,2026-09-01,9,2026,8.18,8.18,8.18,163.5,42000.0,6868116.0,6.87
S2_reappro_50,CB100,ALIMENT_COMPLET,Buea,Littoral,2026-09-01,9,2026,8.18,8.18,8.18,163.5,42000.0,6868116.0,6.87
S3_reappro_100,CB100,ALIMENT_COMPLET,Buea,Littoral,2026-09-01,9,2026,8.18,8.18,8.18,163.5,42000.0,6868116.0,6.87
S4_baisse_prix,CB100,ALIMENT_COMPLET,Buea,Littoral,2026-09-01,9,2026,8.18,8.18,8.18,163.5,42000.0,6868116.0,6.87
S1_rupture,CB100,ALIMENT_COMPLET,Ndobo,Littoral,2026-09-01,9,2026,10.79,10.79,10.79,215.8,42000.0,9063433.0,9.06
S2_reappro_50,CB100,ALIMENT_COMPLET,Ndobo,Littoral,2026-09-01,9,2026,10.79,10.79,10.79,215.8,42000.0,9063433.0,9.06
S3_reappro_100,CB100,ALIMENT_COMPLET,Ndobo,Littoral,2026-09-01,9,2026,10.79,10.79,10.79,215.8,42000.0,9063433.0,9.06
S4_baisse_prix,CB100,ALIMENT_COMPLET,Ndobo,Littoral,2026-09-01,9,2026,10.79,10.79,10.79,215.8,42000.0,9063433.0,9.06
S1_rupture,CB100,ALIMENT_COMPLET,Nkongsamba,Littoral,2026-09-01,9,2026,6.2,6.2,6.2,124.0,42000.0,5209226.0,5.21
S2_reappro_50,CB100,ALIMENT_COMPLET,Nkongsamba,Littoral,2026-09-01,9,2026,6.2,6.2,6.2,124.0,42000.0,5209226.0,5.21
S3_reappro_100,CB100,ALIMENT_COMPLET,Nkongsamba,Littoral,2026-09-01,9,2026,6.2,6.2,6.2,124.0,42000.0,5209226.0,5.21
S4_baisse_prix,CB100,ALIMENT_COMPLET,Nkongsamba,Littoral,2026-09-01,9,2026,6.2,6.2,6.2,124.0,42000.0,5209226.0,5.21
S1_rupture,CB100,ALIMENT_COMPLET,Pk11,Littoral,2026-09-01,9,2026,2.88,2.88,2.88,57.6,42000.0,2418569.0,2.42
S2_reappro_50,CB100,ALIMENT_COMPLET,Pk11,Littoral,2026-09-01,9,2026,2.88,2.88,2.88,57.6,42000.0,2418569.0,2.42
S3_reappro_100,CB100,ALIMENT_COMPLET,Pk11,Littoral,2026-09-01,9,2026,2.88,2.88,2.88,57.6,42000.0,2418569.0,2.42
S4_baisse_prix,CB100,ALIMENT_COMPLET,Pk11,Littoral,2026-09-01,9,2026,2.88,2.88,2.88,57.6,42000.0,2418569.0,2.42
S1_rupture,CB100,ALIMENT_COMPLET,Village,Littoral,2026-09-01,9,2026,10.08,10.08,10.08,201.7,42000.0,8471193.0,8.47
S2_reappro_50,CB100,ALIMENT_COMPLET,Village,Littoral,2026-09-01,9,2026,10.08,10.08,10.08,201.7,42000.0,8471193.0,8.47
S3_reappro_100,CB100,ALIMENT_COMPLET,Village,Littoral,2026-09-01,9,2026,10.08,10.08,10.08,201.7,42000.0,8471193.0,8.47
S4_baisse_prix,CB100,ALIMENT_COMPLET,Village,Littoral,2026-09-01,9,2026,10.08,10.08,10.08,201.7,42000.0,8471193.0,8.47
S1_rupture,CB200,ALIMENT_COMPLET,Buea,Littoral,2026-09-01,9,2026,3.06,3.06,3.06,61.3,40000.0,2451053.0,2.45
S2_reappro_50,CB200,ALIMENT_COMPLET,Buea,Littoral,2026-09-01,9,2026,3.06,3.06,3.06,61.3,40000.0,2451053.0,2.45
S3_reappro_100,CB200,ALIMENT_COMPLET,Buea,Littoral,2026-09-01,9,2026,3.06,3.06,3.06,61.3,40000.0,2451053.0,2.45
S4_baisse_prix,CB200,ALIMENT_COMPLET,Buea,Littoral,2026-09-01,9,2026,3.06,3.06,3.06,61.3,40000.0,2451053.0,2.45
S1_rupture,CB200,ALIMENT_COMPLET,Ndobo,Littoral,2026-09-01,9,2026,9.65,9.65,9.65,193.1,40000.0,7722293.0,7.72
S2_reappro_50,CB200,ALIMENT_COMPLET,Ndobo,Littoral,2026-09-01,9,2026,9.65,9.65,9.65,193.1,40000.0,7722293.0,7.72
S3_reappro_100,CB200,ALIMENT_COMPLET,Ndobo,Littoral,2026-09-01,9,2026,9.65,9.65,9.65,193.1,40000.0,7722293.0,7.72
S4_baisse_prix,CB200,ALIMENT_COMPLET,Ndobo,Littoral,2026-09-01,9,2026,9.65,9.65,9.65,193.1,40000.0,7722293.0,7.72
S1_rupture,CB200,ALIMENT_COMPLET,Nkongsamba,Littoral,2026-09-01,9,2026,2.45,2.45,2.45,49.0,40000.0,1960842.0,1.96
S2_reappro_50,CB200,ALIMENT_COMPLET,Nkongsamba,Littoral,2026-09-01,9,2026,2.45,2.45,2.45,49.0,40000.0,1960842.0,1.96
S3_reappro_100,CB200,ALIMENT_COMPLET,Nkongsamba,Littoral,2026-09-01,9,2026,2.45,2.45,2.45,49.0,40000.0,1960842.0,1.96
S4_baisse_prix,CB200,ALIMENT_COMPLET,Nkongsamba,Littoral,2026-09-01,9,2026,2.45,2.45,2.45,49.0,40000.0,1960842.0,1.96
S1_rupture,CB200,ALIMENT_COMPLET,Pk11,Littoral,2026-09-01,9,2026,0.31,0.31,0.31,6.2,40000.0,248058.0,0.25
S2_reappro_50,CB200,ALIMENT_COMPLET,Pk11,Littoral,2026-09-01,9,2026,0.31,0.31,0.31,6.2,40000.0,248058.0,0.25
S3_reappro_100,CB200,ALIMENT_COMPLET,Pk11,Littoral,2026-09-01,9,2026,0.31,0.31,0.31,6.2,40000.0,248058.0,0.25
S4_baisse_prix,CB200,ALIMENT_COMPLET,Pk11,Littoral,2026-09-01,9,2026,0.31,0.31,0.31,6.2,40000.0,248058.0,0.25
S1_rupture,CB200,ALIMENT_COMPLET,Village,Littoral,2026-09-01,9,2026,8.0,8.0,8.0,159.9,40000.0,6396362.0,6.4
S2_reappro_50,CB200,ALIMENT_COMPLET,Village,Littoral,2026-09-01,9,2026,8.0,8.0,8.0,159.9,40000.0,6396362.0,6.4
S3_reappro_100,CB200,ALIMENT_COMPLET,Village,Littoral,2026-09-01,9,2026,8.0,8.0,8.0,159.9,40000.0,6396362.0,6.4
S4_baisse_prix,CB200,ALIMENT_COMPLET,Village,Littoral,2026-09-01,9,2026,8.0,8.0,8.0,159.9,40000.0,6396362.0,6.4
S1_rupture,CB100,ALIMENT_COMPLET,Buea,Littoral,2026-10-01,10,2026,7.84,7.84,7.84,156.8,42000.0,6586949.0,6.59
S2_reappro_50,CB100,ALIMENT_COMPLET,Buea,Littoral,2026-10-01,10,2026,7.84,7.84,7.84,156.8,42000.0,6586949.0,6.59
S3_reappro_100,CB100,ALIMENT_COMPLET,Buea,Littoral,2026-10-01,10,2026,7.84,7.84,7.84,156.8,42000.0,6586949.0,6.59
S4_baisse_prix,CB100,ALIMENT_COMPLET,Buea,Littoral,2026-10-01,10,2026,7.84,7.84,7.84,156.8,42000.0,6586949.0,6.59
S1_rupture,CB100,ALIMENT_COMPLET,Ndobo,Littoral,2026-10-01,10,2026,10.35,10.35,10.35,207.0,42000.0,8692394.0,8.69
S2_reappro_50,CB100,ALIMENT_COMPLET,Ndobo,Littoral,2026-10-01,10,2026,10.35,10.35,10.35,207.0,42000.0,8692394.0,8.69
S3_reappro_100,CB100,ALIMENT_COMPLET,Ndobo,Littoral,2026-10-01,10,2026,10.35,10.35,10.35,207.0,42000.0,8692394.0,8.69
S4_baisse_prix,CB100,ALIMENT_COMPLET,Ndobo,Littoral,2026-10-01,10,2026,10.35,10.35,10.35,207.0,42000.0,8692394.0,8.69
S1_rupture,CB100,ALIMENT_COMPLET,Nkongsamba,Littoral,2026-10-01,10,2026,5.95,5.95,5.95,119.0,42000.0,4995970.0,5.0
S2_reappro_50,CB100,ALIMENT_COMPLET,Nkongsamba,Littoral,2026-10-01,10,2026,5.95,5.95,5.95,119.0,42000.0,4995970.0,5.0
S3_reappro_100,CB100,ALIMENT_COMPLET,Nkongsamba,Littoral,2026-10-01,10,2026,5.95,5.95,5.95,119.0,42000.0,4995970.0,5.0
S4_baisse_prix,CB100,ALIMENT_COMPLET,Nkongsamba,Littoral,2026-10-01,10,2026,5.95,5.95,5.95,119.0,42000.0,4995970.0,5.0
S1_rupture,CB100,ALIMENT_COMPLET,Pk11,Littoral,2026-10-01,10,2026,2.76,2.76,2.76,55.2,42000.0,2319558.0,2.32
S2_reappro_50,CB100,ALIMENT_COMPLET,Pk11,Littoral,2026-10-01,10,2026,2.76,2.76,2.76,55.2,42000.0,2319558.0,2.32
S3_reappro_100,CB100,ALIMENT_COMPLET,Pk11,Littoral,2026-10-01,10,2026,2.76,2.76,2.76,55.2,42000.0,2319558.0,2.32
S4_baisse_prix,CB100,ALIMENT_COMPLET,Pk11,Littoral,2026-10-01,10,2026,2.76,2.76,2.76,55.2,42000.0,2319558.0,2.32
S1_rupture,CB100,ALIMENT_COMPLET,Village,Littoral,2026-10-01,10,2026,9.67,9.67,9.67,193.4,42000.0,8124399.0,8.12
S2_reappro_50,CB100,ALIMENT_COMPLET,Village,Littoral,2026-10-01,10,2026,9.67,9.67,9.67,193.4,42000.0,8124399.0,8.12
S3_reappro_100,CB100,ALIMENT_COMPLET,Village,Littoral,2026-10-01,10,2026,9.67,9.67,9.67,193.4,42000.0,8124399.0,8.12
S4_baisse_prix,CB100,ALIMENT_COMPLET,Village,Littoral,2026-10-01,10,2026,9.67,9.67,9.67,193.4,42000.0,8124399.0,8.12
S1_rupture,CB200,ALIMENT_COMPLET,Buea,Littoral,2026-10-01,10,2026,2.94,2.94,2.94,58.8,40000.0,2350712.0,2.35
S2_reappro_50,CB200,ALIMENT_COMPLET,Buea,Littoral,2026-10-01,10,2026,2.94,2.94,2.94,58.8,40000.0,2350712.0,2.35
S3_reappro_100,CB200,ALIMENT_COMPLET,Buea,Littoral,2026-10-01,10,2026,2.94,2.94,2.94,58.8,40000.0,2350712.0,2.35
S4_baisse_prix,CB200,ALIMENT_COMPLET,Buea,Littoral,2026-10-01,10,2026,2.94,2.94,2.94,58.8,40000.0,2350712.0,2.35
S1_rupture,CB200,ALIMENT_COMPLET,Ndobo,Littoral,2026-10-01,10,2026,9.26,9.26,9.26,185.2,40000.0,7406158.0,7.41
S2_reappro_50,CB200,ALIMENT_COMPLET,Ndobo,Littoral,2026-10-01,10,2026,9.26,9.26,9.26,185.2,40000.0,7406158.0,7.41
S3_reappro_100,CB200,ALIMENT_COMPLET,Ndobo,Littoral,2026-10-01,10,2026,9.26,9.26,9.26,185.2,40000.0,7406158.0,7.41
S4_baisse_prix,CB200,ALIMENT_COMPLET,Ndobo,Littoral,2026-10-01,10,2026,9.26,9.26,9.26,185.2,40000.0,7406158.0,7.41
S1_rupture,CB200,ALIMENT_COMPLET,Nkongsamba,Littoral,2026-10-01,10,2026,2.35,2.35,2.35,47.0,40000.0,1880569.0,1.88
S2_reappro_50,CB200,ALIMENT_COMPLET,Nkongsamba,Littoral,2026-10-01,10,2026,2.35,2.35,2.35,47.0,40000.0,1880569.0,1.88
S3_reappro_100,CB200,ALIMENT_COMPLET,Nkongsamba,Littoral,2026-10-01,10,2026,2.35,2.35,2.35,47.0,40000.0,1880569.0,1.88
S4_baisse_prix,CB200,ALIMENT_COMPLET,Nkongsamba,Littoral,2026-10-01,10,2026,2.35,2.35,2.35,47.0,40000.0,1880569.0,1.88
S1_rupture,CB200,ALIMENT_COMPLET,Pk11,Littoral,2026-10-01,10,2026,0.3,0.3,0.3,5.9,40000.0,237903.0,0.24
S2_reappro_50,CB200,ALIMENT_COMPLET,Pk11,Littoral,2026-10-01,10,2026,0.3,0.3,0.3,5.9,40000.0,237903.0,0.24
S3_reappro_100,CB200,ALIMENT_COMPLET,Pk11,Littoral,2026-10-01,10,2026,0.3,0.3,0.3,5.9,40000.0,237903.0,0.24
S4_baisse_prix,CB200,ALIMENT_COMPLET,Pk11,Littoral,2026-10-01,10,2026,0.3,0.3,0.3,5.9,40000.0,237903.0,0.24
S1_rupture,CB200,ALIMENT_COMPLET,Village,Littoral,2026-10-01,10,2026,7.67,7.67,7.67,153.4,40000.0,6134508.0,6.13
S2_reappro_50,CB200,ALIMENT_COMPLET,Village,Littoral,2026-10-01,10,2026,7.67,7.67,7.67,153.4,40000.0,6134508.0,6.13
S3_reappro_100,CB200,ALIMENT_COMPLET,Village,Littoral,2026-10-01,10,2026,7.67,7.67,7.67,153.4,40000.0,6134508.0,6.13
S4_baisse_prix,CB200,ALIMENT_COMPLET,Village,Littoral,2026-10-01,10,2026,7.67,7.67,7.67,153.4,40000.0,6134508.0,6.13
S1_rupture,CB100,ALIMENT_COMPLET,Buea,Littoral,2026-11-01,11,2026,0.0,-2.73,-2.73,0.0,42000.0,0.0,0.0
S2_reappro_50,CB100,ALIMENT_COMPLET,Buea,Littoral,2026-11-01,11,2026,0.0,-2.73,-2.73,0.0,42000.0,0.0,0.0
S3_reappro_100,CB100,ALIMENT_COMPLET,Buea,Littoral,2026-11-01,11,2026,0.0,-2.73,-2.73,0.0,42000.0,0.0,0.0
S4_baisse_prix,CB100,ALIMENT_COMPLET,Buea,Littoral,2026-11-01,11,2026,0.0,-2.73,-2.73,0.0,42000.0,0.0,0.0
S1_rupture,CB100,ALIMENT_COMPLET,Ndobo,Littoral,2026-11-01,11,2026,0.0,-3.6,-3.6,0.0,42000.0,0.0,0.0
S2_reappro_50,CB100,ALIMENT_COMPLET,Ndobo,Littoral,2026-11-01,11,2026,0.0,-3.6,-3.6,0.0,42000.0,0.0,0.0
S3_reappro_100,CB100,ALIMENT_COMPLET,Ndobo,Littoral,2026-11-01,11,2026,0.0,-3.6,-3.6,0.0,42000.0,0.0,0.0
S4_baisse_prix,CB100,ALIMENT_COMPLET,Ndobo,Littoral,2026-11-01,11,2026,0.0,-3.6,-3.6,0.0,42000.0,0.0,0.0
S1_rupture,CB100,ALIMENT_COMPLET,Nkongsamba,Littoral,2026-11-01,11,2026,0.0,-2.07,-2.07,0.0,42000.0,0.0,0.0
S2_reappro_50,CB100,ALIMENT_COMPLET,Nkongsamba,Littoral,2026-11-01,11,2026,0.0,-2.07,-2.07,0.0,42000.0,0.0,0.0
S3_reappro_100,CB100,ALIMENT_COMPLET,Nkongsamba,Littoral,2026-11-01,11,2026,0.0,-2.07,-2.07,0.0,42000.0,0.0,0.0
S4_baisse_prix,CB100,ALIMENT_COMPLET,Nkongsamba,Littoral,2026-11-01,11,2026,0.0,-2.07,-2.07,0.0,42000.0,0.0,0.0
S1_rupture,CB100,ALIMENT_COMPLET,Pk11,Littoral,2026-11-01,11,2026,0.0,-0.96,-0.96,0.0,42000.0,0.0,0.0
S2_reappro_50,CB100,ALIMENT_COMPLET,Pk11,Littoral,2026-11-01,11,2026,0.0,-0.96,-0.96,0.0,42000.0,0.0,0.0
S3_reappro_100,CB100,ALIMENT_COMPLET,Pk11,Littoral,2026-11-01,11,2026,0.0,-0.96,-0.96,0.0,42000.0,0.0,0.0
S4_baisse_prix,CB100,ALIMENT_COMPLET,Pk11,Littoral,2026-11-01,11,2026,0.0,-0.96,-0.96,0.0,42000.0,0.0,0.0
S1_rupture,CB100,ALIMENT_COMPLET,Village,Littoral,2026-11-01,11,2026,0.0,-3.37,-3.37,0.0,42000.0,0.0,0.0
S2_reappro_50,CB100,ALIMENT_COMPLET,Village,Littoral,2026-11-01,11,2026,0.0,-3.37,-3.37,0.0,42000.0,0.0,0.0
S3_reappro_100,CB100,ALIMENT_COMPLET,Village,Littoral,2026-11-01,11,2026,0.0,-3.37,-3.37,0.0,42000.0,0.0,0.0
S4_baisse_prix,CB100,ALIMENT_COMPLET,Village,Littoral,2026-11-01,11,2026,0.0,-3.37,-3.37,0.0,42000.0,0.0,0.0
S1_rupture,CB200,ALIMENT_COMPLET,Buea,Littoral,2026-11-01,11,2026,0.0,-1.02,-1.02,0.0,40000.0,0.0,0.0
S2_reappro_50,CB200,ALIMENT_COMPLET,Buea,Littoral,2026-11-01,11,2026,0.0,-1.02,-1.02,0.0,40000.0,0.0,0.0
S3_reappro_100,CB200,ALIMENT_COMPLET,Buea,Littoral,2026-11-01,11,2026,0.0,-1.02,-1.02,0.0,40000.0,0.0,0.0
S4_baisse_prix,CB200,ALIMENT_COMPLET,Buea,Littoral,2026-11-01,11,2026,0.0,-1.02,-1.02,0.0,40000.0,0.0,0.0
S1_rupture,CB200,ALIMENT_COMPLET,Ndobo,Littoral,2026-11-01,11,2026,0.0,-3.22,-3.22,0.0,40000.0,0.0,0.0
S2_reappro_50,CB200,ALIMENT_COMPLET,Ndobo,Littoral,2026-11-01,11,2026,0.0,-3.22,-3.22,0.0,40000.0,0.0,0.0
S3_reappro_100,CB200,ALIMENT_COMPLET,Ndobo,Littoral,2026-11-01,11,2026,0.0,-3.22,-3.22,0.0,40000.0,0.0,0.0
S4_baisse_prix,CB200,ALIMENT_COMPLET,Ndobo,Littoral,2026-11-01,11,2026,0.0,-3.22,-3.22,0.0,40000.0,0.0,0.0
S1_rupture,CB200,ALIMENT_COMPLET,Nkongsamba,Littoral,2026-11-01,11,2026,0.0,-0.82,-0.82,0.0,40000.0,0.0,0.0
S2_reappro_50,CB200,ALIMENT_COMPLET,Nkongsamba,Littoral,2026-11-01,11,2026,0.0,-0.82,-0.82,0.0,40000.0,0.0,0.0
S3_reappro_100,CB200,ALIMENT_COMPLET,Nkongsamba,Littoral,2026-11-01,11,2026,0.0,-0.82,-0.82,0.0,40000.0,0.0,0.0
S4_baisse_prix,CB200,ALIMENT_COMPLET,Nkongsamba,Littoral,2026-11-01,11,2026,0.0,-0.82,-0.82,0.0,40000.0,0.0,0.0
S1_rupture,CB200,ALIMENT_COMPLET,Pk11,Littoral,2026-11-01,11,2026,0.0,-0.1,-0.1,0.0,40000.0,0.0,0.0
S2_reappro_50,CB200,ALIMENT_COMPLET,Pk11,Littoral,2026-11-01,11,2026,0.0,-0.1,-0.1,0.0,40000.0,0.0,0.0
S3_reappro_100,CB200,ALIMENT_COMPLET,Pk11,Littoral,2026-11-01,11,2026,0.0,-0.1,-0.1,0.0,40000.0,0.0,0.0
S4_baisse_prix,CB200,ALIMENT_COMPLET,Pk11,Littoral,2026-11-01,11,2026,0.0,-0.1,-0.1,0.0,40000.0,0.0,0.0
S1_rupture,CB200,ALIMENT_COMPLET,Village,Littoral,2026-11-01,11,2026,0.0,-2.67,-2.67,0.0,40000.0,0.0,0.0
S2_reappro_50,CB200,ALIMENT_COMPLET,Village,Littoral,2026-11-01,11,2026,0.0,-2.67,-2.67,0.0,40000.0,0.0,0.0
S3_reappro_100,CB200,ALIMENT_COMPLET,Village,Littoral,2026-11-01,11,2026,0.0,-2.67,-2.67,0.0,40000.0,0.0,0.0
S4_baisse_prix,CB200,ALIMENT_COMPLET,Village,Littoral,2026-11-01,11,2026,0.0,-2.67,-2.67,0.0,40000.0,0.0,0.0
S1_rupture,CB100,ALIMENT_COMPLET,Buea,Littoral,2026-12-01,12,2026,3.07,3.07,3.07,61.4,42000.0,2577902.0,2.58
S2_reappro_50,CB100,ALIMENT_COMPLET,Buea,Littoral,2026-12-01,12,2026,3.07,3.07,3.07,61.4,42000.0,2577902.0,2.58
S3_reappro_100,CB100,ALIMENT_COMPLET,Buea,Littoral,2026-12-01,12,2026,3.07,3.07,3.07,61.4,42000.0,2577902.0,2.58
S4_baisse_prix,CB100,ALIMENT_COMPLET,Buea,Littoral,2026-12-01,12,2026,3.07,3.07,3.07,61.4,42000.0,2577902.0,2.58
S1_rupture,CB100,ALIMENT_COMPLET,Ndobo,Littoral,2026-12-01,12,2026,4.05,4.05,4.05,81.0,42000.0,3401899.0,3.4
S2_reappro_50,CB100,ALIMENT_COMPLET,Ndobo,Littoral,2026-12-01,12,2026,4.05,4.05,4.05,81.0,42000.0,3401899.0,3.4
S3_reappro_100,CB100,ALIMENT_COMPLET,Ndobo,Littoral,2026-12-01,12,2026,4.05,4.05,4.05,81.0,42000.0,3401899.0,3.4
S4_baisse_prix,CB100,ALIMENT_COMPLET,Ndobo,Littoral,2026-12-01,12,2026,4.05,4.05,4.05,81.0,42000.0,3401899.0,3.4
S1_rupture,CB100,ALIMENT_COMPLET,Nkongsamba,Littoral,2026-12-01,12,2026,2.33,2.33,2.33,46.6,42000.0,1955248.0,1.96
S2_reappro_50,CB100,ALIMENT_COMPLET,Nkongsamba,Littoral,2026-12-01,12,2026,2.33,2.33,2.33,46.6,42000.0,1955248.0,1.96
S3_reappro_100,CB100,ALIMENT_COMPLET,Nkongsamba,Littoral,2026-12-01,12,2026,2.33,2.33,2.33,46.6,42000.0,1955248.0,1.96
S4_baisse_prix,CB100,ALIMENT_COMPLET,Nkongsamba,Littoral,2026-12-01,12,2026,2.33,2.33,2.33,46.6,42000.0,1955248.0,1.96
S1_rupture,CB100,ALIMENT_COMPLET,Pk11,Littoral,2026-12-01,12,2026,1.08,1.08,1.08,21.6,42000.0,907794.0,0.91
S2_reappro_50,CB100,ALIMENT_COMPLET,Pk11,Littoral,2026-12-01,12,2026,1.08,1.08,1.08,21.6,42000.0,907794.0,0.91
S3_reappro_100,CB100,ALIMENT_COMPLET,Pk11,Littoral,2026-12-01,12,2026,1.08,1.08,1.08,21.6,42000.0,907794.0,0.91
S4_baisse_prix,CB100,ALIMENT_COMPLET,Pk11,Littoral,2026-12-01,12,2026,1.08,1.08,1.08,21.6,42000.0,907794.0,0.91
S1_rupture,CB100,ALIMENT_COMPLET,Village,Littoral,2026-12-01,12,2026,3.79,3.78,3.79,75.7,42000.0,3179606.0,3.18
S2_reappro_50,CB100,ALIMENT_COMPLET,Village,Littoral,2026-12-01,12,2026,3.79,3.78,3.79,75.7,42000.0,3179606.0,3.18
S3_reappro_100,CB100,ALIMENT_COMPLET,Village,Littoral,2026-12-01,12,2026,3.79,3.78,3.79,75.7,42000.0,3179606.0,3.18
S4_baisse_prix,CB100,ALIMENT_COMPLET,Village,Littoral,2026-12-01,12,2026,3.79,3.78,3.79,75.7,42000.0,3179606.0,3.18
S1_rupture,CB200,ALIMENT_COMPLET,Buea,Littoral,2026-12-01,12,2026,1.15,1.15,1.15,23.0,40000.0,919986.0,0.92
S2_reappro_50,CB200,ALIMENT_COMPLET,Buea,Littoral,2026-12-01,12,2026,1.15,1.15,1.15,23.0,40000.0,919986.0,0.92
S3_reappro_100,CB200,ALIMENT_COMPLET,Buea,Littoral,2026-12-01,12,2026,1.15,1.15,1.15,23.0,40000.0,919986.0,0.92
S4_baisse_prix,CB200,ALIMENT_COMPLET,Buea,Littoral,2026-12-01,12,2026,1.15,1.15,1.15,23.0,40000.0,919986.0,0.92
S1_rupture,CB200,ALIMENT_COMPLET,Ndobo,Littoral,2026-12-01,12,2026,3.62,3.62,3.62,72.5,40000.0,2898512.0,2.9
S2_reappro_50,CB200,ALIMENT_COMPLET,Ndobo,Littoral,2026-12-01,12,2026,3.62,3.62,3.62,72.5,40000.0,2898512.0,2.9
S3_reappro_100,CB200,ALIMENT_COMPLET,Ndobo,Littoral,2026-12-01,12,2026,3.62,3.62,3.62,72.5,40000.0,2898512.0,2.9
S4_baisse_prix,CB200,ALIMENT_COMPLET,Ndobo,Littoral,2026-12-01,12,2026,3.62,3.62,3.62,72.5,40000.0,2898512.0,2.9
S1_rupture,CB200,ALIMENT_COMPLET,Nkongsamba,Littoral,2026-12-01,12,2026,0.92,0.92,0.92,18.4,40000.0,735989.0,0.74
S2_reappro_50,CB200,ALIMENT_COMPLET,Nkongsamba,Littoral,2026-12-01,12,2026,0.92,0.92,0.92,18.4,40000.0,735989.0,0.74
S3_reappro_100,CB200,ALIMENT_COMPLET,Nkongsamba,Littoral,2026-12-01,12,2026,0.92,0.92,0.92,18.4,40000.0,735989.0,0.74
S4_baisse_prix,CB200,ALIMENT_COMPLET,Nkongsamba,Littoral,2026-12-01,12,2026,0.92,0.92,0.92,18.4,40000.0,735989.0,0.74
S1_rupture,CB200,ALIMENT_COMPLET,Pk11,Littoral,2026-12-01,12,2026,0.12,0.12,0.12,2.3,40000.0,93107.0,0.09
S2_reappro_50,CB200,ALIMENT_COMPLET,Pk11,Littoral,2026-12-01,12,2026,0.12,0.12,0.12,2.3,40000.0,93107.0,0.09
S3_reappro_100,CB200,ALIMENT_COMPLET,Pk11,Littoral,2026-12-01,12,2026,0.12,0.12,0.12,2.3,40000.0,93107.0,0.09
S4_baisse_prix,CB200,ALIMENT_COMPLET,Pk11,Littoral,2026-12-01,12,2026,0.12,0.12,0.12,2.3,40000.0,93107.0,0.09
S1_rupture,CB200,ALIMENT_COMPLET,Village,Littoral,2026-12-01,12,2026,3.0,3.0,3.0,60.0,40000.0,2400832.0,2.4
S2_reappro_50,CB200,ALIMENT_COMPLET,Village,Littoral,2026-12-01,12,2026,3.0,3.0,3.0,60.0,40000.0,2400832.0,2.4
S3_reappro_100,CB200,ALIMENT_COMPLET,Village,Littoral,2026-12-01,12,2026,3.0,3.0,3.0,60.0,40000.0,2400832.0,2.4
S4_baisse_prix,CB200,ALIMENT_COMPLET,Village,Littoral,2026-12-01,12,2026,3.0,3.0,3.0,60.0,40000.0,2400832.0,2.4
S1_rupture,CB100,ALIMENT_COMPLET,Djeleng,Ouest,2026-09-01,9,2026,0.49,0.49,0.49,9.8,42000.0,413308.0,0.41
S2_reappro_50,CB100,ALIMENT_COMPLET,Djeleng,Ouest,2026-09-01,9,2026,0.49,0.49,0.49,9.8,42000.0,413308.0,0.41
S3_reappro_100,CB100,ALIMENT_COMPLET,Djeleng,Ouest,2026-09-01,9,2026,0.49,0.49,0.49,9.8,42000.0,413308.0,0.41
S4_baisse_prix,CB100,ALIMENT_COMPLET,Djeleng,Ouest,2026-09-01,9,2026,0.49,0.49,0.49,9.8,42000.0,413308.0,0.41
S1_rupture,CB100,ALIMENT_COMPLET,Famla,Ouest,2026-09-01,9,2026,2.07,2.06,2.07,41.3,42000.0,1735752.0,1.74
S2_reappro_50,CB100,ALIMENT_COMPLET,Famla,Ouest,2026-09-01,9,2026,2.07,2.06,2.07,41.3,42000.0,1735752.0,1.74
S3_reappro_100,CB100,ALIMENT_COMPLET,Famla,Ouest,2026-09-01,9,2026,2.07,2.06,2.07,41.3,42000.0,1735752.0,1.74
S4_baisse_prix,CB100,ALIMENT_COMPLET,Famla,Ouest,2026-09-01,9,2026,2.07,2.06,2.07,41.3,42000.0,1735752.0,1.74
S1_rupture,CB100,ALIMENT_COMPLET,Mbouda,Ouest,2026-09-01,9,2026,0.52,0.52,0.52,10.4,42000.0,437784.0,0.44
S2_reappro_50,CB100,ALIMENT_COMPLET,Mbouda,Ouest,2026-09-01,9,2026,0.52,0.52,0.52,10.4,42000.0,437784.0,0.44
S3_reappro_100,CB100,ALIMENT_COMPLET,Mbouda,Ouest,2026-09-01,9,2026,0.52,0.52,0.52,10.4,42000.0,437784.0,0.44
S4_baisse_prix,CB100,ALIMENT_COMPLET,Mbouda,Ouest,2026-09-01,9,2026,0.52,0.52,0.52,10.4,42000.0,437784.0,0.44
S1_rupture,CB200,ALIMENT_COMPLET,Djeleng,Ouest,2026-09-01,9,2026,0.63,0.63,0.63,12.5,40000.0,501524.0,0.5
S2_reappro_50,CB200,ALIMENT_COMPLET,Djeleng,Ouest,2026-09-01,9,2026,0.63,0.63,0.63,12.5,40000.0,501524.0,0.5
S3_reappro_100,CB200,ALIMENT_COMPLET,Djeleng,Ouest,2026-09-01,9,2026,0.63,0.63,0.63,12.5,40000.0,501524.0,0.5
S4_baisse_prix,CB200,ALIMENT_COMPLET,Djeleng,Ouest,2026-09-01,9,2026,0.63,0.63,0.63,12.5,40000.0,501524.0,0.5
S1_rupture,CB200,ALIMENT_COMPLET,Famla,Ouest,2026-09-01,9,2026,1.32,1.32,1.33,26.5,40000.0,1059661.0,1.06
S2_reappro_50,CB200,ALIMENT_COMPLET,Famla,Ouest,2026-09-01,9,2026,1.32,1.32,1.33,26.5,40000.0,1059661.0,1.06
S3_reappro_100,CB200,ALIMENT_COMPLET,Famla,Ouest,2026-09-01,9,2026,1.32,1.32,1.33,26.5,40000.0,1059661.0,1.06
S4_baisse_prix,CB200,ALIMENT_COMPLET,Famla,Ouest,2026-09-01,9,2026,1.32,1.32,1.33,26.5,40000.0,1059661.0,1.06
S1_rupture,CB200,ALIMENT_COMPLET,Mbouda,Ouest,2026-09-01,9,2026,1.34,1.34,1.34,26.8,40000.0,1072315.0,1.07
S2_reappro_50,CB200,ALIMENT_COMPLET,Mbouda,Ouest,2026-09-01,9,2026,1.34,1.34,1.34,26.8,40000.0,1072315.0,1.07
S3_reappro_100,CB200,ALIMENT_COMPLET,Mbouda,Ouest,2026-09-01,9,2026,1.34,1.34,1.34,26.8,40000.0,1072315.0,1.07
S4_baisse_prix,CB200,ALIMENT_COMPLET,Mbouda,Ouest,2026-09-01,9,2026,1.34,1.34,1.34,26.8,40000.0,1072315.0,1.07
S1_rupture,CB100,ALIMENT_COMPLET,Djeleng,Ouest,2026-10-01,10,2026,0.66,0.66,0.66,13.2,42000.0,553366.0,0.55
S2_reappro_50,CB100,ALIMENT_COMPLET,Djeleng,Ouest,2026-10-01,10,2026,0.66,0.66,0.66,13.2,42000.0,553366.0,0.55
S3_reappro_100,CB100,ALIMENT_COMPLET,Djeleng,Ouest,2026-10-01,10,2026,0.66,0.66,0.66,13.2,42000.0,553366.0,0.55
S4_baisse_prix,CB100,ALIMENT_COMPLET,Djeleng,Ouest,2026-10-01,10,2026,0.66,0.66,0.66,13.2,42000.0,553366.0,0.55
S1_rupture,CB100,ALIMENT_COMPLET,Famla,Ouest,2026-10-01,10,2026,2.77,2.76,2.77,55.3,42000.0,2323948.0,2.32
S2_reappro_50,CB100,ALIMENT_COMPLET,Famla,Ouest,2026-10-01,10,2026,2.77,2.76,2.77,55.3,42000.0,2323948.0,2.32
S3_reappro_100,CB100,ALIMENT_COMPLET,Famla,Ouest,2026-10-01,10,2026,2.77,2.76,2.77,55.3,42000.0,2323948.0,2.32
S4_baisse_prix,CB100,ALIMENT_COMPLET,Famla,Ouest,2026-10-01,10,2026,2.77,2.76,2.77,55.3,42000.0,2323948.0,2.32
S1_rupture,CB100,ALIMENT_COMPLET,Mbouda,Ouest,2026-10-01,10,2026,0.7,0.7,0.7,14.0,42000.0,586137.0,0.59
S2_reappro_50,CB100,ALIMENT_COMPLET,Mbouda,Ouest,2026-10-01,10,2026,0.7,0.7,0.7,14.0,42000.0,586137.0,0.59
S3_reappro_100,CB100,ALIMENT_COMPLET,Mbouda,Ouest,2026-10-01,10,2026,0.7,0.7,0.7,14.0,42000.0,586137.0,0.59
S4_baisse_prix,CB100,ALIMENT_COMPLET,Mbouda,Ouest,2026-10-01,10,2026,0.7,0.7,0.7,14.0,42000.0,586137.0,0.59
S1_rupture,CB200,ALIMENT_COMPLET,Djeleng,Ouest,2026-10-01,10,2026,0.84,0.84,0.84,16.8,40000.0,671476.0,0.67
S2_reappro_50,CB200,ALIMENT_COMPLET,Djeleng,Ouest,2026-10-01,10,2026,0.84,0.84,0.84,16.8,40000.0,671476.0,0.67
S3_reappro_100,CB200,ALIMENT_COMPLET,Djeleng,Ouest,2026-10-01,10,2026,0.84,0.84,0.84,16.8,40000.0,671476.0,0.67
S4_baisse_prix,CB200,ALIMENT_COMPLET,Djeleng,Ouest,2026-10-01,10,2026,0.84,0.84,0.84,16.8,40000.0,671476.0,0.67
S1_rupture,CB200,ALIMENT_COMPLET,Famla,Ouest,2026-10-01,10,2026,1.77,1.77,1.78,35.5,40000.0,1418749.0,1.42
S2_reappro_50,CB200,ALIMENT_COMPLET,Famla,Ouest,2026-10-01,10,2026,1.77,1.77,1.78,35.5,40000.0,1418749.0,1.42
S3_reappro_100,CB200,ALIMENT_COMPLET,Famla,Ouest,2026-10-01,10,2026,1.77,1.77,1.78,35.5,40000.0,1418749.0,1.42
S4_baisse_prix,CB200,ALIMENT_COMPLET,Famla,Ouest,2026-10-01,10,2026,1.77,1.77,1.78,35.5,40000.0,1418749.0,1.42
S1_rupture,CB200,ALIMENT_COMPLET,Mbouda,Ouest,2026-10-01,10,2026,1.79,1.79,1.8,35.9,40000.0,1435692.0,1.44
S2_reappro_50,CB200,ALIMENT_COMPLET,Mbouda,Ouest,2026-10-01,10,2026,1.79,1.79,1.8,35.9,40000.0,1435692.0,1.44
S3_reappro_100,CB200,ALIMENT_COMPLET,Mbouda,Ouest,2026-10-01,10,2026,1.79,1.79,1.8,35.9,40000.0,1435692.0,1.44
S4_baisse_prix,CB200,ALIMENT_COMPLET,Mbouda,Ouest,2026-10-01,10,2026,1.79,1.79,1.8,35.9,40000.0,1435692.0,1.44
S1_rupture,CB100,ALIMENT_COMPLET,Djeleng,Ouest,2026-11-01,11,2026,2.02,2.01,2.02,40.4,42000.0,1694984.0,1.69
S2_reappro_50,CB100,ALIMENT_COMPLET,Djeleng,Ouest,2026-11-01,11,2026,2.02,2.01,2.02,40.4,42000.0,1694984.0,1.69
S3_reappro_100,CB100,ALIMENT_COMPLET,Djeleng,Ouest,2026-11-01,11,2026,2.02,2.01,2.02,40.4,42000.0,1694984.0,1.69
S4_baisse_prix,CB100,ALIMENT_COMPLET,Djeleng,Ouest,2026-11-01,11,2026,2.02,2.01,2.02,40.4,42000.0,1694984.0,1.69
S1_rupture,CB100,ALIMENT_COMPLET,Famla,Ouest,2026-11-01,11,2026,8.47,8.44,8.5,169.5,42000.0,7118361.0,7.12
S2_reappro_50,CB100,ALIMENT_COMPLET,Famla,Ouest,2026-11-01,11,2026,8.47,8.44,8.5,169.5,42000.0,7118361.0,7.12
S3_reappro_100,CB100,ALIMENT_COMPLET,Famla,Ouest,2026-11-01,11,2026,8.47,8.44,8.5,169.5,42000.0,7118361.0,7.12
S4_baisse_prix,CB100,ALIMENT_COMPLET,Famla,Ouest,2026-11-01,11,2026,8.47,8.44,8.5,169.5,42000.0,7118361.0,7.12
S1_rupture,CB100,ALIMENT_COMPLET,Mbouda,Ouest,2026-11-01,11,2026,2.14,2.13,2.14,42.7,42000.0,1795364.0,1.8
S2_reappro_50,CB100,ALIMENT_COMPLET,Mbouda,Ouest,2026-11-01,11,2026,2.14,2.13,2.14,42.7,42000.0,1795364.0,1.8
S3_reappro_100,CB100,ALIMENT_COMPLET,Mbouda,Ouest,2026-11-01,11,2026,2.14,2.13,2.14,42.7,42000.0,1795364.0,1.8
S4_baisse_prix,CB100,ALIMENT_COMPLET,Mbouda,Ouest,2026-11-01,11,2026,2.14,2.13,2.14,42.7,42000.0,1795364.0,1.8
S1_rupture,CB200,ALIMENT_COMPLET,Djeleng,Ouest,2026-11-01,11,2026,2.57,2.56,2.58,51.4,40000.0,2056761.0,2.06
S2_reappro_50,CB200,ALIMENT_COMPLET,Djeleng,Ouest,2026-11-01,11,2026,2.57,2.56,2.58,51.4,40000.0,2056761.0,2.06
S3_reappro_100,CB200,ALIMENT_COMPLET,Djeleng,Ouest,2026-11-01,11,2026,2.57,2.56,2.58,51.4,40000.0,2056761.0,2.06
S4_baisse_prix,CB200,ALIMENT_COMPLET,Djeleng,Ouest,2026-11-01,11,2026,2.57,2.56,2.58,51.4,40000.0,2056761.0,2.06
S1_rupture,CB200,ALIMENT_COMPLET,Famla,Ouest,2026-11-01,11,2026,5.43,5.41,5.45,108.6,40000.0,4345694.0,4.35
S2_reappro_50,CB200,ALIMENT_COMPLET,Famla,Ouest,2026-11-01,11,2026,5.43,5.41,5.45,108.6,40000.0,4345694.0,4.35
S3_reappro_100,CB200,ALIMENT_COMPLET,Famla,Ouest,2026-11-01,11,2026,5.43,5.41,5.45,108.6,40000.0,4345694.0,4.35
S4_baisse_prix,CB200,ALIMENT_COMPLET,Famla,Ouest,2026-11-01,11,2026,5.43,5.41,5.45,108.6,40000.0,4345694.0,4.35
S1_rupture,CB200,ALIMENT_COMPLET,Mbouda,Ouest,2026-11-01,11,2026,5.5,5.47,5.52,109.9,40000.0,4397591.0,4.4
S2_reappro_50,CB200,ALIMENT_COMPLET,Mbouda,Ouest,2026-11-01,11,2026,5.5,5.47,5.52,109.9,40000.0,4397591.0,4.4
S3_reappro_100,CB200,ALIMENT_COMPLET,Mbouda,Ouest,2026-11-01,11,2026,5.5,5.47,5.52,109.9,40000.0,4397591.0,4.4
S4_baisse_prix,CB200,ALIMENT_COMPLET,Mbouda,Ouest,2026-11-01,11,2026,5.5,5.47,5.52,109.9,40000.0,4397591.0,4.4
S1_rupture,CB100,ALIMENT_COMPLET,Djeleng,Ouest,2026-12-01,12,2026,1.14,1.13,1.14,22.8,42000.0,956631.0,0.96
S2_reappro_50,CB100,ALIMENT_COMPLET,Djeleng,Ouest,2026-12-01,12,2026,1.14,1.13,1.14,22.8,42000.0,956631.0,0.96
S3_reappro_100,CB100,ALIMENT_COMPLET,Djeleng,Ouest,2026-12-01,12,2026,1.14,1.13,1.14,22.8,42000.0,956631.0,0.96
S4_baisse_prix,CB100,ALIMENT_COMPLET,Djeleng,Ouest,2026-12-01,12,2026,1.14,1.13,1.14,22.8,42000.0,956631.0,0.96
S1_rupture,CB100,ALIMENT_COMPLET,Famla,Ouest,2026-12-01,12,2026,4.78,4.75,4.81,95.7,42000.0,4017528.0,4.02
S2_reappro_50,CB100,ALIMENT_COMPLET,Famla,Ouest,2026-12-01,12,2026,4.78,4.75,4.81,95.7,42000.0,4017528.0,4.02
S3_reappro_100,CB100,ALIMENT_COMPLET,Famla,Ouest,2026-12-01,12,2026,4.78,4.75,4.81,95.7,42000.0,4017528.0,4.02
S4_baisse_prix,CB100,ALIMENT_COMPLET,Famla,Ouest,2026-12-01,12,2026,4.78,4.75,4.81,95.7,42000.0,4017528.0,4.02
S1_rupture,CB100,ALIMENT_COMPLET,Mbouda,Ouest,2026-12-01,12,2026,1.21,1.2,1.21,24.1,42000.0,1013285.0,1.01
S2_reappro_50,CB100,ALIMENT_COMPLET,Mbouda,Ouest,2026-12-01,12,2026,1.21,1.2,1.21,24.1,42000.0,1013285.0,1.01
S3_reappro_100,CB100,ALIMENT_COMPLET,Mbouda,Ouest,2026-12-01,12,2026,1.21,1.2,1.21,24.1,42000.0,1013285.0,1.01
S4_baisse_prix,CB100,ALIMENT_COMPLET,Mbouda,Ouest,2026-12-01,12,2026,1.21,1.2,1.21,24.1,42000.0,1013285.0,1.01
S1_rupture,CB200,ALIMENT_COMPLET,Djeleng,Ouest,2026-12-01,12,2026,1.45,1.44,1.46,29.0,40000.0,1160814.0,1.16
S2_reappro_50,CB200,ALIMENT_COMPLET,Djeleng,Ouest,2026-12-01,12,2026,1.45,1.44,1.46,29.0,40000.0,1160814.0,1.16
S3_reappro_100,CB200,ALIMENT_COMPLET,Djeleng,Ouest,2026-12-01,12,2026,1.45,1.44,1.46,29.0,40000.0,1160814.0,1.16
S4_baisse_prix,CB200,ALIMENT_COMPLET,Djeleng,Ouest,2026-12-01,12,2026,1.45,1.44,1.46,29.0,40000.0,1160814.0,1.16
S1_rupture,CB200,ALIMENT_COMPLET,Famla,Ouest,2026-12-01,12,2026,3.07,3.05,3.08,61.3,40000.0,2452664.0,2.45
S2_reappro_50,CB200,ALIMENT_COMPLET,Famla,Ouest,2026-12-01,12,2026,3.07,3.05,3.08,61.3,40000.0,2452664.0,2.45
S3_reappro_100,CB200,ALIMENT_COMPLET,Famla,Ouest,2026-12-01,12,2026,3.07,3.05,3.08,61.3,40000.0,2452664.0,2.45
S4_baisse_prix,CB200,ALIMENT_COMPLET,Famla,Ouest,2026-12-01,12,2026,3.07,3.05,3.08,61.3,40000.0,2452664.0,2.45
S1_rupture,CB200,ALIMENT_COMPLET,Mbouda,Ouest,2026-12-01,12,2026,3.1,3.08,3.12,62.0,40000.0,2481954.0,2.48
S2_reappro_50,CB200,ALIMENT_COMPLET,Mbouda,Ouest,2026-12-01,12,2026,3.1,3.08,3.12,62.0,40000.0,2481954.0,2.48
S3_reappro_100,CB200,ALIMENT_COMPLET,Mbouda,Ouest,2026-12-01,12,2026,3.1,3.08,3.12,62.0,40000.0,2481954.0,2.48
S4_baisse_prix,CB200,ALIMENT_COMPLET,Mbouda,Ouest,2026-12-01,12,2026,3.1,3.08,3.12,62.0,40000.0,2481954.0,2.48
S1_rupture,C101,CONCENTRES,Ahala,Centre,2026-09-01,9,2026,10.88,10.88,10.88,217.6,36000.0,7833472.0,7.83
S2_reappro_50,C101,CONCENTRES,Ahala,Centre,2026-09-01,9,2026,10.88,10.88,10.88,217.6,36000.0,7833472.0,7.83
S3_reappro_100,C101,CONCENTRES,Ahala,Centre,2026-09-01,9,2026,10.88,10.88,10.88,217.6,36000.0,7833472.0,7.83
S4_baisse_prix,C101,CONCENTRES,Ahala,Centre,2026-09-01,9,2026,10.88,10.88,10.88,217.6,36000.0,7833472.0,7.83
S1_rupture,C101,CONCENTRES,Bertoua,Centre,2026-09-01,9,2026,10.47,10.46,10.47,209.3,36000.0,7536313.0,7.54
S2_reappro_50,C101,CONCENTRES,Bertoua,Centre,2026-09-01,9,2026,10.47,10.46,10.47,209.3,36000.0,7536313.0,7.54
S3_reappro_100,C101,CONCENTRES,Bertoua,Centre,2026-09-01,9,2026,10.47,10.46,10.47,209.3,36000.0,7536313.0,7.54
S4_baisse_prix,C101,CONCENTRES,Bertoua,Centre,2026-09-01,9,2026,10.47,10.46,10.47,209.3,36000.0,7536313.0,7.54
S1_rupture,C101,CONCENTRES,Messassi,Centre,2026-09-01,9,2026,7.67,7.66,7.67,153.3,36000.0,5518811.0,5.52
S2_reappro_50,C101,CONCENTRES,Messassi,Centre,2026-09-01,9,2026,7.67,7.66,7.67,153.3,36000.0,5518811.0,5.52
S3_reappro_100,C101,CONCENTRES,Messassi,Centre,2026-09-01,9,2026,7.67,7.66,7.67,153.3,36000.0,5518811.0,5.52
S4_baisse_prix,C101,CONCENTRES,Messassi,Centre,2026-09-01,9,2026,7.67,7.66,7.67,153.3,36000.0,5518811.0,5.52
S1_rupture,C101,CONCENTRES,Ngaoundere,Centre,2026-09-01,9,2026,8.85,8.85,8.85,177.0,36000.0,6372522.0,6.37
S2_reappro_50,C101,CONCENTRES,Ngaoundere,Centre,2026-09-01,9,2026,8.85,8.85,8.85,177.0,36000.0,6372522.0,6.37
S3_reappro_100,C101,CONCENTRES,Ngaoundere,Centre,2026-09-01,9,2026,8.85,8.85,8.85,177.0,36000.0,6372522.0,6.37
S4_baisse_prix,C101,CONCENTRES,Ngaoundere,Centre,2026-09-01,9,2026,8.85,8.85,8.85,177.0,36000.0,6372522.0,6.37
S1_rupture,C101,CONCENTRES,Nkoabang,Centre,2026-09-01,9,2026,3.88,3.87,3.88,77.5,36000.0,2790712.0,2.79
S2_reappro_50,C101,CONCENTRES,Nkoabang,Centre,2026-09-01,9,2026,3.88,3.87,3.88,77.5,36000.0,2790712.0,2.79
S3_reappro_100,C101,CONCENTRES,Nkoabang,Centre,2026-09-01,9,2026,3.88,3.87,3.88,77.5,36000.0,2790712.0,2.79
S4_baisse_prix,C101,CONCENTRES,Nkoabang,Centre,2026-09-01,9,2026,3.88,3.87,3.88,77.5,36000.0,2790712.0,2.79
S1_rupture,C101,CONCENTRES,Nkolbisson,Centre,2026-09-01,9,2026,6.06,6.06,6.06,121.2,36000.0,4364959.0,4.36
S2_reappro_50,C101,CONCENTRES,Nkolbisson,Centre,2026-09-01,9,2026,6.06,6.06,6.06,121.2,36000.0,4364959.0,4.36
S3_reappro_100,C101,CONCENTRES,Nkolbisson,Centre,2026-09-01,9,2026,6.06,6.06,6.06,121.2,36000.0,4364959.0,4.36
S4_baisse_prix,C101,CONCENTRES,Nkolbisson,Centre,2026-09-01,9,2026,6.06,6.06,6.06,121.2,36000.0,4364959.0,4.36
S1_rupture,C102,CONCENTRES,Ahala,Centre,2026-09-01,9,2026,0.06,0.06,0.06,1.1,29500.0,32576.0,0.03
S2_reappro_50,C102,CONCENTRES,Ahala,Centre,2026-09-01,9,2026,0.06,0.06,0.06,1.1,29500.0,32576.0,0.03
S3_reappro_100,C102,CONCENTRES,Ahala,Centre,2026-09-01,9,2026,0.06,0.06,0.06,1.1,29500.0,32576.0,0.03
S4_baisse_prix,C102,CONCENTRES,Ahala,Centre,2026-09-01,9,2026,0.06,0.06,0.06,1.1,29500.0,32576.0,0.03
S1_rupture,C102,CONCENTRES,Bertoua,Centre,2026-09-01,9,2026,2.81,2.81,2.81,56.1,29500.0,1655674.0,1.66
S2_reappro_50,C102,CONCENTRES,Bertoua,Centre,2026-09-01,9,2026,2.81,2.81,2.81,56.1,29500.0,1655674.0,1.66
S3_reappro_100,C102,CONCENTRES,Bertoua,Centre,2026-09-01,9,2026,2.81,2.81,2.81,56.1,29500.0,1655674.0,1.66
S4_baisse_prix,C102,CONCENTRES,Bertoua,Centre,2026-09-01,9,2026,2.81,2.81,2.81,56.1,29500.0,1655674.0,1.66
S1_rupture,C102,CONCENTRES,Messassi,Centre,2026-09-01,9,2026,0.01,0.01,0.01,0.2,29500.0,6515.0,0.01
S2_reappro_50,C102,CONCENTRES,Messassi,Centre,2026-09-01,9,2026,0.01,0.01,0.01,0.2,29500.0,6515.0,0.01
S3_reappro_100,C102,CONCENTRES,Messassi,Centre,2026-09-01,9,2026,0.01,0.01,0.01,0.2,29500.0,6515.0,0.01
S4_baisse_prix,C102,CONCENTRES,Messassi,Centre,2026-09-01,9,2026,0.01,0.01,0.01,0.2,29500.0,6515.0,0.01
S1_rupture,C102,CONCENTRES,Ngaoundere,Centre,2026-09-01,9,2026,0.25,0.25,0.25,5.1,29500.0,149849.0,0.15
S2_reappro_50,C102,CONCENTRES,Ngaoundere,Centre,2026-09-01,9,2026,0.25,0.25,0.25,5.1,29500.0,149849.0,0.15
S3_reappro_100,C102,CONCENTRES,Ngaoundere,Centre,2026-09-01,9,2026,0.25,0.25,0.25,5.1,29500.0,149849.0,0.15
S4_baisse_prix,C102,CONCENTRES,Ngaoundere,Centre,2026-09-01,9,2026,0.25,0.25,0.25,5.1,29500.0,149849.0,0.15
S1_rupture,C103,CONCENTRES,Ahala,Centre,2026-09-01,9,2026,11.59,11.58,11.59,231.7,39500.0,9152288.0,9.15
S2_reappro_50,C103,CONCENTRES,Ahala,Centre,2026-09-01,9,2026,11.59,11.58,11.59,231.7,39500.0,9152288.0,9.15
S3_reappro_100,C103,CONCENTRES,Ahala,Centre,2026-09-01,9,2026,11.59,11.58,11.59,231.7,39500.0,9152288.0,9.15
S4_baisse_prix,C103,CONCENTRES,Ahala,Centre,2026-09-01,9,2026,11.59,11.58,11.59,231.7,39500.0,9152288.0,9.15
S1_rupture,C103,CONCENTRES,Bertoua,Centre,2026-09-01,9,2026,3.97,3.97,3.97,79.5,39500.0,3138363.0,3.14
S2_reappro_50,C103,CONCENTRES,Bertoua,Centre,2026-09-01,9,2026,3.97,3.97,3.97,79.5,39500.0,3138363.0,3.14
S3_reappro_100,C103,CONCENTRES,Bertoua,Centre,2026-09-01,9,2026,3.97,3.97,3.97,79.5,39500.0,3138363.0,3.14
S4_baisse_prix,C103,CONCENTRES,Bertoua,Centre,2026-09-01,9,2026,3.97,3.97,3.97,79.5,39500.0,3138363.0,3.14
S1_rupture,C103,CONCENTRES,Messassi,Centre,2026-09-01,9,2026,8.3,8.3,8.3,166.0,39500.0,6558067.0,6.56
S2_reappro_50,C103,CONCENTRES,Messassi,Centre,2026-09-01,9,2026,8.3,8.3,8.3,166.0,39500.0,6558067.0,6.56
S3_reappro_100,C103,CONCENTRES,Messassi,Centre,2026-09-01,9,2026,8.3,8.3,8.3,166.0,39500.0,6558067.0,6.56
S4_baisse_prix,C103,CONCENTRES,Messassi,Centre,2026-09-01,9,2026,8.3,8.3,8.3,166.0,39500.0,6558067.0,6.56
S1_rupture,C103,CONCENTRES,Ngaoundere,Centre,2026-09-01,9,2026,4.74,4.74,4.74,94.7,39500.0,3742482.0,3.74
S2_reappro_50,C103,CONCENTRES,Ngaoundere,Centre,2026-09-01,9,2026,4.74,4.74,4.74,94.7,39500.0,3742482.0,3.74
S3_reappro_100,C103,CONCENTRES,Ngaoundere,Centre,2026-09-01,9,2026,4.74,4.74,4.74,94.7,39500.0,3742482.0,3.74
S4_baisse_prix,C103,CONCENTRES,Ngaoundere,Centre,2026-09-01,9,2026,4.74,4.74,4.74,94.7,39500.0,3742482.0,3.74
S1_rupture,C103,CONCENTRES,Nkoabang,Centre,2026-09-01,9,2026,5.82,5.82,5.83,116.5,39500.0,4600679.0,4.6
S2_reappro_50,C103,CONCENTRES,Nkoabang,Centre,2026-09-01,9,2026,5.82,5.82,5.83,116.5,39500.0,4600679.0,4.6
S3_reappro_100,C103,CONCENTRES,Nkoabang,Centre,2026-09-01,9,2026,5.82,5.82,5.83,116.5,39500.0,4600679.0,4.6
S4_baisse_prix,C103,CONCENTRES,Nkoabang,Centre,2026-09-01,9,2026,5.82,5.82,5.83,116.5,39500.0,4600679.0,4.6
S1_rupture,C103,CONCENTRES,Nkolbisson,Centre,2026-09-01,9,2026,3.06,3.06,3.06,61.2,39500.0,2418655.0,2.42
S2_reappro_50,C103,CONCENTRES,Nkolbisson,Centre,2026-09-01,9,2026,3.06,3.06,3.06,61.2,39500.0,2418655.0,2.42
S3_reappro_100,C103,CONCENTRES,Nkolbisson,Centre,2026-09-01,9,2026,3.06,3.06,3.06,61.2,39500.0,2418655.0,2.42
S4_baisse_prix,C103,CONCENTRES,Nkolbisson,Centre,2026-09-01,9,2026,3.06,3.06,3.06,61.2,39500.0,2418655.0,2.42
S1_rupture,C104,CONCENTRES,Ahala,Centre,2026-09-01,9,2026,24.41,24.4,24.41,488.1,32100.0,15668492.0,15.67
S2_reappro_50,C104,CONCENTRES,Ahala,Centre,2026-09-01,9,2026,24.41,24.4,24.41,488.1,32100.0,15668492.0,15.67
S3_reappro_100,C104,CONCENTRES,Ahala,Centre,2026-09-01,9,2026,24.41,24.4,24.41,488.1,32100.0,15668492.0,15.67
S4_baisse_prix,C104,CONCENTRES,Ahala,Centre,2026-09-01,9,2026,24.41,24.4,24.41,488.1,32100.0,15668492.0,15.67
S1_rupture,C104,CONCENTRES,Bertoua,Centre,2026-09-01,9,2026,25.02,25.01,25.03,500.4,32100.0,16063727.0,16.06
S2_reappro_50,C104,CONCENTRES,Bertoua,Centre,2026-09-01,9,2026,25.02,25.01,25.03,500.4,32100.0,16063727.0,16.06
S3_reappro_100,C104,CONCENTRES,Bertoua,Centre,2026-09-01,9,2026,25.02,25.01,25.03,500.4,32100.0,16063727.0,16.06
S4_baisse_prix,C104,CONCENTRES,Bertoua,Centre,2026-09-01,9,2026,25.02,25.01,25.03,500.4,32100.0,16063727.0,16.06
S1_rupture,C104,CONCENTRES,Messassi,Centre,2026-09-01,9,2026,56.39,56.37,56.41,1127.7,32100.0,36200323.0,36.2
S2_reappro_50,C104,CONCENTRES,Messassi,Centre,2026-09-01,9,2026,56.39,56.37,56.41,1127.7,32100.0,36200323.0,36.2
S3_reappro_100,C104,CONCENTRES,Messassi,Centre,2026-09-01,9,2026,56.39,56.37,56.41,1127.7,32100.0,36200323.0,36.2
S4_baisse_prix,C104,CONCENTRES,Messassi,Centre,2026-09-01,9,2026,56.39,56.37,56.41,1127.7,32100.0,36200323.0,36.2
S1_rupture,C104,CONCENTRES,Ngaoundere,Centre,2026-09-01,9,2026,8.76,8.76,8.76,175.2,32100.0,5623678.0,5.62
S2_reappro_50,C104,CONCENTRES,Ngaoundere,Centre,2026-09-01,9,2026,8.76,8.76,8.76,175.2,32100.0,5623678.0,5.62
S3_reappro_100,C104,CONCENTRES,Ngaoundere,Centre,2026-09-01,9,2026,8.76,8.76,8.76,175.2,32100.0,5623678.0,5.62
S4_baisse_prix,C104,CONCENTRES,Ngaoundere,Centre,2026-09-01,9,2026,8.76,8.76,8.76,175.2,32100.0,5623678.0,5.62
S1_rupture,C104,CONCENTRES,Nkoabang,Centre,2026-09-01,9,2026,13.45,13.45,13.46,269.1,32100.0,8637565.0,8.64
S2_reappro_50,C104,CONCENTRES,Nkoabang,Centre,2026-09-01,9,2026,13.45,13.45,13.46,269.1,32100.0,8637565.0,8.64
S3_reappro_100,C104,CONCENTRES,Nkoabang,Centre,2026-09-01,9,2026,13.45,13.45,13.46,269.1,32100.0,8637565.0,8.64
S4_baisse_prix,C104,CONCENTRES,Nkoabang,Centre,2026-09-01,9,2026,13.45,13.45,13.46,269.1,32100.0,8637565.0,8.64
S1_rupture,C104,CONCENTRES,Nkolbisson,Centre,2026-09-01,9,2026,9.48,9.48,9.48,189.6,32100.0,6087149.0,6.09
S2_reappro_50,C104,CONCENTRES,Nkolbisson,Centre,2026-09-01,9,2026,9.48,9.48,9.48,189.6,32100.0,6087149.0,6.09
S3_reappro_100,C104,CONCENTRES,Nkolbisson,Centre,2026-09-01,9,2026,9.48,9.48,9.48,189.6,32100.0,6087149.0,6.09
S4_baisse_prix,C104,CONCENTRES,Nkolbisson,Centre,2026-09-01,9,2026,9.48,9.48,9.48,189.6,32100.0,6087149.0,6.09
S1_rupture,C1043,CONCENTRES,Ahala,Centre,2026-09-01,9,2026,0.01,0.01,0.01,0.2,36490.0,6850.0,0.01
S2_reappro_50,C1043,CONCENTRES,Ahala,Centre,2026-09-01,9,2026,0.01,0.01,0.01,0.2,36490.0,6850.0,0.01
S3_reappro_100,C1043,CONCENTRES,Ahala,Centre,2026-09-01,9,2026,0.01,0.01,0.01,0.2,36490.0,6850.0,0.01
S4_baisse_prix,C1043,CONCENTRES,Ahala,Centre,2026-09-01,9,2026,0.01,0.01,0.01,0.2,36490.0,6850.0,0.01
S1_rupture,C1043,CONCENTRES,Bertoua,Centre,2026-09-01,9,2026,0.04,0.04,0.04,0.8,36490.0,27501.0,0.03
S2_reappro_50,C1043,CONCENTRES,Bertoua,Centre,2026-09-01,9,2026,0.04,0.04,0.04,0.8,36490.0,27501.0,0.03
S3_reappro_100,C1043,CONCENTRES,Bertoua,Centre,2026-09-01,9,2026,0.04,0.04,0.04,0.8,36490.0,27501.0,0.03
S4_baisse_prix,C1043,CONCENTRES,Bertoua,Centre,2026-09-01,9,2026,0.04,0.04,0.04,0.8,36490.0,27501.0,0.03
S1_rupture,C1043,CONCENTRES,Messassi,Centre,2026-09-01,9,2026,0.0,0.0,0.0,0.0,36490.0,1108.0,0.0
S2_reappro_50,C1043,CONCENTRES,Messassi,Centre,2026-09-01,9,2026,0.0,0.0,0.0,0.0,36490.0,1108.0,0.0
S3_reappro_100,C1043,CONCENTRES,Messassi,Centre,2026-09-01,9,2026,0.0,0.0,0.0,0.0,36490.0,1108.0,0.0
S4_baisse_prix,C1043,CONCENTRES,Messassi,Centre,2026-09-01,9,2026,0.0,0.0,0.0,0.0,36490.0,1108.0,0.0
S1_rupture,C1043,CONCENTRES,Ngaoundere,Centre,2026-09-01,9,2026,0.03,0.03,0.03,0.5,36490.0,18536.0,0.02
S2_reappro_50,C1043,CONCENTRES,Ngaoundere,Centre,2026-09-01,9,2026,0.03,0.03,0.03,0.5,36490.0,18536.0,0.02
S3_reappro_100,C1043,CONCENTRES,Ngaoundere,Centre,2026-09-01,9,2026,0.03,0.03,0.03,0.5,36490.0,18536.0,0.02
S4_baisse_prix,C1043,CONCENTRES,Ngaoundere,Centre,2026-09-01,9,2026,0.03,0.03,0.03,0.5,36490.0,18536.0,0.02
S1_rupture,C1043,CONCENTRES,Nkoabang,Centre,2026-09-01,9,2026,0.0,0.0,0.0,0.0,36490.0,1209.0,0.0
S2_reappro_50,C1043,CONCENTRES,Nkoabang,Centre,2026-09-01,9,2026,0.0,0.0,0.0,0.0,36490.0,1209.0,0.0
S3_reappro_100,C1043,CONCENTRES,Nkoabang,Centre,2026-09-01,9,2026,0.0,0.0,0.0,0.0,36490.0,1209.0,0.0
S4_baisse_prix,C1043,CONCENTRES,Nkoabang,Centre,2026-09-01,9,2026,0.0,0.0,0.0,0.0,36490.0,1209.0,0.0
S1_rupture,C1043,CONCENTRES,Nkolbisson,Centre,2026-09-01,9,2026,0.0,0.0,0.0,0.1,36490.0,3425.0,0.0
S2_reappro_50,C1043,CONCENTRES,Nkolbisson,Centre,2026-09-01,9,2026,0.0,0.0,0.0,0.1,36490.0,3425.0,0.0
S3_reappro_100,C1043,CONCENTRES,Nkolbisson,Centre,2026-09-01,9,2026,0.0,0.0,0.0,0.1,36490.0,3425.0,0.0
S4_baisse_prix,C1043,CONCENTRES,Nkolbisson,Centre,2026-09-01,9,2026,0.0,0.0,0.0,0.1,36490.0,3425.0,0.0
S1_rupture,C1044,CONCENTRES,Ahala,Centre,2026-09-01,9,2026,0.0,0.0,0.0,0.1,32900.0,2725.0,0.0
S2_reappro_50,C1044,CONCENTRES,Ahala,Centre,2026-09-01,9,2026,0.0,0.0,0.0,0.1,32900.0,2725.0,0.0
S3_reappro_100,C1044,CONCENTRES,Ahala,Centre,2026-09-01,9,2026,0.0,0.0,0.0,0.1,32900.0,2725.0,0.0
S4_baisse_prix,C1044,CONCENTRES,Ahala,Centre,2026-09-01,9,2026,0.0,0.0,0.0,0.1,32900.0,2725.0,0.0
S1_rupture,C1044,CONCENTRES,Messassi,Centre,2026-09-01,9,2026,0.08,0.08,0.08,1.6,32900.0,53133.0,0.05
S2_reappro_50,C1044,CONCENTRES,Messassi,Centre,2026-09-01,9,2026,0.08,0.08,0.08,1.6,32900.0,53133.0,0.05
S3_reappro_100,C1044,CONCENTRES,Messassi,Centre,2026-09-01,9,2026,0.08,0.08,0.08,1.6,32900.0,53133.0,0.05
S4_baisse_prix,C1044,CONCENTRES,Messassi,Centre,2026-09-01,9,2026,0.08,0.08,0.08,1.6,32900.0,53133.0,0.05
S1_rupture,C1044,CONCENTRES,Ngaoundere,Centre,2026-09-01,9,2026,0.03,0.03,0.03,0.6,32900.0,18165.0,0.02
S2_reappro_50,C1044,CONCENTRES,Ngaoundere,Centre,2026-09-01,9,2026,0.03,0.03,0.03,0.6,32900.0,18165.0,0.02
S3_reappro_100,C1044,CONCENTRES,Ngaoundere,Centre,2026-09-01,9,2026,0.03,0.03,0.03,0.6,32900.0,18165.0,0.02
S4_baisse_prix,C1044,CONCENTRES,Ngaoundere,Centre,2026-09-01,9,2026,0.03,0.03,0.03,0.6,32900.0,18165.0,0.02
S1_rupture,C1044,CONCENTRES,Nkoabang,Centre,2026-09-01,9,2026,0.0,0.0,0.0,0.0,32900.0,1362.0,0.0
S2_reappro_50,C1044,CONCENTRES,Nkoabang,Centre,2026-09-01,9,2026,0.0,0.0,0.0,0.0,32900.0,1362.0,0.0
S3_reappro_100,C1044,CONCENTRES,Nkoabang,Centre,2026-09-01,9,2026,0.0,0.0,0.0,0.0,32900.0,1362.0,0.0
S4_baisse_prix,C1044,CONCENTRES,Nkoabang,Centre,2026-09-01,9,2026,0.0,0.0,0.0,0.0,32900.0,1362.0,0.0
S1_rupture,C1044,CONCENTRES,Nkolbisson,Centre,2026-09-01,9,2026,0.02,0.02,0.02,0.3,32900.0,11353.0,0.01
S2_reappro_50,C1044,CONCENTRES,Nkolbisson,Centre,2026-09-01,9,2026,0.02,0.02,0.02,0.3,32900.0,11353.0,0.01
S3_reappro_100,C1044,CONCENTRES,Nkolbisson,Centre,2026-09-01,9,2026,0.02,0.02,0.02,0.3,32900.0,11353.0,0.01
S4_baisse_prix,C1044,CONCENTRES,Nkolbisson,Centre,2026-09-01,9,2026,0.02,0.02,0.02,0.3,32900.0,11353.0,0.01
S1_rupture,C105,CONCENTRES,Ahala,Centre,2026-09-01,9,2026,8.49,8.49,8.49,169.8,27500.0,4670511.0,4.67
S2_reappro_50,C105,CONCENTRES,Ahala,Centre,2026-09-01,9,2026,8.49,8.49,8.49,169.8,27500.0,4670511.0,4.67
S3_reappro_100,C105,CONCENTRES,Ahala,Centre,2026-09-01,9,2026,8.49,8.49,8.49,169.8,27500.0,4670511.0,4.67
S4_baisse_prix,C105,CONCENTRES,Ahala,Centre,2026-09-01,9,2026,8.49,8.49,8.49,169.8,27500.0,4670511.0,4.67
S1_rupture,C105,CONCENTRES,Bertoua,Centre,2026-09-01,9,2026,4.39,4.39,4.39,87.8,27500.0,2414970.0,2.41
S2_reappro_50,C105,CONCENTRES,Bertoua,Centre,2026-09-01,9,2026,4.39,4.39,4.39,87.8,27500.0,2414970.0,2.41
S3_reappro_100,C105,CONCENTRES,Bertoua,Centre,2026-09-01,9,2026,4.39,4.39,4.39,87.8,27500.0,2414970.0,2.41
S4_baisse_prix,C105,CONCENTRES,Bertoua,Centre,2026-09-01,9,2026,4.39,4.39,4.39,87.8,27500.0,2414970.0,2.41
S1_rupture,C105,CONCENTRES,Messassi,Centre,2026-09-01,9,2026,6.56,6.56,6.56,131.2,27500.0,3609169.0,3.61
S2_reappro_50,C105,CONCENTRES,Messassi,Centre,2026-09-01,9,2026,6.56,6.56,6.56,131.2,27500.0,3609169.0,3.61
S3_reappro_100,C105,CONCENTRES,Messassi,Centre,2026-09-01,9,2026,6.56,6.56,6.56,131.2,27500.0,3609169.0,3.61
S4_baisse_prix,C105,CONCENTRES,Messassi,Centre,2026-09-01,9,2026,6.56,6.56,6.56,131.2,27500.0,3609169.0,3.61
S1_rupture,C105,CONCENTRES,Ngaoundere,Centre,2026-09-01,9,2026,0.99,0.99,0.99,19.7,27500.0,542818.0,0.54
S2_reappro_50,C105,CONCENTRES,Ngaoundere,Centre,2026-09-01,9,2026,0.99,0.99,0.99,19.7,27500.0,542818.0,0.54
S3_reappro_100,C105,CONCENTRES,Ngaoundere,Centre,2026-09-01,9,2026,0.99,0.99,0.99,19.7,27500.0,542818.0,0.54
S4_baisse_prix,C105,CONCENTRES,Ngaoundere,Centre,2026-09-01,9,2026,0.99,0.99,0.99,19.7,27500.0,542818.0,0.54
S1_rupture,C105,CONCENTRES,Nkoabang,Centre,2026-09-01,9,2026,1.81,1.81,1.81,36.2,27500.0,996811.0,1.0
S2_reappro_50,C105,CONCENTRES,Nkoabang,Centre,2026-09-01,9,2026,1.81,1.81,1.81,36.2,27500.0,996811.0,1.0
S3_reappro_100,C105,CONCENTRES,Nkoabang,Centre,2026-09-01,9,2026,1.81,1.81,1.81,36.2,27500.0,996811.0,1.0
S4_baisse_prix,C105,CONCENTRES,Nkoabang,Centre,2026-09-01,9,2026,1.81,1.81,1.81,36.2,27500.0,996811.0,1.0
S1_rupture,C105,CONCENTRES,Nkolbisson,Centre,2026-09-01,9,2026,1.77,1.76,1.77,35.3,27500.0,970999.0,0.97
S2_reappro_50,C105,CONCENTRES,Nkolbisson,Centre,2026-09-01,9,2026,1.77,1.76,1.77,35.3,27500.0,970999.0,0.97
S3_reappro_100,C105,CONCENTRES,Nkolbisson,Centre,2026-09-01,9,2026,1.77,1.76,1.77,35.3,27500.0,970999.0,0.97
S4_baisse_prix,C105,CONCENTRES,Nkolbisson,Centre,2026-09-01,9,2026,1.77,1.76,1.77,35.3,27500.0,970999.0,0.97
S1_rupture,C1053,CONCENTRES,Messassi,Centre,2026-09-01,9,2026,0.01,0.01,0.01,0.2,32000.0,6449.0,0.01
S2_reappro_50,C1053,CONCENTRES,Messassi,Centre,2026-09-01,9,2026,0.01,0.01,0.01,0.2,32000.0,6449.0,0.01
S3_reappro_100,C1053,CONCENTRES,Messassi,Centre,2026-09-01,9,2026,0.01,0.01,0.01,0.2,32000.0,6449.0,0.01
S4_baisse_prix,C1053,CONCENTRES,Messassi,Centre,2026-09-01,9,2026,0.01,0.01,0.01,0.2,32000.0,6449.0,0.01
S1_rupture,C1053,CONCENTRES,Ngaoundere,Centre,2026-09-01,9,2026,0.0,0.0,0.0,0.0,32000.0,88.0,0.0
S2_reappro_50,C1053,CONCENTRES,Ngaoundere,Centre,2026-09-01,9,2026,0.0,0.0,0.0,0.0,32000.0,88.0,0.0
S3_reappro_100,C1053,CONCENTRES,Ngaoundere,Centre,2026-09-01,9,2026,0.0,0.0,0.0,0.0,32000.0,88.0,0.0
S4_baisse_prix,C1053,CONCENTRES,Ngaoundere,Centre,2026-09-01,9,2026,0.0,0.0,0.0,0.0,32000.0,88.0,0.0
S1_rupture,C1054,CONCENTRES,Ahala,Centre,2026-09-01,9,2026,0.0,0.0,0.0,0.0,29500.0,489.0,0.0
S2_reappro_50,C1054,CONCENTRES,Ahala,Centre,2026-09-01,9,2026,0.0,0.0,0.0,0.0,29500.0,489.0,0.0
S3_reappro_100,C1054,CONCENTRES,Ahala,Centre,2026-09-01,9,2026,0.0,0.0,0.0,0.0,29500.0,489.0,0.0
S4_baisse_prix,C1054,CONCENTRES,Ahala,Centre,2026-09-01,9,2026,0.0,0.0,0.0,0.0,29500.0,489.0,0.0
S1_rupture,C1054,CONCENTRES,Bertoua,Centre,2026-09-01,9,2026,0.03,0.03,0.03,0.5,29500.0,15718.0,0.02
S2_reappro_50,C1054,CONCENTRES,Bertoua,Centre,2026-09-01,9,2026,0.03,0.03,0.03,0.5,29500.0,15718.0,0.02
S3_reappro_100,C1054,CONCENTRES,Bertoua,Centre,2026-09-01,9,2026,0.03,0.03,0.03,0.5,29500.0,15718.0,0.02
S4_baisse_prix,C1054,CONCENTRES,Bertoua,Centre,2026-09-01,9,2026,0.03,0.03,0.03,0.5,29500.0,15718.0,0.02
S1_rupture,C1054,CONCENTRES,Messassi,Centre,2026-09-01,9,2026,0.01,0.01,0.01,0.2,29500.0,5701.0,0.01
S2_reappro_50,C1054,CONCENTRES,Messassi,Centre,2026-09-01,9,2026,0.01,0.01,0.01,0.2,29500.0,5701.0,0.01
S3_reappro_100,C1054,CONCENTRES,Messassi,Centre,2026-09-01,9,2026,0.01,0.01,0.01,0.2,29500.0,5701.0,0.01
S4_baisse_prix,C1054,CONCENTRES,Messassi,Centre,2026-09-01,9,2026,0.01,0.01,0.01,0.2,29500.0,5701.0,0.01
S1_rupture,C1054,CONCENTRES,Ngaoundere,Centre,2026-09-01,9,2026,0.0,0.0,0.0,0.0,29500.0,407.0,0.0
S2_reappro_50,C1054,CONCENTRES,Ngaoundere,Centre,2026-09-01,9,2026,0.0,0.0,0.0,0.0,29500.0,407.0,0.0
S3_reappro_100,C1054,CONCENTRES,Ngaoundere,Centre,2026-09-01,9,2026,0.0,0.0,0.0,0.0,29500.0,407.0,0.0
S4_baisse_prix,C1054,CONCENTRES,Ngaoundere,Centre,2026-09-01,9,2026,0.0,0.0,0.0,0.0,29500.0,407.0,0.0
S1_rupture,C1054,CONCENTRES,Nkoabang,Centre,2026-09-01,9,2026,0.0,0.0,0.0,0.0,29500.0,326.0,0.0
S2_reappro_50,C1054,CONCENTRES,Nkoabang,Centre,2026-09-01,9,2026,0.0,0.0,0.0,0.0,29500.0,326.0,0.0
S3_reappro_100,C1054,CONCENTRES,Nkoabang,Centre,2026-09-01,9,2026,0.0,0.0,0.0,0.0,29500.0,326.0,0.0
S4_baisse_prix,C1054,CONCENTRES,Nkoabang,Centre,2026-09-01,9,2026,0.0,0.0,0.0,0.0,29500.0,326.0,0.0
S1_rupture,C1054,CONCENTRES,Nkolbisson,Centre,2026-09-01,9,2026,0.0,0.0,0.0,0.0,29500.0,1222.0,0.0
S2_reappro_50,C1054,CONCENTRES,Nkolbisson,Centre,2026-09-01,9,2026,0.0,0.0,0.0,0.0,29500.0,1222.0,0.0
S3_reappro_100,C1054,CONCENTRES,Nkolbisson,Centre,2026-09-01,9,2026,0.0,0.0,0.0,0.0,29500.0,1222.0,0.0
S4_baisse_prix,C1054,CONCENTRES,Nkolbisson,Centre,2026-09-01,9,2026,0.0,0.0,0.0,0.0,29500.0,1222.0,0.0
S1_rupture,C1055,CONCENTRES,Messassi,Centre,2026-09-01,9,2026,0.01,0.01,0.01,0.1,28500.0,3147.0,0.0
S2_reappro_50,C1055,CONCENTRES,Messassi,Centre,2026-09-01,9,2026,0.01,0.01,0.01,0.1,28500.0,3147.0,0.0
S3_reappro_100,C1055,CONCENTRES,Messassi,Centre,2026-09-01,9,2026,0.01,0.01,0.01,0.1,28500.0,3147.0,0.0
S4_baisse_prix,C1055,CONCENTRES,Messassi,Centre,2026-09-01,9,2026,0.01,0.01,0.01,0.1,28500.0,3147.0,0.0
S1_rupture,C1055,CONCENTRES,Ngaoundere,Centre,2026-09-01,9,2026,0.01,0.01,0.01,0.2,28500.0,4327.0,0.0
S2_reappro_50,C1055,CONCENTRES,Ngaoundere,Centre,2026-09-01,9,2026,0.01,0.01,0.01,0.2,28500.0,4327.0,0.0
S3_reappro_100,C1055,CONCENTRES,Ngaoundere,Centre,2026-09-01,9,2026,0.01,0.01,0.01,0.2,28500.0,4327.0,0.0
S4_baisse_prix,C1055,CONCENTRES,Ngaoundere,Centre,2026-09-01,9,2026,0.01,0.01,0.01,0.2,28500.0,4327.0,0.0
S1_rupture,C1055,CONCENTRES,Nkoabang,Centre,2026-09-01,9,2026,0.0,0.0,0.0,0.0,28500.0,393.0,0.0
S2_reappro_50,C1055,CONCENTRES,Nkoabang,Centre,2026-09-01,9,2026,0.0,0.0,0.0,0.0,28500.0,393.0,0.0
S3_reappro_100,C1055,CONCENTRES,Nkoabang,Centre,2026-09-01,9,2026,0.0,0.0,0.0,0.0,28500.0,393.0,0.0
S4_baisse_prix,C1055,CONCENTRES,Nkoabang,Centre,2026-09-01,9,2026,0.0,0.0,0.0,0.0,28500.0,393.0,0.0
S1_rupture,C1055,CONCENTRES,Nkolbisson,Centre,2026-09-01,9,2026,0.0,0.0,0.0,0.1,28500.0,2360.0,0.0
S2_reappro_50,C1055,CONCENTRES,Nkolbisson,Centre,2026-09-01,9,2026,0.0,0.0,0.0,0.1,28500.0,2360.0,0.0
S3_reappro_100,C1055,CONCENTRES,Nkolbisson,Centre,2026-09-01,9,2026,0.0,0.0,0.0,0.1,28500.0,2360.0,0.0
S4_baisse_prix,C1055,CONCENTRES,Nkolbisson,Centre,2026-09-01,9,2026,0.0,0.0,0.0,0.1,28500.0,2360.0,0.0
S1_rupture,C101,CONCENTRES,Ahala,Centre,2026-10-01,10,2026,38.88,38.83,38.92,777.5,36000.0,27990419.0,27.99
S2_reappro_50,C101,CONCENTRES,Ahala,Centre,2026-10-01,10,2026,38.88,38.83,38.92,777.5,36000.0,27990419.0,27.99
S3_reappro_100,C101,CONCENTRES,Ahala,Centre,2026-10-01,10,2026,38.88,38.83,38.92,777.5,36000.0,27990419.0,27.99
S4_baisse_prix,C101,CONCENTRES,Ahala,Centre,2026-10-01,10,2026,38.88,38.83,38.92,777.5,36000.0,27990419.0,27.99
S1_rupture,C101,CONCENTRES,Bertoua,Centre,2026-10-01,10,2026,37.4,37.35,37.44,748.0,36000.0,26928616.0,26.93
S2_reappro_50,C101,CONCENTRES,Bertoua,Centre,2026-10-01,10,2026,37.4,37.35,37.44,748.0,36000.0,26928616.0,26.93
S3_reappro_100,C101,CONCENTRES,Bertoua,Centre,2026-10-01,10,2026,37.4,37.35,37.44,748.0,36000.0,26928616.0,26.93
S4_baisse_prix,C101,CONCENTRES,Bertoua,Centre,2026-10-01,10,2026,37.4,37.35,37.44,748.0,36000.0,26928616.0,26.93
S1_rupture,C101,CONCENTRES,Messassi,Centre,2026-10-01,10,2026,27.39,27.35,27.42,547.8,36000.0,19719716.0,19.72
S2_reappro_50,C101,CONCENTRES,Messassi,Centre,2026-10-01,10,2026,27.39,27.35,27.42,547.8,36000.0,19719716.0,19.72
S3_reappro_100,C101,CONCENTRES,Messassi,Centre,2026-10-01,10,2026,27.39,27.35,27.42,547.8,36000.0,19719716.0,19.72
S4_baisse_prix,C101,CONCENTRES,Messassi,Centre,2026-10-01,10,2026,27.39,27.35,27.42,547.8,36000.0,19719716.0,19.72
S1_rupture,C101,CONCENTRES,Ngaoundere,Centre,2026-10-01,10,2026,31.63,31.59,31.66,632.5,36000.0,22770181.0,22.77
S2_reappro_50,C101,CONCENTRES,Ngaoundere,Centre,2026-10-01,10,2026,31.63,31.59,31.66,632.5,36000.0,22770181.0,22.77
S3_reappro_100,C101,CONCENTRES,Ngaoundere,Centre,2026-10-01,10,2026,31.63,31.59,31.66,632.5,36000.0,22770181.0,22.77
S4_baisse_prix,C101,CONCENTRES,Ngaoundere,Centre,2026-10-01,10,2026,31.63,31.59,31.66,632.5,36000.0,22770181.0,22.77
S1_rupture,C101,CONCENTRES,Nkoabang,Centre,2026-10-01,10,2026,13.85,13.83,13.87,277.0,36000.0,9971720.0,9.97
S2_reappro_50,C101,CONCENTRES,Nkoabang,Centre,2026-10-01,10,2026,13.85,13.83,13.87,277.0,36000.0,9971720.0,9.97
S3_reappro_100,C101,CONCENTRES,Nkoabang,Centre,2026-10-01,10,2026,13.85,13.83,13.87,277.0,36000.0,9971720.0,9.97
S4_baisse_prix,C101,CONCENTRES,Nkoabang,Centre,2026-10-01,10,2026,13.85,13.83,13.87,277.0,36000.0,9971720.0,9.97
S1_rupture,C101,CONCENTRES,Nkolbisson,Centre,2026-10-01,10,2026,21.66,21.64,21.69,433.2,36000.0,15596793.0,15.6
S2_reappro_50,C101,CONCENTRES,Nkolbisson,Centre,2026-10-01,10,2026,21.66,21.64,21.69,433.2,36000.0,15596793.0,15.6
S3_reappro_100,C101,CONCENTRES,Nkolbisson,Centre,2026-10-01,10,2026,21.66,21.64,21.69,433.2,36000.0,15596793.0,15.6
S4_baisse_prix,C101,CONCENTRES,Nkolbisson,Centre,2026-10-01,10,2026,21.66,21.64,21.69,433.2,36000.0,15596793.0,15.6
S1_rupture,C102,CONCENTRES,Ahala,Centre,2026-10-01,10,2026,0.2,0.2,0.2,3.9,29500.0,116400.0,0.12
S2_reappro_50,C102,CONCENTRES,Ahala,Centre,2026-10-01,10,2026,0.2,0.2,0.2,3.9,29500.0,116400.0,0.12
S3_reappro_100,C102,CONCENTRES,Ahala,Centre,2026-10-01,10,2026,0.2,0.2,0.2,3.9,29500.0,116400.0,0.12
S4_baisse_prix,C102,CONCENTRES,Ahala,Centre,2026-10-01,10,2026,0.2,0.2,0.2,3.9,29500.0,116400.0,0.12
S1_rupture,C102,CONCENTRES,Bertoua,Centre,2026-10-01,10,2026,10.03,10.01,10.04,200.5,29500.0,5916023.0,5.92
S2_reappro_50,C102,CONCENTRES,Bertoua,Centre,2026-10-01,10,2026,10.03,10.01,10.04,200.5,29500.0,5916023.0,5.92
S3_reappro_100,C102,CONCENTRES,Bertoua,Centre,2026-10-01,10,2026,10.03,10.01,10.04,200.5,29500.0,5916023.0,5.92
S4_baisse_prix,C102,CONCENTRES,Bertoua,Centre,2026-10-01,10,2026,10.03,10.01,10.04,200.5,29500.0,5916023.0,5.92
S1_rupture,C102,CONCENTRES,Messassi,Centre,2026-10-01,10,2026,0.04,0.04,0.04,0.8,29500.0,23280.0,0.02
S2_reappro_50,C102,CONCENTRES,Messassi,Centre,2026-10-01,10,2026,0.04,0.04,0.04,0.8,29500.0,23280.0,0.02
S3_reappro_100,C102,CONCENTRES,Messassi,Centre,2026-10-01,10,2026,0.04,0.04,0.04,0.8,29500.0,23280.0,0.02
S4_baisse_prix,C102,CONCENTRES,Messassi,Centre,2026-10-01,10,2026,0.04,0.04,0.04,0.8,29500.0,23280.0,0.02
S1_rupture,C102,CONCENTRES,Ngaoundere,Centre,2026-10-01,10,2026,0.91,0.91,0.91,18.2,29500.0,535439.0,0.54
S2_reappro_50,C102,CONCENTRES,Ngaoundere,Centre,2026-10-01,10,2026,0.91,0.91,0.91,18.2,29500.0,535439.0,0.54
S3_reappro_100,C102,CONCENTRES,Ngaoundere,Centre,2026-10-01,10,2026,0.91,0.91,0.91,18.2,29500.0,535439.0,0.54
S4_baisse_prix,C102,CONCENTRES,Ngaoundere,Centre,2026-10-01,10,2026,0.91,0.91,0.91,18.2,29500.0,535439.0,0.54
S1_rupture,C103,CONCENTRES,Ahala,Centre,2026-10-01,10,2026,41.4,41.34,41.44,827.9,39500.0,32702789.0,32.7
S2_reappro_50,C103,CONCENTRES,Ahala,Centre,2026-10-01,10,2026,41.4,41.34,41.44,827.9,39500.0,32702789.0,32.7
S3_reappro_100,C103,CONCENTRES,Ahala,Centre,2026-10-01,10,2026,41.4,41.34,41.44,827.9,39500.0,32702789.0,32.7
S4_baisse_prix,C103,CONCENTRES,Ahala,Centre,2026-10-01,10,2026,41.4,41.34,41.44,827.9,39500.0,32702789.0,32.7
S1_rupture,C103,CONCENTRES,Bertoua,Centre,2026-10-01,10,2026,14.19,14.18,14.21,283.9,39500.0,11213943.0,11.21
S2_reappro_50,C103,CONCENTRES,Bertoua,Centre,2026-10-01,10,2026,14.19,14.18,14.21,283.9,39500.0,11213943.0,11.21
S3_reappro_100,C103,CONCENTRES,Bertoua,Centre,2026-10-01,10,2026,14.19,14.18,14.21,283.9,39500.0,11213943.0,11.21
S4_baisse_prix,C103,CONCENTRES,Bertoua,Centre,2026-10-01,10,2026,14.19,14.18,14.21,283.9,39500.0,11213943.0,11.21
S1_rupture,C103,CONCENTRES,Messassi,Centre,2026-10-01,10,2026,29.66,29.63,29.7,593.2,39500.0,23433167.0,23.43
S2_reappro_50,C103,CONCENTRES,Messassi,Centre,2026-10-01,10,2026,29.66,29.63,29.7,593.2,39500.0,23433167.0,23.43
S3_reappro_100,C103,CONCENTRES,Messassi,Centre,2026-10-01,10,2026,29.66,29.63,29.7,593.2,39500.0,23433167.0,23.43
S4_baisse_prix,C103,CONCENTRES,Messassi,Centre,2026-10-01,10,2026,29.66,29.63,29.7,593.2,39500.0,23433167.0,23.43
S1_rupture,C103,CONCENTRES,Ngaoundere,Centre,2026-10-01,10,2026,16.93,16.91,16.95,338.5,39500.0,13372569.0,13.37
S2_reappro_50,C103,CONCENTRES,Ngaoundere,Centre,2026-10-01,10,2026,16.93,16.91,16.95,338.5,39500.0,13372569.0,13.37
S3_reappro_100,C103,CONCENTRES,Ngaoundere,Centre,2026-10-01,10,2026,16.93,16.91,16.95,338.5,39500.0,13372569.0,13.37
S4_baisse_prix,C103,CONCENTRES,Ngaoundere,Centre,2026-10-01,10,2026,16.93,16.91,16.95,338.5,39500.0,13372569.0,13.37
S1_rupture,C103,CONCENTRES,Nkoabang,Centre,2026-10-01,10,2026,20.81,20.78,20.83,416.2,39500.0,16439064.0,16.44
S2_reappro_50,C103,CONCENTRES,Nkoabang,Centre,2026-10-01,10,2026,20.81,20.78,20.83,416.2,39500.0,16439064.0,16.44
S3_reappro_100,C103,CONCENTRES,Nkoabang,Centre,2026-10-01,10,2026,20.81,20.78,20.83,416.2,39500.0,16439064.0,16.44
S4_baisse_prix,C103,CONCENTRES,Nkoabang,Centre,2026-10-01,10,2026,20.81,20.78,20.83,416.2,39500.0,16439064.0,16.44
S1_rupture,C103,CONCENTRES,Nkolbisson,Centre,2026-10-01,10,2026,10.94,10.93,10.95,218.8,39500.0,8642296.0,8.64
S2_reappro_50,C103,CONCENTRES,Nkolbisson,Centre,2026-10-01,10,2026,10.94,10.93,10.95,218.8,39500.0,8642296.0,8.64
S3_reappro_100,C103,CONCENTRES,Nkolbisson,Centre,2026-10-01,10,2026,10.94,10.93,10.95,218.8,39500.0,8642296.0,8.64
S4_baisse_prix,C103,CONCENTRES,Nkolbisson,Centre,2026-10-01,10,2026,10.94,10.93,10.95,218.8,39500.0,8642296.0,8.64
S1_rupture,C104,CONCENTRES,Ahala,Centre,2026-10-01,10,2026,87.21,87.1,87.31,1744.1,32100.0,55986373.0,55.99
S2_reappro_50,C104,CONCENTRES,Ahala,Centre,2026-10-01,10,2026,87.21,87.1,87.31,1744.1,32100.0,55986373.0,55.99
S3_reappro_100,C104,CONCENTRES,Ahala,Centre,2026-10-01,10,2026,87.21,87.1,87.31,1744.1,32100.0,55986373.0,55.99
S4_baisse_prix,C104,CONCENTRES,Ahala,Centre,2026-10-01,10,2026,87.21,87.1,87.31,1744.1,32100.0,55986373.0,55.99
S1_rupture,C104,CONCENTRES,Bertoua,Centre,2026-10-01,10,2026,89.41,89.3,89.51,1788.1,32100.0,57398619.0,57.4
S2_reappro_50,C104,CONCENTRES,Bertoua,Centre,2026-10-01,10,2026,89.41,89.3,89.51,1788.1,32100.0,57398619.0,57.4
S3_reappro_100,C104,CONCENTRES,Bertoua,Centre,2026-10-01,10,2026,89.41,89.3,89.51,1788.1,32100.0,57398619.0,57.4
S4_baisse_prix,C104,CONCENTRES,Bertoua,Centre,2026-10-01,10,2026,89.41,89.3,89.51,1788.1,32100.0,57398619.0,57.4
S1_rupture,C104,CONCENTRES,Messassi,Centre,2026-10-01,10,2026,201.48,201.23,201.72,4029.6,32100.0,129350338.0,129.35
S2_reappro_50,C104,CONCENTRES,Messassi,Centre,2026-10-01,10,2026,201.48,201.23,201.72,4029.6,32100.0,129350338.0,129.35
S3_reappro_100,C104,CONCENTRES,Messassi,Centre,2026-10-01,10,2026,201.48,201.23,201.72,4029.6,32100.0,129350338.0,129.35
S4_baisse_prix,C104,CONCENTRES,Messassi,Centre,2026-10-01,10,2026,201.48,201.23,201.72,4029.6,32100.0,129350338.0,129.35
S1_rupture,C104,CONCENTRES,Ngaoundere,Centre,2026-10-01,10,2026,31.3,31.26,31.34,626.0,32100.0,20094425.0,20.09
S2_reappro_50,C104,CONCENTRES,Ngaoundere,Centre,2026-10-01,10,2026,31.3,31.26,31.34,626.0,32100.0,20094425.0,20.09
S3_reappro_100,C104,CONCENTRES,Ngaoundere,Centre,2026-10-01,10,2026,31.3,31.26,31.34,626.0,32100.0,20094425.0,20.09
S4_baisse_prix,C104,CONCENTRES,Ngaoundere,Centre,2026-10-01,10,2026,31.3,31.26,31.34,626.0,32100.0,20094425.0,20.09
S1_rupture,C104,CONCENTRES,Nkoabang,Centre,2026-10-01,10,2026,48.07,48.01,48.13,961.5,32100.0,30863592.0,30.86
S2_reappro_50,C104,CONCENTRES,Nkoabang,Centre,2026-10-01,10,2026,48.07,48.01,48.13,961.5,32100.0,30863592.0,30.86
S3_reappro_100,C104,CONCENTRES,Nkoabang,Centre,2026-10-01,10,2026,48.07,48.01,48.13,961.5,32100.0,30863592.0,30.86
S4_baisse_prix,C104,CONCENTRES,Nkoabang,Centre,2026-10-01,10,2026,48.07,48.01,48.13,961.5,32100.0,30863592.0,30.86
S1_rupture,C104,CONCENTRES,Nkolbisson,Centre,2026-10-01,10,2026,33.88,33.84,33.92,677.6,32100.0,21750489.0,21.75
S2_reappro_50,C104,CONCENTRES,Nkolbisson,Centre,2026-10-01,10,2026,33.88,33.84,33.92,677.6,32100.0,21750489.0,21.75
S3_reappro_100,C104,CONCENTRES,Nkolbisson,Centre,2026-10-01,10,2026,33.88,33.84,33.92,677.6,32100.0,21750489.0,21.75
S4_baisse_prix,C104,CONCENTRES,Nkolbisson,Centre,2026-10-01,10,2026,33.88,33.84,33.92,677.6,32100.0,21750489.0,21.75
S1_rupture,C1043,CONCENTRES,Ahala,Centre,2026-10-01,10,2026,0.03,0.03,0.03,0.7,36490.0,24477.0,0.02
S2_reappro_50,C1043,CONCENTRES,Ahala,Centre,2026-10-01,10,2026,0.03,0.03,0.03,0.7,36490.0,24477.0,0.02
S3_reappro_100,C1043,CONCENTRES,Ahala,Centre,2026-10-01,10,2026,0.03,0.03,0.03,0.7,36490.0,24477.0,0.02
S4_baisse_prix,C1043,CONCENTRES,Ahala,Centre,2026-10-01,10,2026,0.03,0.03,0.03,0.7,36490.0,24477.0,0.02
S1_rupture,C1043,CONCENTRES,Bertoua,Centre,2026-10-01,10,2026,0.13,0.13,0.13,2.7,36490.0,98267.0,0.1
S2_reappro_50,C1043,CONCENTRES,Bertoua,Centre,2026-10-01,10,2026,0.13,0.13,0.13,2.7,36490.0,98267.0,0.1
S3_reappro_100,C1043,CONCENTRES,Bertoua,Centre,2026-10-01,10,2026,0.13,0.13,0.13,2.7,36490.0,98267.0,0.1
S4_baisse_prix,C1043,CONCENTRES,Bertoua,Centre,2026-10-01,10,2026,0.13,0.13,0.13,2.7,36490.0,98267.0,0.1
S1_rupture,C1043,CONCENTRES,Messassi,Centre,2026-10-01,10,2026,0.01,0.01,0.01,0.1,36490.0,3959.0,0.0
S2_reappro_50,C1043,CONCENTRES,Messassi,Centre,2026-10-01,10,2026,0.01,0.01,0.01,0.1,36490.0,3959.0,0.0
S3_reappro_100,C1043,CONCENTRES,Messassi,Centre,2026-10-01,10,2026,0.01,0.01,0.01,0.1,36490.0,3959.0,0.0
S4_baisse_prix,C1043,CONCENTRES,Messassi,Centre,2026-10-01,10,2026,0.01,0.01,0.01,0.1,36490.0,3959.0,0.0
S1_rupture,C1043,CONCENTRES,Ngaoundere,Centre,2026-10-01,10,2026,0.09,0.09,0.09,1.8,36490.0,66231.0,0.07
S2_reappro_50,C1043,CONCENTRES,Ngaoundere,Centre,2026-10-01,10,2026,0.09,0.09,0.09,1.8,36490.0,66231.0,0.07
S3_reappro_100,C1043,CONCENTRES,Ngaoundere,Centre,2026-10-01,10,2026,0.09,0.09,0.09,1.8,36490.0,66231.0,0.07
S4_baisse_prix,C1043,CONCENTRES,Ngaoundere,Centre,2026-10-01,10,2026,0.09,0.09,0.09,1.8,36490.0,66231.0,0.07
S1_rupture,C1043,CONCENTRES,Nkoabang,Centre,2026-10-01,10,2026,0.01,0.01,0.01,0.1,36490.0,4319.0,0.0
S2_reappro_50,C1043,CONCENTRES,Nkoabang,Centre,2026-10-01,10,2026,0.01,0.01,0.01,0.1,36490.0,4319.0,0.0
S3_reappro_100,C1043,CONCENTRES,Nkoabang,Centre,2026-10-01,10,2026,0.01,0.01,0.01,0.1,36490.0,4319.0,0.0
S4_baisse_prix,C1043,CONCENTRES,Nkoabang,Centre,2026-10-01,10,2026,0.01,0.01,0.01,0.1,36490.0,4319.0,0.0
S1_rupture,C1043,CONCENTRES,Nkolbisson,Centre,2026-10-01,10,2026,0.02,0.02,0.02,0.3,36490.0,12238.0,0.01
S2_reappro_50,C1043,CONCENTRES,Nkolbisson,Centre,2026-10-01,10,2026,0.02,0.02,0.02,0.3,36490.0,12238.0,0.01
S3_reappro_100,C1043,CONCENTRES,Nkolbisson,Centre,2026-10-01,10,2026,0.02,0.02,0.02,0.3,36490.0,12238.0,0.01
S4_baisse_prix,C1043,CONCENTRES,Nkolbisson,Centre,2026-10-01,10,2026,0.02,0.02,0.02,0.3,36490.0,12238.0,0.01
S1_rupture,C1044,CONCENTRES,Ahala,Centre,2026-10-01,10,2026,0.01,0.01,0.01,0.3,32900.0,9736.0,0.01
S2_reappro_50,C1044,CONCENTRES,Ahala,Centre,2026-10-01,10,2026,0.01,0.01,0.01,0.3,32900.0,9736.0,0.01
S3_reappro_100,C1044,CONCENTRES,Ahala,Centre,2026-10-01,10,2026,0.01,0.01,0.01,0.3,32900.0,9736.0,0.01
S4_baisse_prix,C1044,CONCENTRES,Ahala,Centre,2026-10-01,10,2026,0.01,0.01,0.01,0.3,32900.0,9736.0,0.01
S1_rupture,C1044,CONCENTRES,Messassi,Centre,2026-10-01,10,2026,0.29,0.29,0.29,5.8,32900.0,189855.0,0.19
S2_reappro_50,C1044,CONCENTRES,Messassi,Centre,2026-10-01,10,2026,0.29,0.29,0.29,5.8,32900.0,189855.0,0.19
S3_reappro_100,C1044,CONCENTRES,Messassi,Centre,2026-10-01,10,2026,0.29,0.29,0.29,5.8,32900.0,189855.0,0.19
S4_baisse_prix,C1044,CONCENTRES,Messassi,Centre,2026-10-01,10,2026,0.29,0.29,0.29,5.8,32900.0,189855.0,0.19
S1_rupture,C1044,CONCENTRES,Ngaoundere,Centre,2026-10-01,10,2026,0.1,0.1,0.1,2.0,32900.0,64908.0,0.06
S2_reappro_50,C1044,CONCENTRES,Ngaoundere,Centre,2026-10-01,10,2026,0.1,0.1,0.1,2.0,32900.0,64908.0,0.06
S3_reappro_100,C1044,CONCENTRES,Ngaoundere,Centre,2026-10-01,10,2026,0.1,0.1,0.1,2.0,32900.0,64908.0,0.06
S4_baisse_prix,C1044,CONCENTRES,Ngaoundere,Centre,2026-10-01,10,2026,0.1,0.1,0.1,2.0,32900.0,64908.0,0.06
S1_rupture,C1044,CONCENTRES,Nkoabang,Centre,2026-10-01,10,2026,0.01,0.01,0.01,0.1,32900.0,4868.0,0.0
S2_reappro_50,C1044,CONCENTRES,Nkoabang,Centre,2026-10-01,10,2026,0.01,0.01,0.01,0.1,32900.0,4868.0,0.0
S3_reappro_100,C1044,CONCENTRES,Nkoabang,Centre,2026-10-01,10,2026,0.01,0.01,0.01,0.1,32900.0,4868.0,0.0
S4_baisse_prix,C1044,CONCENTRES,Nkoabang,Centre,2026-10-01,10,2026,0.01,0.01,0.01,0.1,32900.0,4868.0,0.0
S1_rupture,C1044,CONCENTRES,Nkolbisson,Centre,2026-10-01,10,2026,0.06,0.06,0.06,1.2,32900.0,40567.0,0.04
S2_reappro_50,C1044,CONCENTRES,Nkolbisson,Centre,2026-10-01,10,2026,0.06,0.06,0.06,1.2,32900.0,40567.0,0.04
S3_reappro_100,C1044,CONCENTRES,Nkolbisson,Centre,2026-10-01,10,2026,0.06,0.06,0.06,1.2,32900.0,40567.0,0.04
S4_baisse_prix,C1044,CONCENTRES,Nkolbisson,Centre,2026-10-01,10,2026,0.06,0.06,0.06,1.2,32900.0,40567.0,0.04
S1_rupture,C105,CONCENTRES,Ahala,Centre,2026-10-01,10,2026,30.34,30.31,30.38,606.9,27500.0,16688584.0,16.69
S2_reappro_50,C105,CONCENTRES,Ahala,Centre,2026-10-01,10,2026,30.34,30.31,30.38,606.9,27500.0,16688584.0,16.69
S3_reappro_100,C105,CONCENTRES,Ahala,Centre,2026-10-01,10,2026,30.34,30.31,30.38,606.9,27500.0,16688584.0,16.69
S4_baisse_prix,C105,CONCENTRES,Ahala,Centre,2026-10-01,10,2026,30.34,30.31,30.38,606.9,27500.0,16688584.0,16.69
S1_rupture,C105,CONCENTRES,Bertoua,Centre,2026-10-01,10,2026,15.69,15.67,15.71,313.8,27500.0,8629127.0,8.63
S2_reappro_50,C105,CONCENTRES,Bertoua,Centre,2026-10-01,10,2026,15.69,15.67,15.71,313.8,27500.0,8629127.0,8.63
S3_reappro_100,C105,CONCENTRES,Bertoua,Centre,2026-10-01,10,2026,15.69,15.67,15.71,313.8,27500.0,8629127.0,8.63
S4_baisse_prix,C105,CONCENTRES,Bertoua,Centre,2026-10-01,10,2026,15.69,15.67,15.71,313.8,27500.0,8629127.0,8.63
S1_rupture,C105,CONCENTRES,Messassi,Centre,2026-10-01,10,2026,23.45,23.42,23.48,469.0,27500.0,12896217.0,12.9
S2_reappro_50,C105,CONCENTRES,Messassi,Centre,2026-10-01,10,2026,23.45,23.42,23.48,469.0,27500.0,12896217.0,12.9
S3_reappro_100,C105,CONCENTRES,Messassi,Centre,2026-10-01,10,2026,23.45,23.42,23.48,469.0,27500.0,12896217.0,12.9
S4_baisse_prix,C105,CONCENTRES,Messassi,Centre,2026-10-01,10,2026,23.45,23.42,23.48,469.0,27500.0,12896217.0,12.9
S1_rupture,C105,CONCENTRES,Ngaoundere,Centre,2026-10-01,10,2026,3.53,3.52,3.53,70.5,27500.0,1939587.0,1.94
S2_reappro_50,C105,CONCENTRES,Ngaoundere,Centre,2026-10-01,10,2026,3.53,3.52,3.53,70.5,27500.0,1939587.0,1.94
S3_reappro_100,C105,CONCENTRES,Ngaoundere,Centre,2026-10-01,10,2026,3.53,3.52,3.53,70.5,27500.0,1939587.0,1.94
S4_baisse_prix,C105,CONCENTRES,Ngaoundere,Centre,2026-10-01,10,2026,3.53,3.52,3.53,70.5,27500.0,1939587.0,1.94
S1_rupture,C105,CONCENTRES,Nkoabang,Centre,2026-10-01,10,2026,6.48,6.47,6.48,129.5,27500.0,3561787.0,3.56
S2_reappro_50,C105,CONCENTRES,Nkoabang,Centre,2026-10-01,10,2026,6.48,6.47,6.48,129.5,27500.0,3561787.0,3.56
S3_reappro_100,C105,CONCENTRES,Nkoabang,Centre,2026-10-01,10,2026,6.48,6.47,6.48,129.5,27500.0,3561787.0,3.56
S4_baisse_prix,C105,CONCENTRES,Nkoabang,Centre,2026-10-01,10,2026,6.48,6.47,6.48,129.5,27500.0,3561787.0,3.56
S1_rupture,C105,CONCENTRES,Nkolbisson,Centre,2026-10-01,10,2026,6.31,6.3,6.32,126.2,27500.0,3469554.0,3.47
S2_reappro_50,C105,CONCENTRES,Nkolbisson,Centre,2026-10-01,10,2026,6.31,6.3,6.32,126.2,27500.0,3469554.0,3.47
S3_reappro_100,C105,CONCENTRES,Nkolbisson,Centre,2026-10-01,10,2026,6.31,6.3,6.32,126.2,27500.0,3469554.0,3.47
S4_baisse_prix,C105,CONCENTRES,Nkolbisson,Centre,2026-10-01,10,2026,6.31,6.3,6.32,126.2,27500.0,3469554.0,3.47
S1_rupture,C1053,CONCENTRES,Messassi,Centre,2026-10-01,10,2026,0.04,0.04,0.04,0.7,32000.0,23043.0,0.02
S2_reappro_50,C1053,CONCENTRES,Messassi,Centre,2026-10-01,10,2026,0.04,0.04,0.04,0.7,32000.0,23043.0,0.02
S3_reappro_100,C1053,CONCENTRES,Messassi,Centre,2026-10-01,10,2026,0.04,0.04,0.04,0.7,32000.0,23043.0,0.02
S4_baisse_prix,C1053,CONCENTRES,Messassi,Centre,2026-10-01,10,2026,0.04,0.04,0.04,0.7,32000.0,23043.0,0.02
S1_rupture,C1053,CONCENTRES,Ngaoundere,Centre,2026-10-01,10,2026,0.0,0.0,0.0,0.0,32000.0,316.0,0.0
S2_reappro_50,C1053,CONCENTRES,Ngaoundere,Centre,2026-10-01,10,2026,0.0,0.0,0.0,0.0,32000.0,316.0,0.0
S3_reappro_100,C1053,CONCENTRES,Ngaoundere,Centre,2026-10-01,10,2026,0.0,0.0,0.0,0.0,32000.0,316.0,0.0
S4_baisse_prix,C1053,CONCENTRES,Ngaoundere,Centre,2026-10-01,10,2026,0.0,0.0,0.0,0.0,32000.0,316.0,0.0
S1_rupture,C1054,CONCENTRES,Ahala,Centre,2026-10-01,10,2026,0.0,0.0,0.0,0.1,29500.0,1746.0,0.0
S2_reappro_50,C1054,CONCENTRES,Ahala,Centre,2026-10-01,10,2026,0.0,0.0,0.0,0.1,29500.0,1746.0,0.0
S3_reappro_100,C1054,CONCENTRES,Ahala,Centre,2026-10-01,10,2026,0.0,0.0,0.0,0.1,29500.0,1746.0,0.0
S4_baisse_prix,C1054,CONCENTRES,Ahala,Centre,2026-10-01,10,2026,0.0,0.0,0.0,0.1,29500.0,1746.0,0.0
S1_rupture,C1054,CONCENTRES,Bertoua,Centre,2026-10-01,10,2026,0.1,0.1,0.1,1.9,29500.0,56163.0,0.06
S2_reappro_50,C1054,CONCENTRES,Bertoua,Centre,2026-10-01,10,2026,0.1,0.1,0.1,1.9,29500.0,56163.0,0.06
S3_reappro_100,C1054,CONCENTRES,Bertoua,Centre,2026-10-01,10,2026,0.1,0.1,0.1,1.9,29500.0,56163.0,0.06
S4_baisse_prix,C1054,CONCENTRES,Bertoua,Centre,2026-10-01,10,2026,0.1,0.1,0.1,1.9,29500.0,56163.0,0.06
S1_rupture,C1054,CONCENTRES,Messassi,Centre,2026-10-01,10,2026,0.03,0.03,0.03,0.7,29500.0,20370.0,0.02
S2_reappro_50,C1054,CONCENTRES,Messassi,Centre,2026-10-01,10,2026,0.03,0.03,0.03,0.7,29500.0,20370.0,0.02
S3_reappro_100,C1054,CONCENTRES,Messassi,Centre,2026-10-01,10,2026,0.03,0.03,0.03,0.7,29500.0,20370.0,0.02
S4_baisse_prix,C1054,CONCENTRES,Messassi,Centre,2026-10-01,10,2026,0.03,0.03,0.03,0.7,29500.0,20370.0,0.02
S1_rupture,C1054,CONCENTRES,Ngaoundere,Centre,2026-10-01,10,2026,0.0,0.0,0.0,0.0,29500.0,1455.0,0.0
S2_reappro_50,C1054,CONCENTRES,Ngaoundere,Centre,2026-10-01,10,2026,0.0,0.0,0.0,0.0,29500.0,1455.0,0.0
S3_reappro_100,C1054,CONCENTRES,Ngaoundere,Centre,2026-10-01,10,2026,0.0,0.0,0.0,0.0,29500.0,1455.0,0.0
S4_baisse_prix,C1054,CONCENTRES,Ngaoundere,Centre,2026-10-01,10,2026,0.0,0.0,0.0,0.0,29500.0,1455.0,0.0
S1_rupture,C1054,CONCENTRES,Nkoabang,Centre,2026-10-01,10,2026,0.0,0.0,0.0,0.0,29500.0,1164.0,0.0
S2_reappro_50,C1054,CONCENTRES,Nkoabang,Centre,2026-10-01,10,2026,0.0,0.0,0.0,0.0,29500.0,1164.0,0.0
S3_reappro_100,C1054,CONCENTRES,Nkoabang,Centre,2026-10-01,10,2026,0.0,0.0,0.0,0.0,29500.0,1164.0,0.0
S4_baisse_prix,C1054,CONCENTRES,Nkoabang,Centre,2026-10-01,10,2026,0.0,0.0,0.0,0.0,29500.0,1164.0,0.0
S1_rupture,C1054,CONCENTRES,Nkolbisson,Centre,2026-10-01,10,2026,0.01,0.01,0.01,0.1,29500.0,4365.0,0.0
S2_reappro_50,C1054,CONCENTRES,Nkolbisson,Centre,2026-10-01,10,2026,0.01,0.01,0.01,0.1,29500.0,4365.0,0.0
S3_reappro_100,C1054,CONCENTRES,Nkolbisson,Centre,2026-10-01,10,2026,0.01,0.01,0.01,0.1,29500.0,4365.0,0.0
S4_baisse_prix,C1054,CONCENTRES,Nkolbisson,Centre,2026-10-01,10,2026,0.01,0.01,0.01,0.1,29500.0,4365.0,0.0
S1_rupture,C1055,CONCENTRES,Messassi,Centre,2026-10-01,10,2026,0.02,0.02,0.02,0.4,28500.0,11245.0,0.01
S2_reappro_50,C1055,CONCENTRES,Messassi,Centre,2026-10-01,10,2026,0.02,0.02,0.02,0.4,28500.0,11245.0,0.01
S3_reappro_100,C1055,CONCENTRES,Messassi,Centre,2026-10-01,10,2026,0.02,0.02,0.02,0.4,28500.0,11245.0,0.01
S4_baisse_prix,C1055,CONCENTRES,Messassi,Centre,2026-10-01,10,2026,0.02,0.02,0.02,0.4,28500.0,11245.0,0.01
S1_rupture,C1055,CONCENTRES,Ngaoundere,Centre,2026-10-01,10,2026,0.03,0.03,0.03,0.5,28500.0,15462.0,0.02
S2_reappro_50,C1055,CONCENTRES,Ngaoundere,Centre,2026-10-01,10,2026,0.03,0.03,0.03,0.5,28500.0,15462.0,0.02
S3_reappro_100,C1055,CONCENTRES,Ngaoundere,Centre,2026-10-01,10,2026,0.03,0.03,0.03,0.5,28500.0,15462.0,0.02
S4_baisse_prix,C1055,CONCENTRES,Ngaoundere,Centre,2026-10-01,10,2026,0.03,0.03,0.03,0.5,28500.0,15462.0,0.02
S1_rupture,C1055,CONCENTRES,Nkoabang,Centre,2026-10-01,10,2026,0.0,0.0,0.0,0.0,28500.0,1406.0,0.0
S2_reappro_50,C1055,CONCENTRES,Nkoabang,Centre,2026-10-01,10,2026,0.0,0.0,0.0,0.0,28500.0,1406.0,0.0
S3_reappro_100,C1055,CONCENTRES,Nkoabang,Centre,2026-10-01,10,2026,0.0,0.0,0.0,0.0,28500.0,1406.0,0.0
S4_baisse_prix,C1055,CONCENTRES,Nkoabang,Centre,2026-10-01,10,2026,0.0,0.0,0.0,0.0,28500.0,1406.0,0.0
S1_rupture,C1055,CONCENTRES,Nkolbisson,Centre,2026-10-01,10,2026,0.01,0.01,0.01,0.3,28500.0,8434.0,0.01
S2_reappro_50,C1055,CONCENTRES,Nkolbisson,Centre,2026-10-01,10,2026,0.01,0.01,0.01,0.3,28500.0,8434.0,0.01
S3_reappro_100,C1055,CONCENTRES,Nkolbisson,Centre,2026-10-01,10,2026,0.01,0.01,0.01,0.3,28500.0,8434.0,0.01
S4_baisse_prix,C1055,CONCENTRES,Nkolbisson,Centre,2026-10-01,10,2026,0.01,0.01,0.01,0.3,28500.0,8434.0,0.01
S1_rupture,C101,CONCENTRES,Ahala,Centre,2026-11-01,11,2026,15.5,15.47,15.54,310.1,36000.0,11162557.0,11.16
S2_reappro_50,C101,CONCENTRES,Ahala,Centre,2026-11-01,11,2026,15.5,15.47,15.54,310.1,36000.0,11162557.0,11.16
S3_reappro_100,C101,CONCENTRES,Ahala,Centre,2026-11-01,11,2026,15.5,15.47,15.54,310.1,36000.0,11162557.0,11.16
S4_baisse_prix,C101,CONCENTRES,Ahala,Centre,2026-11-01,11,2026,15.5,15.47,15.54,310.1,36000.0,11162557.0,11.16
S1_rupture,C101,CONCENTRES,Bertoua,Centre,2026-11-01,11,2026,14.92,14.88,14.95,298.3,36000.0,10739110.0,10.74
S2_reappro_50,C101,CONCENTRES,Bertoua,Centre,2026-11-01,11,2026,14.92,14.88,14.95,298.3,36000.0,10739110.0,10.74
S3_reappro_100,C101,CONCENTRES,Bertoua,Centre,2026-11-01,11,2026,14.92,14.88,14.95,298.3,36000.0,10739110.0,10.74
S4_baisse_prix,C101,CONCENTRES,Bertoua,Centre,2026-11-01,11,2026,14.92,14.88,14.95,298.3,36000.0,10739110.0,10.74
S1_rupture,C101,CONCENTRES,Messassi,Centre,2026-11-01,11,2026,10.92,10.9,10.95,218.5,36000.0,7864207.0,7.86
S2_reappro_50,C101,CONCENTRES,Messassi,Centre,2026-11-01,11,2026,10.92,10.9,10.95,218.5,36000.0,7864207.0,7.86
S3_reappro_100,C101,CONCENTRES,Messassi,Centre,2026-11-01,11,2026,10.92,10.9,10.95,218.5,36000.0,7864207.0,7.86
S4_baisse_prix,C101,CONCENTRES,Messassi,Centre,2026-11-01,11,2026,10.92,10.9,10.95,218.5,36000.0,7864207.0,7.86
S1_rupture,C101,CONCENTRES,Ngaoundere,Centre,2026-11-01,11,2026,12.61,12.58,12.64,252.2,36000.0,9080730.0,9.08
S2_reappro_50,C101,CONCENTRES,Ngaoundere,Centre,2026-11-01,11,2026,12.61,12.58,12.64,252.2,36000.0,9080730.0,9.08
S3_reappro_100,C101,CONCENTRES,Ngaoundere,Centre,2026-11-01,11,2026,12.61,12.58,12.64,252.2,36000.0,9080730.0,9.08
S4_baisse_prix,C101,CONCENTRES,Ngaoundere,Centre,2026-11-01,11,2026,12.61,12.58,12.64,252.2,36000.0,9080730.0,9.08
S1_rupture,C101,CONCENTRES,Nkoabang,Centre,2026-11-01,11,2026,5.52,5.51,5.54,110.5,36000.0,3976714.0,3.98
S2_reappro_50,C101,CONCENTRES,Nkoabang,Centre,2026-11-01,11,2026,5.52,5.51,5.54,110.5,36000.0,3976714.0,3.98
S3_reappro_100,C101,CONCENTRES,Nkoabang,Centre,2026-11-01,11,2026,5.52,5.51,5.54,110.5,36000.0,3976714.0,3.98
S4_baisse_prix,C101,CONCENTRES,Nkoabang,Centre,2026-11-01,11,2026,5.52,5.51,5.54,110.5,36000.0,3976714.0,3.98
S1_rupture,C101,CONCENTRES,Nkolbisson,Centre,2026-11-01,11,2026,8.64,8.62,8.66,172.8,36000.0,6219988.0,6.22
S2_reappro_50,C101,CONCENTRES,Nkolbisson,Centre,2026-11-01,11,2026,8.64,8.62,8.66,172.8,36000.0,6219988.0,6.22
S3_reappro_100,C101,CONCENTRES,Nkolbisson,Centre,2026-11-01,11,2026,8.64,8.62,8.66,172.8,36000.0,6219988.0,6.22
S4_baisse_prix,C101,CONCENTRES,Nkolbisson,Centre,2026-11-01,11,2026,8.64,8.62,8.66,172.8,36000.0,6219988.0,6.22
S1_rupture,C102,CONCENTRES,Ahala,Centre,2026-11-01,11,2026,0.08,0.08,0.08,1.6,29500.0,46420.0,0.05
S2_reappro_50,C102,CONCENTRES,Ahala,Centre,2026-11-01,11,2026,0.08,0.08,0.08,1.6,29500.0,46420.0,0.05
S3_reappro_100,C102,CONCENTRES,Ahala,Centre,2026-11-01,11,2026,0.08,0.08,0.08,1.6,29500.0,46420.0,0.05
S4_baisse_prix,C102,CONCENTRES,Ahala,Centre,2026-11-01,11,2026,0.08,0.08,0.08,1.6,29500.0,46420.0,0.05
S1_rupture,C102,CONCENTRES,Bertoua,Centre,2026-11-01,11,2026,4.0,3.99,4.01,80.0,29500.0,2359305.0,2.36
S2_reappro_50,C102,CONCENTRES,Bertoua,Centre,2026-11-01,11,2026,4.0,3.99,4.01,80.0,29500.0,2359305.0,2.36
S3_reappro_100,C102,CONCENTRES,Bertoua,Centre,2026-11-01,11,2026,4.0,3.99,4.01,80.0,29500.0,2359305.0,2.36
S4_baisse_prix,C102,CONCENTRES,Bertoua,Centre,2026-11-01,11,2026,4.0,3.99,4.01,80.0,29500.0,2359305.0,2.36
S1_rupture,C102,CONCENTRES,Messassi,Centre,2026-11-01,11,2026,0.02,0.02,0.02,0.3,29500.0,9284.0,0.01
S2_reappro_50,C102,CONCENTRES,Messassi,Centre,2026-11-01,11,2026,0.02,0.02,0.02,0.3,29500.0,9284.0,0.01
S3_reappro_100,C102,CONCENTRES,Messassi,Centre,2026-11-01,11,2026,0.02,0.02,0.02,0.3,29500.0,9284.0,0.01
S4_baisse_prix,C102,CONCENTRES,Messassi,Centre,2026-11-01,11,2026,0.02,0.02,0.02,0.3,29500.0,9284.0,0.01
S1_rupture,C102,CONCENTRES,Ngaoundere,Centre,2026-11-01,11,2026,0.36,0.36,0.36,7.2,29500.0,213533.0,0.21
S2_reappro_50,C102,CONCENTRES,Ngaoundere,Centre,2026-11-01,11,2026,0.36,0.36,0.36,7.2,29500.0,213533.0,0.21
S3_reappro_100,C102,CONCENTRES,Ngaoundere,Centre,2026-11-01,11,2026,0.36,0.36,0.36,7.2,29500.0,213533.0,0.21
S4_baisse_prix,C102,CONCENTRES,Ngaoundere,Centre,2026-11-01,11,2026,0.36,0.36,0.36,7.2,29500.0,213533.0,0.21
S1_rupture,C103,CONCENTRES,Ahala,Centre,2026-11-01,11,2026,16.51,16.47,16.55,330.2,39500.0,13041846.0,13.04
S2_reappro_50,C103,CONCENTRES,Ahala,Centre,2026-11-01,11,2026,16.51,16.47,16.55,330.2,39500.0,13041846.0,13.04
S3_reappro_100,C103,CONCENTRES,Ahala,Centre,2026-11-01,11,2026,16.51,16.47,16.55,330.2,39500.0,13041846.0,13.04
S4_baisse_prix,C103,CONCENTRES,Ahala,Centre,2026-11-01,11,2026,16.51,16.47,16.55,330.2,39500.0,13041846.0,13.04
S1_rupture,C103,CONCENTRES,Bertoua,Centre,2026-11-01,11,2026,5.66,5.65,5.67,113.2,39500.0,4472112.0,4.47
S2_reappro_50,C103,CONCENTRES,Bertoua,Centre,2026-11-01,11,2026,5.66,5.65,5.67,113.2,39500.0,4472112.0,4.47
S3_reappro_100,C103,CONCENTRES,Bertoua,Centre,2026-11-01,11,2026,5.66,5.65,5.67,113.2,39500.0,4472112.0,4.47
S4_baisse_prix,C103,CONCENTRES,Bertoua,Centre,2026-11-01,11,2026,5.66,5.65,5.67,113.2,39500.0,4472112.0,4.47
S1_rupture,C103,CONCENTRES,Messassi,Centre,2026-11-01,11,2026,11.83,11.8,11.86,236.6,39500.0,9345128.0,9.35
S2_reappro_50,C103,CONCENTRES,Messassi,Centre,2026-11-01,11,2026,11.83,11.8,11.86,236.6,39500.0,9345128.0,9.35
S3_reappro_100,C103,CONCENTRES,Messassi,Centre,2026-11-01,11,2026,11.83,11.8,11.86,236.6,39500.0,9345128.0,9.35
S4_baisse_prix,C103,CONCENTRES,Messassi,Centre,2026-11-01,11,2026,11.83,11.8,11.86,236.6,39500.0,9345128.0,9.35
S1_rupture,C103,CONCENTRES,Ngaoundere,Centre,2026-11-01,11,2026,6.75,6.73,6.77,135.0,39500.0,5332970.0,5.33
S2_reappro_50,C103,CONCENTRES,Ngaoundere,Centre,2026-11-01,11,2026,6.75,6.73,6.77,135.0,39500.0,5332970.0,5.33
S3_reappro_100,C103,CONCENTRES,Ngaoundere,Centre,2026-11-01,11,2026,6.75,6.73,6.77,135.0,39500.0,5332970.0,5.33
S4_baisse_prix,C103,CONCENTRES,Ngaoundere,Centre,2026-11-01,11,2026,6.75,6.73,6.77,135.0,39500.0,5332970.0,5.33
S1_rupture,C103,CONCENTRES,Nkoabang,Centre,2026-11-01,11,2026,8.3,8.28,8.32,166.0,39500.0,6555886.0,6.56
S2_reappro_50,C103,CONCENTRES,Nkoabang,Centre,2026-11-01,11,2026,8.3,8.28,8.32,166.0,39500.0,6555886.0,6.56
S3_reappro_100,C103,CONCENTRES,Nkoabang,Centre,2026-11-01,11,2026,8.3,8.28,8.32,166.0,39500.0,6555886.0,6.56
S4_baisse_prix,C103,CONCENTRES,Nkoabang,Centre,2026-11-01,11,2026,8.3,8.28,8.32,166.0,39500.0,6555886.0,6.56
S1_rupture,C103,CONCENTRES,Nkolbisson,Centre,2026-11-01,11,2026,4.36,4.35,4.37,87.3,39500.0,3446540.0,3.45
S2_reappro_50,C103,CONCENTRES,Nkolbisson,Centre,2026-11-01,11,2026,4.36,4.35,4.37,87.3,39500.0,3446540.0,3.45
S3_reappro_100,C103,CONCENTRES,Nkolbisson,Centre,2026-11-01,11,2026,4.36,4.35,4.37,87.3,39500.0,3446540.0,3.45
S4_baisse_prix,C103,CONCENTRES,Nkolbisson,Centre,2026-11-01,11,2026,4.36,4.35,4.37,87.3,39500.0,3446540.0,3.45
S1_rupture,C104,CONCENTRES,Ahala,Centre,2026-11-01,11,2026,34.78,34.69,34.86,695.6,32100.0,22327320.0,22.33
S2_reappro_50,C104,CONCENTRES,Ahala,Centre,2026-11-01,11,2026,34.78,34.69,34.86,695.6,32100.0,22327320.0,22.33
S3_reappro_100,C104,CONCENTRES,Ahala,Centre,2026-11-01,11,2026,34.78,34.69,34.86,695.6,32100.0,22327320.0,22.33
S4_baisse_prix,C104,CONCENTRES,Ahala,Centre,2026-11-01,11,2026,34.78,34.69,34.86,695.6,32100.0,22327320.0,22.33
S1_rupture,C104,CONCENTRES,Bertoua,Centre,2026-11-01,11,2026,35.66,35.57,35.74,713.1,32100.0,22890523.0,22.89
S2_reappro_50,C104,CONCENTRES,Bertoua,Centre,2026-11-01,11,2026,35.66,35.57,35.74,713.1,32100.0,22890523.0,22.89
S3_reappro_100,C104,CONCENTRES,Bertoua,Centre,2026-11-01,11,2026,35.66,35.57,35.74,713.1,32100.0,22890523.0,22.89
S4_baisse_prix,C104,CONCENTRES,Bertoua,Centre,2026-11-01,11,2026,35.66,35.57,35.74,713.1,32100.0,22890523.0,22.89
S1_rupture,C104,CONCENTRES,Messassi,Centre,2026-11-01,11,2026,80.35,80.16,80.55,1607.0,32100.0,51584810.0,51.58
S2_reappro_50,C104,CONCENTRES,Messassi,Centre,2026-11-01,11,2026,80.35,80.16,80.55,1607.0,32100.0,51584810.0,51.58
S3_reappro_100,C104,CONCENTRES,Messassi,Centre,2026-11-01,11,2026,80.35,80.16,80.55,1607.0,32100.0,51584810.0,51.58
S4_baisse_prix,C104,CONCENTRES,Messassi,Centre,2026-11-01,11,2026,80.35,80.16,80.55,1607.0,32100.0,51584810.0,51.58
S1_rupture,C104,CONCENTRES,Ngaoundere,Centre,2026-11-01,11,2026,12.48,12.45,12.51,249.6,32100.0,8013640.0,8.01
S2_reappro_50,C104,CONCENTRES,Ngaoundere,Centre,2026-11-01,11,2026,12.48,12.45,12.51,249.6,32100.0,8013640.0,8.01
S3_reappro_100,C104,CONCENTRES,Ngaoundere,Centre,2026-11-01,11,2026,12.48,12.45,12.51,249.6,32100.0,8013640.0,8.01
S4_baisse_prix,C104,CONCENTRES,Ngaoundere,Centre,2026-11-01,11,2026,12.48,12.45,12.51,249.6,32100.0,8013640.0,8.01
S1_rupture,C104,CONCENTRES,Nkoabang,Centre,2026-11-01,11,2026,19.17,19.13,19.22,383.4,32100.0,12308376.0,12.31
S2_reappro_50,C104,CONCENTRES,Nkoabang,Centre,2026-11-01,11,2026,19.17,19.13,19.22,383.4,32100.0,12308376.0,12.31
S3_reappro_100,C104,CONCENTRES,Nkoabang,Centre,2026-11-01,11,2026,19.17,19.13,19.22,383.4,32100.0,12308376.0,12.31
S4_baisse_prix,C104,CONCENTRES,Nkoabang,Centre,2026-11-01,11,2026,19.17,19.13,19.22,383.4,32100.0,12308376.0,12.31
S1_rupture,C104,CONCENTRES,Nkolbisson,Centre,2026-11-01,11,2026,13.51,13.48,13.54,270.2,32100.0,8674077.0,8.67
S2_reappro_50,C104,CONCENTRES,Nkolbisson,Centre,2026-11-01,11,2026,13.51,13.48,13.54,270.2,32100.0,8674077.0,8.67
S3_reappro_100,C104,CONCENTRES,Nkolbisson,Centre,2026-11-01,11,2026,13.51,13.48,13.54,270.2,32100.0,8674077.0,8.67
S4_baisse_prix,C104,CONCENTRES,Nkolbisson,Centre,2026-11-01,11,2026,13.51,13.48,13.54,270.2,32100.0,8674077.0,8.67
S1_rupture,C1043,CONCENTRES,Ahala,Centre,2026-11-01,11,2026,0.01,0.01,0.01,0.3,36490.0,9761.0,0.01
S2_reappro_50,C1043,CONCENTRES,Ahala,Centre,2026-11-01,11,2026,0.01,0.01,0.01,0.3,36490.0,9761.0,0.01
S3_reappro_100,C1043,CONCENTRES,Ahala,Centre,2026-11-01,11,2026,0.01,0.01,0.01,0.3,36490.0,9761.0,0.01
S4_baisse_prix,C1043,CONCENTRES,Ahala,Centre,2026-11-01,11,2026,0.01,0.01,0.01,0.3,36490.0,9761.0,0.01
S1_rupture,C1043,CONCENTRES,Bertoua,Centre,2026-11-01,11,2026,0.05,0.05,0.05,1.1,36490.0,39189.0,0.04
S2_reappro_50,C1043,CONCENTRES,Bertoua,Centre,2026-11-01,11,2026,0.05,0.05,0.05,1.1,36490.0,39189.0,0.04
S3_reappro_100,C1043,CONCENTRES,Bertoua,Centre,2026-11-01,11,2026,0.05,0.05,0.05,1.1,36490.0,39189.0,0.04
S4_baisse_prix,C1043,CONCENTRES,Bertoua,Centre,2026-11-01,11,2026,0.05,0.05,0.05,1.1,36490.0,39189.0,0.04
S1_rupture,C1043,CONCENTRES,Messassi,Centre,2026-11-01,11,2026,0.0,0.0,0.0,0.0,36490.0,1579.0,0.0
S2_reappro_50,C1043,CONCENTRES,Messassi,Centre,2026-11-01,11,2026,0.0,0.0,0.0,0.0,36490.0,1579.0,0.0
S3_reappro_100,C1043,CONCENTRES,Messassi,Centre,2026-11-01,11,2026,0.0,0.0,0.0,0.0,36490.0,1579.0,0.0
S4_baisse_prix,C1043,CONCENTRES,Messassi,Centre,2026-11-01,11,2026,0.0,0.0,0.0,0.0,36490.0,1579.0,0.0
S1_rupture,C1043,CONCENTRES,Ngaoundere,Centre,2026-11-01,11,2026,0.04,0.04,0.04,0.7,36490.0,26413.0,0.03
S2_reappro_50,C1043,CONCENTRES,Ngaoundere,Centre,2026-11-01,11,2026,0.04,0.04,0.04,0.7,36490.0,26413.0,0.03
S3_reappro_100,C1043,CONCENTRES,Ngaoundere,Centre,2026-11-01,11,2026,0.04,0.04,0.04,0.7,36490.0,26413.0,0.03
S4_baisse_prix,C1043,CONCENTRES,Ngaoundere,Centre,2026-11-01,11,2026,0.04,0.04,0.04,0.7,36490.0,26413.0,0.03
S1_rupture,C1043,CONCENTRES,Nkoabang,Centre,2026-11-01,11,2026,0.0,0.0,0.0,0.0,36490.0,1723.0,0.0
S2_reappro_50,C1043,CONCENTRES,Nkoabang,Centre,2026-11-01,11,2026,0.0,0.0,0.0,0.0,36490.0,1723.0,0.0
S3_reappro_100,C1043,CONCENTRES,Nkoabang,Centre,2026-11-01,11,2026,0.0,0.0,0.0,0.0,36490.0,1723.0,0.0
S4_baisse_prix,C1043,CONCENTRES,Nkoabang,Centre,2026-11-01,11,2026,0.0,0.0,0.0,0.0,36490.0,1723.0,0.0
S1_rupture,C1043,CONCENTRES,Nkolbisson,Centre,2026-11-01,11,2026,0.01,0.01,0.01,0.1,36490.0,4881.0,0.0
S2_reappro_50,C1043,CONCENTRES,Nkolbisson,Centre,2026-11-01,11,2026,0.01,0.01,0.01,0.1,36490.0,4881.0,0.0
S3_reappro_100,C1043,CONCENTRES,Nkolbisson,Centre,2026-11-01,11,2026,0.01,0.01,0.01,0.1,36490.0,4881.0,0.0
S4_baisse_prix,C1043,CONCENTRES,Nkolbisson,Centre,2026-11-01,11,2026,0.01,0.01,0.01,0.1,36490.0,4881.0,0.0
S1_rupture,C1044,CONCENTRES,Ahala,Centre,2026-11-01,11,2026,0.01,0.01,0.01,0.1,32900.0,3883.0,0.0
S2_reappro_50,C1044,CONCENTRES,Ahala,Centre,2026-11-01,11,2026,0.01,0.01,0.01,0.1,32900.0,3883.0,0.0
S3_reappro_100,C1044,CONCENTRES,Ahala,Centre,2026-11-01,11,2026,0.01,0.01,0.01,0.1,32900.0,3883.0,0.0
S4_baisse_prix,C1044,CONCENTRES,Ahala,Centre,2026-11-01,11,2026,0.01,0.01,0.01,0.1,32900.0,3883.0,0.0
S1_rupture,C1044,CONCENTRES,Messassi,Centre,2026-11-01,11,2026,0.12,0.11,0.12,2.3,32900.0,75714.0,0.08
S2_reappro_50,C1044,CONCENTRES,Messassi,Centre,2026-11-01,11,2026,0.12,0.11,0.12,2.3,32900.0,75714.0,0.08
S3_reappro_100,C1044,CONCENTRES,Messassi,Centre,2026-11-01,11,2026,0.12,0.11,0.12,2.3,32900.0,75714.0,0.08
S4_baisse_prix,C1044,CONCENTRES,Messassi,Centre,2026-11-01,11,2026,0.12,0.11,0.12,2.3,32900.0,75714.0,0.08
S1_rupture,C1044,CONCENTRES,Ngaoundere,Centre,2026-11-01,11,2026,0.04,0.04,0.04,0.8,32900.0,25885.0,0.03
S2_reappro_50,C1044,CONCENTRES,Ngaoundere,Centre,2026-11-01,11,2026,0.04,0.04,0.04,0.8,32900.0,25885.0,0.03
S3_reappro_100,C1044,CONCENTRES,Ngaoundere,Centre,2026-11-01,11,2026,0.04,0.04,0.04,0.8,32900.0,25885.0,0.03
S4_baisse_prix,C1044,CONCENTRES,Ngaoundere,Centre,2026-11-01,11,2026,0.04,0.04,0.04,0.8,32900.0,25885.0,0.03
S1_rupture,C1044,CONCENTRES,Nkoabang,Centre,2026-11-01,11,2026,0.0,0.0,0.0,0.1,32900.0,1941.0,0.0
S2_reappro_50,C1044,CONCENTRES,Nkoabang,Centre,2026-11-01,11,2026,0.0,0.0,0.0,0.1,32900.0,1941.0,0.0
S3_reappro_100,C1044,CONCENTRES,Nkoabang,Centre,2026-11-01,11,2026,0.0,0.0,0.0,0.1,32900.0,1941.0,0.0
S4_baisse_prix,C1044,CONCENTRES,Nkoabang,Centre,2026-11-01,11,2026,0.0,0.0,0.0,0.1,32900.0,1941.0,0.0
S1_rupture,C1044,CONCENTRES,Nkolbisson,Centre,2026-11-01,11,2026,0.02,0.02,0.02,0.5,32900.0,16178.0,0.02
S2_reappro_50,C1044,CONCENTRES,Nkolbisson,Centre,2026-11-01,11,2026,0.02,0.02,0.02,0.5,32900.0,16178.0,0.02
S3_reappro_100,C1044,CONCENTRES,Nkolbisson,Centre,2026-11-01,11,2026,0.02,0.02,0.02,0.5,32900.0,16178.0,0.02
S4_baisse_prix,C1044,CONCENTRES,Nkolbisson,Centre,2026-11-01,11,2026,0.02,0.02,0.02,0.5,32900.0,16178.0,0.02
S1_rupture,C105,CONCENTRES,Ahala,Centre,2026-11-01,11,2026,12.1,12.07,12.13,242.0,27500.0,6655394.0,6.66
S2_reappro_50,C105,CONCENTRES,Ahala,Centre,2026-11-01,11,2026,12.1,12.07,12.13,242.0,27500.0,6655394.0,6.66
S3_reappro_100,C105,CONCENTRES,Ahala,Centre,2026-11-01,11,2026,12.1,12.07,12.13,242.0,27500.0,6655394.0,6.66
S4_baisse_prix,C105,CONCENTRES,Ahala,Centre,2026-11-01,11,2026,12.1,12.07,12.13,242.0,27500.0,6655394.0,6.66
S1_rupture,C105,CONCENTRES,Bertoua,Centre,2026-11-01,11,2026,6.26,6.24,6.27,125.1,27500.0,3441289.0,3.44
S2_reappro_50,C105,CONCENTRES,Bertoua,Centre,2026-11-01,11,2026,6.26,6.24,6.27,125.1,27500.0,3441289.0,3.44
S3_reappro_100,C105,CONCENTRES,Bertoua,Centre,2026-11-01,11,2026,6.26,6.24,6.27,125.1,27500.0,3441289.0,3.44
S4_baisse_prix,C105,CONCENTRES,Bertoua,Centre,2026-11-01,11,2026,6.26,6.24,6.27,125.1,27500.0,3441289.0,3.44
S1_rupture,C105,CONCENTRES,Messassi,Centre,2026-11-01,11,2026,9.35,9.33,9.37,187.0,27500.0,5143001.0,5.14
S2_reappro_50,C105,CONCENTRES,Messassi,Centre,2026-11-01,11,2026,9.35,9.33,9.37,187.0,27500.0,5143001.0,5.14
S3_reappro_100,C105,CONCENTRES,Messassi,Centre,2026-11-01,11,2026,9.35,9.33,9.37,187.0,27500.0,5143001.0,5.14
S4_baisse_prix,C105,CONCENTRES,Messassi,Centre,2026-11-01,11,2026,9.35,9.33,9.37,187.0,27500.0,5143001.0,5.14
S1_rupture,C105,CONCENTRES,Ngaoundere,Centre,2026-11-01,11,2026,1.41,1.4,1.41,28.1,27500.0,773506.0,0.77
S2_reappro_50,C105,CONCENTRES,Ngaoundere,Centre,2026-11-01,11,2026,1.41,1.4,1.41,28.1,27500.0,773506.0,0.77
S3_reappro_100,C105,CONCENTRES,Ngaoundere,Centre,2026-11-01,11,2026,1.41,1.4,1.41,28.1,27500.0,773506.0,0.77
S4_baisse_prix,C105,CONCENTRES,Ngaoundere,Centre,2026-11-01,11,2026,1.41,1.4,1.41,28.1,27500.0,773506.0,0.77
S1_rupture,C105,CONCENTRES,Nkoabang,Centre,2026-11-01,11,2026,2.58,2.58,2.59,51.7,27500.0,1420438.0,1.42
S2_reappro_50,C105,CONCENTRES,Nkoabang,Centre,2026-11-01,11,2026,2.58,2.58,2.59,51.7,27500.0,1420438.0,1.42
S3_reappro_100,C105,CONCENTRES,Nkoabang,Centre,2026-11-01,11,2026,2.58,2.58,2.59,51.7,27500.0,1420438.0,1.42
S4_baisse_prix,C105,CONCENTRES,Nkoabang,Centre,2026-11-01,11,2026,2.58,2.58,2.59,51.7,27500.0,1420438.0,1.42
S1_rupture,C105,CONCENTRES,Nkolbisson,Centre,2026-11-01,11,2026,2.52,2.51,2.52,50.3,27500.0,1383656.0,1.38
S2_reappro_50,C105,CONCENTRES,Nkolbisson,Centre,2026-11-01,11,2026,2.52,2.51,2.52,50.3,27500.0,1383656.0,1.38
S3_reappro_100,C105,CONCENTRES,Nkolbisson,Centre,2026-11-01,11,2026,2.52,2.51,2.52,50.3,27500.0,1383656.0,1.38
S4_baisse_prix,C105,CONCENTRES,Nkolbisson,Centre,2026-11-01,11,2026,2.52,2.51,2.52,50.3,27500.0,1383656.0,1.38
S1_rupture,C1053,CONCENTRES,Messassi,Centre,2026-11-01,11,2026,0.01,0.01,0.01,0.3,32000.0,9190.0,0.01
S2_reappro_50,C1053,CONCENTRES,Messassi,Centre,2026-11-01,11,2026,0.01,0.01,0.01,0.3,32000.0,9190.0,0.01
S3_reappro_100,C1053,CONCENTRES,Messassi,Centre,2026-11-01,11,2026,0.01,0.01,0.01,0.3,32000.0,9190.0,0.01
S4_baisse_prix,C1053,CONCENTRES,Messassi,Centre,2026-11-01,11,2026,0.01,0.01,0.01,0.3,32000.0,9190.0,0.01
S1_rupture,C1053,CONCENTRES,Ngaoundere,Centre,2026-11-01,11,2026,0.0,0.0,0.0,0.0,32000.0,126.0,0.0
S2_reappro_50,C1053,CONCENTRES,Ngaoundere,Centre,2026-11-01,11,2026,0.0,0.0,0.0,0.0,32000.0,126.0,0.0
S3_reappro_100,C1053,CONCENTRES,Ngaoundere,Centre,2026-11-01,11,2026,0.0,0.0,0.0,0.0,32000.0,126.0,0.0
S4_baisse_prix,C1053,CONCENTRES,Ngaoundere,Centre,2026-11-01,11,2026,0.0,0.0,0.0,0.0,32000.0,126.0,0.0
S1_rupture,C1054,CONCENTRES,Ahala,Centre,2026-11-01,11,2026,0.0,0.0,0.0,0.0,29500.0,696.0,0.0
S2_reappro_50,C1054,CONCENTRES,Ahala,Centre,2026-11-01,11,2026,0.0,0.0,0.0,0.0,29500.0,696.0,0.0
S3_reappro_100,C1054,CONCENTRES,Ahala,Centre,2026-11-01,11,2026,0.0,0.0,0.0,0.0,29500.0,696.0,0.0
S4_baisse_prix,C1054,CONCENTRES,Ahala,Centre,2026-11-01,11,2026,0.0,0.0,0.0,0.0,29500.0,696.0,0.0
S1_rupture,C1054,CONCENTRES,Bertoua,Centre,2026-11-01,11,2026,0.04,0.04,0.04,0.8,29500.0,22398.0,0.02
S2_reappro_50,C1054,CONCENTRES,Bertoua,Centre,2026-11-01,11,2026,0.04,0.04,0.04,0.8,29500.0,22398.0,0.02
S3_reappro_100,C1054,CONCENTRES,Bertoua,Centre,2026-11-01,11,2026,0.04,0.04,0.04,0.8,29500.0,22398.0,0.02
S4_baisse_prix,C1054,CONCENTRES,Bertoua,Centre,2026-11-01,11,2026,0.04,0.04,0.04,0.8,29500.0,22398.0,0.02
S1_rupture,C1054,CONCENTRES,Messassi,Centre,2026-11-01,11,2026,0.01,0.01,0.01,0.3,29500.0,8124.0,0.01
S2_reappro_50,C1054,CONCENTRES,Messassi,Centre,2026-11-01,11,2026,0.01,0.01,0.01,0.3,29500.0,8124.0,0.01
S3_reappro_100,C1054,CONCENTRES,Messassi,Centre,2026-11-01,11,2026,0.01,0.01,0.01,0.3,29500.0,8124.0,0.01
S4_baisse_prix,C1054,CONCENTRES,Messassi,Centre,2026-11-01,11,2026,0.01,0.01,0.01,0.3,29500.0,8124.0,0.01
S1_rupture,C1054,CONCENTRES,Ngaoundere,Centre,2026-11-01,11,2026,0.0,0.0,0.0,0.0,29500.0,580.0,0.0
S2_reappro_50,C1054,CONCENTRES,Ngaoundere,Centre,2026-11-01,11,2026,0.0,0.0,0.0,0.0,29500.0,580.0,0.0
S3_reappro_100,C1054,CONCENTRES,Ngaoundere,Centre,2026-11-01,11,2026,0.0,0.0,0.0,0.0,29500.0,580.0,0.0
S4_baisse_prix,C1054,CONCENTRES,Ngaoundere,Centre,2026-11-01,11,2026,0.0,0.0,0.0,0.0,29500.0,580.0,0.0
S1_rupture,C1054,CONCENTRES,Nkoabang,Centre,2026-11-01,11,2026,0.0,0.0,0.0,0.0,29500.0,464.0,0.0
S2_reappro_50,C1054,CONCENTRES,Nkoabang,Centre,2026-11-01,11,2026,0.0,0.0,0.0,0.0,29500.0,464.0,0.0
S3_reappro_100,C1054,CONCENTRES,Nkoabang,Centre,2026-11-01,11,2026,0.0,0.0,0.0,0.0,29500.0,464.0,0.0
S4_baisse_prix,C1054,CONCENTRES,Nkoabang,Centre,2026-11-01,11,2026,0.0,0.0,0.0,0.0,29500.0,464.0,0.0
S1_rupture,C1054,CONCENTRES,Nkolbisson,Centre,2026-11-01,11,2026,0.0,0.0,0.0,0.1,29500.0,1741.0,0.0
S2_reappro_50,C1054,CONCENTRES,Nkolbisson,Centre,2026-11-01,11,2026,0.0,0.0,0.0,0.1,29500.0,1741.0,0.0
S3_reappro_100,C1054,CONCENTRES,Nkolbisson,Centre,2026-11-01,11,2026,0.0,0.0,0.0,0.1,29500.0,1741.0,0.0
S4_baisse_prix,C1054,CONCENTRES,Nkolbisson,Centre,2026-11-01,11,2026,0.0,0.0,0.0,0.1,29500.0,1741.0,0.0
S1_rupture,C1055,CONCENTRES,Messassi,Centre,2026-11-01,11,2026,0.01,0.01,0.01,0.2,28500.0,4485.0,0.0
S2_reappro_50,C1055,CONCENTRES,Messassi,Centre,2026-11-01,11,2026,0.01,0.01,0.01,0.2,28500.0,4485.0,0.0
S3_reappro_100,C1055,CONCENTRES,Messassi,Centre,2026-11-01,11,2026,0.01,0.01,0.01,0.2,28500.0,4485.0,0.0
S4_baisse_prix,C1055,CONCENTRES,Messassi,Centre,2026-11-01,11,2026,0.01,0.01,0.01,0.2,28500.0,4485.0,0.0
S1_rupture,C1055,CONCENTRES,Ngaoundere,Centre,2026-11-01,11,2026,0.01,0.01,0.01,0.2,28500.0,6166.0,0.01
S2_reappro_50,C1055,CONCENTRES,Ngaoundere,Centre,2026-11-01,11,2026,0.01,0.01,0.01,0.2,28500.0,6166.0,0.01
S3_reappro_100,C1055,CONCENTRES,Ngaoundere,Centre,2026-11-01,11,2026,0.01,0.01,0.01,0.2,28500.0,6166.0,0.01
S4_baisse_prix,C1055,CONCENTRES,Ngaoundere,Centre,2026-11-01,11,2026,0.01,0.01,0.01,0.2,28500.0,6166.0,0.01
S1_rupture,C1055,CONCENTRES,Nkoabang,Centre,2026-11-01,11,2026,0.0,0.0,0.0,0.0,28500.0,561.0,0.0
S2_reappro_50,C1055,CONCENTRES,Nkoabang,Centre,2026-11-01,11,2026,0.0,0.0,0.0,0.0,28500.0,561.0,0.0
S3_reappro_100,C1055,CONCENTRES,Nkoabang,Centre,2026-11-01,11,2026,0.0,0.0,0.0,0.0,28500.0,561.0,0.0
S4_baisse_prix,C1055,CONCENTRES,Nkoabang,Centre,2026-11-01,11,2026,0.0,0.0,0.0,0.0,28500.0,561.0,0.0
S1_rupture,C1055,CONCENTRES,Nkolbisson,Centre,2026-11-01,11,2026,0.01,0.01,0.01,0.1,28500.0,3363.0,0.0
S2_reappro_50,C1055,CONCENTRES,Nkolbisson,Centre,2026-11-01,11,2026,0.01,0.01,0.01,0.1,28500.0,3363.0,0.0
S3_reappro_100,C1055,CONCENTRES,Nkolbisson,Centre,2026-11-01,11,2026,0.01,0.01,0.01,0.1,28500.0,3363.0,0.0
S4_baisse_prix,C1055,CONCENTRES,Nkolbisson,Centre,2026-11-01,11,2026,0.01,0.01,0.01,0.1,28500.0,3363.0,0.0
S1_rupture,C101,CONCENTRES,Ahala,Centre,2026-12-01,12,2026,19.4,19.32,19.48,388.1,36000.0,13970505.0,13.97
S2_reappro_50,C101,CONCENTRES,Ahala,Centre,2026-12-01,12,2026,19.4,19.32,19.48,388.1,36000.0,13970505.0,13.97
S3_reappro_100,C101,CONCENTRES,Ahala,Centre,2026-12-01,12,2026,19.4,19.32,19.48,388.1,36000.0,13970505.0,13.97
S4_baisse_prix,C101,CONCENTRES,Ahala,Centre,2026-12-01,12,2026,19.4,19.32,19.48,388.1,36000.0,13970505.0,13.97
S1_rupture,C101,CONCENTRES,Bertoua,Centre,2026-12-01,12,2026,18.67,18.59,18.74,373.3,36000.0,13440540.0,13.44
S2_reappro_50,C101,CONCENTRES,Bertoua,Centre,2026-12-01,12,2026,18.67,18.59,18.74,373.3,36000.0,13440540.0,13.44
S3_reappro_100,C101,CONCENTRES,Bertoua,Centre,2026-12-01,12,2026,18.67,18.59,18.74,373.3,36000.0,13440540.0,13.44
S4_baisse_prix,C101,CONCENTRES,Bertoua,Centre,2026-12-01,12,2026,18.67,18.59,18.74,373.3,36000.0,13440540.0,13.44
S1_rupture,C101,CONCENTRES,Messassi,Centre,2026-12-01,12,2026,13.67,13.61,13.72,273.4,36000.0,9842453.0,9.84
S2_reappro_50,C101,CONCENTRES,Messassi,Centre,2026-12-01,12,2026,13.67,13.61,13.72,273.4,36000.0,9842453.0,9.84
S3_reappro_100,C101,CONCENTRES,Messassi,Centre,2026-12-01,12,2026,13.67,13.61,13.72,273.4,36000.0,9842453.0,9.84
S4_baisse_prix,C101,CONCENTRES,Messassi,Centre,2026-12-01,12,2026,13.67,13.61,13.72,273.4,36000.0,9842453.0,9.84
S1_rupture,C101,CONCENTRES,Ngaoundere,Centre,2026-12-01,12,2026,15.78,15.72,15.85,315.7,36000.0,11364993.0,11.36
S2_reappro_50,C101,CONCENTRES,Ngaoundere,Centre,2026-12-01,12,2026,15.78,15.72,15.85,315.7,36000.0,11364993.0,11.36
S3_reappro_100,C101,CONCENTRES,Ngaoundere,Centre,2026-12-01,12,2026,15.78,15.72,15.85,315.7,36000.0,11364993.0,11.36
S4_baisse_prix,C101,CONCENTRES,Ngaoundere,Centre,2026-12-01,12,2026,15.78,15.72,15.85,315.7,36000.0,11364993.0,11.36
S1_rupture,C101,CONCENTRES,Nkoabang,Centre,2026-12-01,12,2026,6.91,6.88,6.94,138.3,36000.0,4977059.0,4.98
S2_reappro_50,C101,CONCENTRES,Nkoabang,Centre,2026-12-01,12,2026,6.91,6.88,6.94,138.3,36000.0,4977059.0,4.98
S3_reappro_100,C101,CONCENTRES,Nkoabang,Centre,2026-12-01,12,2026,6.91,6.88,6.94,138.3,36000.0,4977059.0,4.98
S4_baisse_prix,C101,CONCENTRES,Nkoabang,Centre,2026-12-01,12,2026,6.91,6.88,6.94,138.3,36000.0,4977059.0,4.98
S1_rupture,C101,CONCENTRES,Nkolbisson,Centre,2026-12-01,12,2026,10.81,10.77,10.85,216.2,36000.0,7784631.0,7.78
S2_reappro_50,C101,CONCENTRES,Nkolbisson,Centre,2026-12-01,12,2026,10.81,10.77,10.85,216.2,36000.0,7784631.0,7.78
S3_reappro_100,C101,CONCENTRES,Nkolbisson,Centre,2026-12-01,12,2026,10.81,10.77,10.85,216.2,36000.0,7784631.0,7.78
S4_baisse_prix,C101,CONCENTRES,Nkolbisson,Centre,2026-12-01,12,2026,10.81,10.77,10.85,216.2,36000.0,7784631.0,7.78
S1_rupture,C102,CONCENTRES,Ahala,Centre,2026-12-01,12,2026,0.1,0.1,0.1,2.0,29500.0,58097.0,0.06
S2_reappro_50,C102,CONCENTRES,Ahala,Centre,2026-12-01,12,2026,0.1,0.1,0.1,2.0,29500.0,58097.0,0.06
S3_reappro_100,C102,CONCENTRES,Ahala,Centre,2026-12-01,12,2026,0.1,0.1,0.1,2.0,29500.0,58097.0,0.06
S4_baisse_prix,C102,CONCENTRES,Ahala,Centre,2026-12-01,12,2026,0.1,0.1,0.1,2.0,29500.0,58097.0,0.06
S1_rupture,C102,CONCENTRES,Bertoua,Centre,2026-12-01,12,2026,5.0,4.98,5.02,100.1,29500.0,2952790.0,2.95
S2_reappro_50,C102,CONCENTRES,Bertoua,Centre,2026-12-01,12,2026,5.0,4.98,5.02,100.1,29500.0,2952790.0,2.95
S3_reappro_100,C102,CONCENTRES,Bertoua,Centre,2026-12-01,12,2026,5.0,4.98,5.02,100.1,29500.0,2952790.0,2.95
S4_baisse_prix,C102,CONCENTRES,Bertoua,Centre,2026-12-01,12,2026,5.0,4.98,5.02,100.1,29500.0,2952790.0,2.95
S1_rupture,C102,CONCENTRES,Messassi,Centre,2026-12-01,12,2026,0.02,0.02,0.02,0.4,29500.0,11619.0,0.01
S2_reappro_50,C102,CONCENTRES,Messassi,Centre,2026-12-01,12,2026,0.02,0.02,0.02,0.4,29500.0,11619.0,0.01
S3_reappro_100,C102,CONCENTRES,Messassi,Centre,2026-12-01,12,2026,0.02,0.02,0.02,0.4,29500.0,11619.0,0.01
S4_baisse_prix,C102,CONCENTRES,Messassi,Centre,2026-12-01,12,2026,0.02,0.02,0.02,0.4,29500.0,11619.0,0.01
S1_rupture,C102,CONCENTRES,Ngaoundere,Centre,2026-12-01,12,2026,0.45,0.45,0.45,9.1,29500.0,267247.0,0.27
S2_reappro_50,C102,CONCENTRES,Ngaoundere,Centre,2026-12-01,12,2026,0.45,0.45,0.45,9.1,29500.0,267247.0,0.27
S3_reappro_100,C102,CONCENTRES,Ngaoundere,Centre,2026-12-01,12,2026,0.45,0.45,0.45,9.1,29500.0,267247.0,0.27
S4_baisse_prix,C102,CONCENTRES,Ngaoundere,Centre,2026-12-01,12,2026,0.45,0.45,0.45,9.1,29500.0,267247.0,0.27
S1_rupture,C103,CONCENTRES,Ahala,Centre,2026-12-01,12,2026,20.66,20.58,20.74,413.2,39500.0,16322531.0,16.32
S2_reappro_50,C103,CONCENTRES,Ahala,Centre,2026-12-01,12,2026,20.66,20.58,20.74,413.2,39500.0,16322531.0,16.32
S3_reappro_100,C103,CONCENTRES,Ahala,Centre,2026-12-01,12,2026,20.66,20.58,20.74,413.2,39500.0,16322531.0,16.32
S4_baisse_prix,C103,CONCENTRES,Ahala,Centre,2026-12-01,12,2026,20.66,20.58,20.74,413.2,39500.0,16322531.0,16.32
S1_rupture,C103,CONCENTRES,Bertoua,Centre,2026-12-01,12,2026,7.08,7.06,7.11,141.7,39500.0,5597074.0,5.6
S2_reappro_50,C103,CONCENTRES,Bertoua,Centre,2026-12-01,12,2026,7.08,7.06,7.11,141.7,39500.0,5597074.0,5.6
S3_reappro_100,C103,CONCENTRES,Bertoua,Centre,2026-12-01,12,2026,7.08,7.06,7.11,141.7,39500.0,5597074.0,5.6
S4_baisse_prix,C103,CONCENTRES,Bertoua,Centre,2026-12-01,12,2026,7.08,7.06,7.11,141.7,39500.0,5597074.0,5.6
S1_rupture,C103,CONCENTRES,Messassi,Centre,2026-12-01,12,2026,14.8,14.74,14.86,296.1,39500.0,11695901.0,11.7
S2_reappro_50,C103,CONCENTRES,Messassi,Centre,2026-12-01,12,2026,14.8,14.74,14.86,296.1,39500.0,11695901.0,11.7
S3_reappro_100,C103,CONCENTRES,Messassi,Centre,2026-12-01,12,2026,14.8,14.74,14.86,296.1,39500.0,11695901.0,11.7
S4_baisse_prix,C103,CONCENTRES,Messassi,Centre,2026-12-01,12,2026,14.8,14.74,14.86,296.1,39500.0,11695901.0,11.7
S1_rupture,C103,CONCENTRES,Ngaoundere,Centre,2026-12-01,12,2026,8.45,8.41,8.48,169.0,39500.0,6674482.0,6.67
S2_reappro_50,C103,CONCENTRES,Ngaoundere,Centre,2026-12-01,12,2026,8.45,8.41,8.48,169.0,39500.0,6674482.0,6.67
S3_reappro_100,C103,CONCENTRES,Ngaoundere,Centre,2026-12-01,12,2026,8.45,8.41,8.48,169.0,39500.0,6674482.0,6.67
S4_baisse_prix,C103,CONCENTRES,Ngaoundere,Centre,2026-12-01,12,2026,8.45,8.41,8.48,169.0,39500.0,6674482.0,6.67
S1_rupture,C103,CONCENTRES,Nkoabang,Centre,2026-12-01,12,2026,10.39,10.34,10.43,207.7,39500.0,8205023.0,8.21
S2_reappro_50,C103,CONCENTRES,Nkoabang,Centre,2026-12-01,12,2026,10.39,10.34,10.43,207.7,39500.0,8205023.0,8.21
S3_reappro_100,C103,CONCENTRES,Nkoabang,Centre,2026-12-01,12,2026,10.39,10.34,10.43,207.7,39500.0,8205023.0,8.21
S4_baisse_prix,C103,CONCENTRES,Nkoabang,Centre,2026-12-01,12,2026,10.39,10.34,10.43,207.7,39500.0,8205023.0,8.21
S1_rupture,C103,CONCENTRES,Nkolbisson,Centre,2026-12-01,12,2026,5.46,5.44,5.48,109.2,39500.0,4313520.0,4.31
S2_reappro_50,C103,CONCENTRES,Nkolbisson,Centre,2026-12-01,12,2026,5.46,5.44,5.48,109.2,39500.0,4313520.0,4.31
S3_reappro_100,C103,CONCENTRES,Nkolbisson,Centre,2026-12-01,12,2026,5.46,5.44,5.48,109.2,39500.0,4313520.0,4.31
S4_baisse_prix,C103,CONCENTRES,Nkolbisson,Centre,2026-12-01,12,2026,5.46,5.44,5.48,109.2,39500.0,4313520.0,4.31
S1_rupture,C104,CONCENTRES,Ahala,Centre,2026-12-01,12,2026,43.53,43.35,43.69,870.5,32100.0,27943772.0,27.94
S2_reappro_50,C104,CONCENTRES,Ahala,Centre,2026-12-01,12,2026,43.53,43.35,43.69,870.5,32100.0,27943772.0,27.94
S3_reappro_100,C104,CONCENTRES,Ahala,Centre,2026-12-01,12,2026,43.53,43.35,43.69,870.5,32100.0,27943772.0,27.94
S4_baisse_prix,C104,CONCENTRES,Ahala,Centre,2026-12-01,12,2026,43.53,43.35,43.69,870.5,32100.0,27943772.0,27.94
S1_rupture,C104,CONCENTRES,Bertoua,Centre,2026-12-01,12,2026,44.62,44.44,44.8,892.5,32100.0,28648648.0,28.65
S2_reappro_50,C104,CONCENTRES,Bertoua,Centre,2026-12-01,12,2026,44.62,44.44,44.8,892.5,32100.0,28648648.0,28.65
S3_reappro_100,C104,CONCENTRES,Bertoua,Centre,2026-12-01,12,2026,44.62,44.44,44.8,892.5,32100.0,28648648.0,28.65
S4_baisse_prix,C104,CONCENTRES,Bertoua,Centre,2026-12-01,12,2026,44.62,44.44,44.8,892.5,32100.0,28648648.0,28.65
S1_rupture,C104,CONCENTRES,Messassi,Centre,2026-12-01,12,2026,100.56,100.15,100.95,2011.2,32100.0,64561002.0,64.56
S2_reappro_50,C104,CONCENTRES,Messassi,Centre,2026-12-01,12,2026,100.56,100.15,100.95,2011.2,32100.0,64561002.0,64.56
S3_reappro_100,C104,CONCENTRES,Messassi,Centre,2026-12-01,12,2026,100.56,100.15,100.95,2011.2,32100.0,64561002.0,64.56
S4_baisse_prix,C104,CONCENTRES,Messassi,Centre,2026-12-01,12,2026,100.56,100.15,100.95,2011.2,32100.0,64561002.0,64.56
S1_rupture,C104,CONCENTRES,Ngaoundere,Centre,2026-12-01,12,2026,15.62,15.56,15.68,312.4,32100.0,10029477.0,10.03
S2_reappro_50,C104,CONCENTRES,Ngaoundere,Centre,2026-12-01,12,2026,15.62,15.56,15.68,312.4,32100.0,10029477.0,10.03
S3_reappro_100,C104,CONCENTRES,Ngaoundere,Centre,2026-12-01,12,2026,15.62,15.56,15.68,312.4,32100.0,10029477.0,10.03
S4_baisse_prix,C104,CONCENTRES,Ngaoundere,Centre,2026-12-01,12,2026,15.62,15.56,15.68,312.4,32100.0,10029477.0,10.03
S1_rupture,C104,CONCENTRES,Nkoabang,Centre,2026-12-01,12,2026,23.99,23.9,24.09,479.9,32100.0,15404555.0,15.4
S2_reappro_50,C104,CONCENTRES,Nkoabang,Centre,2026-12-01,12,2026,23.99,23.9,24.09,479.9,32100.0,15404555.0,15.4
S3_reappro_100,C104,CONCENTRES,Nkoabang,Centre,2026-12-01,12,2026,23.99,23.9,24.09,479.9,32100.0,15404555.0,15.4
S4_baisse_prix,C104,CONCENTRES,Nkoabang,Centre,2026-12-01,12,2026,23.99,23.9,24.09,479.9,32100.0,15404555.0,15.4
S1_rupture,C104,CONCENTRES,Nkolbisson,Centre,2026-12-01,12,2026,16.91,16.84,16.97,338.2,32100.0,10856047.0,10.86
S2_reappro_50,C104,CONCENTRES,Nkolbisson,Centre,2026-12-01,12,2026,16.91,16.84,16.97,338.2,32100.0,10856047.0,10.86
S3_reappro_100,C104,CONCENTRES,Nkolbisson,Centre,2026-12-01,12,2026,16.91,16.84,16.97,338.2,32100.0,10856047.0,10.86
S4_baisse_prix,C104,CONCENTRES,Nkolbisson,Centre,2026-12-01,12,2026,16.91,16.84,16.97,338.2,32100.0,10856047.0,10.86
S1_rupture,C1043,CONCENTRES,Ahala,Centre,2026-12-01,12,2026,0.02,0.02,0.02,0.3,36490.0,12217.0,0.01
S2_reappro_50,C1043,CONCENTRES,Ahala,Centre,2026-12-01,12,2026,0.02,0.02,0.02,0.3,36490.0,12217.0,0.01
S3_reappro_100,C1043,CONCENTRES,Ahala,Centre,2026-12-01,12,2026,0.02,0.02,0.02,0.3,36490.0,12217.0,0.01
S4_baisse_prix,C1043,CONCENTRES,Ahala,Centre,2026-12-01,12,2026,0.02,0.02,0.02,0.3,36490.0,12217.0,0.01
S1_rupture,C1043,CONCENTRES,Bertoua,Centre,2026-12-01,12,2026,0.07,0.07,0.07,1.3,36490.0,49047.0,0.05
S2_reappro_50,C1043,CONCENTRES,Bertoua,Centre,2026-12-01,12,2026,0.07,0.07,0.07,1.3,36490.0,49047.0,0.05
S3_reappro_100,C1043,CONCENTRES,Bertoua,Centre,2026-12-01,12,2026,0.07,0.07,0.07,1.3,36490.0,49047.0,0.05
S4_baisse_prix,C1043,CONCENTRES,Bertoua,Centre,2026-12-01,12,2026,0.07,0.07,0.07,1.3,36490.0,49047.0,0.05
S1_rupture,C1043,CONCENTRES,Messassi,Centre,2026-12-01,12,2026,0.0,0.0,0.0,0.1,36490.0,1976.0,0.0
S2_reappro_50,C1043,CONCENTRES,Messassi,Centre,2026-12-01,12,2026,0.0,0.0,0.0,0.1,36490.0,1976.0,0.0
S3_reappro_100,C1043,CONCENTRES,Messassi,Centre,2026-12-01,12,2026,0.0,0.0,0.0,0.1,36490.0,1976.0,0.0
S4_baisse_prix,C1043,CONCENTRES,Messassi,Centre,2026-12-01,12,2026,0.0,0.0,0.0,0.1,36490.0,1976.0,0.0
S1_rupture,C1043,CONCENTRES,Ngaoundere,Centre,2026-12-01,12,2026,0.05,0.05,0.05,0.9,36490.0,33057.0,0.03
S2_reappro_50,C1043,CONCENTRES,Ngaoundere,Centre,2026-12-01,12,2026,0.05,0.05,0.05,0.9,36490.0,33057.0,0.03
S3_reappro_100,C1043,CONCENTRES,Ngaoundere,Centre,2026-12-01,12,2026,0.05,0.05,0.05,0.9,36490.0,33057.0,0.03
S4_baisse_prix,C1043,CONCENTRES,Ngaoundere,Centre,2026-12-01,12,2026,0.05,0.05,0.05,0.9,36490.0,33057.0,0.03
S1_rupture,C1043,CONCENTRES,Nkoabang,Centre,2026-12-01,12,2026,0.0,0.0,0.0,0.1,36490.0,2156.0,0.0
S2_reappro_50,C1043,CONCENTRES,Nkoabang,Centre,2026-12-01,12,2026,0.0,0.0,0.0,0.1,36490.0,2156.0,0.0
S3_reappro_100,C1043,CONCENTRES,Nkoabang,Centre,2026-12-01,12,2026,0.0,0.0,0.0,0.1,36490.0,2156.0,0.0
S4_baisse_prix,C1043,CONCENTRES,Nkoabang,Centre,2026-12-01,12,2026,0.0,0.0,0.0,0.1,36490.0,2156.0,0.0
S1_rupture,C1043,CONCENTRES,Nkolbisson,Centre,2026-12-01,12,2026,0.01,0.01,0.01,0.2,36490.0,6108.0,0.01
S2_reappro_50,C1043,CONCENTRES,Nkolbisson,Centre,2026-12-01,12,2026,0.01,0.01,0.01,0.2,36490.0,6108.0,0.01
S3_reappro_100,C1043,CONCENTRES,Nkolbisson,Centre,2026-12-01,12,2026,0.01,0.01,0.01,0.2,36490.0,6108.0,0.01
S4_baisse_prix,C1043,CONCENTRES,Nkolbisson,Centre,2026-12-01,12,2026,0.01,0.01,0.01,0.2,36490.0,6108.0,0.01
S1_rupture,C1044,CONCENTRES,Ahala,Centre,2026-12-01,12,2026,0.01,0.01,0.01,0.1,32900.0,4859.0,0.0
S2_reappro_50,C1044,CONCENTRES,Ahala,Centre,2026-12-01,12,2026,0.01,0.01,0.01,0.1,32900.0,4859.0,0.0
S3_reappro_100,C1044,CONCENTRES,Ahala,Centre,2026-12-01,12,2026,0.01,0.01,0.01,0.1,32900.0,4859.0,0.0
S4_baisse_prix,C1044,CONCENTRES,Ahala,Centre,2026-12-01,12,2026,0.01,0.01,0.01,0.1,32900.0,4859.0,0.0
S1_rupture,C1044,CONCENTRES,Messassi,Centre,2026-12-01,12,2026,0.14,0.14,0.14,2.9,32900.0,94760.0,0.09
S2_reappro_50,C1044,CONCENTRES,Messassi,Centre,2026-12-01,12,2026,0.14,0.14,0.14,2.9,32900.0,94760.0,0.09
S3_reappro_100,C1044,CONCENTRES,Messassi,Centre,2026-12-01,12,2026,0.14,0.14,0.14,2.9,32900.0,94760.0,0.09
S4_baisse_prix,C1044,CONCENTRES,Messassi,Centre,2026-12-01,12,2026,0.14,0.14,0.14,2.9,32900.0,94760.0,0.09
S1_rupture,C1044,CONCENTRES,Ngaoundere,Centre,2026-12-01,12,2026,0.05,0.05,0.05,1.0,32900.0,32397.0,0.03
S2_reappro_50,C1044,CONCENTRES,Ngaoundere,Centre,2026-12-01,12,2026,0.05,0.05,0.05,1.0,32900.0,32397.0,0.03
S3_reappro_100,C1044,CONCENTRES,Ngaoundere,Centre,2026-12-01,12,2026,0.05,0.05,0.05,1.0,32900.0,32397.0,0.03
S4_baisse_prix,C1044,CONCENTRES,Ngaoundere,Centre,2026-12-01,12,2026,0.05,0.05,0.05,1.0,32900.0,32397.0,0.03
S1_rupture,C1044,CONCENTRES,Nkoabang,Centre,2026-12-01,12,2026,0.0,0.0,0.0,0.1,32900.0,2430.0,0.0
S2_reappro_50,C1044,CONCENTRES,Nkoabang,Centre,2026-12-01,12,2026,0.0,0.0,0.0,0.1,32900.0,2430.0,0.0
S3_reappro_100,C1044,CONCENTRES,Nkoabang,Centre,2026-12-01,12,2026,0.0,0.0,0.0,0.1,32900.0,2430.0,0.0
S4_baisse_prix,C1044,CONCENTRES,Nkoabang,Centre,2026-12-01,12,2026,0.0,0.0,0.0,0.1,32900.0,2430.0,0.0
S1_rupture,C1044,CONCENTRES,Nkolbisson,Centre,2026-12-01,12,2026,0.03,0.03,0.03,0.6,32900.0,20248.0,0.02
S2_reappro_50,C1044,CONCENTRES,Nkolbisson,Centre,2026-12-01,12,2026,0.03,0.03,0.03,0.6,32900.0,20248.0,0.02
S3_reappro_100,C1044,CONCENTRES,Nkolbisson,Centre,2026-12-01,12,2026,0.03,0.03,0.03,0.6,32900.0,20248.0,0.02
S4_baisse_prix,C1044,CONCENTRES,Nkolbisson,Centre,2026-12-01,12,2026,0.03,0.03,0.03,0.6,32900.0,20248.0,0.02
S1_rupture,C105,CONCENTRES,Ahala,Centre,2026-12-01,12,2026,15.14,15.08,15.2,302.9,27500.0,8329563.0,8.33
S2_reappro_50,C105,CONCENTRES,Ahala,Centre,2026-12-01,12,2026,15.14,15.08,15.2,302.9,27500.0,8329563.0,8.33
S3_reappro_100,C105,CONCENTRES,Ahala,Centre,2026-12-01,12,2026,15.14,15.08,15.2,302.9,27500.0,8329563.0,8.33
S4_baisse_prix,C105,CONCENTRES,Ahala,Centre,2026-12-01,12,2026,15.14,15.08,15.2,302.9,27500.0,8329563.0,8.33
S1_rupture,C105,CONCENTRES,Bertoua,Centre,2026-12-01,12,2026,7.83,7.8,7.86,156.6,27500.0,4306947.0,4.31
S2_reappro_50,C105,CONCENTRES,Bertoua,Centre,2026-12-01,12,2026,7.83,7.8,7.86,156.6,27500.0,4306947.0,4.31
S3_reappro_100,C105,CONCENTRES,Bertoua,Centre,2026-12-01,12,2026,7.83,7.8,7.86,156.6,27500.0,4306947.0,4.31
S4_baisse_prix,C105,CONCENTRES,Bertoua,Centre,2026-12-01,12,2026,7.83,7.8,7.86,156.6,27500.0,4306947.0,4.31
S1_rupture,C105,CONCENTRES,Messassi,Centre,2026-12-01,12,2026,11.7,11.66,11.75,234.1,27500.0,6436726.0,6.44
S2_reappro_50,C105,CONCENTRES,Messassi,Centre,2026-12-01,12,2026,11.7,11.66,11.75,234.1,27500.0,6436726.0,6.44
S3_reappro_100,C105,CONCENTRES,Messassi,Centre,2026-12-01,12,2026,11.7,11.66,11.75,234.1,27500.0,6436726.0,6.44
S4_baisse_prix,C105,CONCENTRES,Messassi,Centre,2026-12-01,12,2026,11.7,11.66,11.75,234.1,27500.0,6436726.0,6.44
S1_rupture,C105,CONCENTRES,Ngaoundere,Centre,2026-12-01,12,2026,1.76,1.75,1.77,35.2,27500.0,968081.0,0.97
S2_reappro_50,C105,CONCENTRES,Ngaoundere,Centre,2026-12-01,12,2026,1.76,1.75,1.77,35.2,27500.0,968081.0,0.97
S3_reappro_100,C105,CONCENTRES,Ngaoundere,Centre,2026-12-01,12,2026,1.76,1.75,1.77,35.2,27500.0,968081.0,0.97
S4_baisse_prix,C105,CONCENTRES,Ngaoundere,Centre,2026-12-01,12,2026,1.76,1.75,1.77,35.2,27500.0,968081.0,0.97
S1_rupture,C105,CONCENTRES,Nkoabang,Centre,2026-12-01,12,2026,3.23,3.22,3.24,64.6,27500.0,1777750.0,1.78
S2_reappro_50,C105,CONCENTRES,Nkoabang,Centre,2026-12-01,12,2026,3.23,3.22,3.24,64.6,27500.0,1777750.0,1.78
S3_reappro_100,C105,CONCENTRES,Nkoabang,Centre,2026-12-01,12,2026,3.23,3.22,3.24,64.6,27500.0,1777750.0,1.78
S4_baisse_prix,C105,CONCENTRES,Nkoabang,Centre,2026-12-01,12,2026,3.23,3.22,3.24,64.6,27500.0,1777750.0,1.78
S1_rupture,C105,CONCENTRES,Nkolbisson,Centre,2026-12-01,12,2026,3.15,3.14,3.16,63.0,27500.0,1731715.0,1.73
S2_reappro_50,C105,CONCENTRES,Nkolbisson,Centre,2026-12-01,12,2026,3.15,3.14,3.16,63.0,27500.0,1731715.0,1.73
S3_reappro_100,C105,CONCENTRES,Nkolbisson,Centre,2026-12-01,12,2026,3.15,3.14,3.16,63.0,27500.0,1731715.0,1.73
S4_baisse_prix,C105,CONCENTRES,Nkolbisson,Centre,2026-12-01,12,2026,3.15,3.14,3.16,63.0,27500.0,1731715.0,1.73
S1_rupture,C1053,CONCENTRES,Messassi,Centre,2026-12-01,12,2026,0.02,0.02,0.02,0.4,32000.0,11501.0,0.01
S2_reappro_50,C1053,CONCENTRES,Messassi,Centre,2026-12-01,12,2026,0.02,0.02,0.02,0.4,32000.0,11501.0,0.01
S3_reappro_100,C1053,CONCENTRES,Messassi,Centre,2026-12-01,12,2026,0.02,0.02,0.02,0.4,32000.0,11501.0,0.01
S4_baisse_prix,C1053,CONCENTRES,Messassi,Centre,2026-12-01,12,2026,0.02,0.02,0.02,0.4,32000.0,11501.0,0.01
S1_rupture,C1053,CONCENTRES,Ngaoundere,Centre,2026-12-01,12,2026,0.0,0.0,0.0,0.0,32000.0,158.0,0.0
S2_reappro_50,C1053,CONCENTRES,Ngaoundere,Centre,2026-12-01,12,2026,0.0,0.0,0.0,0.0,32000.0,158.0,0.0
S3_reappro_100,C1053,CONCENTRES,Ngaoundere,Centre,2026-12-01,12,2026,0.0,0.0,0.0,0.0,32000.0,158.0,0.0
S4_baisse_prix,C1053,CONCENTRES,Ngaoundere,Centre,2026-12-01,12,2026,0.0,0.0,0.0,0.0,32000.0,158.0,0.0
S1_rupture,C1054,CONCENTRES,Ahala,Centre,2026-12-01,12,2026,0.0,0.0,0.0,0.0,29500.0,871.0,0.0
S2_reappro_50,C1054,CONCENTRES,Ahala,Centre,2026-12-01,12,2026,0.0,0.0,0.0,0.0,29500.0,871.0,0.0
S3_reappro_100,C1054,CONCENTRES,Ahala,Centre,2026-12-01,12,2026,0.0,0.0,0.0,0.0,29500.0,871.0,0.0
S4_baisse_prix,C1054,CONCENTRES,Ahala,Centre,2026-12-01,12,2026,0.0,0.0,0.0,0.0,29500.0,871.0,0.0
S1_rupture,C1054,CONCENTRES,Bertoua,Centre,2026-12-01,12,2026,0.05,0.05,0.05,1.0,29500.0,28032.0,0.03
S2_reappro_50,C1054,CONCENTRES,Bertoua,Centre,2026-12-01,12,2026,0.05,0.05,0.05,1.0,29500.0,28032.0,0.03
S3_reappro_100,C1054,CONCENTRES,Bertoua,Centre,2026-12-01,12,2026,0.05,0.05,0.05,1.0,29500.0,28032.0,0.03
S4_baisse_prix,C1054,CONCENTRES,Bertoua,Centre,2026-12-01,12,2026,0.05,0.05,0.05,1.0,29500.0,28032.0,0.03
S1_rupture,C1054,CONCENTRES,Messassi,Centre,2026-12-01,12,2026,0.02,0.02,0.02,0.3,29500.0,10167.0,0.01
S2_reappro_50,C1054,CONCENTRES,Messassi,Centre,2026-12-01,12,2026,0.02,0.02,0.02,0.3,29500.0,10167.0,0.01
S3_reappro_100,C1054,CONCENTRES,Messassi,Centre,2026-12-01,12,2026,0.02,0.02,0.02,0.3,29500.0,10167.0,0.01
S4_baisse_prix,C1054,CONCENTRES,Messassi,Centre,2026-12-01,12,2026,0.02,0.02,0.02,0.3,29500.0,10167.0,0.01
S1_rupture,C1054,CONCENTRES,Ngaoundere,Centre,2026-12-01,12,2026,0.0,0.0,0.0,0.0,29500.0,726.0,0.0
S2_reappro_50,C1054,CONCENTRES,Ngaoundere,Centre,2026-12-01,12,2026,0.0,0.0,0.0,0.0,29500.0,726.0,0.0
S3_reappro_100,C1054,CONCENTRES,Ngaoundere,Centre,2026-12-01,12,2026,0.0,0.0,0.0,0.0,29500.0,726.0,0.0
S4_baisse_prix,C1054,CONCENTRES,Ngaoundere,Centre,2026-12-01,12,2026,0.0,0.0,0.0,0.0,29500.0,726.0,0.0
S1_rupture,C1054,CONCENTRES,Nkoabang,Centre,2026-12-01,12,2026,0.0,0.0,0.0,0.0,29500.0,581.0,0.0
S2_reappro_50,C1054,CONCENTRES,Nkoabang,Centre,2026-12-01,12,2026,0.0,0.0,0.0,0.0,29500.0,581.0,0.0
S3_reappro_100,C1054,CONCENTRES,Nkoabang,Centre,2026-12-01,12,2026,0.0,0.0,0.0,0.0,29500.0,581.0,0.0
S4_baisse_prix,C1054,CONCENTRES,Nkoabang,Centre,2026-12-01,12,2026,0.0,0.0,0.0,0.0,29500.0,581.0,0.0
S1_rupture,C1054,CONCENTRES,Nkolbisson,Centre,2026-12-01,12,2026,0.0,0.0,0.0,0.1,29500.0,2179.0,0.0
S2_reappro_50,C1054,CONCENTRES,Nkolbisson,Centre,2026-12-01,12,2026,0.0,0.0,0.0,0.1,29500.0,2179.0,0.0
S3_reappro_100,C1054,CONCENTRES,Nkolbisson,Centre,2026-12-01,12,2026,0.0,0.0,0.0,0.1,29500.0,2179.0,0.0
S4_baisse_prix,C1054,CONCENTRES,Nkolbisson,Centre,2026-12-01,12,2026,0.0,0.0,0.0,0.1,29500.0,2179.0,0.0
S1_rupture,C1055,CONCENTRES,Messassi,Centre,2026-12-01,12,2026,0.01,0.01,0.01,0.2,28500.0,5613.0,0.01
S2_reappro_50,C1055,CONCENTRES,Messassi,Centre,2026-12-01,12,2026,0.01,0.01,0.01,0.2,28500.0,5613.0,0.01
S3_reappro_100,C1055,CONCENTRES,Messassi,Centre,2026-12-01,12,2026,0.01,0.01,0.01,0.2,28500.0,5613.0,0.01
S4_baisse_prix,C1055,CONCENTRES,Messassi,Centre,2026-12-01,12,2026,0.01,0.01,0.01,0.2,28500.0,5613.0,0.01
S1_rupture,C1055,CONCENTRES,Ngaoundere,Centre,2026-12-01,12,2026,0.01,0.01,0.01,0.3,28500.0,7718.0,0.01
S2_reappro_50,C1055,CONCENTRES,Ngaoundere,Centre,2026-12-01,12,2026,0.01,0.01,0.01,0.3,28500.0,7718.0,0.01
S3_reappro_100,C1055,CONCENTRES,Ngaoundere,Centre,2026-12-01,12,2026,0.01,0.01,0.01,0.3,28500.0,7718.0,0.01
S4_baisse_prix,C1055,CONCENTRES,Ngaoundere,Centre,2026-12-01,12,2026,0.01,0.01,0.01,0.3,28500.0,7718.0,0.01
S1_rupture,C1055,CONCENTRES,Nkoabang,Centre,2026-12-01,12,2026,0.0,0.0,0.0,0.0,28500.0,702.0,0.0
S2_reappro_50,C1055,CONCENTRES,Nkoabang,Centre,2026-12-01,12,2026,0.0,0.0,0.0,0.0,28500.0,702.0,0.0
S3_reappro_100,C1055,CONCENTRES,Nkoabang,Centre,2026-12-01,12,2026,0.0,0.0,0.0,0.0,28500.0,702.0,0.0
S4_baisse_prix,C1055,CONCENTRES,Nkoabang,Centre,2026-12-01,12,2026,0.0,0.0,0.0,0.0,28500.0,702.0,0.0
S1_rupture,C1055,CONCENTRES,Nkolbisson,Centre,2026-12-01,12,2026,0.01,0.01,0.01,0.1,28500.0,4210.0,0.0
S2_reappro_50,C1055,CONCENTRES,Nkolbisson,Centre,2026-12-01,12,2026,0.01,0.01,0.01,0.1,28500.0,4210.0,0.0
S3_reappro_100,C1055,CONCENTRES,Nkolbisson,Centre,2026-12-01,12,2026,0.01,0.01,0.01,0.1,28500.0,4210.0,0.0
S4_baisse_prix,C1055,CONCENTRES,Nkolbisson,Centre,2026-12-01,12,2026,0.01,0.01,0.01,0.1,28500.0,4210.0,0.0
S1_rupture,C101,CONCENTRES,Buea,Littoral,2026-09-01,9,2026,0.77,0.77,0.77,15.5,36000.0,557553.0,0.56
S2_reappro_50,C101,CONCENTRES,Buea,Littoral,2026-09-01,9,2026,0.77,0.77,0.77,15.5,36000.0,557553.0,0.56
S3_reappro_100,C101,CONCENTRES,Buea,Littoral,2026-09-01,9,2026,0.77,0.77,0.77,15.5,36000.0,557553.0,0.56
S4_baisse_prix,C101,CONCENTRES,Buea,Littoral,2026-09-01,9,2026,0.77,0.77,0.77,15.5,36000.0,557553.0,0.56
S1_rupture,C101,CONCENTRES,Ndobo,Littoral,2026-09-01,9,2026,4.0,4.0,4.0,80.0,36000.0,2881288.0,2.88
S2_reappro_50,C101,CONCENTRES,Ndobo,Littoral,2026-09-01,9,2026,4.0,4.0,4.0,80.0,36000.0,2881288.0,2.88
S3_reappro_100,C101,CONCENTRES,Ndobo,Littoral,2026-09-01,9,2026,4.0,4.0,4.0,80.0,36000.0,2881288.0,2.88
S4_baisse_prix,C101,CONCENTRES,Ndobo,Littoral,2026-09-01,9,2026,4.0,4.0,4.0,80.0,36000.0,2881288.0,2.88
S1_rupture,C101,CONCENTRES,Nkongsamba,Littoral,2026-09-01,9,2026,1.01,1.01,1.01,20.2,36000.0,726747.0,0.73
S2_reappro_50,C101,CONCENTRES,Nkongsamba,Littoral,2026-09-01,9,2026,1.01,1.01,1.01,20.2,36000.0,726747.0,0.73
S3_reappro_100,C101,CONCENTRES,Nkongsamba,Littoral,2026-09-01,9,2026,1.01,1.01,1.01,20.2,36000.0,726747.0,0.73
S4_baisse_prix,C101,CONCENTRES,Nkongsamba,Littoral,2026-09-01,9,2026,1.01,1.01,1.01,20.2,36000.0,726747.0,0.73
S1_rupture,C101,CONCENTRES,Pk11,Littoral,2026-09-01,9,2026,0.07,0.07,0.07,1.4,36000.0,52114.0,0.05
S2_reappro_50,C101,CONCENTRES,Pk11,Littoral,2026-09-01,9,2026,0.07,0.07,0.07,1.4,36000.0,52114.0,0.05
S3_reappro_100,C101,CONCENTRES,Pk11,Littoral,2026-09-01,9,2026,0.07,0.07,0.07,1.4,36000.0,52114.0,0.05
S4_baisse_prix,C101,CONCENTRES,Pk11,Littoral,2026-09-01,9,2026,0.07,0.07,0.07,1.4,36000.0,52114.0,0.05
S1_rupture,C101,CONCENTRES,Village,Littoral,2026-09-01,9,2026,0.98,0.98,0.98,19.6,36000.0,704616.0,0.7
S2_reappro_50,C101,CONCENTRES,Village,Littoral,2026-09-01,9,2026,0.98,0.98,0.98,19.6,36000.0,704616.0,0.7
S3_reappro_100,C101,CONCENTRES,Village,Littoral,2026-09-01,9,2026,0.98,0.98,0.98,19.6,36000.0,704616.0,0.7
S4_baisse_prix,C101,CONCENTRES,Village,Littoral,2026-09-01,9,2026,0.98,0.98,0.98,19.6,36000.0,704616.0,0.7
S1_rupture,C102,CONCENTRES,Ndobo,Littoral,2026-09-01,9,2026,0.3,0.3,0.3,6.0,29500.0,178425.0,0.18
S2_reappro_50,C102,CONCENTRES,Ndobo,Littoral,2026-09-01,9,2026,0.3,0.3,0.3,6.0,29500.0,178425.0,0.18
S3_reappro_100,C102,CONCENTRES,Ndobo,Littoral,2026-09-01,9,2026,0.3,0.3,0.3,6.0,29500.0,178425.0,0.18
S4_baisse_prix,C102,CONCENTRES,Ndobo,Littoral,2026-09-01,9,2026,0.3,0.3,0.3,6.0,29500.0,178425.0,0.18
S1_rupture,C102,CONCENTRES,Pk11,Littoral,2026-09-01,9,2026,0.12,0.12,0.12,2.5,29500.0,73125.0,0.07
S2_reappro_50,C102,CONCENTRES,Pk11,Littoral,2026-09-01,9,2026,0.12,0.12,0.12,2.5,29500.0,73125.0,0.07
S3_reappro_100,C102,CONCENTRES,Pk11,Littoral,2026-09-01,9,2026,0.12,0.12,0.12,2.5,29500.0,73125.0,0.07
S4_baisse_prix,C102,CONCENTRES,Pk11,Littoral,2026-09-01,9,2026,0.12,0.12,0.12,2.5,29500.0,73125.0,0.07
S1_rupture,C102,CONCENTRES,Village,Littoral,2026-09-01,9,2026,0.37,0.37,0.37,7.5,29500.0,220545.0,0.22
S2_reappro_50,C102,CONCENTRES,Village,Littoral,2026-09-01,9,2026,0.37,0.37,0.37,7.5,29500.0,220545.0,0.22
S3_reappro_100,C102,CONCENTRES,Village,Littoral,2026-09-01,9,2026,0.37,0.37,0.37,7.5,29500.0,220545.0,0.22
S4_baisse_prix,C102,CONCENTRES,Village,Littoral,2026-09-01,9,2026,0.37,0.37,0.37,7.5,29500.0,220545.0,0.22
S1_rupture,C103,CONCENTRES,Buea,Littoral,2026-09-01,9,2026,2.08,2.08,2.08,41.7,39500.0,1645721.0,1.65
S2_reappro_50,C103,CONCENTRES,Buea,Littoral,2026-09-01,9,2026,2.08,2.08,2.08,41.7,39500.0,1645721.0,1.65
S3_reappro_100,C103,CONCENTRES,Buea,Littoral,2026-09-01,9,2026,2.08,2.08,2.08,41.7,39500.0,1645721.0,1.65
S4_baisse_prix,C103,CONCENTRES,Buea,Littoral,2026-09-01,9,2026,2.08,2.08,2.08,41.7,39500.0,1645721.0,1.65
S1_rupture,C103,CONCENTRES,Ndobo,Littoral,2026-09-01,9,2026,4.45,4.45,4.46,89.1,39500.0,3519383.0,3.52
S2_reappro_50,C103,CONCENTRES,Ndobo,Littoral,2026-09-01,9,2026,4.45,4.45,4.46,89.1,39500.0,3519383.0,3.52
S3_reappro_100,C103,CONCENTRES,Ndobo,Littoral,2026-09-01,9,2026,4.45,4.45,4.46,89.1,39500.0,3519383.0,3.52
S4_baisse_prix,C103,CONCENTRES,Ndobo,Littoral,2026-09-01,9,2026,4.45,4.45,4.46,89.1,39500.0,3519383.0,3.52
S1_rupture,C103,CONCENTRES,Nkongsamba,Littoral,2026-09-01,9,2026,0.75,0.75,0.75,14.9,39500.0,589828.0,0.59
S2_reappro_50,C103,CONCENTRES,Nkongsamba,Littoral,2026-09-01,9,2026,0.75,0.75,0.75,14.9,39500.0,589828.0,0.59
S3_reappro_100,C103,CONCENTRES,Nkongsamba,Littoral,2026-09-01,9,2026,0.75,0.75,0.75,14.9,39500.0,589828.0,0.59
S4_baisse_prix,C103,CONCENTRES,Nkongsamba,Littoral,2026-09-01,9,2026,0.75,0.75,0.75,14.9,39500.0,589828.0,0.59
S1_rupture,C103,CONCENTRES,Pk11,Littoral,2026-09-01,9,2026,0.48,0.48,0.48,9.5,39500.0,376769.0,0.38
S2_reappro_50,C103,CONCENTRES,Pk11,Littoral,2026-09-01,9,2026,0.48,0.48,0.48,9.5,39500.0,376769.0,0.38
S3_reappro_100,C103,CONCENTRES,Pk11,Littoral,2026-09-01,9,2026,0.48,0.48,0.48,9.5,39500.0,376769.0,0.38
S4_baisse_prix,C103,CONCENTRES,Pk11,Littoral,2026-09-01,9,2026,0.48,0.48,0.48,9.5,39500.0,376769.0,0.38
S1_rupture,C103,CONCENTRES,Village,Littoral,2026-09-01,9,2026,1.49,1.49,1.49,29.9,39500.0,1180438.0,1.18
S2_reappro_50,C103,CONCENTRES,Village,Littoral,2026-09-01,9,2026,1.49,1.49,1.49,29.9,39500.0,1180438.0,1.18
S3_reappro_100,C103,CONCENTRES,Village,Littoral,2026-09-01,9,2026,1.49,1.49,1.49,29.9,39500.0,1180438.0,1.18
S4_baisse_prix,C103,CONCENTRES,Village,Littoral,2026-09-01,9,2026,1.49,1.49,1.49,29.9,39500.0,1180438.0,1.18
S1_rupture,C104,CONCENTRES,Buea,Littoral,2026-09-01,9,2026,18.83,18.83,18.83,376.6,32100.0,12088874.0,12.09
S2_reappro_50,C104,CONCENTRES,Buea,Littoral,2026-09-01,9,2026,18.83,18.83,18.83,376.6,32100.0,12088874.0,12.09
S3_reappro_100,C104,CONCENTRES,Buea,Littoral,2026-09-01,9,2026,18.83,18.83,18.83,376.6,32100.0,12088874.0,12.09
S4_baisse_prix,C104,CONCENTRES,Buea,Littoral,2026-09-01,9,2026,18.83,18.83,18.83,376.6,32100.0,12088874.0,12.09
S1_rupture,C104,CONCENTRES,Ndobo,Littoral,2026-09-01,9,2026,46.54,46.53,46.55,930.9,32100.0,29881307.0,29.88
S2_reappro_50,C104,CONCENTRES,Ndobo,Littoral,2026-09-01,9,2026,46.54,46.53,46.55,930.9,32100.0,29881307.0,29.88
S3_reappro_100,C104,CONCENTRES,Ndobo,Littoral,2026-09-01,9,2026,46.54,46.53,46.55,930.9,32100.0,29881307.0,29.88
S4_baisse_prix,C104,CONCENTRES,Ndobo,Littoral,2026-09-01,9,2026,46.54,46.53,46.55,930.9,32100.0,29881307.0,29.88
S1_rupture,C104,CONCENTRES,Nkongsamba,Littoral,2026-09-01,9,2026,18.77,18.77,18.78,375.4,32100.0,12051317.0,12.05
S2_reappro_50,C104,CONCENTRES,Nkongsamba,Littoral,2026-09-01,9,2026,18.77,18.77,18.78,375.4,32100.0,12051317.0,12.05
S3_reappro_100,C104,CONCENTRES,Nkongsamba,Littoral,2026-09-01,9,2026,18.77,18.77,18.78,375.4,32100.0,12051317.0,12.05
S4_baisse_prix,C104,CONCENTRES,Nkongsamba,Littoral,2026-09-01,9,2026,18.77,18.77,18.78,375.4,32100.0,12051317.0,12.05
S1_rupture,C104,CONCENTRES,Pk11,Littoral,2026-09-01,9,2026,7.2,7.2,7.2,144.1,32100.0,4624594.0,4.62
S2_reappro_50,C104,CONCENTRES,Pk11,Littoral,2026-09-01,9,2026,7.2,7.2,7.2,144.1,32100.0,4624594.0,4.62
S3_reappro_100,C104,CONCENTRES,Pk11,Littoral,2026-09-01,9,2026,7.2,7.2,7.2,144.1,32100.0,4624594.0,4.62
S4_baisse_prix,C104,CONCENTRES,Pk11,Littoral,2026-09-01,9,2026,7.2,7.2,7.2,144.1,32100.0,4624594.0,4.62
S1_rupture,C104,CONCENTRES,Village,Littoral,2026-09-01,9,2026,29.37,29.36,29.37,587.3,32100.0,18852939.0,18.85
S2_reappro_50,C104,CONCENTRES,Village,Littoral,2026-09-01,9,2026,29.37,29.36,29.37,587.3,32100.0,18852939.0,18.85
S3_reappro_100,C104,CONCENTRES,Village,Littoral,2026-09-01,9,2026,29.37,29.36,29.37,587.3,32100.0,18852939.0,18.85
S4_baisse_prix,C104,CONCENTRES,Village,Littoral,2026-09-01,9,2026,29.37,29.36,29.37,587.3,32100.0,18852939.0,18.85
S1_rupture,C1042,CONCENTRES,Ndobo,Littoral,2026-09-01,9,2026,0.0,0.0,0.0,0.0,36500.0,376.0,0.0
S2_reappro_50,C1042,CONCENTRES,Ndobo,Littoral,2026-09-01,9,2026,0.0,0.0,0.0,0.0,36500.0,376.0,0.0
S3_reappro_100,C1042,CONCENTRES,Ndobo,Littoral,2026-09-01,9,2026,0.0,0.0,0.0,0.0,36500.0,376.0,0.0
S4_baisse_prix,C1042,CONCENTRES,Ndobo,Littoral,2026-09-01,9,2026,0.0,0.0,0.0,0.0,36500.0,376.0,0.0
S1_rupture,C1042,CONCENTRES,Nkongsamba,Littoral,2026-09-01,9,2026,0.12,0.12,0.12,2.3,36500.0,84686.0,0.08
S2_reappro_50,C1042,CONCENTRES,Nkongsamba,Littoral,2026-09-01,9,2026,0.12,0.12,0.12,2.3,36500.0,84686.0,0.08
S3_reappro_100,C1042,CONCENTRES,Nkongsamba,Littoral,2026-09-01,9,2026,0.12,0.12,0.12,2.3,36500.0,84686.0,0.08
S4_baisse_prix,C1042,CONCENTRES,Nkongsamba,Littoral,2026-09-01,9,2026,0.12,0.12,0.12,2.3,36500.0,84686.0,0.08
S1_rupture,C1043,CONCENTRES,Buea,Littoral,2026-09-01,9,2026,0.0,0.0,0.0,0.0,36490.0,941.0,0.0
S2_reappro_50,C1043,CONCENTRES,Buea,Littoral,2026-09-01,9,2026,0.0,0.0,0.0,0.0,36490.0,941.0,0.0
S3_reappro_100,C1043,CONCENTRES,Buea,Littoral,2026-09-01,9,2026,0.0,0.0,0.0,0.0,36490.0,941.0,0.0
S4_baisse_prix,C1043,CONCENTRES,Buea,Littoral,2026-09-01,9,2026,0.0,0.0,0.0,0.0,36490.0,941.0,0.0
S1_rupture,C1043,CONCENTRES,Ndobo,Littoral,2026-09-01,9,2026,0.01,0.01,0.01,0.3,36490.0,9262.0,0.01
S2_reappro_50,C1043,CONCENTRES,Ndobo,Littoral,2026-09-01,9,2026,0.01,0.01,0.01,0.3,36490.0,9262.0,0.01
S3_reappro_100,C1043,CONCENTRES,Ndobo,Littoral,2026-09-01,9,2026,0.01,0.01,0.01,0.3,36490.0,9262.0,0.01
S4_baisse_prix,C1043,CONCENTRES,Ndobo,Littoral,2026-09-01,9,2026,0.01,0.01,0.01,0.3,36490.0,9262.0,0.01
S1_rupture,C1043,CONCENTRES,Nkongsamba,Littoral,2026-09-01,9,2026,0.17,0.17,0.17,3.5,36490.0,126849.0,0.13
S2_reappro_50,C1043,CONCENTRES,Nkongsamba,Littoral,2026-09-01,9,2026,0.17,0.17,0.17,3.5,36490.0,126849.0,0.13
S3_reappro_100,C1043,CONCENTRES,Nkongsamba,Littoral,2026-09-01,9,2026,0.17,0.17,0.17,3.5,36490.0,126849.0,0.13
S4_baisse_prix,C1043,CONCENTRES,Nkongsamba,Littoral,2026-09-01,9,2026,0.17,0.17,0.17,3.5,36490.0,126849.0,0.13
S1_rupture,C1043,CONCENTRES,Village,Littoral,2026-09-01,9,2026,0.0,0.0,0.0,0.0,36490.0,217.0,0.0
S2_reappro_50,C1043,CONCENTRES,Village,Littoral,2026-09-01,9,2026,0.0,0.0,0.0,0.0,36490.0,217.0,0.0
S3_reappro_100,C1043,CONCENTRES,Village,Littoral,2026-09-01,9,2026,0.0,0.0,0.0,0.0,36490.0,217.0,0.0
S4_baisse_prix,C1043,CONCENTRES,Village,Littoral,2026-09-01,9,2026,0.0,0.0,0.0,0.0,36490.0,217.0,0.0
S1_rupture,C1044,CONCENTRES,Buea,Littoral,2026-09-01,9,2026,0.0,0.0,0.0,0.0,32900.0,326.0,0.0
S2_reappro_50,C1044,CONCENTRES,Buea,Littoral,2026-09-01,9,2026,0.0,0.0,0.0,0.0,32900.0,326.0,0.0
S3_reappro_100,C1044,CONCENTRES,Buea,Littoral,2026-09-01,9,2026,0.0,0.0,0.0,0.0,32900.0,326.0,0.0
S4_baisse_prix,C1044,CONCENTRES,Buea,Littoral,2026-09-01,9,2026,0.0,0.0,0.0,0.0,32900.0,326.0,0.0
S1_rupture,C1044,CONCENTRES,Ndobo,Littoral,2026-09-01,9,2026,0.0,0.0,0.0,0.0,32900.0,652.0,0.0
S2_reappro_50,C1044,CONCENTRES,Ndobo,Littoral,2026-09-01,9,2026,0.0,0.0,0.0,0.0,32900.0,652.0,0.0
S3_reappro_100,C1044,CONCENTRES,Ndobo,Littoral,2026-09-01,9,2026,0.0,0.0,0.0,0.0,32900.0,652.0,0.0
S4_baisse_prix,C1044,CONCENTRES,Ndobo,Littoral,2026-09-01,9,2026,0.0,0.0,0.0,0.0,32900.0,652.0,0.0
S1_rupture,C1044,CONCENTRES,Nkongsamba,Littoral,2026-09-01,9,2026,0.02,0.02,0.02,0.5,32900.0,15658.0,0.02
S2_reappro_50,C1044,CONCENTRES,Nkongsamba,Littoral,2026-09-01,9,2026,0.02,0.02,0.02,0.5,32900.0,15658.0,0.02
S3_reappro_100,C1044,CONCENTRES,Nkongsamba,Littoral,2026-09-01,9,2026,0.02,0.02,0.02,0.5,32900.0,15658.0,0.02
S4_baisse_prix,C1044,CONCENTRES,Nkongsamba,Littoral,2026-09-01,9,2026,0.02,0.02,0.02,0.5,32900.0,15658.0,0.02
S1_rupture,C1044,CONCENTRES,Pk11,Littoral,2026-09-01,9,2026,0.0,0.0,0.0,0.0,32900.0,326.0,0.0
S2_reappro_50,C1044,CONCENTRES,Pk11,Littoral,2026-09-01,9,2026,0.0,0.0,0.0,0.0,32900.0,326.0,0.0
S3_reappro_100,C1044,CONCENTRES,Pk11,Littoral,2026-09-01,9,2026,0.0,0.0,0.0,0.0,32900.0,326.0,0.0
S4_baisse_prix,C1044,CONCENTRES,Pk11,Littoral,2026-09-01,9,2026,0.0,0.0,0.0,0.0,32900.0,326.0,0.0
S1_rupture,C1044,CONCENTRES,Village,Littoral,2026-09-01,9,2026,0.01,0.01,0.01,0.2,32900.0,5219.0,0.01
S2_reappro_50,C1044,CONCENTRES,Village,Littoral,2026-09-01,9,2026,0.01,0.01,0.01,0.2,32900.0,5219.0,0.01
S3_reappro_100,C1044,CONCENTRES,Village,Littoral,2026-09-01,9,2026,0.01,0.01,0.01,0.2,32900.0,5219.0,0.01
S4_baisse_prix,C1044,CONCENTRES,Village,Littoral,2026-09-01,9,2026,0.01,0.01,0.01,0.2,32900.0,5219.0,0.01
S1_rupture,C105,CONCENTRES,Buea,Littoral,2026-09-01,9,2026,0.76,0.76,0.76,15.3,27500.0,420456.0,0.42
S2_reappro_50,C105,CONCENTRES,Buea,Littoral,2026-09-01,9,2026,0.76,0.76,0.76,15.3,27500.0,420456.0,0.42
S3_reappro_100,C105,CONCENTRES,Buea,Littoral,2026-09-01,9,2026,0.76,0.76,0.76,15.3,27500.0,420456.0,0.42
S4_baisse_prix,C105,CONCENTRES,Buea,Littoral,2026-09-01,9,2026,0.76,0.76,0.76,15.3,27500.0,420456.0,0.42
S1_rupture,C105,CONCENTRES,Ndobo,Littoral,2026-09-01,9,2026,6.92,6.92,6.92,138.4,27500.0,3805368.0,3.81
S2_reappro_50,C105,CONCENTRES,Ndobo,Littoral,2026-09-01,9,2026,6.92,6.92,6.92,138.4,27500.0,3805368.0,3.81
S3_reappro_100,C105,CONCENTRES,Ndobo,Littoral,2026-09-01,9,2026,6.92,6.92,6.92,138.4,27500.0,3805368.0,3.81
S4_baisse_prix,C105,CONCENTRES,Ndobo,Littoral,2026-09-01,9,2026,6.92,6.92,6.92,138.4,27500.0,3805368.0,3.81
S1_rupture,C105,CONCENTRES,Nkongsamba,Littoral,2026-09-01,9,2026,8.19,8.19,8.19,163.8,27500.0,4503400.0,4.5
S2_reappro_50,C105,CONCENTRES,Nkongsamba,Littoral,2026-09-01,9,2026,8.19,8.19,8.19,163.8,27500.0,4503400.0,4.5
S3_reappro_100,C105,CONCENTRES,Nkongsamba,Littoral,2026-09-01,9,2026,8.19,8.19,8.19,163.8,27500.0,4503400.0,4.5
S4_baisse_prix,C105,CONCENTRES,Nkongsamba,Littoral,2026-09-01,9,2026,8.19,8.19,8.19,163.8,27500.0,4503400.0,4.5
S1_rupture,C105,CONCENTRES,Pk11,Littoral,2026-09-01,9,2026,0.39,0.39,0.39,7.8,27500.0,214863.0,0.21
S2_reappro_50,C105,CONCENTRES,Pk11,Littoral,2026-09-01,9,2026,0.39,0.39,0.39,7.8,27500.0,214863.0,0.21
S3_reappro_100,C105,CONCENTRES,Pk11,Littoral,2026-09-01,9,2026,0.39,0.39,0.39,7.8,27500.0,214863.0,0.21
S4_baisse_prix,C105,CONCENTRES,Pk11,Littoral,2026-09-01,9,2026,0.39,0.39,0.39,7.8,27500.0,214863.0,0.21
S1_rupture,C105,CONCENTRES,Village,Littoral,2026-09-01,9,2026,7.09,7.09,7.09,141.8,27500.0,3899166.0,3.9
S2_reappro_50,C105,CONCENTRES,Village,Littoral,2026-09-01,9,2026,7.09,7.09,7.09,141.8,27500.0,3899166.0,3.9
S3_reappro_100,C105,CONCENTRES,Village,Littoral,2026-09-01,9,2026,7.09,7.09,7.09,141.8,27500.0,3899166.0,3.9
S4_baisse_prix,C105,CONCENTRES,Village,Littoral,2026-09-01,9,2026,7.09,7.09,7.09,141.8,27500.0,3899166.0,3.9
S1_rupture,C1053,CONCENTRES,Ndobo,Littoral,2026-09-01,9,2026,0.03,0.03,0.03,0.6,32000.0,18022.0,0.02
S2_reappro_50,C1053,CONCENTRES,Ndobo,Littoral,2026-09-01,9,2026,0.03,0.03,0.03,0.6,32000.0,18022.0,0.02
S3_reappro_100,C1053,CONCENTRES,Ndobo,Littoral,2026-09-01,9,2026,0.03,0.03,0.03,0.6,32000.0,18022.0,0.02
S4_baisse_prix,C1053,CONCENTRES,Ndobo,Littoral,2026-09-01,9,2026,0.03,0.03,0.03,0.6,32000.0,18022.0,0.02
S1_rupture,C1053,CONCENTRES,Nkongsamba,Littoral,2026-09-01,9,2026,0.21,0.21,0.21,4.1,32000.0,131306.0,0.13
S2_reappro_50,C1053,CONCENTRES,Nkongsamba,Littoral,2026-09-01,9,2026,0.21,0.21,0.21,4.1,32000.0,131306.0,0.13
S3_reappro_100,C1053,CONCENTRES,Nkongsamba,Littoral,2026-09-01,9,2026,0.21,0.21,0.21,4.1,32000.0,131306.0,0.13
S4_baisse_prix,C1053,CONCENTRES,Nkongsamba,Littoral,2026-09-01,9,2026,0.21,0.21,0.21,4.1,32000.0,131306.0,0.13
S1_rupture,C1054,CONCENTRES,Ndobo,Littoral,2026-09-01,9,2026,0.05,0.05,0.05,1.1,29500.0,31707.0,0.03
S2_reappro_50,C1054,CONCENTRES,Ndobo,Littoral,2026-09-01,9,2026,0.05,0.05,0.05,1.1,29500.0,31707.0,0.03
S3_reappro_100,C1054,CONCENTRES,Ndobo,Littoral,2026-09-01,9,2026,0.05,0.05,0.05,1.1,29500.0,31707.0,0.03
S4_baisse_prix,C1054,CONCENTRES,Ndobo,Littoral,2026-09-01,9,2026,0.05,0.05,0.05,1.1,29500.0,31707.0,0.03
S1_rupture,C1054,CONCENTRES,Nkongsamba,Littoral,2026-09-01,9,2026,0.22,0.22,0.22,4.3,29500.0,127822.0,0.13
S2_reappro_50,C1054,CONCENTRES,Nkongsamba,Littoral,2026-09-01,9,2026,0.22,0.22,0.22,4.3,29500.0,127822.0,0.13
S3_reappro_100,C1054,CONCENTRES,Nkongsamba,Littoral,2026-09-01,9,2026,0.22,0.22,0.22,4.3,29500.0,127822.0,0.13
S4_baisse_prix,C1054,CONCENTRES,Nkongsamba,Littoral,2026-09-01,9,2026,0.22,0.22,0.22,4.3,29500.0,127822.0,0.13
S1_rupture,C1055,CONCENTRES,Nkongsamba,Littoral,2026-09-01,9,2026,0.01,0.01,0.01,0.2,28500.0,5369.0,0.01
S2_reappro_50,C1055,CONCENTRES,Nkongsamba,Littoral,2026-09-01,9,2026,0.01,0.01,0.01,0.2,28500.0,5369.0,0.01
S3_reappro_100,C1055,CONCENTRES,Nkongsamba,Littoral,2026-09-01,9,2026,0.01,0.01,0.01,0.2,28500.0,5369.0,0.01
S4_baisse_prix,C1055,CONCENTRES,Nkongsamba,Littoral,2026-09-01,9,2026,0.01,0.01,0.01,0.2,28500.0,5369.0,0.01
S1_rupture,C108,CONCENTRES,Ndobo,Littoral,2026-09-01,9,2026,0.0,0.0,0.0,0.0,30000.0,595.0,0.0
S2_reappro_50,C108,CONCENTRES,Ndobo,Littoral,2026-09-01,9,2026,0.0,0.0,0.0,0.0,30000.0,595.0,0.0
S3_reappro_100,C108,CONCENTRES,Ndobo,Littoral,2026-09-01,9,2026,0.0,0.0,0.0,0.0,30000.0,595.0,0.0
S4_baisse_prix,C108,CONCENTRES,Ndobo,Littoral,2026-09-01,9,2026,0.0,0.0,0.0,0.0,30000.0,595.0,0.0
S1_rupture,C101,CONCENTRES,Buea,Littoral,2026-10-01,10,2026,3.01,3.0,3.01,60.1,36000.0,2163695.0,2.16
S2_reappro_50,C101,CONCENTRES,Buea,Littoral,2026-10-01,10,2026,3.01,3.0,3.01,60.1,36000.0,2163695.0,2.16
S3_reappro_100,C101,CONCENTRES,Buea,Littoral,2026-10-01,10,2026,3.01,3.0,3.01,60.1,36000.0,2163695.0,2.16
S4_baisse_prix,C101,CONCENTRES,Buea,Littoral,2026-10-01,10,2026,3.01,3.0,3.01,60.1,36000.0,2163695.0,2.16
S1_rupture,C101,CONCENTRES,Ndobo,Littoral,2026-10-01,10,2026,15.53,15.52,15.54,310.6,36000.0,11181399.0,11.18
S2_reappro_50,C101,CONCENTRES,Ndobo,Littoral,2026-10-01,10,2026,15.53,15.52,15.54,310.6,36000.0,11181399.0,11.18
S3_reappro_100,C101,CONCENTRES,Ndobo,Littoral,2026-10-01,10,2026,15.53,15.52,15.54,310.6,36000.0,11181399.0,11.18
S4_baisse_prix,C101,CONCENTRES,Ndobo,Littoral,2026-10-01,10,2026,15.53,15.52,15.54,310.6,36000.0,11181399.0,11.18
S1_rupture,C101,CONCENTRES,Nkongsamba,Littoral,2026-10-01,10,2026,3.92,3.91,3.92,78.3,36000.0,2820283.0,2.82
S2_reappro_50,C101,CONCENTRES,Nkongsamba,Littoral,2026-10-01,10,2026,3.92,3.91,3.92,78.3,36000.0,2820283.0,2.82
S3_reappro_100,C101,CONCENTRES,Nkongsamba,Littoral,2026-10-01,10,2026,3.92,3.91,3.92,78.3,36000.0,2820283.0,2.82
S4_baisse_prix,C101,CONCENTRES,Nkongsamba,Littoral,2026-10-01,10,2026,3.92,3.91,3.92,78.3,36000.0,2820283.0,2.82
S1_rupture,C101,CONCENTRES,Pk11,Littoral,2026-10-01,10,2026,0.28,0.28,0.28,5.6,36000.0,202240.0,0.2
S2_reappro_50,C101,CONCENTRES,Pk11,Littoral,2026-10-01,10,2026,0.28,0.28,0.28,5.6,36000.0,202240.0,0.2
S3_reappro_100,C101,CONCENTRES,Pk11,Littoral,2026-10-01,10,2026,0.28,0.28,0.28,5.6,36000.0,202240.0,0.2
S4_baisse_prix,C101,CONCENTRES,Pk11,Littoral,2026-10-01,10,2026,0.28,0.28,0.28,5.6,36000.0,202240.0,0.2
S1_rupture,C101,CONCENTRES,Village,Littoral,2026-10-01,10,2026,3.8,3.8,3.8,76.0,36000.0,2734401.0,2.73
S2_reappro_50,C101,CONCENTRES,Village,Littoral,2026-10-01,10,2026,3.8,3.8,3.8,76.0,36000.0,2734401.0,2.73
S3_reappro_100,C101,CONCENTRES,Village,Littoral,2026-10-01,10,2026,3.8,3.8,3.8,76.0,36000.0,2734401.0,2.73
S4_baisse_prix,C101,CONCENTRES,Village,Littoral,2026-10-01,10,2026,3.8,3.8,3.8,76.0,36000.0,2734401.0,2.73
S1_rupture,C102,CONCENTRES,Ndobo,Littoral,2026-10-01,10,2026,1.17,1.17,1.17,23.5,29500.0,692412.0,0.69
S2_reappro_50,C102,CONCENTRES,Ndobo,Littoral,2026-10-01,10,2026,1.17,1.17,1.17,23.5,29500.0,692412.0,0.69
S3_reappro_100,C102,CONCENTRES,Ndobo,Littoral,2026-10-01,10,2026,1.17,1.17,1.17,23.5,29500.0,692412.0,0.69
S4_baisse_prix,C102,CONCENTRES,Ndobo,Littoral,2026-10-01,10,2026,1.17,1.17,1.17,23.5,29500.0,692412.0,0.69
S1_rupture,C102,CONCENTRES,Pk11,Littoral,2026-10-01,10,2026,0.48,0.48,0.48,9.6,29500.0,283775.0,0.28
S2_reappro_50,C102,CONCENTRES,Pk11,Littoral,2026-10-01,10,2026,0.48,0.48,0.48,9.6,29500.0,283775.0,0.28
S3_reappro_100,C102,CONCENTRES,Pk11,Littoral,2026-10-01,10,2026,0.48,0.48,0.48,9.6,29500.0,283775.0,0.28
S4_baisse_prix,C102,CONCENTRES,Pk11,Littoral,2026-10-01,10,2026,0.48,0.48,0.48,9.6,29500.0,283775.0,0.28
S1_rupture,C102,CONCENTRES,Village,Littoral,2026-10-01,10,2026,1.45,1.45,1.45,29.0,29500.0,855866.0,0.86
S2_reappro_50,C102,CONCENTRES,Village,Littoral,2026-10-01,10,2026,1.45,1.45,1.45,29.0,29500.0,855866.0,0.86
S3_reappro_100,C102,CONCENTRES,Village,Littoral,2026-10-01,10,2026,1.45,1.45,1.45,29.0,29500.0,855866.0,0.86
S4_baisse_prix,C102,CONCENTRES,Village,Littoral,2026-10-01,10,2026,1.45,1.45,1.45,29.0,29500.0,855866.0,0.86
S1_rupture,C103,CONCENTRES,Buea,Littoral,2026-10-01,10,2026,8.08,8.08,8.09,161.7,39500.0,6386540.0,6.39
S2_reappro_50,C103,CONCENTRES,Buea,Littoral,2026-10-01,10,2026,8.08,8.08,8.09,161.7,39500.0,6386540.0,6.39
S3_reappro_100,C103,CONCENTRES,Buea,Littoral,2026-10-01,10,2026,8.08,8.08,8.09,161.7,39500.0,6386540.0,6.39
S4_baisse_prix,C103,CONCENTRES,Buea,Littoral,2026-10-01,10,2026,8.08,8.08,8.09,161.7,39500.0,6386540.0,6.39
S1_rupture,C103,CONCENTRES,Ndobo,Littoral,2026-10-01,10,2026,17.29,17.28,17.3,345.8,39500.0,13657651.0,13.66
S2_reappro_50,C103,CONCENTRES,Ndobo,Littoral,2026-10-01,10,2026,17.29,17.28,17.3,345.8,39500.0,13657651.0,13.66
S3_reappro_100,C103,CONCENTRES,Ndobo,Littoral,2026-10-01,10,2026,17.29,17.28,17.3,345.8,39500.0,13657651.0,13.66
S4_baisse_prix,C103,CONCENTRES,Ndobo,Littoral,2026-10-01,10,2026,17.29,17.28,17.3,345.8,39500.0,13657651.0,13.66
S1_rupture,C103,CONCENTRES,Nkongsamba,Littoral,2026-10-01,10,2026,2.9,2.9,2.9,57.9,39500.0,2288941.0,2.29
S2_reappro_50,C103,CONCENTRES,Nkongsamba,Littoral,2026-10-01,10,2026,2.9,2.9,2.9,57.9,39500.0,2288941.0,2.29
S3_reappro_100,C103,CONCENTRES,Nkongsamba,Littoral,2026-10-01,10,2026,2.9,2.9,2.9,57.9,39500.0,2288941.0,2.29
S4_baisse_prix,C103,CONCENTRES,Nkongsamba,Littoral,2026-10-01,10,2026,2.9,2.9,2.9,57.9,39500.0,2288941.0,2.29
S1_rupture,C103,CONCENTRES,Pk11,Littoral,2026-10-01,10,2026,1.85,1.85,1.85,37.0,39500.0,1462126.0,1.46
S2_reappro_50,C103,CONCENTRES,Pk11,Littoral,2026-10-01,10,2026,1.85,1.85,1.85,37.0,39500.0,1462126.0,1.46
S3_reappro_100,C103,CONCENTRES,Pk11,Littoral,2026-10-01,10,2026,1.85,1.85,1.85,37.0,39500.0,1462126.0,1.46
S4_baisse_prix,C103,CONCENTRES,Pk11,Littoral,2026-10-01,10,2026,1.85,1.85,1.85,37.0,39500.0,1462126.0,1.46
S1_rupture,C103,CONCENTRES,Village,Littoral,2026-10-01,10,2026,5.8,5.79,5.8,116.0,39500.0,4580921.0,4.58
S2_reappro_50,C103,CONCENTRES,Village,Littoral,2026-10-01,10,2026,5.8,5.79,5.8,116.0,39500.0,4580921.0,4.58
S3_reappro_100,C103,CONCENTRES,Village,Littoral,2026-10-01,10,2026,5.8,5.79,5.8,116.0,39500.0,4580921.0,4.58
S4_baisse_prix,C103,CONCENTRES,Village,Littoral,2026-10-01,10,2026,5.8,5.79,5.8,116.0,39500.0,4580921.0,4.58
S1_rupture,C104,CONCENTRES,Buea,Littoral,2026-10-01,10,2026,73.07,73.02,73.12,1461.5,32100.0,46913232.0,46.91
S2_reappro_50,C104,CONCENTRES,Buea,Littoral,2026-10-01,10,2026,73.07,73.02,73.12,1461.5,32100.0,46913232.0,46.91
S3_reappro_100,C104,CONCENTRES,Buea,Littoral,2026-10-01,10,2026,73.07,73.02,73.12,1461.5,32100.0,46913232.0,46.91
S4_baisse_prix,C104,CONCENTRES,Buea,Littoral,2026-10-01,10,2026,73.07,73.02,73.12,1461.5,32100.0,46913232.0,46.91
S1_rupture,C104,CONCENTRES,Ndobo,Littoral,2026-10-01,10,2026,180.62,180.5,180.74,3612.5,32100.0,115960241.0,115.96
S2_reappro_50,C104,CONCENTRES,Ndobo,Littoral,2026-10-01,10,2026,180.62,180.5,180.74,3612.5,32100.0,115960241.0,115.96
S3_reappro_100,C104,CONCENTRES,Ndobo,Littoral,2026-10-01,10,2026,180.62,180.5,180.74,3612.5,32100.0,115960241.0,115.96
S4_baisse_prix,C104,CONCENTRES,Ndobo,Littoral,2026-10-01,10,2026,180.62,180.5,180.74,3612.5,32100.0,115960241.0,115.96
S1_rupture,C104,CONCENTRES,Nkongsamba,Littoral,2026-10-01,10,2026,72.85,72.8,72.89,1456.9,32100.0,46767485.0,46.77
S2_reappro_50,C104,CONCENTRES,Nkongsamba,Littoral,2026-10-01,10,2026,72.85,72.8,72.89,1456.9,32100.0,46767485.0,46.77
S3_reappro_100,C104,CONCENTRES,Nkongsamba,Littoral,2026-10-01,10,2026,72.85,72.8,72.89,1456.9,32100.0,46767485.0,46.77
S4_baisse_prix,C104,CONCENTRES,Nkongsamba,Littoral,2026-10-01,10,2026,72.85,72.8,72.89,1456.9,32100.0,46767485.0,46.77
S1_rupture,C104,CONCENTRES,Pk11,Littoral,2026-10-01,10,2026,27.95,27.94,27.97,559.1,32100.0,17946639.0,17.95
S2_reappro_50,C104,CONCENTRES,Pk11,Littoral,2026-10-01,10,2026,27.95,27.94,27.97,559.1,32100.0,17946639.0,17.95
S3_reappro_100,C104,CONCENTRES,Pk11,Littoral,2026-10-01,10,2026,27.95,27.94,27.97,559.1,32100.0,17946639.0,17.95
S4_baisse_prix,C104,CONCENTRES,Pk11,Littoral,2026-10-01,10,2026,27.95,27.94,27.97,559.1,32100.0,17946639.0,17.95
S1_rupture,C104,CONCENTRES,Village,Littoral,2026-10-01,10,2026,113.96,113.88,114.03,2279.2,32100.0,73162508.0,73.16
S2_reappro_50,C104,CONCENTRES,Village,Littoral,2026-10-01,10,2026,113.96,113.88,114.03,2279.2,32100.0,73162508.0,73.16
S3_reappro_100,C104,CONCENTRES,Village,Littoral,2026-10-01,10,2026,113.96,113.88,114.03,2279.2,32100.0,73162508.0,73.16
S4_baisse_prix,C104,CONCENTRES,Village,Littoral,2026-10-01,10,2026,113.96,113.88,114.03,2279.2,32100.0,73162508.0,73.16
S1_rupture,C1042,CONCENTRES,Ndobo,Littoral,2026-10-01,10,2026,0.0,0.0,0.0,0.0,36500.0,1461.0,0.0
S2_reappro_50,C1042,CONCENTRES,Ndobo,Littoral,2026-10-01,10,2026,0.0,0.0,0.0,0.0,36500.0,1461.0,0.0
S3_reappro_100,C1042,CONCENTRES,Ndobo,Littoral,2026-10-01,10,2026,0.0,0.0,0.0,0.0,36500.0,1461.0,0.0
S4_baisse_prix,C1042,CONCENTRES,Ndobo,Littoral,2026-10-01,10,2026,0.0,0.0,0.0,0.0,36500.0,1461.0,0.0
S1_rupture,C1042,CONCENTRES,Nkongsamba,Littoral,2026-10-01,10,2026,0.45,0.45,0.45,9.0,36500.0,328641.0,0.33
S2_reappro_50,C1042,CONCENTRES,Nkongsamba,Littoral,2026-10-01,10,2026,0.45,0.45,0.45,9.0,36500.0,328641.0,0.33
S3_reappro_100,C1042,CONCENTRES,Nkongsamba,Littoral,2026-10-01,10,2026,0.45,0.45,0.45,9.0,36500.0,328641.0,0.33
S4_baisse_prix,C1042,CONCENTRES,Nkongsamba,Littoral,2026-10-01,10,2026,0.45,0.45,0.45,9.0,36500.0,328641.0,0.33
S1_rupture,C1043,CONCENTRES,Buea,Littoral,2026-10-01,10,2026,0.01,0.0,0.01,0.1,36490.0,3651.0,0.0
S2_reappro_50,C1043,CONCENTRES,Buea,Littoral,2026-10-01,10,2026,0.01,0.0,0.01,0.1,36490.0,3651.0,0.0
S3_reappro_100,C1043,CONCENTRES,Buea,Littoral,2026-10-01,10,2026,0.01,0.0,0.01,0.1,36490.0,3651.0,0.0
S4_baisse_prix,C1043,CONCENTRES,Buea,Littoral,2026-10-01,10,2026,0.01,0.0,0.01,0.1,36490.0,3651.0,0.0
S1_rupture,C1043,CONCENTRES,Ndobo,Littoral,2026-10-01,10,2026,0.05,0.05,0.05,1.0,36490.0,35944.0,0.04
S2_reappro_50,C1043,CONCENTRES,Ndobo,Littoral,2026-10-01,10,2026,0.05,0.05,0.05,1.0,36490.0,35944.0,0.04
S3_reappro_100,C1043,CONCENTRES,Ndobo,Littoral,2026-10-01,10,2026,0.05,0.05,0.05,1.0,36490.0,35944.0,0.04
S4_baisse_prix,C1043,CONCENTRES,Ndobo,Littoral,2026-10-01,10,2026,0.05,0.05,0.05,1.0,36490.0,35944.0,0.04
S1_rupture,C1043,CONCENTRES,Nkongsamba,Littoral,2026-10-01,10,2026,0.67,0.67,0.67,13.5,36490.0,492264.0,0.49
S2_reappro_50,C1043,CONCENTRES,Nkongsamba,Littoral,2026-10-01,10,2026,0.67,0.67,0.67,13.5,36490.0,492264.0,0.49
S3_reappro_100,C1043,CONCENTRES,Nkongsamba,Littoral,2026-10-01,10,2026,0.67,0.67,0.67,13.5,36490.0,492264.0,0.49
S4_baisse_prix,C1043,CONCENTRES,Nkongsamba,Littoral,2026-10-01,10,2026,0.67,0.67,0.67,13.5,36490.0,492264.0,0.49
S1_rupture,C1043,CONCENTRES,Village,Littoral,2026-10-01,10,2026,0.0,0.0,0.0,0.0,36490.0,842.0,0.0
S2_reappro_50,C1043,CONCENTRES,Village,Littoral,2026-10-01,10,2026,0.0,0.0,0.0,0.0,36490.0,842.0,0.0
S3_reappro_100,C1043,CONCENTRES,Village,Littoral,2026-10-01,10,2026,0.0,0.0,0.0,0.0,36490.0,842.0,0.0
S4_baisse_prix,C1043,CONCENTRES,Village,Littoral,2026-10-01,10,2026,0.0,0.0,0.0,0.0,36490.0,842.0,0.0
S1_rupture,C1044,CONCENTRES,Buea,Littoral,2026-10-01,10,2026,0.0,0.0,0.0,0.0,32900.0,1266.0,0.0
S2_reappro_50,C1044,CONCENTRES,Buea,Littoral,2026-10-01,10,2026,0.0,0.0,0.0,0.0,32900.0,1266.0,0.0
S3_reappro_100,C1044,CONCENTRES,Buea,Littoral,2026-10-01,10,2026,0.0,0.0,0.0,0.0,32900.0,1266.0,0.0
S4_baisse_prix,C1044,CONCENTRES,Buea,Littoral,2026-10-01,10,2026,0.0,0.0,0.0,0.0,32900.0,1266.0,0.0
S1_rupture,C1044,CONCENTRES,Ndobo,Littoral,2026-10-01,10,2026,0.0,0.0,0.0,0.1,32900.0,2532.0,0.0
S2_reappro_50,C1044,CONCENTRES,Ndobo,Littoral,2026-10-01,10,2026,0.0,0.0,0.0,0.1,32900.0,2532.0,0.0
S3_reappro_100,C1044,CONCENTRES,Ndobo,Littoral,2026-10-01,10,2026,0.0,0.0,0.0,0.1,32900.0,2532.0,0.0
S4_baisse_prix,C1044,CONCENTRES,Ndobo,Littoral,2026-10-01,10,2026,0.0,0.0,0.0,0.1,32900.0,2532.0,0.0
S1_rupture,C1044,CONCENTRES,Nkongsamba,Littoral,2026-10-01,10,2026,0.09,0.09,0.09,1.8,32900.0,60764.0,0.06
S2_reappro_50,C1044,CONCENTRES,Nkongsamba,Littoral,2026-10-01,10,2026,0.09,0.09,0.09,1.8,32900.0,60764.0,0.06
S3_reappro_100,C1044,CONCENTRES,Nkongsamba,Littoral,2026-10-01,10,2026,0.09,0.09,0.09,1.8,32900.0,60764.0,0.06
S4_baisse_prix,C1044,CONCENTRES,Nkongsamba,Littoral,2026-10-01,10,2026,0.09,0.09,0.09,1.8,32900.0,60764.0,0.06
S1_rupture,C1044,CONCENTRES,Pk11,Littoral,2026-10-01,10,2026,0.0,0.0,0.0,0.0,32900.0,1266.0,0.0
S2_reappro_50,C1044,CONCENTRES,Pk11,Littoral,2026-10-01,10,2026,0.0,0.0,0.0,0.0,32900.0,1266.0,0.0
S3_reappro_100,C1044,CONCENTRES,Pk11,Littoral,2026-10-01,10,2026,0.0,0.0,0.0,0.0,32900.0,1266.0,0.0
S4_baisse_prix,C1044,CONCENTRES,Pk11,Littoral,2026-10-01,10,2026,0.0,0.0,0.0,0.0,32900.0,1266.0,0.0
S1_rupture,C1044,CONCENTRES,Village,Littoral,2026-10-01,10,2026,0.03,0.03,0.03,0.6,32900.0,20255.0,0.02
S2_reappro_50,C1044,CONCENTRES,Village,Littoral,2026-10-01,10,2026,0.03,0.03,0.03,0.6,32900.0,20255.0,0.02
S3_reappro_100,C1044,CONCENTRES,Village,Littoral,2026-10-01,10,2026,0.03,0.03,0.03,0.6,32900.0,20255.0,0.02
S4_baisse_prix,C1044,CONCENTRES,Village,Littoral,2026-10-01,10,2026,0.03,0.03,0.03,0.6,32900.0,20255.0,0.02
S1_rupture,C105,CONCENTRES,Buea,Littoral,2026-10-01,10,2026,2.97,2.96,2.97,59.3,27500.0,1631660.0,1.63
S2_reappro_50,C105,CONCENTRES,Buea,Littoral,2026-10-01,10,2026,2.97,2.96,2.97,59.3,27500.0,1631660.0,1.63
S3_reappro_100,C105,CONCENTRES,Buea,Littoral,2026-10-01,10,2026,2.97,2.96,2.97,59.3,27500.0,1631660.0,1.63
S4_baisse_prix,C105,CONCENTRES,Buea,Littoral,2026-10-01,10,2026,2.97,2.96,2.97,59.3,27500.0,1631660.0,1.63
S1_rupture,C105,CONCENTRES,Ndobo,Littoral,2026-10-01,10,2026,26.85,26.83,26.87,537.0,27500.0,14767472.0,14.77
S2_reappro_50,C105,CONCENTRES,Ndobo,Littoral,2026-10-01,10,2026,26.85,26.83,26.87,537.0,27500.0,14767472.0,14.77
S3_reappro_100,C105,CONCENTRES,Ndobo,Littoral,2026-10-01,10,2026,26.85,26.83,26.87,537.0,27500.0,14767472.0,14.77
S4_baisse_prix,C105,CONCENTRES,Ndobo,Littoral,2026-10-01,10,2026,26.85,26.83,26.87,537.0,27500.0,14767472.0,14.77
S1_rupture,C105,CONCENTRES,Nkongsamba,Littoral,2026-10-01,10,2026,31.78,31.75,31.8,635.5,27500.0,17476323.0,17.48
S2_reappro_50,C105,CONCENTRES,Nkongsamba,Littoral,2026-10-01,10,2026,31.78,31.75,31.8,635.5,27500.0,17476323.0,17.48
S3_reappro_100,C105,CONCENTRES,Nkongsamba,Littoral,2026-10-01,10,2026,31.78,31.75,31.8,635.5,27500.0,17476323.0,17.48
S4_baisse_prix,C105,CONCENTRES,Nkongsamba,Littoral,2026-10-01,10,2026,31.78,31.75,31.8,635.5,27500.0,17476323.0,17.48
S1_rupture,C105,CONCENTRES,Pk11,Littoral,2026-10-01,10,2026,1.52,1.52,1.52,30.3,27500.0,833818.0,0.83
S2_reappro_50,C105,CONCENTRES,Pk11,Littoral,2026-10-01,10,2026,1.52,1.52,1.52,30.3,27500.0,833818.0,0.83
S3_reappro_100,C105,CONCENTRES,Pk11,Littoral,2026-10-01,10,2026,1.52,1.52,1.52,30.3,27500.0,833818.0,0.83
S4_baisse_prix,C105,CONCENTRES,Pk11,Littoral,2026-10-01,10,2026,1.52,1.52,1.52,30.3,27500.0,833818.0,0.83
S1_rupture,C105,CONCENTRES,Village,Littoral,2026-10-01,10,2026,27.51,27.49,27.53,550.2,27500.0,15131474.0,15.13
S2_reappro_50,C105,CONCENTRES,Village,Littoral,2026-10-01,10,2026,27.51,27.49,27.53,550.2,27500.0,15131474.0,15.13
S3_reappro_100,C105,CONCENTRES,Village,Littoral,2026-10-01,10,2026,27.51,27.49,27.53,550.2,27500.0,15131474.0,15.13
S4_baisse_prix,C105,CONCENTRES,Village,Littoral,2026-10-01,10,2026,27.51,27.49,27.53,550.2,27500.0,15131474.0,15.13
S1_rupture,C1053,CONCENTRES,Ndobo,Littoral,2026-10-01,10,2026,0.11,0.11,0.11,2.2,32000.0,69938.0,0.07
S2_reappro_50,C1053,CONCENTRES,Ndobo,Littoral,2026-10-01,10,2026,0.11,0.11,0.11,2.2,32000.0,69938.0,0.07
S3_reappro_100,C1053,CONCENTRES,Ndobo,Littoral,2026-10-01,10,2026,0.11,0.11,0.11,2.2,32000.0,69938.0,0.07
S4_baisse_prix,C1053,CONCENTRES,Ndobo,Littoral,2026-10-01,10,2026,0.11,0.11,0.11,2.2,32000.0,69938.0,0.07
S1_rupture,C1053,CONCENTRES,Nkongsamba,Littoral,2026-10-01,10,2026,0.8,0.8,0.8,15.9,32000.0,509560.0,0.51
S2_reappro_50,C1053,CONCENTRES,Nkongsamba,Littoral,2026-10-01,10,2026,0.8,0.8,0.8,15.9,32000.0,509560.0,0.51
S3_reappro_100,C1053,CONCENTRES,Nkongsamba,Littoral,2026-10-01,10,2026,0.8,0.8,0.8,15.9,32000.0,509560.0,0.51
S4_baisse_prix,C1053,CONCENTRES,Nkongsamba,Littoral,2026-10-01,10,2026,0.8,0.8,0.8,15.9,32000.0,509560.0,0.51
S1_rupture,C1054,CONCENTRES,Ndobo,Littoral,2026-10-01,10,2026,0.21,0.21,0.21,4.2,29500.0,123045.0,0.12
S2_reappro_50,C1054,CONCENTRES,Ndobo,Littoral,2026-10-01,10,2026,0.21,0.21,0.21,4.2,29500.0,123045.0,0.12
S3_reappro_100,C1054,CONCENTRES,Ndobo,Littoral,2026-10-01,10,2026,0.21,0.21,0.21,4.2,29500.0,123045.0,0.12
S4_baisse_prix,C1054,CONCENTRES,Ndobo,Littoral,2026-10-01,10,2026,0.21,0.21,0.21,4.2,29500.0,123045.0,0.12
S1_rupture,C1054,CONCENTRES,Nkongsamba,Littoral,2026-10-01,10,2026,0.84,0.84,0.84,16.8,29500.0,496039.0,0.5
S2_reappro_50,C1054,CONCENTRES,Nkongsamba,Littoral,2026-10-01,10,2026,0.84,0.84,0.84,16.8,29500.0,496039.0,0.5
S3_reappro_100,C1054,CONCENTRES,Nkongsamba,Littoral,2026-10-01,10,2026,0.84,0.84,0.84,16.8,29500.0,496039.0,0.5
S4_baisse_prix,C1054,CONCENTRES,Nkongsamba,Littoral,2026-10-01,10,2026,0.84,0.84,0.84,16.8,29500.0,496039.0,0.5
S1_rupture,C1055,CONCENTRES,Nkongsamba,Littoral,2026-10-01,10,2026,0.04,0.04,0.04,0.7,28500.0,20836.0,0.02
S2_reappro_50,C1055,CONCENTRES,Nkongsamba,Littoral,2026-10-01,10,2026,0.04,0.04,0.04,0.7,28500.0,20836.0,0.02
S3_reappro_100,C1055,CONCENTRES,Nkongsamba,Littoral,2026-10-01,10,2026,0.04,0.04,0.04,0.7,28500.0,20836.0,0.02
S4_baisse_prix,C1055,CONCENTRES,Nkongsamba,Littoral,2026-10-01,10,2026,0.04,0.04,0.04,0.7,28500.0,20836.0,0.02
S1_rupture,C108,CONCENTRES,Ndobo,Littoral,2026-10-01,10,2026,0.0,0.0,0.0,0.1,30000.0,2309.0,0.0
S2_reappro_50,C108,CONCENTRES,Ndobo,Littoral,2026-10-01,10,2026,0.0,0.0,0.0,0.1,30000.0,2309.0,0.0
S3_reappro_100,C108,CONCENTRES,Ndobo,Littoral,2026-10-01,10,2026,0.0,0.0,0.0,0.1,30000.0,2309.0,0.0
S4_baisse_prix,C108,CONCENTRES,Ndobo,Littoral,2026-10-01,10,2026,0.0,0.0,0.0,0.1,30000.0,2309.0,0.0
S1_rupture,C101,CONCENTRES,Buea,Littoral,2026-11-01,11,2026,1.67,1.67,1.67,33.4,36000.0,1202850.0,1.2
S2_reappro_50,C101,CONCENTRES,Buea,Littoral,2026-11-01,11,2026,1.67,1.67,1.67,33.4,36000.0,1202850.0,1.2
S3_reappro_100,C101,CONCENTRES,Buea,Littoral,2026-11-01,11,2026,1.67,1.67,1.67,33.4,36000.0,1202850.0,1.2
S4_baisse_prix,C101,CONCENTRES,Buea,Littoral,2026-11-01,11,2026,1.67,1.67,1.67,33.4,36000.0,1202850.0,1.2
S1_rupture,C101,CONCENTRES,Ndobo,Littoral,2026-11-01,11,2026,8.63,8.62,8.64,172.7,36000.0,6216009.0,6.22
S2_reappro_50,C101,CONCENTRES,Ndobo,Littoral,2026-11-01,11,2026,8.63,8.62,8.64,172.7,36000.0,6216009.0,6.22
S3_reappro_100,C101,CONCENTRES,Ndobo,Littoral,2026-11-01,11,2026,8.63,8.62,8.64,172.7,36000.0,6216009.0,6.22
S4_baisse_prix,C101,CONCENTRES,Ndobo,Littoral,2026-11-01,11,2026,8.63,8.62,8.64,172.7,36000.0,6216009.0,6.22
S1_rupture,C101,CONCENTRES,Nkongsamba,Littoral,2026-11-01,11,2026,2.18,2.17,2.18,43.6,36000.0,1567864.0,1.57
S2_reappro_50,C101,CONCENTRES,Nkongsamba,Littoral,2026-11-01,11,2026,2.18,2.17,2.18,43.6,36000.0,1567864.0,1.57
S3_reappro_100,C101,CONCENTRES,Nkongsamba,Littoral,2026-11-01,11,2026,2.18,2.17,2.18,43.6,36000.0,1567864.0,1.57
S4_baisse_prix,C101,CONCENTRES,Nkongsamba,Littoral,2026-11-01,11,2026,2.18,2.17,2.18,43.6,36000.0,1567864.0,1.57
S1_rupture,C101,CONCENTRES,Pk11,Littoral,2026-11-01,11,2026,0.16,0.16,0.16,3.1,36000.0,112430.0,0.11
S2_reappro_50,C101,CONCENTRES,Pk11,Littoral,2026-11-01,11,2026,0.16,0.16,0.16,3.1,36000.0,112430.0,0.11
S3_reappro_100,C101,CONCENTRES,Pk11,Littoral,2026-11-01,11,2026,0.16,0.16,0.16,3.1,36000.0,112430.0,0.11
S4_baisse_prix,C101,CONCENTRES,Pk11,Littoral,2026-11-01,11,2026,0.16,0.16,0.16,3.1,36000.0,112430.0,0.11
S1_rupture,C101,CONCENTRES,Village,Littoral,2026-11-01,11,2026,2.11,2.11,2.11,42.2,36000.0,1520119.0,1.52
S2_reappro_50,C101,CONCENTRES,Village,Littoral,2026-11-01,11,2026,2.11,2.11,2.11,42.2,36000.0,1520119.0,1.52
S3_reappro_100,C101,CONCENTRES,Village,Littoral,2026-11-01,11,2026,2.11,2.11,2.11,42.2,36000.0,1520119.0,1.52
S4_baisse_prix,C101,CONCENTRES,Village,Littoral,2026-11-01,11,2026,2.11,2.11,2.11,42.2,36000.0,1520119.0,1.52
S1_rupture,C102,CONCENTRES,Ndobo,Littoral,2026-11-01,11,2026,0.65,0.65,0.65,13.0,29500.0,384928.0,0.38
S2_reappro_50,C102,CONCENTRES,Ndobo,Littoral,2026-11-01,11,2026,0.65,0.65,0.65,13.0,29500.0,384928.0,0.38
S3_reappro_100,C102,CONCENTRES,Ndobo,Littoral,2026-11-01,11,2026,0.65,0.65,0.65,13.0,29500.0,384928.0,0.38
S4_baisse_prix,C102,CONCENTRES,Ndobo,Littoral,2026-11-01,11,2026,0.65,0.65,0.65,13.0,29500.0,384928.0,0.38
S1_rupture,C102,CONCENTRES,Pk11,Littoral,2026-11-01,11,2026,0.27,0.27,0.27,5.3,29500.0,157757.0,0.16
S2_reappro_50,C102,CONCENTRES,Pk11,Littoral,2026-11-01,11,2026,0.27,0.27,0.27,5.3,29500.0,157757.0,0.16
S3_reappro_100,C102,CONCENTRES,Pk11,Littoral,2026-11-01,11,2026,0.27,0.27,0.27,5.3,29500.0,157757.0,0.16
S4_baisse_prix,C102,CONCENTRES,Pk11,Littoral,2026-11-01,11,2026,0.27,0.27,0.27,5.3,29500.0,157757.0,0.16
S1_rupture,C102,CONCENTRES,Village,Littoral,2026-11-01,11,2026,0.81,0.81,0.81,16.1,29500.0,475797.0,0.48
S2_reappro_50,C102,CONCENTRES,Village,Littoral,2026-11-01,11,2026,0.81,0.81,0.81,16.1,29500.0,475797.0,0.48
S3_reappro_100,C102,CONCENTRES,Village,Littoral,2026-11-01,11,2026,0.81,0.81,0.81,16.1,29500.0,475797.0,0.48
S4_baisse_prix,C102,CONCENTRES,Village,Littoral,2026-11-01,11,2026,0.81,0.81,0.81,16.1,29500.0,475797.0,0.48
S1_rupture,C103,CONCENTRES,Buea,Littoral,2026-11-01,11,2026,4.49,4.49,4.5,89.9,39500.0,3550431.0,3.55
S2_reappro_50,C103,CONCENTRES,Buea,Littoral,2026-11-01,11,2026,4.49,4.49,4.5,89.9,39500.0,3550431.0,3.55
S3_reappro_100,C103,CONCENTRES,Buea,Littoral,2026-11-01,11,2026,4.49,4.49,4.5,89.9,39500.0,3550431.0,3.55
S4_baisse_prix,C103,CONCENTRES,Buea,Littoral,2026-11-01,11,2026,4.49,4.49,4.5,89.9,39500.0,3550431.0,3.55
S1_rupture,C103,CONCENTRES,Ndobo,Littoral,2026-11-01,11,2026,9.61,9.6,9.62,192.2,39500.0,7592617.0,7.59
S2_reappro_50,C103,CONCENTRES,Ndobo,Littoral,2026-11-01,11,2026,9.61,9.6,9.62,192.2,39500.0,7592617.0,7.59
S3_reappro_100,C103,CONCENTRES,Ndobo,Littoral,2026-11-01,11,2026,9.61,9.6,9.62,192.2,39500.0,7592617.0,7.59
S4_baisse_prix,C103,CONCENTRES,Ndobo,Littoral,2026-11-01,11,2026,9.61,9.6,9.62,192.2,39500.0,7592617.0,7.59
S1_rupture,C103,CONCENTRES,Nkongsamba,Littoral,2026-11-01,11,2026,1.61,1.61,1.61,32.2,39500.0,1272477.0,1.27
S2_reappro_50,C103,CONCENTRES,Nkongsamba,Littoral,2026-11-01,11,2026,1.61,1.61,1.61,32.2,39500.0,1272477.0,1.27
S3_reappro_100,C103,CONCENTRES,Nkongsamba,Littoral,2026-11-01,11,2026,1.61,1.61,1.61,32.2,39500.0,1272477.0,1.27
S4_baisse_prix,C103,CONCENTRES,Nkongsamba,Littoral,2026-11-01,11,2026,1.61,1.61,1.61,32.2,39500.0,1272477.0,1.27
S1_rupture,C103,CONCENTRES,Pk11,Littoral,2026-11-01,11,2026,1.03,1.03,1.03,20.6,39500.0,812831.0,0.81
S2_reappro_50,C103,CONCENTRES,Pk11,Littoral,2026-11-01,11,2026,1.03,1.03,1.03,20.6,39500.0,812831.0,0.81
S3_reappro_100,C103,CONCENTRES,Pk11,Littoral,2026-11-01,11,2026,1.03,1.03,1.03,20.6,39500.0,812831.0,0.81
S4_baisse_prix,C103,CONCENTRES,Pk11,Littoral,2026-11-01,11,2026,1.03,1.03,1.03,20.6,39500.0,812831.0,0.81
S1_rupture,C103,CONCENTRES,Village,Littoral,2026-11-01,11,2026,3.22,3.22,3.23,64.5,39500.0,2546644.0,2.55
S2_reappro_50,C103,CONCENTRES,Village,Littoral,2026-11-01,11,2026,3.22,3.22,3.23,64.5,39500.0,2546644.0,2.55
S3_reappro_100,C103,CONCENTRES,Village,Littoral,2026-11-01,11,2026,3.22,3.22,3.23,64.5,39500.0,2546644.0,2.55
S4_baisse_prix,C103,CONCENTRES,Village,Littoral,2026-11-01,11,2026,3.22,3.22,3.23,64.5,39500.0,2546644.0,2.55
S1_rupture,C104,CONCENTRES,Buea,Littoral,2026-11-01,11,2026,40.62,40.57,40.68,812.5,32100.0,26080195.0,26.08
S2_reappro_50,C104,CONCENTRES,Buea,Littoral,2026-11-01,11,2026,40.62,40.57,40.68,812.5,32100.0,26080195.0,26.08
S3_reappro_100,C104,CONCENTRES,Buea,Littoral,2026-11-01,11,2026,40.62,40.57,40.68,812.5,32100.0,26080195.0,26.08
S4_baisse_prix,C104,CONCENTRES,Buea,Littoral,2026-11-01,11,2026,40.62,40.57,40.68,812.5,32100.0,26080195.0,26.08
S1_rupture,C104,CONCENTRES,Ndobo,Littoral,2026-11-01,11,2026,100.41,100.28,100.55,2008.3,32100.0,64465090.0,64.47
S2_reappro_50,C104,CONCENTRES,Ndobo,Littoral,2026-11-01,11,2026,100.41,100.28,100.55,2008.3,32100.0,64465090.0,64.47
S3_reappro_100,C104,CONCENTRES,Ndobo,Littoral,2026-11-01,11,2026,100.41,100.28,100.55,2008.3,32100.0,64465090.0,64.47
S4_baisse_prix,C104,CONCENTRES,Ndobo,Littoral,2026-11-01,11,2026,100.41,100.28,100.55,2008.3,32100.0,64465090.0,64.47
S1_rupture,C104,CONCENTRES,Nkongsamba,Littoral,2026-11-01,11,2026,40.5,40.44,40.55,809.9,32100.0,25999171.0,26.0
S2_reappro_50,C104,CONCENTRES,Nkongsamba,Littoral,2026-11-01,11,2026,40.5,40.44,40.55,809.9,32100.0,25999171.0,26.0
S3_reappro_100,C104,CONCENTRES,Nkongsamba,Littoral,2026-11-01,11,2026,40.5,40.44,40.55,809.9,32100.0,25999171.0,26.0
S4_baisse_prix,C104,CONCENTRES,Nkongsamba,Littoral,2026-11-01,11,2026,40.5,40.44,40.55,809.9,32100.0,25999171.0,26.0
S1_rupture,C104,CONCENTRES,Pk11,Littoral,2026-11-01,11,2026,15.54,15.52,15.56,310.8,32100.0,9976969.0,9.98
S2_reappro_50,C104,CONCENTRES,Pk11,Littoral,2026-11-01,11,2026,15.54,15.52,15.56,310.8,32100.0,9976969.0,9.98
S3_reappro_100,C104,CONCENTRES,Pk11,Littoral,2026-11-01,11,2026,15.54,15.52,15.56,310.8,32100.0,9976969.0,9.98
S4_baisse_prix,C104,CONCENTRES,Pk11,Littoral,2026-11-01,11,2026,15.54,15.52,15.56,310.8,32100.0,9976969.0,9.98
S1_rupture,C104,CONCENTRES,Village,Littoral,2026-11-01,11,2026,63.35,63.27,63.44,1267.1,32100.0,40672800.0,40.67
S2_reappro_50,C104,CONCENTRES,Village,Littoral,2026-11-01,11,2026,63.35,63.27,63.44,1267.1,32100.0,40672800.0,40.67
S3_reappro_100,C104,CONCENTRES,Village,Littoral,2026-11-01,11,2026,63.35,63.27,63.44,1267.1,32100.0,40672800.0,40.67
S4_baisse_prix,C104,CONCENTRES,Village,Littoral,2026-11-01,11,2026,63.35,63.27,63.44,1267.1,32100.0,40672800.0,40.67
S1_rupture,C1042,CONCENTRES,Ndobo,Littoral,2026-11-01,11,2026,0.0,0.0,0.0,0.0,36500.0,812.0,0.0
S2_reappro_50,C1042,CONCENTRES,Ndobo,Littoral,2026-11-01,11,2026,0.0,0.0,0.0,0.0,36500.0,812.0,0.0
S3_reappro_100,C1042,CONCENTRES,Ndobo,Littoral,2026-11-01,11,2026,0.0,0.0,0.0,0.0,36500.0,812.0,0.0
S4_baisse_prix,C1042,CONCENTRES,Ndobo,Littoral,2026-11-01,11,2026,0.0,0.0,0.0,0.0,36500.0,812.0,0.0
S1_rupture,C1042,CONCENTRES,Nkongsamba,Littoral,2026-11-01,11,2026,0.25,0.25,0.25,5.0,36500.0,182699.0,0.18
S2_reappro_50,C1042,CONCENTRES,Nkongsamba,Littoral,2026-11-01,11,2026,0.25,0.25,0.25,5.0,36500.0,182699.0,0.18
S3_reappro_100,C1042,CONCENTRES,Nkongsamba,Littoral,2026-11-01,11,2026,0.25,0.25,0.25,5.0,36500.0,182699.0,0.18
S4_baisse_prix,C1042,CONCENTRES,Nkongsamba,Littoral,2026-11-01,11,2026,0.25,0.25,0.25,5.0,36500.0,182699.0,0.18
S1_rupture,C1043,CONCENTRES,Buea,Littoral,2026-11-01,11,2026,0.0,0.0,0.0,0.1,36490.0,2029.0,0.0
S2_reappro_50,C1043,CONCENTRES,Buea,Littoral,2026-11-01,11,2026,0.0,0.0,0.0,0.1,36490.0,2029.0,0.0
S3_reappro_100,C1043,CONCENTRES,Buea,Littoral,2026-11-01,11,2026,0.0,0.0,0.0,0.1,36490.0,2029.0,0.0
S4_baisse_prix,C1043,CONCENTRES,Buea,Littoral,2026-11-01,11,2026,0.0,0.0,0.0,0.1,36490.0,2029.0,0.0
S1_rupture,C1043,CONCENTRES,Ndobo,Littoral,2026-11-01,11,2026,0.03,0.03,0.03,0.5,36490.0,19982.0,0.02
S2_reappro_50,C1043,CONCENTRES,Ndobo,Littoral,2026-11-01,11,2026,0.03,0.03,0.03,0.5,36490.0,19982.0,0.02
S3_reappro_100,C1043,CONCENTRES,Ndobo,Littoral,2026-11-01,11,2026,0.03,0.03,0.03,0.5,36490.0,19982.0,0.02
S4_baisse_prix,C1043,CONCENTRES,Ndobo,Littoral,2026-11-01,11,2026,0.03,0.03,0.03,0.5,36490.0,19982.0,0.02
S1_rupture,C1043,CONCENTRES,Nkongsamba,Littoral,2026-11-01,11,2026,0.37,0.37,0.38,7.5,36490.0,273662.0,0.27
S2_reappro_50,C1043,CONCENTRES,Nkongsamba,Littoral,2026-11-01,11,2026,0.37,0.37,0.38,7.5,36490.0,273662.0,0.27
S3_reappro_100,C1043,CONCENTRES,Nkongsamba,Littoral,2026-11-01,11,2026,0.37,0.37,0.38,7.5,36490.0,273662.0,0.27
S4_baisse_prix,C1043,CONCENTRES,Nkongsamba,Littoral,2026-11-01,11,2026,0.37,0.37,0.38,7.5,36490.0,273662.0,0.27
S1_rupture,C1043,CONCENTRES,Village,Littoral,2026-11-01,11,2026,0.0,0.0,0.0,0.0,36490.0,468.0,0.0
S2_reappro_50,C1043,CONCENTRES,Village,Littoral,2026-11-01,11,2026,0.0,0.0,0.0,0.0,36490.0,468.0,0.0
S3_reappro_100,C1043,CONCENTRES,Village,Littoral,2026-11-01,11,2026,0.0,0.0,0.0,0.0,36490.0,468.0,0.0
S4_baisse_prix,C1043,CONCENTRES,Village,Littoral,2026-11-01,11,2026,0.0,0.0,0.0,0.0,36490.0,468.0,0.0
S1_rupture,C1044,CONCENTRES,Buea,Littoral,2026-11-01,11,2026,0.0,0.0,0.0,0.0,32900.0,704.0,0.0
S2_reappro_50,C1044,CONCENTRES,Buea,Littoral,2026-11-01,11,2026,0.0,0.0,0.0,0.0,32900.0,704.0,0.0
S3_reappro_100,C1044,CONCENTRES,Buea,Littoral,2026-11-01,11,2026,0.0,0.0,0.0,0.0,32900.0,704.0,0.0
S4_baisse_prix,C1044,CONCENTRES,Buea,Littoral,2026-11-01,11,2026,0.0,0.0,0.0,0.0,32900.0,704.0,0.0
S1_rupture,C1044,CONCENTRES,Ndobo,Littoral,2026-11-01,11,2026,0.0,0.0,0.0,0.0,32900.0,1408.0,0.0
S2_reappro_50,C1044,CONCENTRES,Ndobo,Littoral,2026-11-01,11,2026,0.0,0.0,0.0,0.0,32900.0,1408.0,0.0
S3_reappro_100,C1044,CONCENTRES,Ndobo,Littoral,2026-11-01,11,2026,0.0,0.0,0.0,0.0,32900.0,1408.0,0.0
S4_baisse_prix,C1044,CONCENTRES,Ndobo,Littoral,2026-11-01,11,2026,0.0,0.0,0.0,0.0,32900.0,1408.0,0.0
S1_rupture,C1044,CONCENTRES,Nkongsamba,Littoral,2026-11-01,11,2026,0.05,0.05,0.05,1.0,32900.0,33780.0,0.03
S2_reappro_50,C1044,CONCENTRES,Nkongsamba,Littoral,2026-11-01,11,2026,0.05,0.05,0.05,1.0,32900.0,33780.0,0.03
S3_reappro_100,C1044,CONCENTRES,Nkongsamba,Littoral,2026-11-01,11,2026,0.05,0.05,0.05,1.0,32900.0,33780.0,0.03
S4_baisse_prix,C1044,CONCENTRES,Nkongsamba,Littoral,2026-11-01,11,2026,0.05,0.05,0.05,1.0,32900.0,33780.0,0.03
S1_rupture,C1044,CONCENTRES,Pk11,Littoral,2026-11-01,11,2026,0.0,0.0,0.0,0.0,32900.0,704.0,0.0
S2_reappro_50,C1044,CONCENTRES,Pk11,Littoral,2026-11-01,11,2026,0.0,0.0,0.0,0.0,32900.0,704.0,0.0
S3_reappro_100,C1044,CONCENTRES,Pk11,Littoral,2026-11-01,11,2026,0.0,0.0,0.0,0.0,32900.0,704.0,0.0
S4_baisse_prix,C1044,CONCENTRES,Pk11,Littoral,2026-11-01,11,2026,0.0,0.0,0.0,0.0,32900.0,704.0,0.0
S1_rupture,C1044,CONCENTRES,Village,Littoral,2026-11-01,11,2026,0.02,0.02,0.02,0.3,32900.0,11260.0,0.01
S2_reappro_50,C1044,CONCENTRES,Village,Littoral,2026-11-01,11,2026,0.02,0.02,0.02,0.3,32900.0,11260.0,0.01
S3_reappro_100,C1044,CONCENTRES,Village,Littoral,2026-11-01,11,2026,0.02,0.02,0.02,0.3,32900.0,11260.0,0.01
S4_baisse_prix,C1044,CONCENTRES,Village,Littoral,2026-11-01,11,2026,0.02,0.02,0.02,0.3,32900.0,11260.0,0.01
S1_rupture,C105,CONCENTRES,Buea,Littoral,2026-11-01,11,2026,1.65,1.65,1.65,33.0,27500.0,907079.0,0.91
S2_reappro_50,C105,CONCENTRES,Buea,Littoral,2026-11-01,11,2026,1.65,1.65,1.65,33.0,27500.0,907079.0,0.91
S3_reappro_100,C105,CONCENTRES,Buea,Littoral,2026-11-01,11,2026,1.65,1.65,1.65,33.0,27500.0,907079.0,0.91
S4_baisse_prix,C105,CONCENTRES,Buea,Littoral,2026-11-01,11,2026,1.65,1.65,1.65,33.0,27500.0,907079.0,0.91
S1_rupture,C105,CONCENTRES,Ndobo,Littoral,2026-11-01,11,2026,14.93,14.91,14.95,298.5,27500.0,8209593.0,8.21
S2_reappro_50,C105,CONCENTRES,Ndobo,Littoral,2026-11-01,11,2026,14.93,14.91,14.95,298.5,27500.0,8209593.0,8.21
S3_reappro_100,C105,CONCENTRES,Ndobo,Littoral,2026-11-01,11,2026,14.93,14.91,14.95,298.5,27500.0,8209593.0,8.21
S4_baisse_prix,C105,CONCENTRES,Ndobo,Littoral,2026-11-01,11,2026,14.93,14.91,14.95,298.5,27500.0,8209593.0,8.21
S1_rupture,C105,CONCENTRES,Nkongsamba,Littoral,2026-11-01,11,2026,17.66,17.64,17.69,353.3,27500.0,9715509.0,9.72
S2_reappro_50,C105,CONCENTRES,Nkongsamba,Littoral,2026-11-01,11,2026,17.66,17.64,17.69,353.3,27500.0,9715509.0,9.72
S3_reappro_100,C105,CONCENTRES,Nkongsamba,Littoral,2026-11-01,11,2026,17.66,17.64,17.69,353.3,27500.0,9715509.0,9.72
S4_baisse_prix,C105,CONCENTRES,Nkongsamba,Littoral,2026-11-01,11,2026,17.66,17.64,17.69,353.3,27500.0,9715509.0,9.72
S1_rupture,C105,CONCENTRES,Pk11,Littoral,2026-11-01,11,2026,0.84,0.84,0.84,16.9,27500.0,463540.0,0.46
S2_reappro_50,C105,CONCENTRES,Pk11,Littoral,2026-11-01,11,2026,0.84,0.84,0.84,16.9,27500.0,463540.0,0.46
S3_reappro_100,C105,CONCENTRES,Pk11,Littoral,2026-11-01,11,2026,0.84,0.84,0.84,16.9,27500.0,463540.0,0.46
S4_baisse_prix,C105,CONCENTRES,Pk11,Littoral,2026-11-01,11,2026,0.84,0.84,0.84,16.9,27500.0,463540.0,0.46
S1_rupture,C105,CONCENTRES,Village,Littoral,2026-11-01,11,2026,15.29,15.27,15.31,305.9,27500.0,8411950.0,8.41
S2_reappro_50,C105,CONCENTRES,Village,Littoral,2026-11-01,11,2026,15.29,15.27,15.31,305.9,27500.0,8411950.0,8.41
S3_reappro_100,C105,CONCENTRES,Village,Littoral,2026-11-01,11,2026,15.29,15.27,15.31,305.9,27500.0,8411950.0,8.41
S4_baisse_prix,C105,CONCENTRES,Village,Littoral,2026-11-01,11,2026,15.29,15.27,15.31,305.9,27500.0,8411950.0,8.41
S1_rupture,C1053,CONCENTRES,Ndobo,Littoral,2026-11-01,11,2026,0.06,0.06,0.06,1.2,32000.0,38880.0,0.04
S2_reappro_50,C1053,CONCENTRES,Ndobo,Littoral,2026-11-01,11,2026,0.06,0.06,0.06,1.2,32000.0,38880.0,0.04
S3_reappro_100,C1053,CONCENTRES,Ndobo,Littoral,2026-11-01,11,2026,0.06,0.06,0.06,1.2,32000.0,38880.0,0.04
S4_baisse_prix,C1053,CONCENTRES,Ndobo,Littoral,2026-11-01,11,2026,0.06,0.06,0.06,1.2,32000.0,38880.0,0.04
S1_rupture,C1053,CONCENTRES,Nkongsamba,Littoral,2026-11-01,11,2026,0.44,0.44,0.44,8.9,32000.0,283276.0,0.28
S2_reappro_50,C1053,CONCENTRES,Nkongsamba,Littoral,2026-11-01,11,2026,0.44,0.44,0.44,8.9,32000.0,283276.0,0.28
S3_reappro_100,C1053,CONCENTRES,Nkongsamba,Littoral,2026-11-01,11,2026,0.44,0.44,0.44,8.9,32000.0,283276.0,0.28
S4_baisse_prix,C1053,CONCENTRES,Nkongsamba,Littoral,2026-11-01,11,2026,0.44,0.44,0.44,8.9,32000.0,283276.0,0.28
S1_rupture,C1054,CONCENTRES,Ndobo,Littoral,2026-11-01,11,2026,0.12,0.12,0.12,2.3,29500.0,68404.0,0.07
S2_reappro_50,C1054,CONCENTRES,Ndobo,Littoral,2026-11-01,11,2026,0.12,0.12,0.12,2.3,29500.0,68404.0,0.07
S3_reappro_100,C1054,CONCENTRES,Ndobo,Littoral,2026-11-01,11,2026,0.12,0.12,0.12,2.3,29500.0,68404.0,0.07
S4_baisse_prix,C1054,CONCENTRES,Ndobo,Littoral,2026-11-01,11,2026,0.12,0.12,0.12,2.3,29500.0,68404.0,0.07
S1_rupture,C1054,CONCENTRES,Nkongsamba,Littoral,2026-11-01,11,2026,0.47,0.47,0.47,9.3,29500.0,275760.0,0.28
S2_reappro_50,C1054,CONCENTRES,Nkongsamba,Littoral,2026-11-01,11,2026,0.47,0.47,0.47,9.3,29500.0,275760.0,0.28
S3_reappro_100,C1054,CONCENTRES,Nkongsamba,Littoral,2026-11-01,11,2026,0.47,0.47,0.47,9.3,29500.0,275760.0,0.28
S4_baisse_prix,C1054,CONCENTRES,Nkongsamba,Littoral,2026-11-01,11,2026,0.47,0.47,0.47,9.3,29500.0,275760.0,0.28
S1_rupture,C1055,CONCENTRES,Nkongsamba,Littoral,2026-11-01,11,2026,0.02,0.02,0.02,0.4,28500.0,11583.0,0.01
S2_reappro_50,C1055,CONCENTRES,Nkongsamba,Littoral,2026-11-01,11,2026,0.02,0.02,0.02,0.4,28500.0,11583.0,0.01
S3_reappro_100,C1055,CONCENTRES,Nkongsamba,Littoral,2026-11-01,11,2026,0.02,0.02,0.02,0.4,28500.0,11583.0,0.01
S4_baisse_prix,C1055,CONCENTRES,Nkongsamba,Littoral,2026-11-01,11,2026,0.02,0.02,0.02,0.4,28500.0,11583.0,0.01
S1_rupture,C108,CONCENTRES,Ndobo,Littoral,2026-11-01,11,2026,0.0,0.0,0.0,0.0,30000.0,1283.0,0.0
S2_reappro_50,C108,CONCENTRES,Ndobo,Littoral,2026-11-01,11,2026,0.0,0.0,0.0,0.0,30000.0,1283.0,0.0
S3_reappro_100,C108,CONCENTRES,Ndobo,Littoral,2026-11-01,11,2026,0.0,0.0,0.0,0.0,30000.0,1283.0,0.0
S4_baisse_prix,C108,CONCENTRES,Ndobo,Littoral,2026-11-01,11,2026,0.0,0.0,0.0,0.0,30000.0,1283.0,0.0
S1_rupture,C101,CONCENTRES,Buea,Littoral,2026-12-01,12,2026,2.31,2.3,2.31,46.2,36000.0,1662574.0,1.66
S2_reappro_50,C101,CONCENTRES,Buea,Littoral,2026-12-01,12,2026,2.31,2.3,2.31,46.2,36000.0,1662574.0,1.66
S3_reappro_100,C101,CONCENTRES,Buea,Littoral,2026-12-01,12,2026,2.31,2.3,2.31,46.2,36000.0,1662574.0,1.66
S4_baisse_prix,C101,CONCENTRES,Buea,Littoral,2026-12-01,12,2026,2.31,2.3,2.31,46.2,36000.0,1662574.0,1.66
S1_rupture,C101,CONCENTRES,Ndobo,Littoral,2026-12-01,12,2026,11.93,11.91,11.96,238.7,36000.0,8591738.0,8.59
S2_reappro_50,C101,CONCENTRES,Ndobo,Littoral,2026-12-01,12,2026,11.93,11.91,11.96,238.7,36000.0,8591738.0,8.59
S3_reappro_100,C101,CONCENTRES,Ndobo,Littoral,2026-12-01,12,2026,11.93,11.91,11.96,238.7,36000.0,8591738.0,8.59
S4_baisse_prix,C101,CONCENTRES,Ndobo,Littoral,2026-12-01,12,2026,11.93,11.91,11.96,238.7,36000.0,8591738.0,8.59
S1_rupture,C101,CONCENTRES,Nkongsamba,Littoral,2026-12-01,12,2026,3.01,3.0,3.02,60.2,36000.0,2167094.0,2.17
S2_reappro_50,C101,CONCENTRES,Nkongsamba,Littoral,2026-12-01,12,2026,3.01,3.0,3.02,60.2,36000.0,2167094.0,2.17
S3_reappro_100,C101,CONCENTRES,Nkongsamba,Littoral,2026-12-01,12,2026,3.01,3.0,3.02,60.2,36000.0,2167094.0,2.17
S4_baisse_prix,C101,CONCENTRES,Nkongsamba,Littoral,2026-12-01,12,2026,3.01,3.0,3.02,60.2,36000.0,2167094.0,2.17
S1_rupture,C101,CONCENTRES,Pk11,Littoral,2026-12-01,12,2026,0.22,0.22,0.22,4.3,36000.0,155401.0,0.16
S2_reappro_50,C101,CONCENTRES,Pk11,Littoral,2026-12-01,12,2026,0.22,0.22,0.22,4.3,36000.0,155401.0,0.16
S3_reappro_100,C101,CONCENTRES,Pk11,Littoral,2026-12-01,12,2026,0.22,0.22,0.22,4.3,36000.0,155401.0,0.16
S4_baisse_prix,C101,CONCENTRES,Pk11,Littoral,2026-12-01,12,2026,0.22,0.22,0.22,4.3,36000.0,155401.0,0.16
S1_rupture,C101,CONCENTRES,Village,Littoral,2026-12-01,12,2026,2.92,2.91,2.92,58.4,36000.0,2101102.0,2.1
S2_reappro_50,C101,CONCENTRES,Village,Littoral,2026-12-01,12,2026,2.92,2.91,2.92,58.4,36000.0,2101102.0,2.1
S3_reappro_100,C101,CONCENTRES,Village,Littoral,2026-12-01,12,2026,2.92,2.91,2.92,58.4,36000.0,2101102.0,2.1
S4_baisse_prix,C101,CONCENTRES,Village,Littoral,2026-12-01,12,2026,2.92,2.91,2.92,58.4,36000.0,2101102.0,2.1
S1_rupture,C102,CONCENTRES,Ndobo,Littoral,2026-12-01,12,2026,0.9,0.9,0.9,18.0,29500.0,532046.0,0.53
S2_reappro_50,C102,CONCENTRES,Ndobo,Littoral,2026-12-01,12,2026,0.9,0.9,0.9,18.0,29500.0,532046.0,0.53
S3_reappro_100,C102,CONCENTRES,Ndobo,Littoral,2026-12-01,12,2026,0.9,0.9,0.9,18.0,29500.0,532046.0,0.53
S4_baisse_prix,C102,CONCENTRES,Ndobo,Littoral,2026-12-01,12,2026,0.9,0.9,0.9,18.0,29500.0,532046.0,0.53
S1_rupture,C102,CONCENTRES,Pk11,Littoral,2026-12-01,12,2026,0.37,0.37,0.37,7.4,29500.0,218052.0,0.22
S2_reappro_50,C102,CONCENTRES,Pk11,Littoral,2026-12-01,12,2026,0.37,0.37,0.37,7.4,29500.0,218052.0,0.22
S3_reappro_100,C102,CONCENTRES,Pk11,Littoral,2026-12-01,12,2026,0.37,0.37,0.37,7.4,29500.0,218052.0,0.22
S4_baisse_prix,C102,CONCENTRES,Pk11,Littoral,2026-12-01,12,2026,0.37,0.37,0.37,7.4,29500.0,218052.0,0.22
S1_rupture,C102,CONCENTRES,Village,Littoral,2026-12-01,12,2026,1.11,1.11,1.12,22.3,29500.0,657644.0,0.66
S2_reappro_50,C102,CONCENTRES,Village,Littoral,2026-12-01,12,2026,1.11,1.11,1.12,22.3,29500.0,657644.0,0.66
S3_reappro_100,C102,CONCENTRES,Village,Littoral,2026-12-01,12,2026,1.11,1.11,1.12,22.3,29500.0,657644.0,0.66
S4_baisse_prix,C102,CONCENTRES,Village,Littoral,2026-12-01,12,2026,1.11,1.11,1.12,22.3,29500.0,657644.0,0.66
S1_rupture,C103,CONCENTRES,Buea,Littoral,2026-12-01,12,2026,6.21,6.2,6.22,124.2,39500.0,4907390.0,4.91
S2_reappro_50,C103,CONCENTRES,Buea,Littoral,2026-12-01,12,2026,6.21,6.2,6.22,124.2,39500.0,4907390.0,4.91
S3_reappro_100,C103,CONCENTRES,Buea,Littoral,2026-12-01,12,2026,6.21,6.2,6.22,124.2,39500.0,4907390.0,4.91
S4_baisse_prix,C103,CONCENTRES,Buea,Littoral,2026-12-01,12,2026,6.21,6.2,6.22,124.2,39500.0,4907390.0,4.91
S1_rupture,C103,CONCENTRES,Ndobo,Littoral,2026-12-01,12,2026,13.28,13.26,13.31,265.7,39500.0,10494479.0,10.49
S2_reappro_50,C103,CONCENTRES,Ndobo,Littoral,2026-12-01,12,2026,13.28,13.26,13.31,265.7,39500.0,10494479.0,10.49
S3_reappro_100,C103,CONCENTRES,Ndobo,Littoral,2026-12-01,12,2026,13.28,13.26,13.31,265.7,39500.0,10494479.0,10.49
S4_baisse_prix,C103,CONCENTRES,Ndobo,Littoral,2026-12-01,12,2026,13.28,13.26,13.31,265.7,39500.0,10494479.0,10.49
S1_rupture,C103,CONCENTRES,Nkongsamba,Littoral,2026-12-01,12,2026,2.23,2.22,2.23,44.5,39500.0,1758812.0,1.76
S2_reappro_50,C103,CONCENTRES,Nkongsamba,Littoral,2026-12-01,12,2026,2.23,2.22,2.23,44.5,39500.0,1758812.0,1.76
S3_reappro_100,C103,CONCENTRES,Nkongsamba,Littoral,2026-12-01,12,2026,2.23,2.22,2.23,44.5,39500.0,1758812.0,1.76
S4_baisse_prix,C103,CONCENTRES,Nkongsamba,Littoral,2026-12-01,12,2026,2.23,2.22,2.23,44.5,39500.0,1758812.0,1.76
S1_rupture,C103,CONCENTRES,Pk11,Littoral,2026-12-01,12,2026,1.42,1.42,1.43,28.4,39500.0,1123491.0,1.12
S2_reappro_50,C103,CONCENTRES,Pk11,Littoral,2026-12-01,12,2026,1.42,1.42,1.43,28.4,39500.0,1123491.0,1.12
S3_reappro_100,C103,CONCENTRES,Pk11,Littoral,2026-12-01,12,2026,1.42,1.42,1.43,28.4,39500.0,1123491.0,1.12
S4_baisse_prix,C103,CONCENTRES,Pk11,Littoral,2026-12-01,12,2026,1.42,1.42,1.43,28.4,39500.0,1123491.0,1.12
S1_rupture,C103,CONCENTRES,Village,Littoral,2026-12-01,12,2026,4.46,4.45,4.46,89.1,39500.0,3519960.0,3.52
S2_reappro_50,C103,CONCENTRES,Village,Littoral,2026-12-01,12,2026,4.46,4.45,4.46,89.1,39500.0,3519960.0,3.52
S3_reappro_100,C103,CONCENTRES,Village,Littoral,2026-12-01,12,2026,4.46,4.45,4.46,89.1,39500.0,3519960.0,3.52
S4_baisse_prix,C103,CONCENTRES,Village,Littoral,2026-12-01,12,2026,4.46,4.45,4.46,89.1,39500.0,3519960.0,3.52
S1_rupture,C104,CONCENTRES,Buea,Littoral,2026-12-01,12,2026,56.15,56.03,56.27,1123.0,32100.0,36047923.0,36.05
S2_reappro_50,C104,CONCENTRES,Buea,Littoral,2026-12-01,12,2026,56.15,56.03,56.27,1123.0,32100.0,36047923.0,36.05
S3_reappro_100,C104,CONCENTRES,Buea,Littoral,2026-12-01,12,2026,56.15,56.03,56.27,1123.0,32100.0,36047923.0,36.05
S4_baisse_prix,C104,CONCENTRES,Buea,Littoral,2026-12-01,12,2026,56.15,56.03,56.27,1123.0,32100.0,36047923.0,36.05
S1_rupture,C104,CONCENTRES,Ndobo,Littoral,2026-12-01,12,2026,138.79,138.5,139.08,2775.8,32100.0,89103345.0,89.1
S2_reappro_50,C104,CONCENTRES,Ndobo,Littoral,2026-12-01,12,2026,138.79,138.5,139.08,2775.8,32100.0,89103345.0,89.1
S3_reappro_100,C104,CONCENTRES,Ndobo,Littoral,2026-12-01,12,2026,138.79,138.5,139.08,2775.8,32100.0,89103345.0,89.1
S4_baisse_prix,C104,CONCENTRES,Ndobo,Littoral,2026-12-01,12,2026,138.79,138.5,139.08,2775.8,32100.0,89103345.0,89.1
S1_rupture,C104,CONCENTRES,Nkongsamba,Littoral,2026-12-01,12,2026,55.97,55.86,56.09,1119.5,32100.0,35935932.0,35.94
S2_reappro_50,C104,CONCENTRES,Nkongsamba,Littoral,2026-12-01,12,2026,55.97,55.86,56.09,1119.5,32100.0,35935932.0,35.94
S3_reappro_100,C104,CONCENTRES,Nkongsamba,Littoral,2026-12-01,12,2026,55.97,55.86,56.09,1119.5,32100.0,35935932.0,35.94
S4_baisse_prix,C104,CONCENTRES,Nkongsamba,Littoral,2026-12-01,12,2026,55.97,55.86,56.09,1119.5,32100.0,35935932.0,35.94
S1_rupture,C104,CONCENTRES,Pk11,Littoral,2026-12-01,12,2026,21.48,21.44,21.52,429.6,32100.0,13790120.0,13.79
S2_reappro_50,C104,CONCENTRES,Pk11,Littoral,2026-12-01,12,2026,21.48,21.44,21.52,429.6,32100.0,13790120.0,13.79
S3_reappro_100,C104,CONCENTRES,Pk11,Littoral,2026-12-01,12,2026,21.48,21.44,21.52,429.6,32100.0,13790120.0,13.79
S4_baisse_prix,C104,CONCENTRES,Pk11,Littoral,2026-12-01,12,2026,21.48,21.44,21.52,429.6,32100.0,13790120.0,13.79
S1_rupture,C104,CONCENTRES,Village,Littoral,2026-12-01,12,2026,87.57,87.38,87.75,1751.3,32100.0,56217753.0,56.22
S2_reappro_50,C104,CONCENTRES,Village,Littoral,2026-12-01,12,2026,87.57,87.38,87.75,1751.3,32100.0,56217753.0,56.22
S3_reappro_100,C104,CONCENTRES,Village,Littoral,2026-12-01,12,2026,87.57,87.38,87.75,1751.3,32100.0,56217753.0,56.22
S4_baisse_prix,C104,CONCENTRES,Village,Littoral,2026-12-01,12,2026,87.57,87.38,87.75,1751.3,32100.0,56217753.0,56.22
S1_rupture,C1042,CONCENTRES,Ndobo,Littoral,2026-12-01,12,2026,0.0,0.0,0.0,0.0,36500.0,1122.0,0.0
S2_reappro_50,C1042,CONCENTRES,Ndobo,Littoral,2026-12-01,12,2026,0.0,0.0,0.0,0.0,36500.0,1122.0,0.0
S3_reappro_100,C1042,CONCENTRES,Ndobo,Littoral,2026-12-01,12,2026,0.0,0.0,0.0,0.0,36500.0,1122.0,0.0
S4_baisse_prix,C1042,CONCENTRES,Ndobo,Littoral,2026-12-01,12,2026,0.0,0.0,0.0,0.0,36500.0,1122.0,0.0
S1_rupture,C1042,CONCENTRES,Nkongsamba,Littoral,2026-12-01,12,2026,0.35,0.35,0.35,6.9,36500.0,252526.0,0.25
S2_reappro_50,C1042,CONCENTRES,Nkongsamba,Littoral,2026-12-01,12,2026,0.35,0.35,0.35,6.9,36500.0,252526.0,0.25
S3_reappro_100,C1042,CONCENTRES,Nkongsamba,Littoral,2026-12-01,12,2026,0.35,0.35,0.35,6.9,36500.0,252526.0,0.25
S4_baisse_prix,C1042,CONCENTRES,Nkongsamba,Littoral,2026-12-01,12,2026,0.35,0.35,0.35,6.9,36500.0,252526.0,0.25
S1_rupture,C1043,CONCENTRES,Buea,Littoral,2026-12-01,12,2026,0.0,0.0,0.0,0.1,36490.0,2805.0,0.0
S2_reappro_50,C1043,CONCENTRES,Buea,Littoral,2026-12-01,12,2026,0.0,0.0,0.0,0.1,36490.0,2805.0,0.0
S3_reappro_100,C1043,CONCENTRES,Buea,Littoral,2026-12-01,12,2026,0.0,0.0,0.0,0.1,36490.0,2805.0,0.0
S4_baisse_prix,C1043,CONCENTRES,Buea,Littoral,2026-12-01,12,2026,0.0,0.0,0.0,0.1,36490.0,2805.0,0.0
S1_rupture,C1043,CONCENTRES,Ndobo,Littoral,2026-12-01,12,2026,0.04,0.04,0.04,0.8,36490.0,27619.0,0.03
S2_reappro_50,C1043,CONCENTRES,Ndobo,Littoral,2026-12-01,12,2026,0.04,0.04,0.04,0.8,36490.0,27619.0,0.03
S3_reappro_100,C1043,CONCENTRES,Ndobo,Littoral,2026-12-01,12,2026,0.04,0.04,0.04,0.8,36490.0,27619.0,0.03
S4_baisse_prix,C1043,CONCENTRES,Ndobo,Littoral,2026-12-01,12,2026,0.04,0.04,0.04,0.8,36490.0,27619.0,0.03
S1_rupture,C1043,CONCENTRES,Nkongsamba,Littoral,2026-12-01,12,2026,0.52,0.52,0.52,10.4,36490.0,378254.0,0.38
S2_reappro_50,C1043,CONCENTRES,Nkongsamba,Littoral,2026-12-01,12,2026,0.52,0.52,0.52,10.4,36490.0,378254.0,0.38
S3_reappro_100,C1043,CONCENTRES,Nkongsamba,Littoral,2026-12-01,12,2026,0.52,0.52,0.52,10.4,36490.0,378254.0,0.38
S4_baisse_prix,C1043,CONCENTRES,Nkongsamba,Littoral,2026-12-01,12,2026,0.52,0.52,0.52,10.4,36490.0,378254.0,0.38
S1_rupture,C1043,CONCENTRES,Village,Littoral,2026-12-01,12,2026,0.0,0.0,0.0,0.0,36490.0,647.0,0.0
S2_reappro_50,C1043,CONCENTRES,Village,Littoral,2026-12-01,12,2026,0.0,0.0,0.0,0.0,36490.0,647.0,0.0
S3_reappro_100,C1043,CONCENTRES,Village,Littoral,2026-12-01,12,2026,0.0,0.0,0.0,0.0,36490.0,647.0,0.0
S4_baisse_prix,C1043,CONCENTRES,Village,Littoral,2026-12-01,12,2026,0.0,0.0,0.0,0.0,36490.0,647.0,0.0
S1_rupture,C1044,CONCENTRES,Buea,Littoral,2026-12-01,12,2026,0.0,0.0,0.0,0.0,32900.0,973.0,0.0
S2_reappro_50,C1044,CONCENTRES,Buea,Littoral,2026-12-01,12,2026,0.0,0.0,0.0,0.0,32900.0,973.0,0.0
S3_reappro_100,C1044,CONCENTRES,Buea,Littoral,2026-12-01,12,2026,0.0,0.0,0.0,0.0,32900.0,973.0,0.0
S4_baisse_prix,C1044,CONCENTRES,Buea,Littoral,2026-12-01,12,2026,0.0,0.0,0.0,0.0,32900.0,973.0,0.0
S1_rupture,C1044,CONCENTRES,Ndobo,Littoral,2026-12-01,12,2026,0.0,0.0,0.0,0.1,32900.0,1945.0,0.0
S2_reappro_50,C1044,CONCENTRES,Ndobo,Littoral,2026-12-01,12,2026,0.0,0.0,0.0,0.1,32900.0,1945.0,0.0
S3_reappro_100,C1044,CONCENTRES,Ndobo,Littoral,2026-12-01,12,2026,0.0,0.0,0.0,0.1,32900.0,1945.0,0.0
S4_baisse_prix,C1044,CONCENTRES,Ndobo,Littoral,2026-12-01,12,2026,0.0,0.0,0.0,0.1,32900.0,1945.0,0.0
S1_rupture,C1044,CONCENTRES,Nkongsamba,Littoral,2026-12-01,12,2026,0.07,0.07,0.07,1.4,32900.0,46691.0,0.05
S2_reappro_50,C1044,CONCENTRES,Nkongsamba,Littoral,2026-12-01,12,2026,0.07,0.07,0.07,1.4,32900.0,46691.0,0.05
S3_reappro_100,C1044,CONCENTRES,Nkongsamba,Littoral,2026-12-01,12,2026,0.07,0.07,0.07,1.4,32900.0,46691.0,0.05
S4_baisse_prix,C1044,CONCENTRES,Nkongsamba,Littoral,2026-12-01,12,2026,0.07,0.07,0.07,1.4,32900.0,46691.0,0.05
S1_rupture,C1044,CONCENTRES,Pk11,Littoral,2026-12-01,12,2026,0.0,0.0,0.0,0.0,32900.0,973.0,0.0
S2_reappro_50,C1044,CONCENTRES,Pk11,Littoral,2026-12-01,12,2026,0.0,0.0,0.0,0.0,32900.0,973.0,0.0
S3_reappro_100,C1044,CONCENTRES,Pk11,Littoral,2026-12-01,12,2026,0.0,0.0,0.0,0.0,32900.0,973.0,0.0
S4_baisse_prix,C1044,CONCENTRES,Pk11,Littoral,2026-12-01,12,2026,0.0,0.0,0.0,0.0,32900.0,973.0,0.0
S1_rupture,C1044,CONCENTRES,Village,Littoral,2026-12-01,12,2026,0.02,0.02,0.02,0.5,32900.0,15564.0,0.02
S2_reappro_50,C1044,CONCENTRES,Village,Littoral,2026-12-01,12,2026,0.02,0.02,0.02,0.5,32900.0,15564.0,0.02
S3_reappro_100,C1044,CONCENTRES,Village,Littoral,2026-12-01,12,2026,0.02,0.02,0.02,0.5,32900.0,15564.0,0.02
S4_baisse_prix,C1044,CONCENTRES,Village,Littoral,2026-12-01,12,2026,0.02,0.02,0.02,0.5,32900.0,15564.0,0.02
S1_rupture,C105,CONCENTRES,Buea,Littoral,2026-12-01,12,2026,2.28,2.27,2.28,45.6,27500.0,1253760.0,1.25
S2_reappro_50,C105,CONCENTRES,Buea,Littoral,2026-12-01,12,2026,2.28,2.27,2.28,45.6,27500.0,1253760.0,1.25
S3_reappro_100,C105,CONCENTRES,Buea,Littoral,2026-12-01,12,2026,2.28,2.27,2.28,45.6,27500.0,1253760.0,1.25
S4_baisse_prix,C105,CONCENTRES,Buea,Littoral,2026-12-01,12,2026,2.28,2.27,2.28,45.6,27500.0,1253760.0,1.25
S1_rupture,C105,CONCENTRES,Ndobo,Littoral,2026-12-01,12,2026,20.63,20.59,20.67,412.6,27500.0,11347261.0,11.35
S2_reappro_50,C105,CONCENTRES,Ndobo,Littoral,2026-12-01,12,2026,20.63,20.59,20.67,412.6,27500.0,11347261.0,11.35
S3_reappro_100,C105,CONCENTRES,Ndobo,Littoral,2026-12-01,12,2026,20.63,20.59,20.67,412.6,27500.0,11347261.0,11.35
S4_baisse_prix,C105,CONCENTRES,Ndobo,Littoral,2026-12-01,12,2026,20.63,20.59,20.67,412.6,27500.0,11347261.0,11.35
S1_rupture,C105,CONCENTRES,Nkongsamba,Littoral,2026-12-01,12,2026,24.42,24.36,24.47,488.3,27500.0,13428730.0,13.43
S2_reappro_50,C105,CONCENTRES,Nkongsamba,Littoral,2026-12-01,12,2026,24.42,24.36,24.47,488.3,27500.0,13428730.0,13.43
S3_reappro_100,C105,CONCENTRES,Nkongsamba,Littoral,2026-12-01,12,2026,24.42,24.36,24.47,488.3,27500.0,13428730.0,13.43
S4_baisse_prix,C105,CONCENTRES,Nkongsamba,Littoral,2026-12-01,12,2026,24.42,24.36,24.47,488.3,27500.0,13428730.0,13.43
S1_rupture,C105,CONCENTRES,Pk11,Littoral,2026-12-01,12,2026,1.16,1.16,1.17,23.3,27500.0,640702.0,0.64
S2_reappro_50,C105,CONCENTRES,Pk11,Littoral,2026-12-01,12,2026,1.16,1.16,1.17,23.3,27500.0,640702.0,0.64
S3_reappro_100,C105,CONCENTRES,Pk11,Littoral,2026-12-01,12,2026,1.16,1.16,1.17,23.3,27500.0,640702.0,0.64
S4_baisse_prix,C105,CONCENTRES,Pk11,Littoral,2026-12-01,12,2026,1.16,1.16,1.17,23.3,27500.0,640702.0,0.64
S1_rupture,C105,CONCENTRES,Village,Littoral,2026-12-01,12,2026,21.14,21.1,21.18,422.8,27500.0,11626958.0,11.63
S2_reappro_50,C105,CONCENTRES,Village,Littoral,2026-12-01,12,2026,21.14,21.1,21.18,422.8,27500.0,11626958.0,11.63
S3_reappro_100,C105,CONCENTRES,Village,Littoral,2026-12-01,12,2026,21.14,21.1,21.18,422.8,27500.0,11626958.0,11.63
S4_baisse_prix,C105,CONCENTRES,Village,Littoral,2026-12-01,12,2026,21.14,21.1,21.18,422.8,27500.0,11626958.0,11.63
S1_rupture,C1053,CONCENTRES,Ndobo,Littoral,2026-12-01,12,2026,0.08,0.08,0.08,1.7,32000.0,53740.0,0.05
S2_reappro_50,C1053,CONCENTRES,Ndobo,Littoral,2026-12-01,12,2026,0.08,0.08,0.08,1.7,32000.0,53740.0,0.05
S3_reappro_100,C1053,CONCENTRES,Ndobo,Littoral,2026-12-01,12,2026,0.08,0.08,0.08,1.7,32000.0,53740.0,0.05
S4_baisse_prix,C1053,CONCENTRES,Ndobo,Littoral,2026-12-01,12,2026,0.08,0.08,0.08,1.7,32000.0,53740.0,0.05
S1_rupture,C1053,CONCENTRES,Nkongsamba,Littoral,2026-12-01,12,2026,0.61,0.61,0.61,12.2,32000.0,391543.0,0.39
S2_reappro_50,C1053,CONCENTRES,Nkongsamba,Littoral,2026-12-01,12,2026,0.61,0.61,0.61,12.2,32000.0,391543.0,0.39
S3_reappro_100,C1053,CONCENTRES,Nkongsamba,Littoral,2026-12-01,12,2026,0.61,0.61,0.61,12.2,32000.0,391543.0,0.39
S4_baisse_prix,C1053,CONCENTRES,Nkongsamba,Littoral,2026-12-01,12,2026,0.61,0.61,0.61,12.2,32000.0,391543.0,0.39
S1_rupture,C1054,CONCENTRES,Ndobo,Littoral,2026-12-01,12,2026,0.16,0.16,0.16,3.2,29500.0,94547.0,0.09
S2_reappro_50,C1054,CONCENTRES,Ndobo,Littoral,2026-12-01,12,2026,0.16,0.16,0.16,3.2,29500.0,94547.0,0.09
S3_reappro_100,C1054,CONCENTRES,Ndobo,Littoral,2026-12-01,12,2026,0.16,0.16,0.16,3.2,29500.0,94547.0,0.09
S4_baisse_prix,C1054,CONCENTRES,Ndobo,Littoral,2026-12-01,12,2026,0.16,0.16,0.16,3.2,29500.0,94547.0,0.09
S1_rupture,C1054,CONCENTRES,Nkongsamba,Littoral,2026-12-01,12,2026,0.65,0.64,0.65,12.9,29500.0,381154.0,0.38
S2_reappro_50,C1054,CONCENTRES,Nkongsamba,Littoral,2026-12-01,12,2026,0.65,0.64,0.65,12.9,29500.0,381154.0,0.38
S3_reappro_100,C1054,CONCENTRES,Nkongsamba,Littoral,2026-12-01,12,2026,0.65,0.64,0.65,12.9,29500.0,381154.0,0.38
S4_baisse_prix,C1054,CONCENTRES,Nkongsamba,Littoral,2026-12-01,12,2026,0.65,0.64,0.65,12.9,29500.0,381154.0,0.38
S1_rupture,C1055,CONCENTRES,Nkongsamba,Littoral,2026-12-01,12,2026,0.03,0.03,0.03,0.6,28500.0,16010.0,0.02
S2_reappro_50,C1055,CONCENTRES,Nkongsamba,Littoral,2026-12-01,12,2026,0.03,0.03,0.03,0.6,28500.0,16010.0,0.02
S3_reappro_100,C1055,CONCENTRES,Nkongsamba,Littoral,2026-12-01,12,2026,0.03,0.03,0.03,0.6,28500.0,16010.0,0.02
S4_baisse_prix,C1055,CONCENTRES,Nkongsamba,Littoral,2026-12-01,12,2026,0.03,0.03,0.03,0.6,28500.0,16010.0,0.02
S1_rupture,C108,CONCENTRES,Ndobo,Littoral,2026-12-01,12,2026,0.0,0.0,0.0,0.1,30000.0,1774.0,0.0
S2_reappro_50,C108,CONCENTRES,Ndobo,Littoral,2026-12-01,12,2026,0.0,0.0,0.0,0.1,30000.0,1774.0,0.0
S3_reappro_100,C108,CONCENTRES,Ndobo,Littoral,2026-12-01,12,2026,0.0,0.0,0.0,0.1,30000.0,1774.0,0.0
S4_baisse_prix,C108,CONCENTRES,Ndobo,Littoral,2026-12-01,12,2026,0.0,0.0,0.0,0.1,30000.0,1774.0,0.0
S1_rupture,C101,CONCENTRES,Djeleng,Ouest,2026-09-01,9,2026,17.42,17.42,17.42,348.4,36000.0,12543527.0,12.54
S2_reappro_50,C101,CONCENTRES,Djeleng,Ouest,2026-09-01,9,2026,17.42,17.42,17.42,348.4,36000.0,12543527.0,12.54
S3_reappro_100,C101,CONCENTRES,Djeleng,Ouest,2026-09-01,9,2026,17.42,17.42,17.42,348.4,36000.0,12543527.0,12.54
S4_baisse_prix,C101,CONCENTRES,Djeleng,Ouest,2026-09-01,9,2026,17.42,17.42,17.42,348.4,36000.0,12543527.0,12.54
S1_rupture,C101,CONCENTRES,Famla,Ouest,2026-09-01,9,2026,72.73,72.73,72.73,1454.6,36000.0,52365346.0,52.37
S2_reappro_50,C101,CONCENTRES,Famla,Ouest,2026-09-01,9,2026,72.73,72.73,72.73,1454.6,36000.0,52365346.0,52.37
S3_reappro_100,C101,CONCENTRES,Famla,Ouest,2026-09-01,9,2026,72.73,72.73,72.73,1454.6,36000.0,52365346.0,52.37
S4_baisse_prix,C101,CONCENTRES,Famla,Ouest,2026-09-01,9,2026,72.73,72.73,72.73,1454.6,36000.0,52365346.0,52.37
S1_rupture,C101,CONCENTRES,Mbouda,Ouest,2026-09-01,9,2026,14.4,14.4,14.4,288.0,36000.0,10368239.0,10.37
S2_reappro_50,C101,CONCENTRES,Mbouda,Ouest,2026-09-01,9,2026,14.4,14.4,14.4,288.0,36000.0,10368239.0,10.37
S3_reappro_100,C101,CONCENTRES,Mbouda,Ouest,2026-09-01,9,2026,14.4,14.4,14.4,288.0,36000.0,10368239.0,10.37
S4_baisse_prix,C101,CONCENTRES,Mbouda,Ouest,2026-09-01,9,2026,14.4,14.4,14.4,288.0,36000.0,10368239.0,10.37
S1_rupture,C102,CONCENTRES,Mbouda,Ouest,2026-09-01,9,2026,0.0,0.0,0.0,0.1,29500.0,1742.0,0.0
S2_reappro_50,C102,CONCENTRES,Mbouda,Ouest,2026-09-01,9,2026,0.0,0.0,0.0,0.1,29500.0,1742.0,0.0
S3_reappro_100,C102,CONCENTRES,Mbouda,Ouest,2026-09-01,9,2026,0.0,0.0,0.0,0.1,29500.0,1742.0,0.0
S4_baisse_prix,C102,CONCENTRES,Mbouda,Ouest,2026-09-01,9,2026,0.0,0.0,0.0,0.1,29500.0,1742.0,0.0
S1_rupture,C103,CONCENTRES,Djeleng,Ouest,2026-09-01,9,2026,12.73,12.73,12.73,254.5,39500.0,10054553.0,10.05
S2_reappro_50,C103,CONCENTRES,Djeleng,Ouest,2026-09-01,9,2026,12.73,12.73,12.73,254.5,39500.0,10054553.0,10.05
S3_reappro_100,C103,CONCENTRES,Djeleng,Ouest,2026-09-01,9,2026,12.73,12.73,12.73,254.5,39500.0,10054553.0,10.05
S4_baisse_prix,C103,CONCENTRES,Djeleng,Ouest,2026-09-01,9,2026,12.73,12.73,12.73,254.5,39500.0,10054553.0,10.05
S1_rupture,C103,CONCENTRES,Famla,Ouest,2026-09-01,9,2026,56.64,56.64,56.64,1132.8,39500.0,44745618.0,44.75
S2_reappro_50,C103,CONCENTRES,Famla,Ouest,2026-09-01,9,2026,56.64,56.64,56.64,1132.8,39500.0,44745618.0,44.75
S3_reappro_100,C103,CONCENTRES,Famla,Ouest,2026-09-01,9,2026,56.64,56.64,56.64,1132.8,39500.0,44745618.0,44.75
S4_baisse_prix,C103,CONCENTRES,Famla,Ouest,2026-09-01,9,2026,56.64,56.64,56.64,1132.8,39500.0,44745618.0,44.75
S1_rupture,C103,CONCENTRES,Mbouda,Ouest,2026-09-01,9,2026,9.27,9.27,9.27,185.4,39500.0,7324810.0,7.32
S2_reappro_50,C103,CONCENTRES,Mbouda,Ouest,2026-09-01,9,2026,9.27,9.27,9.27,185.4,39500.0,7324810.0,7.32
S3_reappro_100,C103,CONCENTRES,Mbouda,Ouest,2026-09-01,9,2026,9.27,9.27,9.27,185.4,39500.0,7324810.0,7.32
S4_baisse_prix,C103,CONCENTRES,Mbouda,Ouest,2026-09-01,9,2026,9.27,9.27,9.27,185.4,39500.0,7324810.0,7.32
S1_rupture,C104,CONCENTRES,Djeleng,Ouest,2026-09-01,9,2026,24.79,24.79,24.79,495.7,32100.0,15913329.0,15.91
S2_reappro_50,C104,CONCENTRES,Djeleng,Ouest,2026-09-01,9,2026,24.79,24.79,24.79,495.7,32100.0,15913329.0,15.91
S3_reappro_100,C104,CONCENTRES,Djeleng,Ouest,2026-09-01,9,2026,24.79,24.79,24.79,495.7,32100.0,15913329.0,15.91
S4_baisse_prix,C104,CONCENTRES,Djeleng,Ouest,2026-09-01,9,2026,24.79,24.79,24.79,495.7,32100.0,15913329.0,15.91
S1_rupture,C104,CONCENTRES,Famla,Ouest,2026-09-01,9,2026,58.87,58.87,58.87,1177.3,32100.0,37792497.0,37.79
S2_reappro_50,C104,CONCENTRES,Famla,Ouest,2026-09-01,9,2026,58.87,58.87,58.87,1177.3,32100.0,37792497.0,37.79
S3_reappro_100,C104,CONCENTRES,Famla,Ouest,2026-09-01,9,2026,58.87,58.87,58.87,1177.3,32100.0,37792497.0,37.79
S4_baisse_prix,C104,CONCENTRES,Famla,Ouest,2026-09-01,9,2026,58.87,58.87,58.87,1177.3,32100.0,37792497.0,37.79
S1_rupture,C104,CONCENTRES,Mbouda,Ouest,2026-09-01,9,2026,14.86,14.86,14.86,297.2,32100.0,9538896.0,9.54
S2_reappro_50,C104,CONCENTRES,Mbouda,Ouest,2026-09-01,9,2026,14.86,14.86,14.86,297.2,32100.0,9538896.0,9.54
S3_reappro_100,C104,CONCENTRES,Mbouda,Ouest,2026-09-01,9,2026,14.86,14.86,14.86,297.2,32100.0,9538896.0,9.54
S4_baisse_prix,C104,CONCENTRES,Mbouda,Ouest,2026-09-01,9,2026,14.86,14.86,14.86,297.2,32100.0,9538896.0,9.54
S1_rupture,C1042,CONCENTRES,Djeleng,Ouest,2026-09-01,9,2026,0.06,0.06,0.06,1.3,36500.0,46352.0,0.05
S2_reappro_50,C1042,CONCENTRES,Djeleng,Ouest,2026-09-01,9,2026,0.06,0.06,0.06,1.3,36500.0,46352.0,0.05
S3_reappro_100,C1042,CONCENTRES,Djeleng,Ouest,2026-09-01,9,2026,0.06,0.06,0.06,1.3,36500.0,46352.0,0.05
S4_baisse_prix,C1042,CONCENTRES,Djeleng,Ouest,2026-09-01,9,2026,0.06,0.06,0.06,1.3,36500.0,46352.0,0.05
S1_rupture,C1042,CONCENTRES,Famla,Ouest,2026-09-01,9,2026,0.17,0.17,0.17,3.5,36500.0,126121.0,0.13
S2_reappro_50,C1042,CONCENTRES,Famla,Ouest,2026-09-01,9,2026,0.17,0.17,0.17,3.5,36500.0,126121.0,0.13
S3_reappro_100,C1042,CONCENTRES,Famla,Ouest,2026-09-01,9,2026,0.17,0.17,0.17,3.5,36500.0,126121.0,0.13
S4_baisse_prix,C1042,CONCENTRES,Famla,Ouest,2026-09-01,9,2026,0.17,0.17,0.17,3.5,36500.0,126121.0,0.13
S1_rupture,C1042,CONCENTRES,Mbouda,Ouest,2026-09-01,9,2026,0.05,0.05,0.05,0.9,36500.0,34495.0,0.03
S2_reappro_50,C1042,CONCENTRES,Mbouda,Ouest,2026-09-01,9,2026,0.05,0.05,0.05,0.9,36500.0,34495.0,0.03
S3_reappro_100,C1042,CONCENTRES,Mbouda,Ouest,2026-09-01,9,2026,0.05,0.05,0.05,0.9,36500.0,34495.0,0.03
S4_baisse_prix,C1042,CONCENTRES,Mbouda,Ouest,2026-09-01,9,2026,0.05,0.05,0.05,0.9,36500.0,34495.0,0.03
S1_rupture,C1043,CONCENTRES,Djeleng,Ouest,2026-09-01,9,2026,0.19,0.19,0.19,3.7,36490.0,136217.0,0.14
S2_reappro_50,C1043,CONCENTRES,Djeleng,Ouest,2026-09-01,9,2026,0.19,0.19,0.19,3.7,36490.0,136217.0,0.14
S3_reappro_100,C1043,CONCENTRES,Djeleng,Ouest,2026-09-01,9,2026,0.19,0.19,0.19,3.7,36490.0,136217.0,0.14
S4_baisse_prix,C1043,CONCENTRES,Djeleng,Ouest,2026-09-01,9,2026,0.19,0.19,0.19,3.7,36490.0,136217.0,0.14
S1_rupture,C1043,CONCENTRES,Famla,Ouest,2026-09-01,9,2026,0.14,0.14,0.14,2.7,36490.0,99145.0,0.1
S2_reappro_50,C1043,CONCENTRES,Famla,Ouest,2026-09-01,9,2026,0.14,0.14,0.14,2.7,36490.0,99145.0,0.1
S3_reappro_100,C1043,CONCENTRES,Famla,Ouest,2026-09-01,9,2026,0.14,0.14,0.14,2.7,36490.0,99145.0,0.1
S4_baisse_prix,C1043,CONCENTRES,Famla,Ouest,2026-09-01,9,2026,0.14,0.14,0.14,2.7,36490.0,99145.0,0.1
S1_rupture,C1043,CONCENTRES,Mbouda,Ouest,2026-09-01,9,2026,0.39,0.39,0.39,7.9,36490.0,286658.0,0.29
S2_reappro_50,C1043,CONCENTRES,Mbouda,Ouest,2026-09-01,9,2026,0.39,0.39,0.39,7.9,36490.0,286658.0,0.29
S3_reappro_100,C1043,CONCENTRES,Mbouda,Ouest,2026-09-01,9,2026,0.39,0.39,0.39,7.9,36490.0,286658.0,0.29
S4_baisse_prix,C1043,CONCENTRES,Mbouda,Ouest,2026-09-01,9,2026,0.39,0.39,0.39,7.9,36490.0,286658.0,0.29
S1_rupture,C1044,CONCENTRES,Mbouda,Ouest,2026-09-01,9,2026,0.15,0.15,0.15,3.0,32900.0,99107.0,0.1
S2_reappro_50,C1044,CONCENTRES,Mbouda,Ouest,2026-09-01,9,2026,0.15,0.15,0.15,3.0,32900.0,99107.0,0.1
S3_reappro_100,C1044,CONCENTRES,Mbouda,Ouest,2026-09-01,9,2026,0.15,0.15,0.15,3.0,32900.0,99107.0,0.1
S4_baisse_prix,C1044,CONCENTRES,Mbouda,Ouest,2026-09-01,9,2026,0.15,0.15,0.15,3.0,32900.0,99107.0,0.1
S1_rupture,C105,CONCENTRES,Djeleng,Ouest,2026-09-01,9,2026,15.39,15.39,15.39,307.9,27500.0,8465954.0,8.47
S2_reappro_50,C105,CONCENTRES,Djeleng,Ouest,2026-09-01,9,2026,15.39,15.39,15.39,307.9,27500.0,8465954.0,8.47
S3_reappro_100,C105,CONCENTRES,Djeleng,Ouest,2026-09-01,9,2026,15.39,15.39,15.39,307.9,27500.0,8465954.0,8.47
S4_baisse_prix,C105,CONCENTRES,Djeleng,Ouest,2026-09-01,9,2026,15.39,15.39,15.39,307.9,27500.0,8465954.0,8.47
S1_rupture,C105,CONCENTRES,Famla,Ouest,2026-09-01,9,2026,33.33,33.32,33.33,666.5,27500.0,18328822.0,18.33
S2_reappro_50,C105,CONCENTRES,Famla,Ouest,2026-09-01,9,2026,33.33,33.32,33.33,666.5,27500.0,18328822.0,18.33
S3_reappro_100,C105,CONCENTRES,Famla,Ouest,2026-09-01,9,2026,33.33,33.32,33.33,666.5,27500.0,18328822.0,18.33
S4_baisse_prix,C105,CONCENTRES,Famla,Ouest,2026-09-01,9,2026,33.33,33.32,33.33,666.5,27500.0,18328822.0,18.33
S1_rupture,C105,CONCENTRES,Mbouda,Ouest,2026-09-01,9,2026,14.66,14.66,14.67,293.3,27500.0,8065559.0,8.07
S2_reappro_50,C105,CONCENTRES,Mbouda,Ouest,2026-09-01,9,2026,14.66,14.66,14.67,293.3,27500.0,8065559.0,8.07
S3_reappro_100,C105,CONCENTRES,Mbouda,Ouest,2026-09-01,9,2026,14.66,14.66,14.67,293.3,27500.0,8065559.0,8.07
S4_baisse_prix,C105,CONCENTRES,Mbouda,Ouest,2026-09-01,9,2026,14.66,14.66,14.67,293.3,27500.0,8065559.0,8.07
S1_rupture,C1053,CONCENTRES,Djeleng,Ouest,2026-09-01,9,2026,0.23,0.23,0.23,4.6,32000.0,148374.0,0.15
S2_reappro_50,C1053,CONCENTRES,Djeleng,Ouest,2026-09-01,9,2026,0.23,0.23,0.23,4.6,32000.0,148374.0,0.15
S3_reappro_100,C1053,CONCENTRES,Djeleng,Ouest,2026-09-01,9,2026,0.23,0.23,0.23,4.6,32000.0,148374.0,0.15
S4_baisse_prix,C1053,CONCENTRES,Djeleng,Ouest,2026-09-01,9,2026,0.23,0.23,0.23,4.6,32000.0,148374.0,0.15
S1_rupture,C1053,CONCENTRES,Famla,Ouest,2026-09-01,9,2026,0.76,0.76,0.76,15.2,32000.0,484815.0,0.48
S2_reappro_50,C1053,CONCENTRES,Famla,Ouest,2026-09-01,9,2026,0.76,0.76,0.76,15.2,32000.0,484815.0,0.48
S3_reappro_100,C1053,CONCENTRES,Famla,Ouest,2026-09-01,9,2026,0.76,0.76,0.76,15.2,32000.0,484815.0,0.48
S4_baisse_prix,C1053,CONCENTRES,Famla,Ouest,2026-09-01,9,2026,0.76,0.76,0.76,15.2,32000.0,484815.0,0.48
S1_rupture,C1053,CONCENTRES,Mbouda,Ouest,2026-09-01,9,2026,0.07,0.07,0.07,1.4,32000.0,46327.0,0.05
S2_reappro_50,C1053,CONCENTRES,Mbouda,Ouest,2026-09-01,9,2026,0.07,0.07,0.07,1.4,32000.0,46327.0,0.05
S3_reappro_100,C1053,CONCENTRES,Mbouda,Ouest,2026-09-01,9,2026,0.07,0.07,0.07,1.4,32000.0,46327.0,0.05
S4_baisse_prix,C1053,CONCENTRES,Mbouda,Ouest,2026-09-01,9,2026,0.07,0.07,0.07,1.4,32000.0,46327.0,0.05
S1_rupture,C1054,CONCENTRES,Djeleng,Ouest,2026-09-01,9,2026,0.56,0.56,0.56,11.3,29500.0,331937.0,0.33
S2_reappro_50,C1054,CONCENTRES,Djeleng,Ouest,2026-09-01,9,2026,0.56,0.56,0.56,11.3,29500.0,331937.0,0.33
S3_reappro_100,C1054,CONCENTRES,Djeleng,Ouest,2026-09-01,9,2026,0.56,0.56,0.56,11.3,29500.0,331937.0,0.33
S4_baisse_prix,C1054,CONCENTRES,Djeleng,Ouest,2026-09-01,9,2026,0.56,0.56,0.56,11.3,29500.0,331937.0,0.33
S1_rupture,C1054,CONCENTRES,Famla,Ouest,2026-09-01,9,2026,0.86,0.86,0.86,17.1,29500.0,505311.0,0.51
S2_reappro_50,C1054,CONCENTRES,Famla,Ouest,2026-09-01,9,2026,0.86,0.86,0.86,17.1,29500.0,505311.0,0.51
S3_reappro_100,C1054,CONCENTRES,Famla,Ouest,2026-09-01,9,2026,0.86,0.86,0.86,17.1,29500.0,505311.0,0.51
S4_baisse_prix,C1054,CONCENTRES,Famla,Ouest,2026-09-01,9,2026,0.86,0.86,0.86,17.1,29500.0,505311.0,0.51
S1_rupture,C1054,CONCENTRES,Mbouda,Ouest,2026-09-01,9,2026,1.08,1.08,1.08,21.5,29500.0,635124.0,0.64
S2_reappro_50,C1054,CONCENTRES,Mbouda,Ouest,2026-09-01,9,2026,1.08,1.08,1.08,21.5,29500.0,635124.0,0.64
S3_reappro_100,C1054,CONCENTRES,Mbouda,Ouest,2026-09-01,9,2026,1.08,1.08,1.08,21.5,29500.0,635124.0,0.64
S4_baisse_prix,C1054,CONCENTRES,Mbouda,Ouest,2026-09-01,9,2026,1.08,1.08,1.08,21.5,29500.0,635124.0,0.64
S1_rupture,C1055,CONCENTRES,Mbouda,Ouest,2026-09-01,9,2026,0.16,0.16,0.16,3.2,28500.0,90903.0,0.09
S2_reappro_50,C1055,CONCENTRES,Mbouda,Ouest,2026-09-01,9,2026,0.16,0.16,0.16,3.2,28500.0,90903.0,0.09
S3_reappro_100,C1055,CONCENTRES,Mbouda,Ouest,2026-09-01,9,2026,0.16,0.16,0.16,3.2,28500.0,90903.0,0.09
S4_baisse_prix,C1055,CONCENTRES,Mbouda,Ouest,2026-09-01,9,2026,0.16,0.16,0.16,3.2,28500.0,90903.0,0.09
S1_rupture,C101,CONCENTRES,Djeleng,Ouest,2026-10-01,10,2026,26.59,26.59,26.59,531.8,36000.0,19145990.0,19.15
S2_reappro_50,C101,CONCENTRES,Djeleng,Ouest,2026-10-01,10,2026,26.59,26.59,26.59,531.8,36000.0,19145990.0,19.15
S3_reappro_100,C101,CONCENTRES,Djeleng,Ouest,2026-10-01,10,2026,26.59,26.59,26.59,531.8,36000.0,19145990.0,19.15
S4_baisse_prix,C101,CONCENTRES,Djeleng,Ouest,2026-10-01,10,2026,26.59,26.59,26.59,531.8,36000.0,19145990.0,19.15
S1_rupture,C101,CONCENTRES,Famla,Ouest,2026-10-01,10,2026,111.01,111.0,111.02,2220.2,36000.0,79928586.0,79.93
S2_reappro_50,C101,CONCENTRES,Famla,Ouest,2026-10-01,10,2026,111.01,111.0,111.02,2220.2,36000.0,79928586.0,79.93
S3_reappro_100,C101,CONCENTRES,Famla,Ouest,2026-10-01,10,2026,111.01,111.0,111.02,2220.2,36000.0,79928586.0,79.93
S4_baisse_prix,C101,CONCENTRES,Famla,Ouest,2026-10-01,10,2026,111.01,111.0,111.02,2220.2,36000.0,79928586.0,79.93
S1_rupture,C101,CONCENTRES,Mbouda,Ouest,2026-10-01,10,2026,21.98,21.98,21.98,439.6,36000.0,15825708.0,15.83
S2_reappro_50,C101,CONCENTRES,Mbouda,Ouest,2026-10-01,10,2026,21.98,21.98,21.98,439.6,36000.0,15825708.0,15.83
S3_reappro_100,C101,CONCENTRES,Mbouda,Ouest,2026-10-01,10,2026,21.98,21.98,21.98,439.6,36000.0,15825708.0,15.83
S4_baisse_prix,C101,CONCENTRES,Mbouda,Ouest,2026-10-01,10,2026,21.98,21.98,21.98,439.6,36000.0,15825708.0,15.83
S1_rupture,C102,CONCENTRES,Mbouda,Ouest,2026-10-01,10,2026,0.0,0.0,0.0,0.1,29500.0,2660.0,0.0
S2_reappro_50,C102,CONCENTRES,Mbouda,Ouest,2026-10-01,10,2026,0.0,0.0,0.0,0.1,29500.0,2660.0,0.0
S3_reappro_100,C102,CONCENTRES,Mbouda,Ouest,2026-10-01,10,2026,0.0,0.0,0.0,0.1,29500.0,2660.0,0.0
S4_baisse_prix,C102,CONCENTRES,Mbouda,Ouest,2026-10-01,10,2026,0.0,0.0,0.0,0.1,29500.0,2660.0,0.0
S1_rupture,C103,CONCENTRES,Djeleng,Ouest,2026-10-01,10,2026,19.43,19.42,19.43,388.5,39500.0,15346909.0,15.35
S2_reappro_50,C103,CONCENTRES,Djeleng,Ouest,2026-10-01,10,2026,19.43,19.42,19.43,388.5,39500.0,15346909.0,15.35
S3_reappro_100,C103,CONCENTRES,Djeleng,Ouest,2026-10-01,10,2026,19.43,19.42,19.43,388.5,39500.0,15346909.0,15.35
S4_baisse_prix,C103,CONCENTRES,Djeleng,Ouest,2026-10-01,10,2026,19.43,19.42,19.43,388.5,39500.0,15346909.0,15.35
S1_rupture,C103,CONCENTRES,Famla,Ouest,2026-10-01,10,2026,86.45,86.45,86.46,1729.1,39500.0,68298108.0,68.3
S2_reappro_50,C103,CONCENTRES,Famla,Ouest,2026-10-01,10,2026,86.45,86.45,86.46,1729.1,39500.0,68298108.0,68.3
S3_reappro_100,C103,CONCENTRES,Famla,Ouest,2026-10-01,10,2026,86.45,86.45,86.46,1729.1,39500.0,68298108.0,68.3
S4_baisse_prix,C103,CONCENTRES,Famla,Ouest,2026-10-01,10,2026,86.45,86.45,86.46,1729.1,39500.0,68298108.0,68.3
S1_rupture,C103,CONCENTRES,Mbouda,Ouest,2026-10-01,10,2026,14.15,14.15,14.15,283.0,39500.0,11180327.0,11.18
S2_reappro_50,C103,CONCENTRES,Mbouda,Ouest,2026-10-01,10,2026,14.15,14.15,14.15,283.0,39500.0,11180327.0,11.18
S3_reappro_100,C103,CONCENTRES,Mbouda,Ouest,2026-10-01,10,2026,14.15,14.15,14.15,283.0,39500.0,11180327.0,11.18
S4_baisse_prix,C103,CONCENTRES,Mbouda,Ouest,2026-10-01,10,2026,14.15,14.15,14.15,283.0,39500.0,11180327.0,11.18
S1_rupture,C104,CONCENTRES,Djeleng,Ouest,2026-10-01,10,2026,37.83,37.83,37.84,756.7,32100.0,24289535.0,24.29
S2_reappro_50,C104,CONCENTRES,Djeleng,Ouest,2026-10-01,10,2026,37.83,37.83,37.84,756.7,32100.0,24289535.0,24.29
S3_reappro_100,C104,CONCENTRES,Djeleng,Ouest,2026-10-01,10,2026,37.83,37.83,37.84,756.7,32100.0,24289535.0,24.29
S4_baisse_prix,C104,CONCENTRES,Djeleng,Ouest,2026-10-01,10,2026,37.83,37.83,37.84,756.7,32100.0,24289535.0,24.29
S1_rupture,C104,CONCENTRES,Famla,Ouest,2026-10-01,10,2026,89.85,89.85,89.86,1797.0,32100.0,57685112.0,57.69
S2_reappro_50,C104,CONCENTRES,Famla,Ouest,2026-10-01,10,2026,89.85,89.85,89.86,1797.0,32100.0,57685112.0,57.69
S3_reappro_100,C104,CONCENTRES,Famla,Ouest,2026-10-01,10,2026,89.85,89.85,89.86,1797.0,32100.0,57685112.0,57.69
S4_baisse_prix,C104,CONCENTRES,Famla,Ouest,2026-10-01,10,2026,89.85,89.85,89.86,1797.0,32100.0,57685112.0,57.69
S1_rupture,C104,CONCENTRES,Mbouda,Ouest,2026-10-01,10,2026,22.68,22.68,22.68,453.6,32100.0,14559829.0,14.56
S2_reappro_50,C104,CONCENTRES,Mbouda,Ouest,2026-10-01,10,2026,22.68,22.68,22.68,453.6,32100.0,14559829.0,14.56
S3_reappro_100,C104,CONCENTRES,Mbouda,Ouest,2026-10-01,10,2026,22.68,22.68,22.68,453.6,32100.0,14559829.0,14.56
S4_baisse_prix,C104,CONCENTRES,Mbouda,Ouest,2026-10-01,10,2026,22.68,22.68,22.68,453.6,32100.0,14559829.0,14.56
S1_rupture,C1042,CONCENTRES,Djeleng,Ouest,2026-10-01,10,2026,0.1,0.1,0.1,1.9,36500.0,70750.0,0.07
S2_reappro_50,C1042,CONCENTRES,Djeleng,Ouest,2026-10-01,10,2026,0.1,0.1,0.1,1.9,36500.0,70750.0,0.07
S3_reappro_100,C1042,CONCENTRES,Djeleng,Ouest,2026-10-01,10,2026,0.1,0.1,0.1,1.9,36500.0,70750.0,0.07
S4_baisse_prix,C1042,CONCENTRES,Djeleng,Ouest,2026-10-01,10,2026,0.1,0.1,0.1,1.9,36500.0,70750.0,0.07
S1_rupture,C1042,CONCENTRES,Famla,Ouest,2026-10-01,10,2026,0.26,0.26,0.26,5.3,36500.0,192507.0,0.19
S2_reappro_50,C1042,CONCENTRES,Famla,Ouest,2026-10-01,10,2026,0.26,0.26,0.26,5.3,36500.0,192507.0,0.19
S3_reappro_100,C1042,CONCENTRES,Famla,Ouest,2026-10-01,10,2026,0.26,0.26,0.26,5.3,36500.0,192507.0,0.19
S4_baisse_prix,C1042,CONCENTRES,Famla,Ouest,2026-10-01,10,2026,0.26,0.26,0.26,5.3,36500.0,192507.0,0.19
S1_rupture,C1042,CONCENTRES,Mbouda,Ouest,2026-10-01,10,2026,0.07,0.07,0.07,1.4,36500.0,52651.0,0.05
S2_reappro_50,C1042,CONCENTRES,Mbouda,Ouest,2026-10-01,10,2026,0.07,0.07,0.07,1.4,36500.0,52651.0,0.05
S3_reappro_100,C1042,CONCENTRES,Mbouda,Ouest,2026-10-01,10,2026,0.07,0.07,0.07,1.4,36500.0,52651.0,0.05
S4_baisse_prix,C1042,CONCENTRES,Mbouda,Ouest,2026-10-01,10,2026,0.07,0.07,0.07,1.4,36500.0,52651.0,0.05
S1_rupture,C1043,CONCENTRES,Djeleng,Ouest,2026-10-01,10,2026,0.28,0.28,0.28,5.7,36490.0,207916.0,0.21
S2_reappro_50,C1043,CONCENTRES,Djeleng,Ouest,2026-10-01,10,2026,0.28,0.28,0.28,5.7,36490.0,207916.0,0.21
S3_reappro_100,C1043,CONCENTRES,Djeleng,Ouest,2026-10-01,10,2026,0.28,0.28,0.28,5.7,36490.0,207916.0,0.21
S4_baisse_prix,C1043,CONCENTRES,Djeleng,Ouest,2026-10-01,10,2026,0.28,0.28,0.28,5.7,36490.0,207916.0,0.21
S1_rupture,C1043,CONCENTRES,Famla,Ouest,2026-10-01,10,2026,0.21,0.21,0.21,4.1,36490.0,151331.0,0.15
S2_reappro_50,C1043,CONCENTRES,Famla,Ouest,2026-10-01,10,2026,0.21,0.21,0.21,4.1,36490.0,151331.0,0.15
S3_reappro_100,C1043,CONCENTRES,Famla,Ouest,2026-10-01,10,2026,0.21,0.21,0.21,4.1,36490.0,151331.0,0.15
S4_baisse_prix,C1043,CONCENTRES,Famla,Ouest,2026-10-01,10,2026,0.21,0.21,0.21,4.1,36490.0,151331.0,0.15
S1_rupture,C1043,CONCENTRES,Mbouda,Ouest,2026-10-01,10,2026,0.6,0.6,0.6,12.0,36490.0,437545.0,0.44
S2_reappro_50,C1043,CONCENTRES,Mbouda,Ouest,2026-10-01,10,2026,0.6,0.6,0.6,12.0,36490.0,437545.0,0.44
S3_reappro_100,C1043,CONCENTRES,Mbouda,Ouest,2026-10-01,10,2026,0.6,0.6,0.6,12.0,36490.0,437545.0,0.44
S4_baisse_prix,C1043,CONCENTRES,Mbouda,Ouest,2026-10-01,10,2026,0.6,0.6,0.6,12.0,36490.0,437545.0,0.44
S1_rupture,C1044,CONCENTRES,Mbouda,Ouest,2026-10-01,10,2026,0.23,0.23,0.23,4.6,32900.0,151274.0,0.15
S2_reappro_50,C1044,CONCENTRES,Mbouda,Ouest,2026-10-01,10,2026,0.23,0.23,0.23,4.6,32900.0,151274.0,0.15
S3_reappro_100,C1044,CONCENTRES,Mbouda,Ouest,2026-10-01,10,2026,0.23,0.23,0.23,4.6,32900.0,151274.0,0.15
S4_baisse_prix,C1044,CONCENTRES,Mbouda,Ouest,2026-10-01,10,2026,0.23,0.23,0.23,4.6,32900.0,151274.0,0.15
S1_rupture,C105,CONCENTRES,Djeleng,Ouest,2026-10-01,10,2026,23.49,23.49,23.5,469.9,27500.0,12922128.0,12.92
S2_reappro_50,C105,CONCENTRES,Djeleng,Ouest,2026-10-01,10,2026,23.49,23.49,23.5,469.9,27500.0,12922128.0,12.92
S3_reappro_100,C105,CONCENTRES,Djeleng,Ouest,2026-10-01,10,2026,23.49,23.49,23.5,469.9,27500.0,12922128.0,12.92
S4_baisse_prix,C105,CONCENTRES,Djeleng,Ouest,2026-10-01,10,2026,23.49,23.49,23.5,469.9,27500.0,12922128.0,12.92
S1_rupture,C105,CONCENTRES,Famla,Ouest,2026-10-01,10,2026,50.87,50.86,50.87,1017.3,27500.0,27976457.0,27.98
S2_reappro_50,C105,CONCENTRES,Famla,Ouest,2026-10-01,10,2026,50.87,50.86,50.87,1017.3,27500.0,27976457.0,27.98
S3_reappro_100,C105,CONCENTRES,Famla,Ouest,2026-10-01,10,2026,50.87,50.86,50.87,1017.3,27500.0,27976457.0,27.98
S4_baisse_prix,C105,CONCENTRES,Famla,Ouest,2026-10-01,10,2026,50.87,50.86,50.87,1017.3,27500.0,27976457.0,27.98
S1_rupture,C105,CONCENTRES,Mbouda,Ouest,2026-10-01,10,2026,22.38,22.38,22.39,447.7,27500.0,12310980.0,12.31
S2_reappro_50,C105,CONCENTRES,Mbouda,Ouest,2026-10-01,10,2026,22.38,22.38,22.39,447.7,27500.0,12310980.0,12.31
S3_reappro_100,C105,CONCENTRES,Mbouda,Ouest,2026-10-01,10,2026,22.38,22.38,22.39,447.7,27500.0,12310980.0,12.31
S4_baisse_prix,C105,CONCENTRES,Mbouda,Ouest,2026-10-01,10,2026,22.38,22.38,22.39,447.7,27500.0,12310980.0,12.31
S1_rupture,C1053,CONCENTRES,Djeleng,Ouest,2026-10-01,10,2026,0.35,0.35,0.35,7.1,32000.0,226473.0,0.23
S2_reappro_50,C1053,CONCENTRES,Djeleng,Ouest,2026-10-01,10,2026,0.35,0.35,0.35,7.1,32000.0,226473.0,0.23
S3_reappro_100,C1053,CONCENTRES,Djeleng,Ouest,2026-10-01,10,2026,0.35,0.35,0.35,7.1,32000.0,226473.0,0.23
S4_baisse_prix,C1053,CONCENTRES,Djeleng,Ouest,2026-10-01,10,2026,0.35,0.35,0.35,7.1,32000.0,226473.0,0.23
S1_rupture,C1053,CONCENTRES,Famla,Ouest,2026-10-01,10,2026,1.16,1.16,1.16,23.1,32000.0,740004.0,0.74
S2_reappro_50,C1053,CONCENTRES,Famla,Ouest,2026-10-01,10,2026,1.16,1.16,1.16,23.1,32000.0,740004.0,0.74
S3_reappro_100,C1053,CONCENTRES,Famla,Ouest,2026-10-01,10,2026,1.16,1.16,1.16,23.1,32000.0,740004.0,0.74
S4_baisse_prix,C1053,CONCENTRES,Famla,Ouest,2026-10-01,10,2026,1.16,1.16,1.16,23.1,32000.0,740004.0,0.74
S1_rupture,C1053,CONCENTRES,Mbouda,Ouest,2026-10-01,10,2026,0.11,0.11,0.11,2.2,32000.0,70712.0,0.07
S2_reappro_50,C1053,CONCENTRES,Mbouda,Ouest,2026-10-01,10,2026,0.11,0.11,0.11,2.2,32000.0,70712.0,0.07
S3_reappro_100,C1053,CONCENTRES,Mbouda,Ouest,2026-10-01,10,2026,0.11,0.11,0.11,2.2,32000.0,70712.0,0.07
S4_baisse_prix,C1053,CONCENTRES,Mbouda,Ouest,2026-10-01,10,2026,0.11,0.11,0.11,2.2,32000.0,70712.0,0.07
S1_rupture,C1054,CONCENTRES,Djeleng,Ouest,2026-10-01,10,2026,0.86,0.86,0.86,17.2,29500.0,506657.0,0.51
S2_reappro_50,C1054,CONCENTRES,Djeleng,Ouest,2026-10-01,10,2026,0.86,0.86,0.86,17.2,29500.0,506657.0,0.51
S3_reappro_100,C1054,CONCENTRES,Djeleng,Ouest,2026-10-01,10,2026,0.86,0.86,0.86,17.2,29500.0,506657.0,0.51
S4_baisse_prix,C1054,CONCENTRES,Djeleng,Ouest,2026-10-01,10,2026,0.86,0.86,0.86,17.2,29500.0,506657.0,0.51
S1_rupture,C1054,CONCENTRES,Famla,Ouest,2026-10-01,10,2026,1.31,1.31,1.31,26.1,29500.0,771289.0,0.77
S2_reappro_50,C1054,CONCENTRES,Famla,Ouest,2026-10-01,10,2026,1.31,1.31,1.31,26.1,29500.0,771289.0,0.77
S3_reappro_100,C1054,CONCENTRES,Famla,Ouest,2026-10-01,10,2026,1.31,1.31,1.31,26.1,29500.0,771289.0,0.77
S4_baisse_prix,C1054,CONCENTRES,Famla,Ouest,2026-10-01,10,2026,1.31,1.31,1.31,26.1,29500.0,771289.0,0.77
S1_rupture,C1054,CONCENTRES,Mbouda,Ouest,2026-10-01,10,2026,1.64,1.64,1.64,32.9,29500.0,969430.0,0.97
S2_reappro_50,C1054,CONCENTRES,Mbouda,Ouest,2026-10-01,10,2026,1.64,1.64,1.64,32.9,29500.0,969430.0,0.97
S3_reappro_100,C1054,CONCENTRES,Mbouda,Ouest,2026-10-01,10,2026,1.64,1.64,1.64,32.9,29500.0,969430.0,0.97
S4_baisse_prix,C1054,CONCENTRES,Mbouda,Ouest,2026-10-01,10,2026,1.64,1.64,1.64,32.9,29500.0,969430.0,0.97
S1_rupture,C1055,CONCENTRES,Mbouda,Ouest,2026-10-01,10,2026,0.24,0.24,0.24,4.9,28500.0,138751.0,0.14
S2_reappro_50,C1055,CONCENTRES,Mbouda,Ouest,2026-10-01,10,2026,0.24,0.24,0.24,4.9,28500.0,138751.0,0.14
S3_reappro_100,C1055,CONCENTRES,Mbouda,Ouest,2026-10-01,10,2026,0.24,0.24,0.24,4.9,28500.0,138751.0,0.14
S4_baisse_prix,C1055,CONCENTRES,Mbouda,Ouest,2026-10-01,10,2026,0.24,0.24,0.24,4.9,28500.0,138751.0,0.14
S1_rupture,C101,CONCENTRES,Djeleng,Ouest,2026-11-01,11,2026,31.6,31.6,31.61,632.0,36000.0,22753715.0,22.75
S2_reappro_50,C101,CONCENTRES,Djeleng,Ouest,2026-11-01,11,2026,31.6,31.6,31.61,632.0,36000.0,22753715.0,22.75
S3_reappro_100,C101,CONCENTRES,Djeleng,Ouest,2026-11-01,11,2026,31.6,31.6,31.61,632.0,36000.0,22753715.0,22.75
S4_baisse_prix,C101,CONCENTRES,Djeleng,Ouest,2026-11-01,11,2026,31.6,31.6,31.61,632.0,36000.0,22753715.0,22.75
S1_rupture,C101,CONCENTRES,Famla,Ouest,2026-11-01,11,2026,131.93,131.91,131.95,2638.6,36000.0,94989723.0,94.99
S2_reappro_50,C101,CONCENTRES,Famla,Ouest,2026-11-01,11,2026,131.93,131.91,131.95,2638.6,36000.0,94989723.0,94.99
S3_reappro_100,C101,CONCENTRES,Famla,Ouest,2026-11-01,11,2026,131.93,131.91,131.95,2638.6,36000.0,94989723.0,94.99
S4_baisse_prix,C101,CONCENTRES,Famla,Ouest,2026-11-01,11,2026,131.93,131.91,131.95,2638.6,36000.0,94989723.0,94.99
S1_rupture,C101,CONCENTRES,Mbouda,Ouest,2026-11-01,11,2026,26.12,26.12,26.13,522.4,36000.0,18807784.0,18.81
S2_reappro_50,C101,CONCENTRES,Mbouda,Ouest,2026-11-01,11,2026,26.12,26.12,26.13,522.4,36000.0,18807784.0,18.81
S3_reappro_100,C101,CONCENTRES,Mbouda,Ouest,2026-11-01,11,2026,26.12,26.12,26.13,522.4,36000.0,18807784.0,18.81
S4_baisse_prix,C101,CONCENTRES,Mbouda,Ouest,2026-11-01,11,2026,26.12,26.12,26.13,522.4,36000.0,18807784.0,18.81
S1_rupture,C102,CONCENTRES,Mbouda,Ouest,2026-11-01,11,2026,0.01,0.01,0.01,0.1,29500.0,3161.0,0.0
S2_reappro_50,C102,CONCENTRES,Mbouda,Ouest,2026-11-01,11,2026,0.01,0.01,0.01,0.1,29500.0,3161.0,0.0
S3_reappro_100,C102,CONCENTRES,Mbouda,Ouest,2026-11-01,11,2026,0.01,0.01,0.01,0.1,29500.0,3161.0,0.0
S4_baisse_prix,C102,CONCENTRES,Mbouda,Ouest,2026-11-01,11,2026,0.01,0.01,0.01,0.1,29500.0,3161.0,0.0
S1_rupture,C103,CONCENTRES,Djeleng,Ouest,2026-11-01,11,2026,23.09,23.08,23.09,461.7,39500.0,18238764.0,18.24
S2_reappro_50,C103,CONCENTRES,Djeleng,Ouest,2026-11-01,11,2026,23.09,23.08,23.09,461.7,39500.0,18238764.0,18.24
S3_reappro_100,C103,CONCENTRES,Djeleng,Ouest,2026-11-01,11,2026,23.09,23.08,23.09,461.7,39500.0,18238764.0,18.24
S4_baisse_prix,C103,CONCENTRES,Djeleng,Ouest,2026-11-01,11,2026,23.09,23.08,23.09,461.7,39500.0,18238764.0,18.24
S1_rupture,C103,CONCENTRES,Famla,Ouest,2026-11-01,11,2026,102.74,102.73,102.76,2054.9,39500.0,81167685.0,81.17
S2_reappro_50,C103,CONCENTRES,Famla,Ouest,2026-11-01,11,2026,102.74,102.73,102.76,2054.9,39500.0,81167685.0,81.17
S3_reappro_100,C103,CONCENTRES,Famla,Ouest,2026-11-01,11,2026,102.74,102.73,102.76,2054.9,39500.0,81167685.0,81.17
S4_baisse_prix,C103,CONCENTRES,Famla,Ouest,2026-11-01,11,2026,102.74,102.73,102.76,2054.9,39500.0,81167685.0,81.17
S1_rupture,C103,CONCENTRES,Mbouda,Ouest,2026-11-01,11,2026,16.82,16.82,16.82,336.4,39500.0,13287063.0,13.29
S2_reappro_50,C103,CONCENTRES,Mbouda,Ouest,2026-11-01,11,2026,16.82,16.82,16.82,336.4,39500.0,13287063.0,13.29
S3_reappro_100,C103,CONCENTRES,Mbouda,Ouest,2026-11-01,11,2026,16.82,16.82,16.82,336.4,39500.0,13287063.0,13.29
S4_baisse_prix,C103,CONCENTRES,Mbouda,Ouest,2026-11-01,11,2026,16.82,16.82,16.82,336.4,39500.0,13287063.0,13.29
S1_rupture,C104,CONCENTRES,Djeleng,Ouest,2026-11-01,11,2026,44.96,44.96,44.97,899.3,32100.0,28866470.0,28.87
S2_reappro_50,C104,CONCENTRES,Djeleng,Ouest,2026-11-01,11,2026,44.96,44.96,44.97,899.3,32100.0,28866470.0,28.87
S3_reappro_100,C104,CONCENTRES,Djeleng,Ouest,2026-11-01,11,2026,44.96,44.96,44.97,899.3,32100.0,28866470.0,28.87
S4_baisse_prix,C104,CONCENTRES,Djeleng,Ouest,2026-11-01,11,2026,44.96,44.96,44.97,899.3,32100.0,28866470.0,28.87
S1_rupture,C104,CONCENTRES,Famla,Ouest,2026-11-01,11,2026,106.78,106.77,106.8,2135.7,32100.0,68554857.0,68.55
S2_reappro_50,C104,CONCENTRES,Famla,Ouest,2026-11-01,11,2026,106.78,106.77,106.8,2135.7,32100.0,68554857.0,68.55
S3_reappro_100,C104,CONCENTRES,Famla,Ouest,2026-11-01,11,2026,106.78,106.77,106.8,2135.7,32100.0,68554857.0,68.55
S4_baisse_prix,C104,CONCENTRES,Famla,Ouest,2026-11-01,11,2026,106.78,106.77,106.8,2135.7,32100.0,68554857.0,68.55
S1_rupture,C104,CONCENTRES,Mbouda,Ouest,2026-11-01,11,2026,26.95,26.95,26.96,539.0,32100.0,17303373.0,17.3
S2_reappro_50,C104,CONCENTRES,Mbouda,Ouest,2026-11-01,11,2026,26.95,26.95,26.96,539.0,32100.0,17303373.0,17.3
S3_reappro_100,C104,CONCENTRES,Mbouda,Ouest,2026-11-01,11,2026,26.95,26.95,26.96,539.0,32100.0,17303373.0,17.3
S4_baisse_prix,C104,CONCENTRES,Mbouda,Ouest,2026-11-01,11,2026,26.95,26.95,26.96,539.0,32100.0,17303373.0,17.3
S1_rupture,C1042,CONCENTRES,Djeleng,Ouest,2026-11-01,11,2026,0.12,0.12,0.12,2.3,36500.0,84082.0,0.08
S2_reappro_50,C1042,CONCENTRES,Djeleng,Ouest,2026-11-01,11,2026,0.12,0.12,0.12,2.3,36500.0,84082.0,0.08
S3_reappro_100,C1042,CONCENTRES,Djeleng,Ouest,2026-11-01,11,2026,0.12,0.12,0.12,2.3,36500.0,84082.0,0.08
S4_baisse_prix,C1042,CONCENTRES,Djeleng,Ouest,2026-11-01,11,2026,0.12,0.12,0.12,2.3,36500.0,84082.0,0.08
S1_rupture,C1042,CONCENTRES,Famla,Ouest,2026-11-01,11,2026,0.31,0.31,0.31,6.3,36500.0,228781.0,0.23
S2_reappro_50,C1042,CONCENTRES,Famla,Ouest,2026-11-01,11,2026,0.31,0.31,0.31,6.3,36500.0,228781.0,0.23
S3_reappro_100,C1042,CONCENTRES,Famla,Ouest,2026-11-01,11,2026,0.31,0.31,0.31,6.3,36500.0,228781.0,0.23
S4_baisse_prix,C1042,CONCENTRES,Famla,Ouest,2026-11-01,11,2026,0.31,0.31,0.31,6.3,36500.0,228781.0,0.23
S1_rupture,C1042,CONCENTRES,Mbouda,Ouest,2026-11-01,11,2026,0.09,0.09,0.09,1.7,36500.0,62573.0,0.06
S2_reappro_50,C1042,CONCENTRES,Mbouda,Ouest,2026-11-01,11,2026,0.09,0.09,0.09,1.7,36500.0,62573.0,0.06
S3_reappro_100,C1042,CONCENTRES,Mbouda,Ouest,2026-11-01,11,2026,0.09,0.09,0.09,1.7,36500.0,62573.0,0.06
S4_baisse_prix,C1042,CONCENTRES,Mbouda,Ouest,2026-11-01,11,2026,0.09,0.09,0.09,1.7,36500.0,62573.0,0.06
S1_rupture,C1043,CONCENTRES,Djeleng,Ouest,2026-11-01,11,2026,0.34,0.34,0.34,6.8,36490.0,247094.0,0.25
S2_reappro_50,C1043,CONCENTRES,Djeleng,Ouest,2026-11-01,11,2026,0.34,0.34,0.34,6.8,36490.0,247094.0,0.25
S3_reappro_100,C1043,CONCENTRES,Djeleng,Ouest,2026-11-01,11,2026,0.34,0.34,0.34,6.8,36490.0,247094.0,0.25
S4_baisse_prix,C1043,CONCENTRES,Djeleng,Ouest,2026-11-01,11,2026,0.34,0.34,0.34,6.8,36490.0,247094.0,0.25
S1_rupture,C1043,CONCENTRES,Famla,Ouest,2026-11-01,11,2026,0.25,0.25,0.25,4.9,36490.0,179847.0,0.18
S2_reappro_50,C1043,CONCENTRES,Famla,Ouest,2026-11-01,11,2026,0.25,0.25,0.25,4.9,36490.0,179847.0,0.18
S3_reappro_100,C1043,CONCENTRES,Famla,Ouest,2026-11-01,11,2026,0.25,0.25,0.25,4.9,36490.0,179847.0,0.18
S4_baisse_prix,C1043,CONCENTRES,Famla,Ouest,2026-11-01,11,2026,0.25,0.25,0.25,4.9,36490.0,179847.0,0.18
S1_rupture,C1043,CONCENTRES,Mbouda,Ouest,2026-11-01,11,2026,0.71,0.71,0.71,14.3,36490.0,519992.0,0.52
S2_reappro_50,C1043,CONCENTRES,Mbouda,Ouest,2026-11-01,11,2026,0.71,0.71,0.71,14.3,36490.0,519992.0,0.52
S3_reappro_100,C1043,CONCENTRES,Mbouda,Ouest,2026-11-01,11,2026,0.71,0.71,0.71,14.3,36490.0,519992.0,0.52
S4_baisse_prix,C1043,CONCENTRES,Mbouda,Ouest,2026-11-01,11,2026,0.71,0.71,0.71,14.3,36490.0,519992.0,0.52
S1_rupture,C1044,CONCENTRES,Mbouda,Ouest,2026-11-01,11,2026,0.27,0.27,0.27,5.5,32900.0,179778.0,0.18
S2_reappro_50,C1044,CONCENTRES,Mbouda,Ouest,2026-11-01,11,2026,0.27,0.27,0.27,5.5,32900.0,179778.0,0.18
S3_reappro_100,C1044,CONCENTRES,Mbouda,Ouest,2026-11-01,11,2026,0.27,0.27,0.27,5.5,32900.0,179778.0,0.18
S4_baisse_prix,C1044,CONCENTRES,Mbouda,Ouest,2026-11-01,11,2026,0.27,0.27,0.27,5.5,32900.0,179778.0,0.18
S1_rupture,C105,CONCENTRES,Djeleng,Ouest,2026-11-01,11,2026,27.92,27.92,27.93,558.4,27500.0,15357076.0,15.36
S2_reappro_50,C105,CONCENTRES,Djeleng,Ouest,2026-11-01,11,2026,27.92,27.92,27.93,558.4,27500.0,15357076.0,15.36
S3_reappro_100,C105,CONCENTRES,Djeleng,Ouest,2026-11-01,11,2026,27.92,27.92,27.93,558.4,27500.0,15357076.0,15.36
S4_baisse_prix,C105,CONCENTRES,Djeleng,Ouest,2026-11-01,11,2026,27.92,27.92,27.93,558.4,27500.0,15357076.0,15.36
S1_rupture,C105,CONCENTRES,Famla,Ouest,2026-11-01,11,2026,60.45,60.44,60.46,1209.0,27500.0,33248128.0,33.25
S2_reappro_50,C105,CONCENTRES,Famla,Ouest,2026-11-01,11,2026,60.45,60.44,60.46,1209.0,27500.0,33248128.0,33.25
S3_reappro_100,C105,CONCENTRES,Famla,Ouest,2026-11-01,11,2026,60.45,60.44,60.46,1209.0,27500.0,33248128.0,33.25
S4_baisse_prix,C105,CONCENTRES,Famla,Ouest,2026-11-01,11,2026,60.45,60.44,60.46,1209.0,27500.0,33248128.0,33.25
S1_rupture,C105,CONCENTRES,Mbouda,Ouest,2026-11-01,11,2026,26.6,26.6,26.61,532.0,27500.0,14630767.0,14.63
S2_reappro_50,C105,CONCENTRES,Mbouda,Ouest,2026-11-01,11,2026,26.6,26.6,26.61,532.0,27500.0,14630767.0,14.63
S3_reappro_100,C105,CONCENTRES,Mbouda,Ouest,2026-11-01,11,2026,26.6,26.6,26.61,532.0,27500.0,14630767.0,14.63
S4_baisse_prix,C105,CONCENTRES,Mbouda,Ouest,2026-11-01,11,2026,26.6,26.6,26.61,532.0,27500.0,14630767.0,14.63
S1_rupture,C1053,CONCENTRES,Djeleng,Ouest,2026-11-01,11,2026,0.42,0.42,0.42,8.4,32000.0,269148.0,0.27
S2_reappro_50,C1053,CONCENTRES,Djeleng,Ouest,2026-11-01,11,2026,0.42,0.42,0.42,8.4,32000.0,269148.0,0.27
S3_reappro_100,C1053,CONCENTRES,Djeleng,Ouest,2026-11-01,11,2026,0.42,0.42,0.42,8.4,32000.0,269148.0,0.27
S4_baisse_prix,C1053,CONCENTRES,Djeleng,Ouest,2026-11-01,11,2026,0.42,0.42,0.42,8.4,32000.0,269148.0,0.27
S1_rupture,C1053,CONCENTRES,Famla,Ouest,2026-11-01,11,2026,1.37,1.37,1.37,27.5,32000.0,879445.0,0.88
S2_reappro_50,C1053,CONCENTRES,Famla,Ouest,2026-11-01,11,2026,1.37,1.37,1.37,27.5,32000.0,879445.0,0.88
S3_reappro_100,C1053,CONCENTRES,Famla,Ouest,2026-11-01,11,2026,1.37,1.37,1.37,27.5,32000.0,879445.0,0.88
S4_baisse_prix,C1053,CONCENTRES,Famla,Ouest,2026-11-01,11,2026,1.37,1.37,1.37,27.5,32000.0,879445.0,0.88
S1_rupture,C1053,CONCENTRES,Mbouda,Ouest,2026-11-01,11,2026,0.13,0.13,0.13,2.6,32000.0,84036.0,0.08
S2_reappro_50,C1053,CONCENTRES,Mbouda,Ouest,2026-11-01,11,2026,0.13,0.13,0.13,2.6,32000.0,84036.0,0.08
S3_reappro_100,C1053,CONCENTRES,Mbouda,Ouest,2026-11-01,11,2026,0.13,0.13,0.13,2.6,32000.0,84036.0,0.08
S4_baisse_prix,C1053,CONCENTRES,Mbouda,Ouest,2026-11-01,11,2026,0.13,0.13,0.13,2.6,32000.0,84036.0,0.08
S1_rupture,C1054,CONCENTRES,Djeleng,Ouest,2026-11-01,11,2026,1.02,1.02,1.02,20.4,29500.0,602127.0,0.6
S2_reappro_50,C1054,CONCENTRES,Djeleng,Ouest,2026-11-01,11,2026,1.02,1.02,1.02,20.4,29500.0,602127.0,0.6
S3_reappro_100,C1054,CONCENTRES,Djeleng,Ouest,2026-11-01,11,2026,1.02,1.02,1.02,20.4,29500.0,602127.0,0.6
S4_baisse_prix,C1054,CONCENTRES,Djeleng,Ouest,2026-11-01,11,2026,1.02,1.02,1.02,20.4,29500.0,602127.0,0.6
S1_rupture,C1054,CONCENTRES,Famla,Ouest,2026-11-01,11,2026,1.55,1.55,1.55,31.1,29500.0,916624.0,0.92
S2_reappro_50,C1054,CONCENTRES,Famla,Ouest,2026-11-01,11,2026,1.55,1.55,1.55,31.1,29500.0,916624.0,0.92
S3_reappro_100,C1054,CONCENTRES,Famla,Ouest,2026-11-01,11,2026,1.55,1.55,1.55,31.1,29500.0,916624.0,0.92
S4_baisse_prix,C1054,CONCENTRES,Famla,Ouest,2026-11-01,11,2026,1.55,1.55,1.55,31.1,29500.0,916624.0,0.92
S1_rupture,C1054,CONCENTRES,Mbouda,Ouest,2026-11-01,11,2026,1.95,1.95,1.95,39.1,29500.0,1152102.0,1.15
S2_reappro_50,C1054,CONCENTRES,Mbouda,Ouest,2026-11-01,11,2026,1.95,1.95,1.95,39.1,29500.0,1152102.0,1.15
S3_reappro_100,C1054,CONCENTRES,Mbouda,Ouest,2026-11-01,11,2026,1.95,1.95,1.95,39.1,29500.0,1152102.0,1.15
S4_baisse_prix,C1054,CONCENTRES,Mbouda,Ouest,2026-11-01,11,2026,1.95,1.95,1.95,39.1,29500.0,1152102.0,1.15
S1_rupture,C1055,CONCENTRES,Mbouda,Ouest,2026-11-01,11,2026,0.29,0.29,0.29,5.8,28500.0,164896.0,0.16
S2_reappro_50,C1055,CONCENTRES,Mbouda,Ouest,2026-11-01,11,2026,0.29,0.29,0.29,5.8,28500.0,164896.0,0.16
S3_reappro_100,C1055,CONCENTRES,Mbouda,Ouest,2026-11-01,11,2026,0.29,0.29,0.29,5.8,28500.0,164896.0,0.16
S4_baisse_prix,C1055,CONCENTRES,Mbouda,Ouest,2026-11-01,11,2026,0.29,0.29,0.29,5.8,28500.0,164896.0,0.16
S1_rupture,C101,CONCENTRES,Djeleng,Ouest,2026-12-01,12,2026,46.52,46.51,46.54,930.5,36000.0,33497821.0,33.5
S2_reappro_50,C101,CONCENTRES,Djeleng,Ouest,2026-12-01,12,2026,46.52,46.51,46.54,930.5,36000.0,33497821.0,33.5
S3_reappro_100,C101,CONCENTRES,Djeleng,Ouest,2026-12-01,12,2026,46.52,46.51,46.54,930.5,36000.0,33497821.0,33.5
S4_baisse_prix,C101,CONCENTRES,Djeleng,Ouest,2026-12-01,12,2026,46.52,46.51,46.54,930.5,36000.0,33497821.0,33.5
S1_rupture,C101,CONCENTRES,Famla,Ouest,2026-12-01,12,2026,194.23,194.18,194.27,3884.5,36000.0,139843041.0,139.84
S2_reappro_50,C101,CONCENTRES,Famla,Ouest,2026-12-01,12,2026,194.23,194.18,194.27,3884.5,36000.0,139843041.0,139.84
S3_reappro_100,C101,CONCENTRES,Famla,Ouest,2026-12-01,12,2026,194.23,194.18,194.27,3884.5,36000.0,139843041.0,139.84
S4_baisse_prix,C101,CONCENTRES,Famla,Ouest,2026-12-01,12,2026,194.23,194.18,194.27,3884.5,36000.0,139843041.0,139.84
S1_rupture,C101,CONCENTRES,Mbouda,Ouest,2026-12-01,12,2026,38.46,38.45,38.47,769.1,36000.0,27688655.0,27.69
S2_reappro_50,C101,CONCENTRES,Mbouda,Ouest,2026-12-01,12,2026,38.46,38.45,38.47,769.1,36000.0,27688655.0,27.69
S3_reappro_100,C101,CONCENTRES,Mbouda,Ouest,2026-12-01,12,2026,38.46,38.45,38.47,769.1,36000.0,27688655.0,27.69
S4_baisse_prix,C101,CONCENTRES,Mbouda,Ouest,2026-12-01,12,2026,38.46,38.45,38.47,769.1,36000.0,27688655.0,27.69
S1_rupture,C102,CONCENTRES,Mbouda,Ouest,2026-12-01,12,2026,0.01,0.01,0.01,0.2,29500.0,4653.0,0.0
S2_reappro_50,C102,CONCENTRES,Mbouda,Ouest,2026-12-01,12,2026,0.01,0.01,0.01,0.2,29500.0,4653.0,0.0
S3_reappro_100,C102,CONCENTRES,Mbouda,Ouest,2026-12-01,12,2026,0.01,0.01,0.01,0.2,29500.0,4653.0,0.0
S4_baisse_prix,C102,CONCENTRES,Mbouda,Ouest,2026-12-01,12,2026,0.01,0.01,0.01,0.2,29500.0,4653.0,0.0
S1_rupture,C103,CONCENTRES,Djeleng,Ouest,2026-12-01,12,2026,33.99,33.98,34.0,679.8,39500.0,26850949.0,26.85
S2_reappro_50,C103,CONCENTRES,Djeleng,Ouest,2026-12-01,12,2026,33.99,33.98,34.0,679.8,39500.0,26850949.0,26.85
S3_reappro_100,C103,CONCENTRES,Djeleng,Ouest,2026-12-01,12,2026,33.99,33.98,34.0,679.8,39500.0,26850949.0,26.85
S4_baisse_prix,C103,CONCENTRES,Djeleng,Ouest,2026-12-01,12,2026,33.99,33.98,34.0,679.8,39500.0,26850949.0,26.85
S1_rupture,C103,CONCENTRES,Famla,Ouest,2026-12-01,12,2026,151.26,151.22,151.3,3025.2,39500.0,119494358.0,119.49
S2_reappro_50,C103,CONCENTRES,Famla,Ouest,2026-12-01,12,2026,151.26,151.22,151.3,3025.2,39500.0,119494358.0,119.49
S3_reappro_100,C103,CONCENTRES,Famla,Ouest,2026-12-01,12,2026,151.26,151.22,151.3,3025.2,39500.0,119494358.0,119.49
S4_baisse_prix,C103,CONCENTRES,Famla,Ouest,2026-12-01,12,2026,151.26,151.22,151.3,3025.2,39500.0,119494358.0,119.49
S1_rupture,C103,CONCENTRES,Mbouda,Ouest,2026-12-01,12,2026,24.76,24.76,24.77,495.2,39500.0,19561099.0,19.56
S2_reappro_50,C103,CONCENTRES,Mbouda,Ouest,2026-12-01,12,2026,24.76,24.76,24.77,495.2,39500.0,19561099.0,19.56
S3_reappro_100,C103,CONCENTRES,Mbouda,Ouest,2026-12-01,12,2026,24.76,24.76,24.77,495.2,39500.0,19561099.0,19.56
S4_baisse_prix,C103,CONCENTRES,Mbouda,Ouest,2026-12-01,12,2026,24.76,24.76,24.77,495.2,39500.0,19561099.0,19.56
S1_rupture,C104,CONCENTRES,Djeleng,Ouest,2026-12-01,12,2026,66.19,66.18,66.21,1323.9,32100.0,42496966.0,42.5
S2_reappro_50,C104,CONCENTRES,Djeleng,Ouest,2026-12-01,12,2026,66.19,66.18,66.21,1323.9,32100.0,42496966.0,42.5
S3_reappro_100,C104,CONCENTRES,Djeleng,Ouest,2026-12-01,12,2026,66.19,66.18,66.21,1323.9,32100.0,42496966.0,42.5
S4_baisse_prix,C104,CONCENTRES,Djeleng,Ouest,2026-12-01,12,2026,66.19,66.18,66.21,1323.9,32100.0,42496966.0,42.5
S1_rupture,C104,CONCENTRES,Famla,Ouest,2026-12-01,12,2026,157.21,157.17,157.24,3144.1,32100.0,100925863.0,100.93
S2_reappro_50,C104,CONCENTRES,Famla,Ouest,2026-12-01,12,2026,157.21,157.17,157.24,3144.1,32100.0,100925863.0,100.93
S3_reappro_100,C104,CONCENTRES,Famla,Ouest,2026-12-01,12,2026,157.21,157.17,157.24,3144.1,32100.0,100925863.0,100.93
S4_baisse_prix,C104,CONCENTRES,Famla,Ouest,2026-12-01,12,2026,157.21,157.17,157.24,3144.1,32100.0,100925863.0,100.93
S1_rupture,C104,CONCENTRES,Mbouda,Ouest,2026-12-01,12,2026,39.68,39.67,39.69,793.6,32100.0,25473875.0,25.47
S2_reappro_50,C104,CONCENTRES,Mbouda,Ouest,2026-12-01,12,2026,39.68,39.67,39.69,793.6,32100.0,25473875.0,25.47
S3_reappro_100,C104,CONCENTRES,Mbouda,Ouest,2026-12-01,12,2026,39.68,39.67,39.69,793.6,32100.0,25473875.0,25.47
S4_baisse_prix,C104,CONCENTRES,Mbouda,Ouest,2026-12-01,12,2026,39.68,39.67,39.69,793.6,32100.0,25473875.0,25.47
S1_rupture,C1042,CONCENTRES,Djeleng,Ouest,2026-12-01,12,2026,0.17,0.17,0.17,3.4,36500.0,123785.0,0.12
S2_reappro_50,C1042,CONCENTRES,Djeleng,Ouest,2026-12-01,12,2026,0.17,0.17,0.17,3.4,36500.0,123785.0,0.12
S3_reappro_100,C1042,CONCENTRES,Djeleng,Ouest,2026-12-01,12,2026,0.17,0.17,0.17,3.4,36500.0,123785.0,0.12
S4_baisse_prix,C1042,CONCENTRES,Djeleng,Ouest,2026-12-01,12,2026,0.17,0.17,0.17,3.4,36500.0,123785.0,0.12
S1_rupture,C1042,CONCENTRES,Famla,Ouest,2026-12-01,12,2026,0.46,0.46,0.46,9.2,36500.0,336810.0,0.34
S2_reappro_50,C1042,CONCENTRES,Famla,Ouest,2026-12-01,12,2026,0.46,0.46,0.46,9.2,36500.0,336810.0,0.34
S3_reappro_100,C1042,CONCENTRES,Famla,Ouest,2026-12-01,12,2026,0.46,0.46,0.46,9.2,36500.0,336810.0,0.34
S4_baisse_prix,C1042,CONCENTRES,Famla,Ouest,2026-12-01,12,2026,0.46,0.46,0.46,9.2,36500.0,336810.0,0.34
S1_rupture,C1042,CONCENTRES,Mbouda,Ouest,2026-12-01,12,2026,0.13,0.13,0.13,2.5,36500.0,92119.0,0.09
S2_reappro_50,C1042,CONCENTRES,Mbouda,Ouest,2026-12-01,12,2026,0.13,0.13,0.13,2.5,36500.0,92119.0,0.09
S3_reappro_100,C1042,CONCENTRES,Mbouda,Ouest,2026-12-01,12,2026,0.13,0.13,0.13,2.5,36500.0,92119.0,0.09
S4_baisse_prix,C1042,CONCENTRES,Mbouda,Ouest,2026-12-01,12,2026,0.13,0.13,0.13,2.5,36500.0,92119.0,0.09
S1_rupture,C1043,CONCENTRES,Djeleng,Ouest,2026-12-01,12,2026,0.5,0.5,0.5,10.0,36490.0,363770.0,0.36
S2_reappro_50,C1043,CONCENTRES,Djeleng,Ouest,2026-12-01,12,2026,0.5,0.5,0.5,10.0,36490.0,363770.0,0.36
S3_reappro_100,C1043,CONCENTRES,Djeleng,Ouest,2026-12-01,12,2026,0.5,0.5,0.5,10.0,36490.0,363770.0,0.36
S4_baisse_prix,C1043,CONCENTRES,Djeleng,Ouest,2026-12-01,12,2026,0.5,0.5,0.5,10.0,36490.0,363770.0,0.36
S1_rupture,C1043,CONCENTRES,Famla,Ouest,2026-12-01,12,2026,0.36,0.36,0.36,7.3,36490.0,264769.0,0.26
S2_reappro_50,C1043,CONCENTRES,Famla,Ouest,2026-12-01,12,2026,0.36,0.36,0.36,7.3,36490.0,264769.0,0.26
S3_reappro_100,C1043,CONCENTRES,Famla,Ouest,2026-12-01,12,2026,0.36,0.36,0.36,7.3,36490.0,264769.0,0.26
S4_baisse_prix,C1043,CONCENTRES,Famla,Ouest,2026-12-01,12,2026,0.36,0.36,0.36,7.3,36490.0,264769.0,0.26
S1_rupture,C1043,CONCENTRES,Mbouda,Ouest,2026-12-01,12,2026,1.05,1.05,1.05,21.0,36490.0,765528.0,0.77
S2_reappro_50,C1043,CONCENTRES,Mbouda,Ouest,2026-12-01,12,2026,1.05,1.05,1.05,21.0,36490.0,765528.0,0.77
S3_reappro_100,C1043,CONCENTRES,Mbouda,Ouest,2026-12-01,12,2026,1.05,1.05,1.05,21.0,36490.0,765528.0,0.77
S4_baisse_prix,C1043,CONCENTRES,Mbouda,Ouest,2026-12-01,12,2026,1.05,1.05,1.05,21.0,36490.0,765528.0,0.77
S1_rupture,C1044,CONCENTRES,Mbouda,Ouest,2026-12-01,12,2026,0.4,0.4,0.4,8.0,32900.0,264668.0,0.26
S2_reappro_50,C1044,CONCENTRES,Mbouda,Ouest,2026-12-01,12,2026,0.4,0.4,0.4,8.0,32900.0,264668.0,0.26
S3_reappro_100,C1044,CONCENTRES,Mbouda,Ouest,2026-12-01,12,2026,0.4,0.4,0.4,8.0,32900.0,264668.0,0.26
S4_baisse_prix,C1044,CONCENTRES,Mbouda,Ouest,2026-12-01,12,2026,0.4,0.4,0.4,8.0,32900.0,264668.0,0.26
S1_rupture,C105,CONCENTRES,Djeleng,Ouest,2026-12-01,12,2026,41.11,41.1,41.12,822.1,27500.0,22608553.0,22.61
S2_reappro_50,C105,CONCENTRES,Djeleng,Ouest,2026-12-01,12,2026,41.11,41.1,41.12,822.1,27500.0,22608553.0,22.61
S3_reappro_100,C105,CONCENTRES,Djeleng,Ouest,2026-12-01,12,2026,41.11,41.1,41.12,822.1,27500.0,22608553.0,22.61
S4_baisse_prix,C105,CONCENTRES,Djeleng,Ouest,2026-12-01,12,2026,41.11,41.1,41.12,822.1,27500.0,22608553.0,22.61
S1_rupture,C105,CONCENTRES,Famla,Ouest,2026-12-01,12,2026,89.0,88.98,89.02,1779.9,27500.0,48947604.0,48.95
S2_reappro_50,C105,CONCENTRES,Famla,Ouest,2026-12-01,12,2026,89.0,88.98,89.02,1779.9,27500.0,48947604.0,48.95
S3_reappro_100,C105,CONCENTRES,Famla,Ouest,2026-12-01,12,2026,89.0,88.98,89.02,1779.9,27500.0,48947604.0,48.95
S4_baisse_prix,C105,CONCENTRES,Famla,Ouest,2026-12-01,12,2026,89.0,88.98,89.02,1779.9,27500.0,48947604.0,48.95
S1_rupture,C105,CONCENTRES,Mbouda,Ouest,2026-12-01,12,2026,39.16,39.15,39.17,783.2,27500.0,21539288.0,21.54
S2_reappro_50,C105,CONCENTRES,Mbouda,Ouest,2026-12-01,12,2026,39.16,39.15,39.17,783.2,27500.0,21539288.0,21.54
S3_reappro_100,C105,CONCENTRES,Mbouda,Ouest,2026-12-01,12,2026,39.16,39.15,39.17,783.2,27500.0,21539288.0,21.54
S4_baisse_prix,C105,CONCENTRES,Mbouda,Ouest,2026-12-01,12,2026,39.16,39.15,39.17,783.2,27500.0,21539288.0,21.54
S1_rupture,C1053,CONCENTRES,Djeleng,Ouest,2026-12-01,12,2026,0.62,0.62,0.62,12.4,32000.0,396237.0,0.4
S2_reappro_50,C1053,CONCENTRES,Djeleng,Ouest,2026-12-01,12,2026,0.62,0.62,0.62,12.4,32000.0,396237.0,0.4
S3_reappro_100,C1053,CONCENTRES,Djeleng,Ouest,2026-12-01,12,2026,0.62,0.62,0.62,12.4,32000.0,396237.0,0.4
S4_baisse_prix,C1053,CONCENTRES,Djeleng,Ouest,2026-12-01,12,2026,0.62,0.62,0.62,12.4,32000.0,396237.0,0.4
S1_rupture,C1053,CONCENTRES,Famla,Ouest,2026-12-01,12,2026,2.02,2.02,2.02,40.5,32000.0,1294712.0,1.29
S2_reappro_50,C1053,CONCENTRES,Famla,Ouest,2026-12-01,12,2026,2.02,2.02,2.02,40.5,32000.0,1294712.0,1.29
S3_reappro_100,C1053,CONCENTRES,Famla,Ouest,2026-12-01,12,2026,2.02,2.02,2.02,40.5,32000.0,1294712.0,1.29
S4_baisse_prix,C1053,CONCENTRES,Famla,Ouest,2026-12-01,12,2026,2.02,2.02,2.02,40.5,32000.0,1294712.0,1.29
S1_rupture,C1053,CONCENTRES,Mbouda,Ouest,2026-12-01,12,2026,0.19,0.19,0.19,3.9,32000.0,123717.0,0.12
S2_reappro_50,C1053,CONCENTRES,Mbouda,Ouest,2026-12-01,12,2026,0.19,0.19,0.19,3.9,32000.0,123717.0,0.12
S3_reappro_100,C1053,CONCENTRES,Mbouda,Ouest,2026-12-01,12,2026,0.19,0.19,0.19,3.9,32000.0,123717.0,0.12
S4_baisse_prix,C1053,CONCENTRES,Mbouda,Ouest,2026-12-01,12,2026,0.19,0.19,0.19,3.9,32000.0,123717.0,0.12
S1_rupture,C1054,CONCENTRES,Djeleng,Ouest,2026-12-01,12,2026,1.5,1.5,1.5,30.0,29500.0,886447.0,0.89
S2_reappro_50,C1054,CONCENTRES,Djeleng,Ouest,2026-12-01,12,2026,1.5,1.5,1.5,30.0,29500.0,886447.0,0.89
S3_reappro_100,C1054,CONCENTRES,Djeleng,Ouest,2026-12-01,12,2026,1.5,1.5,1.5,30.0,29500.0,886447.0,0.89
S4_baisse_prix,C1054,CONCENTRES,Djeleng,Ouest,2026-12-01,12,2026,1.5,1.5,1.5,30.0,29500.0,886447.0,0.89
S1_rupture,C1054,CONCENTRES,Famla,Ouest,2026-12-01,12,2026,2.29,2.29,2.29,45.7,29500.0,1349447.0,1.35
S2_reappro_50,C1054,CONCENTRES,Famla,Ouest,2026-12-01,12,2026,2.29,2.29,2.29,45.7,29500.0,1349447.0,1.35
S3_reappro_100,C1054,CONCENTRES,Famla,Ouest,2026-12-01,12,2026,2.29,2.29,2.29,45.7,29500.0,1349447.0,1.35
S4_baisse_prix,C1054,CONCENTRES,Famla,Ouest,2026-12-01,12,2026,2.29,2.29,2.29,45.7,29500.0,1349447.0,1.35
S1_rupture,C1054,CONCENTRES,Mbouda,Ouest,2026-12-01,12,2026,2.87,2.87,2.88,57.5,29500.0,1696115.0,1.7
S2_reappro_50,C1054,CONCENTRES,Mbouda,Ouest,2026-12-01,12,2026,2.87,2.87,2.88,57.5,29500.0,1696115.0,1.7
S3_reappro_100,C1054,CONCENTRES,Mbouda,Ouest,2026-12-01,12,2026,2.87,2.87,2.88,57.5,29500.0,1696115.0,1.7
S4_baisse_prix,C1054,CONCENTRES,Mbouda,Ouest,2026-12-01,12,2026,2.87,2.87,2.88,57.5,29500.0,1696115.0,1.7
S1_rupture,C1055,CONCENTRES,Mbouda,Ouest,2026-12-01,12,2026,0.43,0.43,0.43,8.5,28500.0,242758.0,0.24
S2_reappro_50,C1055,CONCENTRES,Mbouda,Ouest,2026-12-01,12,2026,0.43,0.43,0.43,8.5,28500.0,242758.0,0.24
S3_reappro_100,C1055,CONCENTRES,Mbouda,Ouest,2026-12-01,12,2026,0.43,0.43,0.43,8.5,28500.0,242758.0,0.24
S4_baisse_prix,C1055,CONCENTRES,Mbouda,Ouest,2026-12-01,12,2026,0.43,0.43,0.43,8.5,28500.0,242758.0,0.24
S1_rupture,B100,INGREDIENTS,Ahala,Centre,2026-09-01,9,2026,0.05,0.05,0.05,1.0,33500.0,33862.0,0.03
S2_reappro_50,B100,INGREDIENTS,Ahala,Centre,2026-09-01,9,2026,0.05,0.05,0.05,1.0,33500.0,33862.0,0.03
S3_reappro_100,B100,INGREDIENTS,Ahala,Centre,2026-09-01,9,2026,0.05,0.05,0.05,1.0,33500.0,33862.0,0.03
S4_baisse_prix,B100,INGREDIENTS,Ahala,Centre,2026-09-01,9,2026,0.05,0.05,0.05,1.0,33500.0,33862.0,0.03
S1_rupture,B100,INGREDIENTS,Bertoua,Centre,2026-09-01,9,2026,0.09,0.09,0.09,1.8,33500.0,58748.0,0.06
S2_reappro_50,B100,INGREDIENTS,Bertoua,Centre,2026-09-01,9,2026,0.09,0.09,0.09,1.8,33500.0,58748.0,0.06
S3_reappro_100,B100,INGREDIENTS,Bertoua,Centre,2026-09-01,9,2026,0.09,0.09,0.09,1.8,33500.0,58748.0,0.06
S4_baisse_prix,B100,INGREDIENTS,Bertoua,Centre,2026-09-01,9,2026,0.09,0.09,0.09,1.8,33500.0,58748.0,0.06
S1_rupture,B100,INGREDIENTS,Messassi,Centre,2026-09-01,9,2026,0.24,0.24,0.24,4.8,33500.0,161965.0,0.16
S2_reappro_50,B100,INGREDIENTS,Messassi,Centre,2026-09-01,9,2026,0.24,0.24,0.24,4.8,33500.0,161965.0,0.16
S3_reappro_100,B100,INGREDIENTS,Messassi,Centre,2026-09-01,9,2026,0.24,0.24,0.24,4.8,33500.0,161965.0,0.16
S4_baisse_prix,B100,INGREDIENTS,Messassi,Centre,2026-09-01,9,2026,0.24,0.24,0.24,4.8,33500.0,161965.0,0.16
S1_rupture,B100,INGREDIENTS,Ngaoundere,Centre,2026-09-01,9,2026,0.08,0.08,0.08,1.7,33500.0,56300.0,0.06
S2_reappro_50,B100,INGREDIENTS,Ngaoundere,Centre,2026-09-01,9,2026,0.08,0.08,0.08,1.7,33500.0,56300.0,0.06
S3_reappro_100,B100,INGREDIENTS,Ngaoundere,Centre,2026-09-01,9,2026,0.08,0.08,0.08,1.7,33500.0,56300.0,0.06
S4_baisse_prix,B100,INGREDIENTS,Ngaoundere,Centre,2026-09-01,9,2026,0.08,0.08,0.08,1.7,33500.0,56300.0,0.06
S1_rupture,B100,INGREDIENTS,Nkoabang,Centre,2026-09-01,9,2026,0.04,0.04,0.04,0.8,33500.0,26518.0,0.03
S2_reappro_50,B100,INGREDIENTS,Nkoabang,Centre,2026-09-01,9,2026,0.04,0.04,0.04,0.8,33500.0,26518.0,0.03
S3_reappro_100,B100,INGREDIENTS,Nkoabang,Centre,2026-09-01,9,2026,0.04,0.04,0.04,0.8,33500.0,26518.0,0.03
S4_baisse_prix,B100,INGREDIENTS,Nkoabang,Centre,2026-09-01,9,2026,0.04,0.04,0.04,0.8,33500.0,26518.0,0.03
S1_rupture,B100,INGREDIENTS,Nkolbisson,Centre,2026-09-01,9,2026,0.01,0.01,0.01,0.2,33500.0,5712.0,0.01
S2_reappro_50,B100,INGREDIENTS,Nkolbisson,Centre,2026-09-01,9,2026,0.01,0.01,0.01,0.2,33500.0,5712.0,0.01
S3_reappro_100,B100,INGREDIENTS,Nkolbisson,Centre,2026-09-01,9,2026,0.01,0.01,0.01,0.2,33500.0,5712.0,0.01
S4_baisse_prix,B100,INGREDIENTS,Nkolbisson,Centre,2026-09-01,9,2026,0.01,0.01,0.01,0.2,33500.0,5712.0,0.01
S1_rupture,B1001,INGREDIENTS,Ahala,Centre,2026-09-01,9,2026,0.0,0.0,0.0,0.0,45950.0,157.0,0.0
S2_reappro_50,B1001,INGREDIENTS,Ahala,Centre,2026-09-01,9,2026,0.0,0.0,0.0,0.0,45950.0,157.0,0.0
S3_reappro_100,B1001,INGREDIENTS,Ahala,Centre,2026-09-01,9,2026,0.0,0.0,0.0,0.0,45950.0,157.0,0.0
S4_baisse_prix,B1001,INGREDIENTS,Ahala,Centre,2026-09-01,9,2026,0.0,0.0,0.0,0.0,45950.0,157.0,0.0
S1_rupture,B1001,INGREDIENTS,Bertoua,Centre,2026-09-01,9,2026,0.01,0.01,0.01,0.2,45950.0,7790.0,0.01
S2_reappro_50,B1001,INGREDIENTS,Bertoua,Centre,2026-09-01,9,2026,0.01,0.01,0.01,0.2,45950.0,7790.0,0.01
S3_reappro_100,B1001,INGREDIENTS,Bertoua,Centre,2026-09-01,9,2026,0.01,0.01,0.01,0.2,45950.0,7790.0,0.01
S4_baisse_prix,B1001,INGREDIENTS,Bertoua,Centre,2026-09-01,9,2026,0.01,0.01,0.01,0.2,45950.0,7790.0,0.01
S1_rupture,B1001,INGREDIENTS,Messassi,Centre,2026-09-01,9,2026,0.0,0.0,0.0,0.0,45950.0,2059.0,0.0
S2_reappro_50,B1001,INGREDIENTS,Messassi,Centre,2026-09-01,9,2026,0.0,0.0,0.0,0.0,45950.0,2059.0,0.0
S3_reappro_100,B1001,INGREDIENTS,Messassi,Centre,2026-09-01,9,2026,0.0,0.0,0.0,0.0,45950.0,2059.0,0.0
S4_baisse_prix,B1001,INGREDIENTS,Messassi,Centre,2026-09-01,9,2026,0.0,0.0,0.0,0.0,45950.0,2059.0,0.0
S1_rupture,B1001,INGREDIENTS,Ngaoundere,Centre,2026-09-01,9,2026,0.0,0.0,0.0,0.0,45950.0,336.0,0.0
S2_reappro_50,B1001,INGREDIENTS,Ngaoundere,Centre,2026-09-01,9,2026,0.0,0.0,0.0,0.0,45950.0,336.0,0.0
S3_reappro_100,B1001,INGREDIENTS,Ngaoundere,Centre,2026-09-01,9,2026,0.0,0.0,0.0,0.0,45950.0,336.0,0.0
S4_baisse_prix,B1001,INGREDIENTS,Ngaoundere,Centre,2026-09-01,9,2026,0.0,0.0,0.0,0.0,45950.0,336.0,0.0
S1_rupture,B1001,INGREDIENTS,Nkoabang,Centre,2026-09-01,9,2026,0.0,0.0,0.0,0.0,45950.0,1365.0,0.0
S2_reappro_50,B1001,INGREDIENTS,Nkoabang,Centre,2026-09-01,9,2026,0.0,0.0,0.0,0.0,45950.0,1365.0,0.0
S3_reappro_100,B1001,INGREDIENTS,Nkoabang,Centre,2026-09-01,9,2026,0.0,0.0,0.0,0.0,45950.0,1365.0,0.0
S4_baisse_prix,B1001,INGREDIENTS,Nkoabang,Centre,2026-09-01,9,2026,0.0,0.0,0.0,0.0,45950.0,1365.0,0.0
S1_rupture,E101,INGREDIENTS,Ahala,Centre,2026-09-01,9,2026,0.28,0.28,0.28,5.6,60000.0,335389.0,0.34
S2_reappro_50,E101,INGREDIENTS,Ahala,Centre,2026-09-01,9,2026,0.28,0.28,0.28,5.6,60000.0,335389.0,0.34
S3_reappro_100,E101,INGREDIENTS,Ahala,Centre,2026-09-01,9,2026,0.28,0.28,0.28,5.6,60000.0,335389.0,0.34
S4_baisse_prix,E101,INGREDIENTS,Ahala,Centre,2026-09-01,9,2026,0.28,0.28,0.28,5.6,60000.0,335389.0,0.34
S1_rupture,E101,INGREDIENTS,Bertoua,Centre,2026-09-01,9,2026,0.23,0.23,0.23,4.6,60000.0,276203.0,0.28
S2_reappro_50,E101,INGREDIENTS,Bertoua,Centre,2026-09-01,9,2026,0.23,0.23,0.23,4.6,60000.0,276203.0,0.28
S3_reappro_100,E101,INGREDIENTS,Bertoua,Centre,2026-09-01,9,2026,0.23,0.23,0.23,4.6,60000.0,276203.0,0.28
S4_baisse_prix,E101,INGREDIENTS,Bertoua,Centre,2026-09-01,9,2026,0.23,0.23,0.23,4.6,60000.0,276203.0,0.28
S1_rupture,E101,INGREDIENTS,Messassi,Centre,2026-09-01,9,2026,0.55,0.55,0.55,11.1,60000.0,664933.0,0.66
S2_reappro_50,E101,INGREDIENTS,Messassi,Centre,2026-09-01,9,2026,0.55,0.55,0.55,11.1,60000.0,664933.0,0.66
S3_reappro_100,E101,INGREDIENTS,Messassi,Centre,2026-09-01,9,2026,0.55,0.55,0.55,11.1,60000.0,664933.0,0.66
S4_baisse_prix,E101,INGREDIENTS,Messassi,Centre,2026-09-01,9,2026,0.55,0.55,0.55,11.1,60000.0,664933.0,0.66
S1_rupture,E101,INGREDIENTS,Ngaoundere,Centre,2026-09-01,9,2026,0.23,0.23,0.23,4.5,60000.0,271819.0,0.27
S2_reappro_50,E101,INGREDIENTS,Ngaoundere,Centre,2026-09-01,9,2026,0.23,0.23,0.23,4.5,60000.0,271819.0,0.27
S3_reappro_100,E101,INGREDIENTS,Ngaoundere,Centre,2026-09-01,9,2026,0.23,0.23,0.23,4.5,60000.0,271819.0,0.27
S4_baisse_prix,E101,INGREDIENTS,Ngaoundere,Centre,2026-09-01,9,2026,0.23,0.23,0.23,4.5,60000.0,271819.0,0.27
S1_rupture,E101,INGREDIENTS,Nkoabang,Centre,2026-09-01,9,2026,0.11,0.11,0.11,2.3,60000.0,135909.0,0.14
S2_reappro_50,E101,INGREDIENTS,Nkoabang,Centre,2026-09-01,9,2026,0.11,0.11,0.11,2.3,60000.0,135909.0,0.14
S3_reappro_100,E101,INGREDIENTS,Nkoabang,Centre,2026-09-01,9,2026,0.11,0.11,0.11,2.3,60000.0,135909.0,0.14
S4_baisse_prix,E101,INGREDIENTS,Nkoabang,Centre,2026-09-01,9,2026,0.11,0.11,0.11,2.3,60000.0,135909.0,0.14
S1_rupture,E101,INGREDIENTS,Nkolbisson,Centre,2026-09-01,9,2026,0.08,0.08,0.08,1.6,60000.0,94990.0,0.09
S2_reappro_50,E101,INGREDIENTS,Nkolbisson,Centre,2026-09-01,9,2026,0.08,0.08,0.08,1.6,60000.0,94990.0,0.09
S3_reappro_100,E101,INGREDIENTS,Nkolbisson,Centre,2026-09-01,9,2026,0.08,0.08,0.08,1.6,60000.0,94990.0,0.09
S4_baisse_prix,E101,INGREDIENTS,Nkolbisson,Centre,2026-09-01,9,2026,0.08,0.08,0.08,1.6,60000.0,94990.0,0.09
S1_rupture,E1011,INGREDIENTS,Ahala,Centre,2026-09-01,9,2026,0.01,0.01,0.01,0.2,61500.0,9766.0,0.01
S2_reappro_50,E1011,INGREDIENTS,Ahala,Centre,2026-09-01,9,2026,0.01,0.01,0.01,0.2,61500.0,9766.0,0.01
S3_reappro_100,E1011,INGREDIENTS,Ahala,Centre,2026-09-01,9,2026,0.01,0.01,0.01,0.2,61500.0,9766.0,0.01
S4_baisse_prix,E1011,INGREDIENTS,Ahala,Centre,2026-09-01,9,2026,0.01,0.01,0.01,0.2,61500.0,9766.0,0.01
S1_rupture,E1011,INGREDIENTS,Bertoua,Centre,2026-09-01,9,2026,0.03,0.03,0.03,0.6,61500.0,38856.0,0.04
S2_reappro_50,E1011,INGREDIENTS,Bertoua,Centre,2026-09-01,9,2026,0.03,0.03,0.03,0.6,61500.0,38856.0,0.04
S3_reappro_100,E1011,INGREDIENTS,Bertoua,Centre,2026-09-01,9,2026,0.03,0.03,0.03,0.6,61500.0,38856.0,0.04
S4_baisse_prix,E1011,INGREDIENTS,Bertoua,Centre,2026-09-01,9,2026,0.03,0.03,0.03,0.6,61500.0,38856.0,0.04
S1_rupture,E1011,INGREDIENTS,Messassi,Centre,2026-09-01,9,2026,0.01,0.01,0.01,0.2,61500.0,13901.0,0.01
S2_reappro_50,E1011,INGREDIENTS,Messassi,Centre,2026-09-01,9,2026,0.01,0.01,0.01,0.2,61500.0,13901.0,0.01
S3_reappro_100,E1011,INGREDIENTS,Messassi,Centre,2026-09-01,9,2026,0.01,0.01,0.01,0.2,61500.0,13901.0,0.01
S4_baisse_prix,E1011,INGREDIENTS,Messassi,Centre,2026-09-01,9,2026,0.01,0.01,0.01,0.2,61500.0,13901.0,0.01
S1_rupture,E1011,INGREDIENTS,Ngaoundere,Centre,2026-09-01,9,2026,0.03,0.03,0.03,0.6,61500.0,37149.0,0.04
S2_reappro_50,E1011,INGREDIENTS,Ngaoundere,Centre,2026-09-01,9,2026,0.03,0.03,0.03,0.6,61500.0,37149.0,0.04
S3_reappro_100,E1011,INGREDIENTS,Ngaoundere,Centre,2026-09-01,9,2026,0.03,0.03,0.03,0.6,61500.0,37149.0,0.04
S4_baisse_prix,E1011,INGREDIENTS,Ngaoundere,Centre,2026-09-01,9,2026,0.03,0.03,0.03,0.6,61500.0,37149.0,0.04
S1_rupture,E1011,INGREDIENTS,Nkoabang,Centre,2026-09-01,9,2026,0.01,0.01,0.01,0.1,61500.0,8149.0,0.01
S2_reappro_50,E1011,INGREDIENTS,Nkoabang,Centre,2026-09-01,9,2026,0.01,0.01,0.01,0.1,61500.0,8149.0,0.01
S3_reappro_100,E1011,INGREDIENTS,Nkoabang,Centre,2026-09-01,9,2026,0.01,0.01,0.01,0.1,61500.0,8149.0,0.01
S4_baisse_prix,E1011,INGREDIENTS,Nkoabang,Centre,2026-09-01,9,2026,0.01,0.01,0.01,0.1,61500.0,8149.0,0.01
S1_rupture,E1011,INGREDIENTS,Nkolbisson,Centre,2026-09-01,9,2026,0.01,0.01,0.01,0.2,61500.0,9886.0,0.01
S2_reappro_50,E1011,INGREDIENTS,Nkolbisson,Centre,2026-09-01,9,2026,0.01,0.01,0.01,0.2,61500.0,9886.0,0.01
S3_reappro_100,E1011,INGREDIENTS,Nkolbisson,Centre,2026-09-01,9,2026,0.01,0.01,0.01,0.2,61500.0,9886.0,0.01
S4_baisse_prix,E1011,INGREDIENTS,Nkolbisson,Centre,2026-09-01,9,2026,0.01,0.01,0.01,0.2,61500.0,9886.0,0.01
S1_rupture,E1014,INGREDIENTS,Ahala,Centre,2026-09-01,9,2026,0.01,0.01,0.01,0.1,708.0,86.0,0.0
S2_reappro_50,E1014,INGREDIENTS,Ahala,Centre,2026-09-01,9,2026,0.01,0.01,0.01,0.1,708.0,86.0,0.0
S3_reappro_100,E1014,INGREDIENTS,Ahala,Centre,2026-09-01,9,2026,0.01,0.01,0.01,0.1,708.0,86.0,0.0
S4_baisse_prix,E1014,INGREDIENTS,Ahala,Centre,2026-09-01,9,2026,0.01,0.01,0.01,0.1,708.0,86.0,0.0
S1_rupture,E1014,INGREDIENTS,Messassi,Centre,2026-09-01,9,2026,0.03,0.03,0.03,0.6,708.0,405.0,0.0
S2_reappro_50,E1014,INGREDIENTS,Messassi,Centre,2026-09-01,9,2026,0.03,0.03,0.03,0.6,708.0,405.0,0.0
S3_reappro_100,E1014,INGREDIENTS,Messassi,Centre,2026-09-01,9,2026,0.03,0.03,0.03,0.6,708.0,405.0,0.0
S4_baisse_prix,E1014,INGREDIENTS,Messassi,Centre,2026-09-01,9,2026,0.03,0.03,0.03,0.6,708.0,405.0,0.0
S1_rupture,I105,INGREDIENTS,Ahala,Centre,2026-09-01,9,2026,0.01,0.01,0.01,0.3,35500.0,9079.0,0.01
S2_reappro_50,I105,INGREDIENTS,Ahala,Centre,2026-09-01,9,2026,0.01,0.01,0.01,0.3,35500.0,9079.0,0.01
S3_reappro_100,I105,INGREDIENTS,Ahala,Centre,2026-09-01,9,2026,0.01,0.01,0.01,0.3,35500.0,9079.0,0.01
S4_baisse_prix,I105,INGREDIENTS,Ahala,Centre,2026-09-01,9,2026,0.01,0.01,0.01,0.3,35500.0,9079.0,0.01
S1_rupture,I105,INGREDIENTS,Bertoua,Centre,2026-09-01,9,2026,0.01,0.01,0.01,0.1,35500.0,4323.0,0.0
S2_reappro_50,I105,INGREDIENTS,Bertoua,Centre,2026-09-01,9,2026,0.01,0.01,0.01,0.1,35500.0,4323.0,0.0
S3_reappro_100,I105,INGREDIENTS,Bertoua,Centre,2026-09-01,9,2026,0.01,0.01,0.01,0.1,35500.0,4323.0,0.0
S4_baisse_prix,I105,INGREDIENTS,Bertoua,Centre,2026-09-01,9,2026,0.01,0.01,0.01,0.1,35500.0,4323.0,0.0
S1_rupture,I105,INGREDIENTS,Messassi,Centre,2026-09-01,9,2026,0.01,0.01,0.01,0.2,35500.0,6485.0,0.01
S2_reappro_50,I105,INGREDIENTS,Messassi,Centre,2026-09-01,9,2026,0.01,0.01,0.01,0.2,35500.0,6485.0,0.01
S3_reappro_100,I105,INGREDIENTS,Messassi,Centre,2026-09-01,9,2026,0.01,0.01,0.01,0.2,35500.0,6485.0,0.01
S4_baisse_prix,I105,INGREDIENTS,Messassi,Centre,2026-09-01,9,2026,0.01,0.01,0.01,0.2,35500.0,6485.0,0.01
S1_rupture,I105,INGREDIENTS,Ngaoundere,Centre,2026-09-01,9,2026,0.02,0.02,0.02,0.3,35500.0,11241.0,0.01
S2_reappro_50,I105,INGREDIENTS,Ngaoundere,Centre,2026-09-01,9,2026,0.02,0.02,0.02,0.3,35500.0,11241.0,0.01
S3_reappro_100,I105,INGREDIENTS,Ngaoundere,Centre,2026-09-01,9,2026,0.02,0.02,0.02,0.3,35500.0,11241.0,0.01
S4_baisse_prix,I105,INGREDIENTS,Ngaoundere,Centre,2026-09-01,9,2026,0.02,0.02,0.02,0.3,35500.0,11241.0,0.01
S1_rupture,I105,INGREDIENTS,Nkoabang,Centre,2026-09-01,9,2026,0.01,0.01,0.01,0.2,35500.0,8647.0,0.01
S2_reappro_50,I105,INGREDIENTS,Nkoabang,Centre,2026-09-01,9,2026,0.01,0.01,0.01,0.2,35500.0,8647.0,0.01
S3_reappro_100,I105,INGREDIENTS,Nkoabang,Centre,2026-09-01,9,2026,0.01,0.01,0.01,0.2,35500.0,8647.0,0.01
S4_baisse_prix,I105,INGREDIENTS,Nkoabang,Centre,2026-09-01,9,2026,0.01,0.01,0.01,0.2,35500.0,8647.0,0.01
S1_rupture,I105,INGREDIENTS,Nkolbisson,Centre,2026-09-01,9,2026,0.0,0.0,0.0,0.1,35500.0,3459.0,0.0
S2_reappro_50,I105,INGREDIENTS,Nkolbisson,Centre,2026-09-01,9,2026,0.0,0.0,0.0,0.1,35500.0,3459.0,0.0
S3_reappro_100,I105,INGREDIENTS,Nkolbisson,Centre,2026-09-01,9,2026,0.0,0.0,0.0,0.1,35500.0,3459.0,0.0
S4_baisse_prix,I105,INGREDIENTS,Nkolbisson,Centre,2026-09-01,9,2026,0.0,0.0,0.0,0.1,35500.0,3459.0,0.0
S1_rupture,I1051,INGREDIENTS,Ahala,Centre,2026-09-01,9,2026,0.01,0.01,0.01,0.1,41000.0,4893.0,0.0
S2_reappro_50,I1051,INGREDIENTS,Ahala,Centre,2026-09-01,9,2026,0.01,0.01,0.01,0.1,41000.0,4893.0,0.0
S3_reappro_100,I1051,INGREDIENTS,Ahala,Centre,2026-09-01,9,2026,0.01,0.01,0.01,0.1,41000.0,4893.0,0.0
S4_baisse_prix,I1051,INGREDIENTS,Ahala,Centre,2026-09-01,9,2026,0.01,0.01,0.01,0.1,41000.0,4893.0,0.0
S1_rupture,I1051,INGREDIENTS,Bertoua,Centre,2026-09-01,9,2026,0.02,0.02,0.02,0.5,41000.0,18694.0,0.02
S2_reappro_50,I1051,INGREDIENTS,Bertoua,Centre,2026-09-01,9,2026,0.02,0.02,0.02,0.5,41000.0,18694.0,0.02
S3_reappro_100,I1051,INGREDIENTS,Bertoua,Centre,2026-09-01,9,2026,0.02,0.02,0.02,0.5,41000.0,18694.0,0.02
S4_baisse_prix,I1051,INGREDIENTS,Bertoua,Centre,2026-09-01,9,2026,0.02,0.02,0.02,0.5,41000.0,18694.0,0.02
S1_rupture,I1051,INGREDIENTS,Messassi,Centre,2026-09-01,9,2026,0.02,0.02,0.02,0.3,41000.0,14100.0,0.01
S2_reappro_50,I1051,INGREDIENTS,Messassi,Centre,2026-09-01,9,2026,0.02,0.02,0.02,0.3,41000.0,14100.0,0.01
S3_reappro_100,I1051,INGREDIENTS,Messassi,Centre,2026-09-01,9,2026,0.02,0.02,0.02,0.3,41000.0,14100.0,0.01
S4_baisse_prix,I1051,INGREDIENTS,Messassi,Centre,2026-09-01,9,2026,0.02,0.02,0.02,0.3,41000.0,14100.0,0.01
S1_rupture,I1051,INGREDIENTS,Ngaoundere,Centre,2026-09-01,9,2026,0.02,0.02,0.02,0.3,41000.0,12922.0,0.01
S2_reappro_50,I1051,INGREDIENTS,Ngaoundere,Centre,2026-09-01,9,2026,0.02,0.02,0.02,0.3,41000.0,12922.0,0.01
S3_reappro_100,I1051,INGREDIENTS,Ngaoundere,Centre,2026-09-01,9,2026,0.02,0.02,0.02,0.3,41000.0,12922.0,0.01
S4_baisse_prix,I1051,INGREDIENTS,Ngaoundere,Centre,2026-09-01,9,2026,0.02,0.02,0.02,0.3,41000.0,12922.0,0.01
S1_rupture,I1051,INGREDIENTS,Nkoabang,Centre,2026-09-01,9,2026,0.01,0.01,0.01,0.2,41000.0,6531.0,0.01
S2_reappro_50,I1051,INGREDIENTS,Nkoabang,Centre,2026-09-01,9,2026,0.01,0.01,0.01,0.2,41000.0,6531.0,0.01
S3_reappro_100,I1051,INGREDIENTS,Nkoabang,Centre,2026-09-01,9,2026,0.01,0.01,0.01,0.2,41000.0,6531.0,0.01
S4_baisse_prix,I1051,INGREDIENTS,Nkoabang,Centre,2026-09-01,9,2026,0.01,0.01,0.01,0.2,41000.0,6531.0,0.01
S1_rupture,I1051,INGREDIENTS,Nkolbisson,Centre,2026-09-01,9,2026,0.01,0.01,0.01,0.1,41000.0,4374.0,0.0
S2_reappro_50,I1051,INGREDIENTS,Nkolbisson,Centre,2026-09-01,9,2026,0.01,0.01,0.01,0.1,41000.0,4374.0,0.0
S3_reappro_100,I1051,INGREDIENTS,Nkolbisson,Centre,2026-09-01,9,2026,0.01,0.01,0.01,0.1,41000.0,4374.0,0.0
S4_baisse_prix,I1051,INGREDIENTS,Nkolbisson,Centre,2026-09-01,9,2026,0.01,0.01,0.01,0.1,41000.0,4374.0,0.0
S1_rupture,B100,INGREDIENTS,Ahala,Centre,2026-10-01,10,2026,0.1,0.1,0.1,2.1,33500.0,68701.0,0.07
S2_reappro_50,B100,INGREDIENTS,Ahala,Centre,2026-10-01,10,2026,0.1,0.1,0.1,2.1,33500.0,68701.0,0.07
S3_reappro_100,B100,INGREDIENTS,Ahala,Centre,2026-10-01,10,2026,0.1,0.1,0.1,2.1,33500.0,68701.0,0.07
S4_baisse_prix,B100,INGREDIENTS,Ahala,Centre,2026-10-01,10,2026,0.1,0.1,0.1,2.1,33500.0,68701.0,0.07
S1_rupture,B100,INGREDIENTS,Bertoua,Centre,2026-10-01,10,2026,0.18,0.18,0.18,3.6,33500.0,119191.0,0.12
S2_reappro_50,B100,INGREDIENTS,Bertoua,Centre,2026-10-01,10,2026,0.18,0.18,0.18,3.6,33500.0,119191.0,0.12
S3_reappro_100,B100,INGREDIENTS,Bertoua,Centre,2026-10-01,10,2026,0.18,0.18,0.18,3.6,33500.0,119191.0,0.12
S4_baisse_prix,B100,INGREDIENTS,Bertoua,Centre,2026-10-01,10,2026,0.18,0.18,0.18,3.6,33500.0,119191.0,0.12
S1_rupture,B100,INGREDIENTS,Messassi,Centre,2026-10-01,10,2026,0.49,0.49,0.49,9.8,33500.0,328604.0,0.33
S2_reappro_50,B100,INGREDIENTS,Messassi,Centre,2026-10-01,10,2026,0.49,0.49,0.49,9.8,33500.0,328604.0,0.33
S3_reappro_100,B100,INGREDIENTS,Messassi,Centre,2026-10-01,10,2026,0.49,0.49,0.49,9.8,33500.0,328604.0,0.33
S4_baisse_prix,B100,INGREDIENTS,Messassi,Centre,2026-10-01,10,2026,0.49,0.49,0.49,9.8,33500.0,328604.0,0.33
S1_rupture,B100,INGREDIENTS,Ngaoundere,Centre,2026-10-01,10,2026,0.17,0.17,0.17,3.4,33500.0,114225.0,0.11
S2_reappro_50,B100,INGREDIENTS,Ngaoundere,Centre,2026-10-01,10,2026,0.17,0.17,0.17,3.4,33500.0,114225.0,0.11
S3_reappro_100,B100,INGREDIENTS,Ngaoundere,Centre,2026-10-01,10,2026,0.17,0.17,0.17,3.4,33500.0,114225.0,0.11
S4_baisse_prix,B100,INGREDIENTS,Ngaoundere,Centre,2026-10-01,10,2026,0.17,0.17,0.17,3.4,33500.0,114225.0,0.11
S1_rupture,B100,INGREDIENTS,Nkoabang,Centre,2026-10-01,10,2026,0.08,0.08,0.08,1.6,33500.0,53802.0,0.05
S2_reappro_50,B100,INGREDIENTS,Nkoabang,Centre,2026-10-01,10,2026,0.08,0.08,0.08,1.6,33500.0,53802.0,0.05
S3_reappro_100,B100,INGREDIENTS,Nkoabang,Centre,2026-10-01,10,2026,0.08,0.08,0.08,1.6,33500.0,53802.0,0.05
S4_baisse_prix,B100,INGREDIENTS,Nkoabang,Centre,2026-10-01,10,2026,0.08,0.08,0.08,1.6,33500.0,53802.0,0.05
S1_rupture,B100,INGREDIENTS,Nkolbisson,Centre,2026-10-01,10,2026,0.02,0.02,0.02,0.3,33500.0,11588.0,0.01
S2_reappro_50,B100,INGREDIENTS,Nkolbisson,Centre,2026-10-01,10,2026,0.02,0.02,0.02,0.3,33500.0,11588.0,0.01
S3_reappro_100,B100,INGREDIENTS,Nkolbisson,Centre,2026-10-01,10,2026,0.02,0.02,0.02,0.3,33500.0,11588.0,0.01
S4_baisse_prix,B100,INGREDIENTS,Nkolbisson,Centre,2026-10-01,10,2026,0.02,0.02,0.02,0.3,33500.0,11588.0,0.01
S1_rupture,B1001,INGREDIENTS,Ahala,Centre,2026-10-01,10,2026,0.0,0.0,0.0,0.0,45950.0,318.0,0.0
S2_reappro_50,B1001,INGREDIENTS,Ahala,Centre,2026-10-01,10,2026,0.0,0.0,0.0,0.0,45950.0,318.0,0.0
S3_reappro_100,B1001,INGREDIENTS,Ahala,Centre,2026-10-01,10,2026,0.0,0.0,0.0,0.0,45950.0,318.0,0.0
S4_baisse_prix,B1001,INGREDIENTS,Ahala,Centre,2026-10-01,10,2026,0.0,0.0,0.0,0.0,45950.0,318.0,0.0
S1_rupture,B1001,INGREDIENTS,Bertoua,Centre,2026-10-01,10,2026,0.02,0.02,0.02,0.3,45950.0,15804.0,0.02
S2_reappro_50,B1001,INGREDIENTS,Bertoua,Centre,2026-10-01,10,2026,0.02,0.02,0.02,0.3,45950.0,15804.0,0.02
S3_reappro_100,B1001,INGREDIENTS,Bertoua,Centre,2026-10-01,10,2026,0.02,0.02,0.02,0.3,45950.0,15804.0,0.02
S4_baisse_prix,B1001,INGREDIENTS,Bertoua,Centre,2026-10-01,10,2026,0.02,0.02,0.02,0.3,45950.0,15804.0,0.02
S1_rupture,B1001,INGREDIENTS,Messassi,Centre,2026-10-01,10,2026,0.0,0.0,0.0,0.1,45950.0,4178.0,0.0
S2_reappro_50,B1001,INGREDIENTS,Messassi,Centre,2026-10-01,10,2026,0.0,0.0,0.0,0.1,45950.0,4178.0,0.0
S3_reappro_100,B1001,INGREDIENTS,Messassi,Centre,2026-10-01,10,2026,0.0,0.0,0.0,0.1,45950.0,4178.0,0.0
S4_baisse_prix,B1001,INGREDIENTS,Messassi,Centre,2026-10-01,10,2026,0.0,0.0,0.0,0.1,45950.0,4178.0,0.0
S1_rupture,B1001,INGREDIENTS,Ngaoundere,Centre,2026-10-01,10,2026,0.0,0.0,0.0,0.0,45950.0,681.0,0.0
S2_reappro_50,B1001,INGREDIENTS,Ngaoundere,Centre,2026-10-01,10,2026,0.0,0.0,0.0,0.0,45950.0,681.0,0.0
S3_reappro_100,B1001,INGREDIENTS,Ngaoundere,Centre,2026-10-01,10,2026,0.0,0.0,0.0,0.0,45950.0,681.0,0.0
S4_baisse_prix,B1001,INGREDIENTS,Ngaoundere,Centre,2026-10-01,10,2026,0.0,0.0,0.0,0.0,45950.0,681.0,0.0
S1_rupture,B1001,INGREDIENTS,Nkoabang,Centre,2026-10-01,10,2026,0.0,0.0,0.0,0.1,45950.0,2770.0,0.0
S2_reappro_50,B1001,INGREDIENTS,Nkoabang,Centre,2026-10-01,10,2026,0.0,0.0,0.0,0.1,45950.0,2770.0,0.0
S3_reappro_100,B1001,INGREDIENTS,Nkoabang,Centre,2026-10-01,10,2026,0.0,0.0,0.0,0.1,45950.0,2770.0,0.0
S4_baisse_prix,B1001,INGREDIENTS,Nkoabang,Centre,2026-10-01,10,2026,0.0,0.0,0.0,0.1,45950.0,2770.0,0.0
S1_rupture,E101,INGREDIENTS,Ahala,Centre,2026-10-01,10,2026,0.57,0.57,0.57,11.3,60000.0,680458.0,0.68
S2_reappro_50,E101,INGREDIENTS,Ahala,Centre,2026-10-01,10,2026,0.57,0.57,0.57,11.3,60000.0,680458.0,0.68
S3_reappro_100,E101,INGREDIENTS,Ahala,Centre,2026-10-01,10,2026,0.57,0.57,0.57,11.3,60000.0,680458.0,0.68
S4_baisse_prix,E101,INGREDIENTS,Ahala,Centre,2026-10-01,10,2026,0.57,0.57,0.57,11.3,60000.0,680458.0,0.68
S1_rupture,E101,INGREDIENTS,Bertoua,Centre,2026-10-01,10,2026,0.47,0.47,0.47,9.3,60000.0,560377.0,0.56
S2_reappro_50,E101,INGREDIENTS,Bertoua,Centre,2026-10-01,10,2026,0.47,0.47,0.47,9.3,60000.0,560377.0,0.56
S3_reappro_100,E101,INGREDIENTS,Bertoua,Centre,2026-10-01,10,2026,0.47,0.47,0.47,9.3,60000.0,560377.0,0.56
S4_baisse_prix,E101,INGREDIENTS,Bertoua,Centre,2026-10-01,10,2026,0.47,0.47,0.47,9.3,60000.0,560377.0,0.56
S1_rupture,E101,INGREDIENTS,Messassi,Centre,2026-10-01,10,2026,1.12,1.12,1.12,22.5,60000.0,1349057.0,1.35
S2_reappro_50,E101,INGREDIENTS,Messassi,Centre,2026-10-01,10,2026,1.12,1.12,1.12,22.5,60000.0,1349057.0,1.35
S3_reappro_100,E101,INGREDIENTS,Messassi,Centre,2026-10-01,10,2026,1.12,1.12,1.12,22.5,60000.0,1349057.0,1.35
S4_baisse_prix,E101,INGREDIENTS,Messassi,Centre,2026-10-01,10,2026,1.12,1.12,1.12,22.5,60000.0,1349057.0,1.35
S1_rupture,E101,INGREDIENTS,Ngaoundere,Centre,2026-10-01,10,2026,0.46,0.46,0.46,9.2,60000.0,551483.0,0.55
S2_reappro_50,E101,INGREDIENTS,Ngaoundere,Centre,2026-10-01,10,2026,0.46,0.46,0.46,9.2,60000.0,551483.0,0.55
S3_reappro_100,E101,INGREDIENTS,Ngaoundere,Centre,2026-10-01,10,2026,0.46,0.46,0.46,9.2,60000.0,551483.0,0.55
S4_baisse_prix,E101,INGREDIENTS,Ngaoundere,Centre,2026-10-01,10,2026,0.46,0.46,0.46,9.2,60000.0,551483.0,0.55
S1_rupture,E101,INGREDIENTS,Nkoabang,Centre,2026-10-01,10,2026,0.23,0.23,0.23,4.6,60000.0,275741.0,0.28
S2_reappro_50,E101,INGREDIENTS,Nkoabang,Centre,2026-10-01,10,2026,0.23,0.23,0.23,4.6,60000.0,275741.0,0.28
S3_reappro_100,E101,INGREDIENTS,Nkoabang,Centre,2026-10-01,10,2026,0.23,0.23,0.23,4.6,60000.0,275741.0,0.28
S4_baisse_prix,E101,INGREDIENTS,Nkoabang,Centre,2026-10-01,10,2026,0.23,0.23,0.23,4.6,60000.0,275741.0,0.28
S1_rupture,E101,INGREDIENTS,Nkolbisson,Centre,2026-10-01,10,2026,0.16,0.16,0.16,3.2,60000.0,192722.0,0.19
S2_reappro_50,E101,INGREDIENTS,Nkolbisson,Centre,2026-10-01,10,2026,0.16,0.16,0.16,3.2,60000.0,192722.0,0.19
S3_reappro_100,E101,INGREDIENTS,Nkolbisson,Centre,2026-10-01,10,2026,0.16,0.16,0.16,3.2,60000.0,192722.0,0.19
S4_baisse_prix,E101,INGREDIENTS,Nkolbisson,Centre,2026-10-01,10,2026,0.16,0.16,0.16,3.2,60000.0,192722.0,0.19
S1_rupture,E1011,INGREDIENTS,Ahala,Centre,2026-10-01,10,2026,0.02,0.02,0.02,0.3,61500.0,19815.0,0.02
S2_reappro_50,E1011,INGREDIENTS,Ahala,Centre,2026-10-01,10,2026,0.02,0.02,0.02,0.3,61500.0,19815.0,0.02
S3_reappro_100,E1011,INGREDIENTS,Ahala,Centre,2026-10-01,10,2026,0.02,0.02,0.02,0.3,61500.0,19815.0,0.02
S4_baisse_prix,E1011,INGREDIENTS,Ahala,Centre,2026-10-01,10,2026,0.02,0.02,0.02,0.3,61500.0,19815.0,0.02
S1_rupture,E1011,INGREDIENTS,Bertoua,Centre,2026-10-01,10,2026,0.06,0.06,0.06,1.3,61500.0,78834.0,0.08
S2_reappro_50,E1011,INGREDIENTS,Bertoua,Centre,2026-10-01,10,2026,0.06,0.06,0.06,1.3,61500.0,78834.0,0.08
S3_reappro_100,E1011,INGREDIENTS,Bertoua,Centre,2026-10-01,10,2026,0.06,0.06,0.06,1.3,61500.0,78834.0,0.08
S4_baisse_prix,E1011,INGREDIENTS,Bertoua,Centre,2026-10-01,10,2026,0.06,0.06,0.06,1.3,61500.0,78834.0,0.08
S1_rupture,E1011,INGREDIENTS,Messassi,Centre,2026-10-01,10,2026,0.02,0.02,0.02,0.5,61500.0,28203.0,0.03
S2_reappro_50,E1011,INGREDIENTS,Messassi,Centre,2026-10-01,10,2026,0.02,0.02,0.02,0.5,61500.0,28203.0,0.03
S3_reappro_100,E1011,INGREDIENTS,Messassi,Centre,2026-10-01,10,2026,0.02,0.02,0.02,0.5,61500.0,28203.0,0.03
S4_baisse_prix,E1011,INGREDIENTS,Messassi,Centre,2026-10-01,10,2026,0.02,0.02,0.02,0.5,61500.0,28203.0,0.03
S1_rupture,E1011,INGREDIENTS,Ngaoundere,Centre,2026-10-01,10,2026,0.06,0.06,0.06,1.2,61500.0,75369.0,0.08
S2_reappro_50,E1011,INGREDIENTS,Ngaoundere,Centre,2026-10-01,10,2026,0.06,0.06,0.06,1.2,61500.0,75369.0,0.08
S3_reappro_100,E1011,INGREDIENTS,Ngaoundere,Centre,2026-10-01,10,2026,0.06,0.06,0.06,1.2,61500.0,75369.0,0.08
S4_baisse_prix,E1011,INGREDIENTS,Ngaoundere,Centre,2026-10-01,10,2026,0.06,0.06,0.06,1.2,61500.0,75369.0,0.08
S1_rupture,E1011,INGREDIENTS,Nkoabang,Centre,2026-10-01,10,2026,0.01,0.01,0.01,0.3,61500.0,16533.0,0.02
S2_reappro_50,E1011,INGREDIENTS,Nkoabang,Centre,2026-10-01,10,2026,0.01,0.01,0.01,0.3,61500.0,16533.0,0.02
S3_reappro_100,E1011,INGREDIENTS,Nkoabang,Centre,2026-10-01,10,2026,0.01,0.01,0.01,0.3,61500.0,16533.0,0.02
S4_baisse_prix,E1011,INGREDIENTS,Nkoabang,Centre,2026-10-01,10,2026,0.01,0.01,0.01,0.3,61500.0,16533.0,0.02
S1_rupture,E1011,INGREDIENTS,Nkolbisson,Centre,2026-10-01,10,2026,0.02,0.02,0.02,0.3,61500.0,20058.0,0.02
S2_reappro_50,E1011,INGREDIENTS,Nkolbisson,Centre,2026-10-01,10,2026,0.02,0.02,0.02,0.3,61500.0,20058.0,0.02
S3_reappro_100,E1011,INGREDIENTS,Nkolbisson,Centre,2026-10-01,10,2026,0.02,0.02,0.02,0.3,61500.0,20058.0,0.02
S4_baisse_prix,E1011,INGREDIENTS,Nkolbisson,Centre,2026-10-01,10,2026,0.02,0.02,0.02,0.3,61500.0,20058.0,0.02
S1_rupture,E1014,INGREDIENTS,Ahala,Centre,2026-10-01,10,2026,0.01,0.01,0.01,0.2,708.0,175.0,0.0
S2_reappro_50,E1014,INGREDIENTS,Ahala,Centre,2026-10-01,10,2026,0.01,0.01,0.01,0.2,708.0,175.0,0.0
S3_reappro_100,E1014,INGREDIENTS,Ahala,Centre,2026-10-01,10,2026,0.01,0.01,0.01,0.2,708.0,175.0,0.0
S4_baisse_prix,E1014,INGREDIENTS,Ahala,Centre,2026-10-01,10,2026,0.01,0.01,0.01,0.2,708.0,175.0,0.0
S1_rupture,E1014,INGREDIENTS,Messassi,Centre,2026-10-01,10,2026,0.06,0.06,0.06,1.2,708.0,822.0,0.0
S2_reappro_50,E1014,INGREDIENTS,Messassi,Centre,2026-10-01,10,2026,0.06,0.06,0.06,1.2,708.0,822.0,0.0
S3_reappro_100,E1014,INGREDIENTS,Messassi,Centre,2026-10-01,10,2026,0.06,0.06,0.06,1.2,708.0,822.0,0.0
S4_baisse_prix,E1014,INGREDIENTS,Messassi,Centre,2026-10-01,10,2026,0.06,0.06,0.06,1.2,708.0,822.0,0.0
S1_rupture,I105,INGREDIENTS,Ahala,Centre,2026-10-01,10,2026,0.03,0.03,0.03,0.5,35500.0,18420.0,0.02
S2_reappro_50,I105,INGREDIENTS,Ahala,Centre,2026-10-01,10,2026,0.03,0.03,0.03,0.5,35500.0,18420.0,0.02
S3_reappro_100,I105,INGREDIENTS,Ahala,Centre,2026-10-01,10,2026,0.03,0.03,0.03,0.5,35500.0,18420.0,0.02
S4_baisse_prix,I105,INGREDIENTS,Ahala,Centre,2026-10-01,10,2026,0.03,0.03,0.03,0.5,35500.0,18420.0,0.02
S1_rupture,I105,INGREDIENTS,Bertoua,Centre,2026-10-01,10,2026,0.01,0.01,0.01,0.2,35500.0,8771.0,0.01
S2_reappro_50,I105,INGREDIENTS,Bertoua,Centre,2026-10-01,10,2026,0.01,0.01,0.01,0.2,35500.0,8771.0,0.01
S3_reappro_100,I105,INGREDIENTS,Bertoua,Centre,2026-10-01,10,2026,0.01,0.01,0.01,0.2,35500.0,8771.0,0.01
S4_baisse_prix,I105,INGREDIENTS,Bertoua,Centre,2026-10-01,10,2026,0.01,0.01,0.01,0.2,35500.0,8771.0,0.01
S1_rupture,I105,INGREDIENTS,Messassi,Centre,2026-10-01,10,2026,0.02,0.02,0.02,0.4,35500.0,13157.0,0.01
S2_reappro_50,I105,INGREDIENTS,Messassi,Centre,2026-10-01,10,2026,0.02,0.02,0.02,0.4,35500.0,13157.0,0.01
S3_reappro_100,I105,INGREDIENTS,Messassi,Centre,2026-10-01,10,2026,0.02,0.02,0.02,0.4,35500.0,13157.0,0.01
S4_baisse_prix,I105,INGREDIENTS,Messassi,Centre,2026-10-01,10,2026,0.02,0.02,0.02,0.4,35500.0,13157.0,0.01
S1_rupture,I105,INGREDIENTS,Ngaoundere,Centre,2026-10-01,10,2026,0.03,0.03,0.03,0.6,35500.0,22805.0,0.02
S2_reappro_50,I105,INGREDIENTS,Ngaoundere,Centre,2026-10-01,10,2026,0.03,0.03,0.03,0.6,35500.0,22805.0,0.02
S3_reappro_100,I105,INGREDIENTS,Ngaoundere,Centre,2026-10-01,10,2026,0.03,0.03,0.03,0.6,35500.0,22805.0,0.02
S4_baisse_prix,I105,INGREDIENTS,Ngaoundere,Centre,2026-10-01,10,2026,0.03,0.03,0.03,0.6,35500.0,22805.0,0.02
S1_rupture,I105,INGREDIENTS,Nkoabang,Centre,2026-10-01,10,2026,0.02,0.02,0.02,0.5,35500.0,17543.0,0.02
S2_reappro_50,I105,INGREDIENTS,Nkoabang,Centre,2026-10-01,10,2026,0.02,0.02,0.02,0.5,35500.0,17543.0,0.02
S3_reappro_100,I105,INGREDIENTS,Nkoabang,Centre,2026-10-01,10,2026,0.02,0.02,0.02,0.5,35500.0,17543.0,0.02
S4_baisse_prix,I105,INGREDIENTS,Nkoabang,Centre,2026-10-01,10,2026,0.02,0.02,0.02,0.5,35500.0,17543.0,0.02
S1_rupture,I105,INGREDIENTS,Nkolbisson,Centre,2026-10-01,10,2026,0.01,0.01,0.01,0.2,35500.0,7017.0,0.01
S2_reappro_50,I105,INGREDIENTS,Nkolbisson,Centre,2026-10-01,10,2026,0.01,0.01,0.01,0.2,35500.0,7017.0,0.01
S3_reappro_100,I105,INGREDIENTS,Nkolbisson,Centre,2026-10-01,10,2026,0.01,0.01,0.01,0.2,35500.0,7017.0,0.01
S4_baisse_prix,I105,INGREDIENTS,Nkolbisson,Centre,2026-10-01,10,2026,0.01,0.01,0.01,0.2,35500.0,7017.0,0.01
S1_rupture,I1051,INGREDIENTS,Ahala,Centre,2026-10-01,10,2026,0.01,0.01,0.01,0.2,41000.0,9928.0,0.01
S2_reappro_50,I1051,INGREDIENTS,Ahala,Centre,2026-10-01,10,2026,0.01,0.01,0.01,0.2,41000.0,9928.0,0.01
S3_reappro_100,I1051,INGREDIENTS,Ahala,Centre,2026-10-01,10,2026,0.01,0.01,0.01,0.2,41000.0,9928.0,0.01
S4_baisse_prix,I1051,INGREDIENTS,Ahala,Centre,2026-10-01,10,2026,0.01,0.01,0.01,0.2,41000.0,9928.0,0.01
S1_rupture,I1051,INGREDIENTS,Bertoua,Centre,2026-10-01,10,2026,0.05,0.05,0.05,0.9,41000.0,37928.0,0.04
S2_reappro_50,I1051,INGREDIENTS,Bertoua,Centre,2026-10-01,10,2026,0.05,0.05,0.05,0.9,41000.0,37928.0,0.04
S3_reappro_100,I1051,INGREDIENTS,Bertoua,Centre,2026-10-01,10,2026,0.05,0.05,0.05,0.9,41000.0,37928.0,0.04
S4_baisse_prix,I1051,INGREDIENTS,Bertoua,Centre,2026-10-01,10,2026,0.05,0.05,0.05,0.9,41000.0,37928.0,0.04
S1_rupture,I1051,INGREDIENTS,Messassi,Centre,2026-10-01,10,2026,0.03,0.03,0.03,0.7,41000.0,28608.0,0.03
S2_reappro_50,I1051,INGREDIENTS,Messassi,Centre,2026-10-01,10,2026,0.03,0.03,0.03,0.7,41000.0,28608.0,0.03
S3_reappro_100,I1051,INGREDIENTS,Messassi,Centre,2026-10-01,10,2026,0.03,0.03,0.03,0.7,41000.0,28608.0,0.03
S4_baisse_prix,I1051,INGREDIENTS,Messassi,Centre,2026-10-01,10,2026,0.03,0.03,0.03,0.7,41000.0,28608.0,0.03
S1_rupture,I1051,INGREDIENTS,Ngaoundere,Centre,2026-10-01,10,2026,0.03,0.03,0.03,0.6,41000.0,26217.0,0.03
S2_reappro_50,I1051,INGREDIENTS,Ngaoundere,Centre,2026-10-01,10,2026,0.03,0.03,0.03,0.6,41000.0,26217.0,0.03
S3_reappro_100,I1051,INGREDIENTS,Ngaoundere,Centre,2026-10-01,10,2026,0.03,0.03,0.03,0.6,41000.0,26217.0,0.03
S4_baisse_prix,I1051,INGREDIENTS,Ngaoundere,Centre,2026-10-01,10,2026,0.03,0.03,0.03,0.6,41000.0,26217.0,0.03
S1_rupture,I1051,INGREDIENTS,Nkoabang,Centre,2026-10-01,10,2026,0.02,0.02,0.02,0.3,41000.0,13250.0,0.01
S2_reappro_50,I1051,INGREDIENTS,Nkoabang,Centre,2026-10-01,10,2026,0.02,0.02,0.02,0.3,41000.0,13250.0,0.01
S3_reappro_100,I1051,INGREDIENTS,Nkoabang,Centre,2026-10-01,10,2026,0.02,0.02,0.02,0.3,41000.0,13250.0,0.01
S4_baisse_prix,I1051,INGREDIENTS,Nkoabang,Centre,2026-10-01,10,2026,0.02,0.02,0.02,0.3,41000.0,13250.0,0.01
S1_rupture,I1051,INGREDIENTS,Nkolbisson,Centre,2026-10-01,10,2026,0.01,0.01,0.01,0.2,41000.0,8874.0,0.01
S2_reappro_50,I1051,INGREDIENTS,Nkolbisson,Centre,2026-10-01,10,2026,0.01,0.01,0.01,0.2,41000.0,8874.0,0.01
S3_reappro_100,I1051,INGREDIENTS,Nkolbisson,Centre,2026-10-01,10,2026,0.01,0.01,0.01,0.2,41000.0,8874.0,0.01
S4_baisse_prix,I1051,INGREDIENTS,Nkolbisson,Centre,2026-10-01,10,2026,0.01,0.01,0.01,0.2,41000.0,8874.0,0.01
S1_rupture,B100,INGREDIENTS,Ahala,Centre,2026-11-01,11,2026,0.11,0.11,0.11,2.2,33500.0,75105.0,0.08
S2_reappro_50,B100,INGREDIENTS,Ahala,Centre,2026-11-01,11,2026,0.11,0.11,0.11,2.2,33500.0,75105.0,0.08
S3_reappro_100,B100,INGREDIENTS,Ahala,Centre,2026-11-01,11,2026,0.11,0.11,0.11,2.2,33500.0,75105.0,0.08
S4_baisse_prix,B100,INGREDIENTS,Ahala,Centre,2026-11-01,11,2026,0.11,0.11,0.11,2.2,33500.0,75105.0,0.08
S1_rupture,B100,INGREDIENTS,Bertoua,Centre,2026-11-01,11,2026,0.19,0.19,0.19,3.9,33500.0,130302.0,0.13
S2_reappro_50,B100,INGREDIENTS,Bertoua,Centre,2026-11-01,11,2026,0.19,0.19,0.19,3.9,33500.0,130302.0,0.13
S3_reappro_100,B100,INGREDIENTS,Bertoua,Centre,2026-11-01,11,2026,0.19,0.19,0.19,3.9,33500.0,130302.0,0.13
S4_baisse_prix,B100,INGREDIENTS,Bertoua,Centre,2026-11-01,11,2026,0.19,0.19,0.19,3.9,33500.0,130302.0,0.13
S1_rupture,B100,INGREDIENTS,Messassi,Centre,2026-11-01,11,2026,0.54,0.54,0.54,10.7,33500.0,359236.0,0.36
S2_reappro_50,B100,INGREDIENTS,Messassi,Centre,2026-11-01,11,2026,0.54,0.54,0.54,10.7,33500.0,359236.0,0.36
S3_reappro_100,B100,INGREDIENTS,Messassi,Centre,2026-11-01,11,2026,0.54,0.54,0.54,10.7,33500.0,359236.0,0.36
S4_baisse_prix,B100,INGREDIENTS,Messassi,Centre,2026-11-01,11,2026,0.54,0.54,0.54,10.7,33500.0,359236.0,0.36
S1_rupture,B100,INGREDIENTS,Ngaoundere,Centre,2026-11-01,11,2026,0.19,0.19,0.19,3.7,33500.0,124873.0,0.12
S2_reappro_50,B100,INGREDIENTS,Ngaoundere,Centre,2026-11-01,11,2026,0.19,0.19,0.19,3.7,33500.0,124873.0,0.12
S3_reappro_100,B100,INGREDIENTS,Ngaoundere,Centre,2026-11-01,11,2026,0.19,0.19,0.19,3.7,33500.0,124873.0,0.12
S4_baisse_prix,B100,INGREDIENTS,Ngaoundere,Centre,2026-11-01,11,2026,0.19,0.19,0.19,3.7,33500.0,124873.0,0.12
S1_rupture,B100,INGREDIENTS,Nkoabang,Centre,2026-11-01,11,2026,0.09,0.09,0.09,1.8,33500.0,58817.0,0.06
S2_reappro_50,B100,INGREDIENTS,Nkoabang,Centre,2026-11-01,11,2026,0.09,0.09,0.09,1.8,33500.0,58817.0,0.06
S3_reappro_100,B100,INGREDIENTS,Nkoabang,Centre,2026-11-01,11,2026,0.09,0.09,0.09,1.8,33500.0,58817.0,0.06
S4_baisse_prix,B100,INGREDIENTS,Nkoabang,Centre,2026-11-01,11,2026,0.09,0.09,0.09,1.8,33500.0,58817.0,0.06
S1_rupture,B100,INGREDIENTS,Nkolbisson,Centre,2026-11-01,11,2026,0.02,0.02,0.02,0.4,33500.0,12668.0,0.01
S2_reappro_50,B100,INGREDIENTS,Nkolbisson,Centre,2026-11-01,11,2026,0.02,0.02,0.02,0.4,33500.0,12668.0,0.01
S3_reappro_100,B100,INGREDIENTS,Nkolbisson,Centre,2026-11-01,11,2026,0.02,0.02,0.02,0.4,33500.0,12668.0,0.01
S4_baisse_prix,B100,INGREDIENTS,Nkolbisson,Centre,2026-11-01,11,2026,0.02,0.02,0.02,0.4,33500.0,12668.0,0.01
S1_rupture,B1001,INGREDIENTS,Ahala,Centre,2026-11-01,11,2026,0.0,0.0,0.0,0.0,45950.0,348.0,0.0
S2_reappro_50,B1001,INGREDIENTS,Ahala,Centre,2026-11-01,11,2026,0.0,0.0,0.0,0.0,45950.0,348.0,0.0
S3_reappro_100,B1001,INGREDIENTS,Ahala,Centre,2026-11-01,11,2026,0.0,0.0,0.0,0.0,45950.0,348.0,0.0
S4_baisse_prix,B1001,INGREDIENTS,Ahala,Centre,2026-11-01,11,2026,0.0,0.0,0.0,0.0,45950.0,348.0,0.0
S1_rupture,B1001,INGREDIENTS,Bertoua,Centre,2026-11-01,11,2026,0.02,0.02,0.02,0.4,45950.0,17277.0,0.02
S2_reappro_50,B1001,INGREDIENTS,Bertoua,Centre,2026-11-01,11,2026,0.02,0.02,0.02,0.4,45950.0,17277.0,0.02
S3_reappro_100,B1001,INGREDIENTS,Bertoua,Centre,2026-11-01,11,2026,0.02,0.02,0.02,0.4,45950.0,17277.0,0.02
S4_baisse_prix,B1001,INGREDIENTS,Bertoua,Centre,2026-11-01,11,2026,0.02,0.02,0.02,0.4,45950.0,17277.0,0.02
S1_rupture,B1001,INGREDIENTS,Messassi,Centre,2026-11-01,11,2026,0.0,0.0,0.0,0.1,45950.0,4567.0,0.0
S2_reappro_50,B1001,INGREDIENTS,Messassi,Centre,2026-11-01,11,2026,0.0,0.0,0.0,0.1,45950.0,4567.0,0.0
S3_reappro_100,B1001,INGREDIENTS,Messassi,Centre,2026-11-01,11,2026,0.0,0.0,0.0,0.1,45950.0,4567.0,0.0
S4_baisse_prix,B1001,INGREDIENTS,Messassi,Centre,2026-11-01,11,2026,0.0,0.0,0.0,0.1,45950.0,4567.0,0.0
S1_rupture,B1001,INGREDIENTS,Ngaoundere,Centre,2026-11-01,11,2026,0.0,0.0,0.0,0.0,45950.0,745.0,0.0
S2_reappro_50,B1001,INGREDIENTS,Ngaoundere,Centre,2026-11-01,11,2026,0.0,0.0,0.0,0.0,45950.0,745.0,0.0
S3_reappro_100,B1001,INGREDIENTS,Ngaoundere,Centre,2026-11-01,11,2026,0.0,0.0,0.0,0.0,45950.0,745.0,0.0
S4_baisse_prix,B1001,INGREDIENTS,Ngaoundere,Centre,2026-11-01,11,2026,0.0,0.0,0.0,0.0,45950.0,745.0,0.0
S1_rupture,B1001,INGREDIENTS,Nkoabang,Centre,2026-11-01,11,2026,0.0,0.0,0.0,0.1,45950.0,3028.0,0.0
S2_reappro_50,B1001,INGREDIENTS,Nkoabang,Centre,2026-11-01,11,2026,0.0,0.0,0.0,0.1,45950.0,3028.0,0.0
S3_reappro_100,B1001,INGREDIENTS,Nkoabang,Centre,2026-11-01,11,2026,0.0,0.0,0.0,0.1,45950.0,3028.0,0.0
S4_baisse_prix,B1001,INGREDIENTS,Nkoabang,Centre,2026-11-01,11,2026,0.0,0.0,0.0,0.1,45950.0,3028.0,0.0
S1_rupture,E101,INGREDIENTS,Ahala,Centre,2026-11-01,11,2026,0.62,0.62,0.62,12.4,60000.0,743889.0,0.74
S2_reappro_50,E101,INGREDIENTS,Ahala,Centre,2026-11-01,11,2026,0.62,0.62,0.62,12.4,60000.0,743889.0,0.74
S3_reappro_100,E101,INGREDIENTS,Ahala,Centre,2026-11-01,11,2026,0.62,0.62,0.62,12.4,60000.0,743889.0,0.74
S4_baisse_prix,E101,INGREDIENTS,Ahala,Centre,2026-11-01,11,2026,0.62,0.62,0.62,12.4,60000.0,743889.0,0.74
S1_rupture,E101,INGREDIENTS,Bertoua,Centre,2026-11-01,11,2026,0.51,0.51,0.51,10.2,60000.0,612614.0,0.61
S2_reappro_50,E101,INGREDIENTS,Bertoua,Centre,2026-11-01,11,2026,0.51,0.51,0.51,10.2,60000.0,612614.0,0.61
S3_reappro_100,E101,INGREDIENTS,Bertoua,Centre,2026-11-01,11,2026,0.51,0.51,0.51,10.2,60000.0,612614.0,0.61
S4_baisse_prix,E101,INGREDIENTS,Bertoua,Centre,2026-11-01,11,2026,0.51,0.51,0.51,10.2,60000.0,612614.0,0.61
S1_rupture,E101,INGREDIENTS,Messassi,Centre,2026-11-01,11,2026,1.23,1.23,1.23,24.6,60000.0,1474812.0,1.47
S2_reappro_50,E101,INGREDIENTS,Messassi,Centre,2026-11-01,11,2026,1.23,1.23,1.23,24.6,60000.0,1474812.0,1.47
S3_reappro_100,E101,INGREDIENTS,Messassi,Centre,2026-11-01,11,2026,1.23,1.23,1.23,24.6,60000.0,1474812.0,1.47
S4_baisse_prix,E101,INGREDIENTS,Messassi,Centre,2026-11-01,11,2026,1.23,1.23,1.23,24.6,60000.0,1474812.0,1.47
S1_rupture,E101,INGREDIENTS,Ngaoundere,Centre,2026-11-01,11,2026,0.5,0.5,0.5,10.0,60000.0,602890.0,0.6
S2_reappro_50,E101,INGREDIENTS,Ngaoundere,Centre,2026-11-01,11,2026,0.5,0.5,0.5,10.0,60000.0,602890.0,0.6
S3_reappro_100,E101,INGREDIENTS,Ngaoundere,Centre,2026-11-01,11,2026,0.5,0.5,0.5,10.0,60000.0,602890.0,0.6
S4_baisse_prix,E101,INGREDIENTS,Ngaoundere,Centre,2026-11-01,11,2026,0.5,0.5,0.5,10.0,60000.0,602890.0,0.6
S1_rupture,E101,INGREDIENTS,Nkoabang,Centre,2026-11-01,11,2026,0.25,0.25,0.25,5.0,60000.0,301445.0,0.3
S2_reappro_50,E101,INGREDIENTS,Nkoabang,Centre,2026-11-01,11,2026,0.25,0.25,0.25,5.0,60000.0,301445.0,0.3
S3_reappro_100,E101,INGREDIENTS,Nkoabang,Centre,2026-11-01,11,2026,0.25,0.25,0.25,5.0,60000.0,301445.0,0.3
S4_baisse_prix,E101,INGREDIENTS,Nkoabang,Centre,2026-11-01,11,2026,0.25,0.25,0.25,5.0,60000.0,301445.0,0.3
S1_rupture,E101,INGREDIENTS,Nkolbisson,Centre,2026-11-01,11,2026,0.18,0.18,0.18,3.5,60000.0,210687.0,0.21
S2_reappro_50,E101,INGREDIENTS,Nkolbisson,Centre,2026-11-01,11,2026,0.18,0.18,0.18,3.5,60000.0,210687.0,0.21
S3_reappro_100,E101,INGREDIENTS,Nkolbisson,Centre,2026-11-01,11,2026,0.18,0.18,0.18,3.5,60000.0,210687.0,0.21
S4_baisse_prix,E101,INGREDIENTS,Nkolbisson,Centre,2026-11-01,11,2026,0.18,0.18,0.18,3.5,60000.0,210687.0,0.21
S1_rupture,E1011,INGREDIENTS,Ahala,Centre,2026-11-01,11,2026,0.02,0.02,0.02,0.4,61500.0,21662.0,0.02
S2_reappro_50,E1011,INGREDIENTS,Ahala,Centre,2026-11-01,11,2026,0.02,0.02,0.02,0.4,61500.0,21662.0,0.02
S3_reappro_100,E1011,INGREDIENTS,Ahala,Centre,2026-11-01,11,2026,0.02,0.02,0.02,0.4,61500.0,21662.0,0.02
S4_baisse_prix,E1011,INGREDIENTS,Ahala,Centre,2026-11-01,11,2026,0.02,0.02,0.02,0.4,61500.0,21662.0,0.02
S1_rupture,E1011,INGREDIENTS,Bertoua,Centre,2026-11-01,11,2026,0.07,0.07,0.07,1.4,61500.0,86183.0,0.09
S2_reappro_50,E1011,INGREDIENTS,Bertoua,Centre,2026-11-01,11,2026,0.07,0.07,0.07,1.4,61500.0,86183.0,0.09
S3_reappro_100,E1011,INGREDIENTS,Bertoua,Centre,2026-11-01,11,2026,0.07,0.07,0.07,1.4,61500.0,86183.0,0.09
S4_baisse_prix,E1011,INGREDIENTS,Bertoua,Centre,2026-11-01,11,2026,0.07,0.07,0.07,1.4,61500.0,86183.0,0.09
S1_rupture,E1011,INGREDIENTS,Messassi,Centre,2026-11-01,11,2026,0.03,0.03,0.03,0.5,61500.0,30832.0,0.03
S2_reappro_50,E1011,INGREDIENTS,Messassi,Centre,2026-11-01,11,2026,0.03,0.03,0.03,0.5,61500.0,30832.0,0.03
S3_reappro_100,E1011,INGREDIENTS,Messassi,Centre,2026-11-01,11,2026,0.03,0.03,0.03,0.5,61500.0,30832.0,0.03
S4_baisse_prix,E1011,INGREDIENTS,Messassi,Centre,2026-11-01,11,2026,0.03,0.03,0.03,0.5,61500.0,30832.0,0.03
S1_rupture,E1011,INGREDIENTS,Ngaoundere,Centre,2026-11-01,11,2026,0.07,0.07,0.07,1.3,61500.0,82395.0,0.08
S2_reappro_50,E1011,INGREDIENTS,Ngaoundere,Centre,2026-11-01,11,2026,0.07,0.07,0.07,1.3,61500.0,82395.0,0.08
S3_reappro_100,E1011,INGREDIENTS,Ngaoundere,Centre,2026-11-01,11,2026,0.07,0.07,0.07,1.3,61500.0,82395.0,0.08
S4_baisse_prix,E1011,INGREDIENTS,Ngaoundere,Centre,2026-11-01,11,2026,0.07,0.07,0.07,1.3,61500.0,82395.0,0.08
S1_rupture,E1011,INGREDIENTS,Nkoabang,Centre,2026-11-01,11,2026,0.01,0.01,0.01,0.3,61500.0,18074.0,0.02
S2_reappro_50,E1011,INGREDIENTS,Nkoabang,Centre,2026-11-01,11,2026,0.01,0.01,0.01,0.3,61500.0,18074.0,0.02
S3_reappro_100,E1011,INGREDIENTS,Nkoabang,Centre,2026-11-01,11,2026,0.01,0.01,0.01,0.3,61500.0,18074.0,0.02
S4_baisse_prix,E1011,INGREDIENTS,Nkoabang,Centre,2026-11-01,11,2026,0.01,0.01,0.01,0.3,61500.0,18074.0,0.02
S1_rupture,E1011,INGREDIENTS,Nkolbisson,Centre,2026-11-01,11,2026,0.02,0.02,0.02,0.4,61500.0,21928.0,0.02
S2_reappro_50,E1011,INGREDIENTS,Nkolbisson,Centre,2026-11-01,11,2026,0.02,0.02,0.02,0.4,61500.0,21928.0,0.02
S3_reappro_100,E1011,INGREDIENTS,Nkolbisson,Centre,2026-11-01,11,2026,0.02,0.02,0.02,0.4,61500.0,21928.0,0.02
S4_baisse_prix,E1011,INGREDIENTS,Nkolbisson,Centre,2026-11-01,11,2026,0.02,0.02,0.02,0.4,61500.0,21928.0,0.02
S1_rupture,E1014,INGREDIENTS,Ahala,Centre,2026-11-01,11,2026,0.01,0.01,0.01,0.3,708.0,191.0,0.0
S2_reappro_50,E1014,INGREDIENTS,Ahala,Centre,2026-11-01,11,2026,0.01,0.01,0.01,0.3,708.0,191.0,0.0
S3_reappro_100,E1014,INGREDIENTS,Ahala,Centre,2026-11-01,11,2026,0.01,0.01,0.01,0.3,708.0,191.0,0.0
S4_baisse_prix,E1014,INGREDIENTS,Ahala,Centre,2026-11-01,11,2026,0.01,0.01,0.01,0.3,708.0,191.0,0.0
S1_rupture,E1014,INGREDIENTS,Messassi,Centre,2026-11-01,11,2026,0.06,0.06,0.06,1.3,708.0,899.0,0.0
S2_reappro_50,E1014,INGREDIENTS,Messassi,Centre,2026-11-01,11,2026,0.06,0.06,0.06,1.3,708.0,899.0,0.0
S3_reappro_100,E1014,INGREDIENTS,Messassi,Centre,2026-11-01,11,2026,0.06,0.06,0.06,1.3,708.0,899.0,0.0
S4_baisse_prix,E1014,INGREDIENTS,Messassi,Centre,2026-11-01,11,2026,0.06,0.06,0.06,1.3,708.0,899.0,0.0
S1_rupture,I105,INGREDIENTS,Ahala,Centre,2026-11-01,11,2026,0.03,0.03,0.03,0.6,35500.0,20137.0,0.02
S2_reappro_50,I105,INGREDIENTS,Ahala,Centre,2026-11-01,11,2026,0.03,0.03,0.03,0.6,35500.0,20137.0,0.02
S3_reappro_100,I105,INGREDIENTS,Ahala,Centre,2026-11-01,11,2026,0.03,0.03,0.03,0.6,35500.0,20137.0,0.02
S4_baisse_prix,I105,INGREDIENTS,Ahala,Centre,2026-11-01,11,2026,0.03,0.03,0.03,0.6,35500.0,20137.0,0.02
S1_rupture,I105,INGREDIENTS,Bertoua,Centre,2026-11-01,11,2026,0.01,0.01,0.01,0.3,35500.0,9589.0,0.01
S2_reappro_50,I105,INGREDIENTS,Bertoua,Centre,2026-11-01,11,2026,0.01,0.01,0.01,0.3,35500.0,9589.0,0.01
S3_reappro_100,I105,INGREDIENTS,Bertoua,Centre,2026-11-01,11,2026,0.01,0.01,0.01,0.3,35500.0,9589.0,0.01
S4_baisse_prix,I105,INGREDIENTS,Bertoua,Centre,2026-11-01,11,2026,0.01,0.01,0.01,0.3,35500.0,9589.0,0.01
S1_rupture,I105,INGREDIENTS,Messassi,Centre,2026-11-01,11,2026,0.02,0.02,0.02,0.4,35500.0,14383.0,0.01
S2_reappro_50,I105,INGREDIENTS,Messassi,Centre,2026-11-01,11,2026,0.02,0.02,0.02,0.4,35500.0,14383.0,0.01
S3_reappro_100,I105,INGREDIENTS,Messassi,Centre,2026-11-01,11,2026,0.02,0.02,0.02,0.4,35500.0,14383.0,0.01
S4_baisse_prix,I105,INGREDIENTS,Messassi,Centre,2026-11-01,11,2026,0.02,0.02,0.02,0.4,35500.0,14383.0,0.01
S1_rupture,I105,INGREDIENTS,Ngaoundere,Centre,2026-11-01,11,2026,0.04,0.04,0.04,0.7,35500.0,24931.0,0.02
S2_reappro_50,I105,INGREDIENTS,Ngaoundere,Centre,2026-11-01,11,2026,0.04,0.04,0.04,0.7,35500.0,24931.0,0.02
S3_reappro_100,I105,INGREDIENTS,Ngaoundere,Centre,2026-11-01,11,2026,0.04,0.04,0.04,0.7,35500.0,24931.0,0.02
S4_baisse_prix,I105,INGREDIENTS,Ngaoundere,Centre,2026-11-01,11,2026,0.04,0.04,0.04,0.7,35500.0,24931.0,0.02
S1_rupture,I105,INGREDIENTS,Nkoabang,Centre,2026-11-01,11,2026,0.03,0.03,0.03,0.5,35500.0,19178.0,0.02
S2_reappro_50,I105,INGREDIENTS,Nkoabang,Centre,2026-11-01,11,2026,0.03,0.03,0.03,0.5,35500.0,19178.0,0.02
S3_reappro_100,I105,INGREDIENTS,Nkoabang,Centre,2026-11-01,11,2026,0.03,0.03,0.03,0.5,35500.0,19178.0,0.02
S4_baisse_prix,I105,INGREDIENTS,Nkoabang,Centre,2026-11-01,11,2026,0.03,0.03,0.03,0.5,35500.0,19178.0,0.02
S1_rupture,I105,INGREDIENTS,Nkolbisson,Centre,2026-11-01,11,2026,0.01,0.01,0.01,0.2,35500.0,7671.0,0.01
S2_reappro_50,I105,INGREDIENTS,Nkolbisson,Centre,2026-11-01,11,2026,0.01,0.01,0.01,0.2,35500.0,7671.0,0.01
S3_reappro_100,I105,INGREDIENTS,Nkolbisson,Centre,2026-11-01,11,2026,0.01,0.01,0.01,0.2,35500.0,7671.0,0.01
S4_baisse_prix,I105,INGREDIENTS,Nkolbisson,Centre,2026-11-01,11,2026,0.01,0.01,0.01,0.2,35500.0,7671.0,0.01
S1_rupture,I1051,INGREDIENTS,Ahala,Centre,2026-11-01,11,2026,0.01,0.01,0.01,0.3,41000.0,10853.0,0.01
S2_reappro_50,I1051,INGREDIENTS,Ahala,Centre,2026-11-01,11,2026,0.01,0.01,0.01,0.3,41000.0,10853.0,0.01
S3_reappro_100,I1051,INGREDIENTS,Ahala,Centre,2026-11-01,11,2026,0.01,0.01,0.01,0.3,41000.0,10853.0,0.01
S4_baisse_prix,I1051,INGREDIENTS,Ahala,Centre,2026-11-01,11,2026,0.01,0.01,0.01,0.3,41000.0,10853.0,0.01
S1_rupture,I1051,INGREDIENTS,Bertoua,Centre,2026-11-01,11,2026,0.05,0.05,0.05,1.0,41000.0,41463.0,0.04
S2_reappro_50,I1051,INGREDIENTS,Bertoua,Centre,2026-11-01,11,2026,0.05,0.05,0.05,1.0,41000.0,41463.0,0.04
S3_reappro_100,I1051,INGREDIENTS,Bertoua,Centre,2026-11-01,11,2026,0.05,0.05,0.05,1.0,41000.0,41463.0,0.04
S4_baisse_prix,I1051,INGREDIENTS,Bertoua,Centre,2026-11-01,11,2026,0.05,0.05,0.05,1.0,41000.0,41463.0,0.04
S1_rupture,I1051,INGREDIENTS,Messassi,Centre,2026-11-01,11,2026,0.04,0.04,0.04,0.8,41000.0,31275.0,0.03
S2_reappro_50,I1051,INGREDIENTS,Messassi,Centre,2026-11-01,11,2026,0.04,0.04,0.04,0.8,41000.0,31275.0,0.03
S3_reappro_100,I1051,INGREDIENTS,Messassi,Centre,2026-11-01,11,2026,0.04,0.04,0.04,0.8,41000.0,31275.0,0.03
S4_baisse_prix,I1051,INGREDIENTS,Messassi,Centre,2026-11-01,11,2026,0.04,0.04,0.04,0.8,41000.0,31275.0,0.03
S1_rupture,I1051,INGREDIENTS,Ngaoundere,Centre,2026-11-01,11,2026,0.03,0.03,0.03,0.7,41000.0,28661.0,0.03
S2_reappro_50,I1051,INGREDIENTS,Ngaoundere,Centre,2026-11-01,11,2026,0.03,0.03,0.03,0.7,41000.0,28661.0,0.03
S3_reappro_100,I1051,INGREDIENTS,Ngaoundere,Centre,2026-11-01,11,2026,0.03,0.03,0.03,0.7,41000.0,28661.0,0.03
S4_baisse_prix,I1051,INGREDIENTS,Ngaoundere,Centre,2026-11-01,11,2026,0.03,0.03,0.03,0.7,41000.0,28661.0,0.03
S1_rupture,I1051,INGREDIENTS,Nkoabang,Centre,2026-11-01,11,2026,0.02,0.02,0.02,0.4,41000.0,14486.0,0.01
S2_reappro_50,I1051,INGREDIENTS,Nkoabang,Centre,2026-11-01,11,2026,0.02,0.02,0.02,0.4,41000.0,14486.0,0.01
S3_reappro_100,I1051,INGREDIENTS,Nkoabang,Centre,2026-11-01,11,2026,0.02,0.02,0.02,0.4,41000.0,14486.0,0.01
S4_baisse_prix,I1051,INGREDIENTS,Nkoabang,Centre,2026-11-01,11,2026,0.02,0.02,0.02,0.4,41000.0,14486.0,0.01
S1_rupture,I1051,INGREDIENTS,Nkolbisson,Centre,2026-11-01,11,2026,0.01,0.01,0.01,0.2,41000.0,9701.0,0.01
S2_reappro_50,I1051,INGREDIENTS,Nkolbisson,Centre,2026-11-01,11,2026,0.01,0.01,0.01,0.2,41000.0,9701.0,0.01
S3_reappro_100,I1051,INGREDIENTS,Nkolbisson,Centre,2026-11-01,11,2026,0.01,0.01,0.01,0.2,41000.0,9701.0,0.01
S4_baisse_prix,I1051,INGREDIENTS,Nkolbisson,Centre,2026-11-01,11,2026,0.01,0.01,0.01,0.2,41000.0,9701.0,0.01
S1_rupture,B100,INGREDIENTS,Ahala,Centre,2026-12-01,12,2026,0.24,0.24,0.24,4.9,33500.0,163928.0,0.16
S2_reappro_50,B100,INGREDIENTS,Ahala,Centre,2026-12-01,12,2026,0.24,0.24,0.24,4.9,33500.0,163928.0,0.16
S3_reappro_100,B100,INGREDIENTS,Ahala,Centre,2026-12-01,12,2026,0.24,0.24,0.24,4.9,33500.0,163928.0,0.16
S4_baisse_prix,B100,INGREDIENTS,Ahala,Centre,2026-12-01,12,2026,0.24,0.24,0.24,4.9,33500.0,163928.0,0.16
S1_rupture,B100,INGREDIENTS,Bertoua,Centre,2026-12-01,12,2026,0.42,0.42,0.42,8.5,33500.0,284404.0,0.28
S2_reappro_50,B100,INGREDIENTS,Bertoua,Centre,2026-12-01,12,2026,0.42,0.42,0.42,8.5,33500.0,284404.0,0.28
S3_reappro_100,B100,INGREDIENTS,Bertoua,Centre,2026-12-01,12,2026,0.42,0.42,0.42,8.5,33500.0,284404.0,0.28
S4_baisse_prix,B100,INGREDIENTS,Bertoua,Centre,2026-12-01,12,2026,0.42,0.42,0.42,8.5,33500.0,284404.0,0.28
S1_rupture,B100,INGREDIENTS,Messassi,Centre,2026-12-01,12,2026,1.17,1.17,1.17,23.4,33500.0,784087.0,0.78
S2_reappro_50,B100,INGREDIENTS,Messassi,Centre,2026-12-01,12,2026,1.17,1.17,1.17,23.4,33500.0,784087.0,0.78
S3_reappro_100,B100,INGREDIENTS,Messassi,Centre,2026-12-01,12,2026,1.17,1.17,1.17,23.4,33500.0,784087.0,0.78
S4_baisse_prix,B100,INGREDIENTS,Messassi,Centre,2026-12-01,12,2026,1.17,1.17,1.17,23.4,33500.0,784087.0,0.78
S1_rupture,B100,INGREDIENTS,Ngaoundere,Centre,2026-12-01,12,2026,0.41,0.41,0.41,8.1,33500.0,272554.0,0.27
S2_reappro_50,B100,INGREDIENTS,Ngaoundere,Centre,2026-12-01,12,2026,0.41,0.41,0.41,8.1,33500.0,272554.0,0.27
S3_reappro_100,B100,INGREDIENTS,Ngaoundere,Centre,2026-12-01,12,2026,0.41,0.41,0.41,8.1,33500.0,272554.0,0.27
S4_baisse_prix,B100,INGREDIENTS,Ngaoundere,Centre,2026-12-01,12,2026,0.41,0.41,0.41,8.1,33500.0,272554.0,0.27
S1_rupture,B100,INGREDIENTS,Nkoabang,Centre,2026-12-01,12,2026,0.19,0.19,0.19,3.8,33500.0,128377.0,0.13
S2_reappro_50,B100,INGREDIENTS,Nkoabang,Centre,2026-12-01,12,2026,0.19,0.19,0.19,3.8,33500.0,128377.0,0.13
S3_reappro_100,B100,INGREDIENTS,Nkoabang,Centre,2026-12-01,12,2026,0.19,0.19,0.19,3.8,33500.0,128377.0,0.13
S4_baisse_prix,B100,INGREDIENTS,Nkoabang,Centre,2026-12-01,12,2026,0.19,0.19,0.19,3.8,33500.0,128377.0,0.13
S1_rupture,B100,INGREDIENTS,Nkolbisson,Centre,2026-12-01,12,2026,0.04,0.04,0.04,0.8,33500.0,27650.0,0.03
S2_reappro_50,B100,INGREDIENTS,Nkolbisson,Centre,2026-12-01,12,2026,0.04,0.04,0.04,0.8,33500.0,27650.0,0.03
S3_reappro_100,B100,INGREDIENTS,Nkolbisson,Centre,2026-12-01,12,2026,0.04,0.04,0.04,0.8,33500.0,27650.0,0.03
S4_baisse_prix,B100,INGREDIENTS,Nkolbisson,Centre,2026-12-01,12,2026,0.04,0.04,0.04,0.8,33500.0,27650.0,0.03
S1_rupture,B1001,INGREDIENTS,Ahala,Centre,2026-12-01,12,2026,0.0,0.0,0.0,0.0,45950.0,759.0,0.0
S2_reappro_50,B1001,INGREDIENTS,Ahala,Centre,2026-12-01,12,2026,0.0,0.0,0.0,0.0,45950.0,759.0,0.0
S3_reappro_100,B1001,INGREDIENTS,Ahala,Centre,2026-12-01,12,2026,0.0,0.0,0.0,0.0,45950.0,759.0,0.0
S4_baisse_prix,B1001,INGREDIENTS,Ahala,Centre,2026-12-01,12,2026,0.0,0.0,0.0,0.0,45950.0,759.0,0.0
S1_rupture,B1001,INGREDIENTS,Bertoua,Centre,2026-12-01,12,2026,0.04,0.04,0.04,0.8,45950.0,37710.0,0.04
S2_reappro_50,B1001,INGREDIENTS,Bertoua,Centre,2026-12-01,12,2026,0.04,0.04,0.04,0.8,45950.0,37710.0,0.04
S3_reappro_100,B1001,INGREDIENTS,Bertoua,Centre,2026-12-01,12,2026,0.04,0.04,0.04,0.8,45950.0,37710.0,0.04
S4_baisse_prix,B1001,INGREDIENTS,Bertoua,Centre,2026-12-01,12,2026,0.04,0.04,0.04,0.8,45950.0,37710.0,0.04
S1_rupture,B1001,INGREDIENTS,Messassi,Centre,2026-12-01,12,2026,0.01,0.01,0.01,0.2,45950.0,9969.0,0.01
S2_reappro_50,B1001,INGREDIENTS,Messassi,Centre,2026-12-01,12,2026,0.01,0.01,0.01,0.2,45950.0,9969.0,0.01
S3_reappro_100,B1001,INGREDIENTS,Messassi,Centre,2026-12-01,12,2026,0.01,0.01,0.01,0.2,45950.0,9969.0,0.01
S4_baisse_prix,B1001,INGREDIENTS,Messassi,Centre,2026-12-01,12,2026,0.01,0.01,0.01,0.2,45950.0,9969.0,0.01
S1_rupture,B1001,INGREDIENTS,Ngaoundere,Centre,2026-12-01,12,2026,0.0,0.0,0.0,0.0,45950.0,1625.0,0.0
S2_reappro_50,B1001,INGREDIENTS,Ngaoundere,Centre,2026-12-01,12,2026,0.0,0.0,0.0,0.0,45950.0,1625.0,0.0
S3_reappro_100,B1001,INGREDIENTS,Ngaoundere,Centre,2026-12-01,12,2026,0.0,0.0,0.0,0.0,45950.0,1625.0,0.0
S4_baisse_prix,B1001,INGREDIENTS,Ngaoundere,Centre,2026-12-01,12,2026,0.0,0.0,0.0,0.0,45950.0,1625.0,0.0
S1_rupture,B1001,INGREDIENTS,Nkoabang,Centre,2026-12-01,12,2026,0.01,0.01,0.01,0.1,45950.0,6610.0,0.01
S2_reappro_50,B1001,INGREDIENTS,Nkoabang,Centre,2026-12-01,12,2026,0.01,0.01,0.01,0.1,45950.0,6610.0,0.01
S3_reappro_100,B1001,INGREDIENTS,Nkoabang,Centre,2026-12-01,12,2026,0.01,0.01,0.01,0.1,45950.0,6610.0,0.01
S4_baisse_prix,B1001,INGREDIENTS,Nkoabang,Centre,2026-12-01,12,2026,0.01,0.01,0.01,0.1,45950.0,6610.0,0.01
S1_rupture,E101,INGREDIENTS,Ahala,Centre,2026-12-01,12,2026,1.35,1.35,1.35,27.1,60000.0,1623652.0,1.62
S2_reappro_50,E101,INGREDIENTS,Ahala,Centre,2026-12-01,12,2026,1.35,1.35,1.35,27.1,60000.0,1623652.0,1.62
S3_reappro_100,E101,INGREDIENTS,Ahala,Centre,2026-12-01,12,2026,1.35,1.35,1.35,27.1,60000.0,1623652.0,1.62
S4_baisse_prix,E101,INGREDIENTS,Ahala,Centre,2026-12-01,12,2026,1.35,1.35,1.35,27.1,60000.0,1623652.0,1.62
S1_rupture,E101,INGREDIENTS,Bertoua,Centre,2026-12-01,12,2026,1.11,1.11,1.11,22.3,60000.0,1337125.0,1.34
S2_reappro_50,E101,INGREDIENTS,Bertoua,Centre,2026-12-01,12,2026,1.11,1.11,1.11,22.3,60000.0,1337125.0,1.34
S3_reappro_100,E101,INGREDIENTS,Bertoua,Centre,2026-12-01,12,2026,1.11,1.11,1.11,22.3,60000.0,1337125.0,1.34
S4_baisse_prix,E101,INGREDIENTS,Bertoua,Centre,2026-12-01,12,2026,1.11,1.11,1.11,22.3,60000.0,1337125.0,1.34
S1_rupture,E101,INGREDIENTS,Messassi,Centre,2026-12-01,12,2026,2.68,2.68,2.68,53.7,60000.0,3219005.0,3.22
S2_reappro_50,E101,INGREDIENTS,Messassi,Centre,2026-12-01,12,2026,2.68,2.68,2.68,53.7,60000.0,3219005.0,3.22
S3_reappro_100,E101,INGREDIENTS,Messassi,Centre,2026-12-01,12,2026,2.68,2.68,2.68,53.7,60000.0,3219005.0,3.22
S4_baisse_prix,E101,INGREDIENTS,Messassi,Centre,2026-12-01,12,2026,2.68,2.68,2.68,53.7,60000.0,3219005.0,3.22
S1_rupture,E101,INGREDIENTS,Ngaoundere,Centre,2026-12-01,12,2026,1.1,1.1,1.1,21.9,60000.0,1315901.0,1.32
S2_reappro_50,E101,INGREDIENTS,Ngaoundere,Centre,2026-12-01,12,2026,1.1,1.1,1.1,21.9,60000.0,1315901.0,1.32
S3_reappro_100,E101,INGREDIENTS,Ngaoundere,Centre,2026-12-01,12,2026,1.1,1.1,1.1,21.9,60000.0,1315901.0,1.32
S4_baisse_prix,E101,INGREDIENTS,Ngaoundere,Centre,2026-12-01,12,2026,1.1,1.1,1.1,21.9,60000.0,1315901.0,1.32
S1_rupture,E101,INGREDIENTS,Nkoabang,Centre,2026-12-01,12,2026,0.55,0.55,0.55,11.0,60000.0,657950.0,0.66
S2_reappro_50,E101,INGREDIENTS,Nkoabang,Centre,2026-12-01,12,2026,0.55,0.55,0.55,11.0,60000.0,657950.0,0.66
S3_reappro_100,E101,INGREDIENTS,Nkoabang,Centre,2026-12-01,12,2026,0.55,0.55,0.55,11.0,60000.0,657950.0,0.66
S4_baisse_prix,E101,INGREDIENTS,Nkoabang,Centre,2026-12-01,12,2026,0.55,0.55,0.55,11.0,60000.0,657950.0,0.66
S1_rupture,E101,INGREDIENTS,Nkolbisson,Centre,2026-12-01,12,2026,0.38,0.38,0.38,7.7,60000.0,459858.0,0.46
S2_reappro_50,E101,INGREDIENTS,Nkolbisson,Centre,2026-12-01,12,2026,0.38,0.38,0.38,7.7,60000.0,459858.0,0.46
S3_reappro_100,E101,INGREDIENTS,Nkolbisson,Centre,2026-12-01,12,2026,0.38,0.38,0.38,7.7,60000.0,459858.0,0.46
S4_baisse_prix,E101,INGREDIENTS,Nkolbisson,Centre,2026-12-01,12,2026,0.38,0.38,0.38,7.7,60000.0,459858.0,0.46
S1_rupture,E1011,INGREDIENTS,Ahala,Centre,2026-12-01,12,2026,0.04,0.04,0.04,0.8,61500.0,47280.0,0.05
S2_reappro_50,E1011,INGREDIENTS,Ahala,Centre,2026-12-01,12,2026,0.04,0.04,0.04,0.8,61500.0,47280.0,0.05
S3_reappro_100,E1011,INGREDIENTS,Ahala,Centre,2026-12-01,12,2026,0.04,0.04,0.04,0.8,61500.0,47280.0,0.05
S4_baisse_prix,E1011,INGREDIENTS,Ahala,Centre,2026-12-01,12,2026,0.04,0.04,0.04,0.8,61500.0,47280.0,0.05
S1_rupture,E1011,INGREDIENTS,Bertoua,Centre,2026-12-01,12,2026,0.15,0.15,0.15,3.1,61500.0,188107.0,0.19
S2_reappro_50,E1011,INGREDIENTS,Bertoua,Centre,2026-12-01,12,2026,0.15,0.15,0.15,3.1,61500.0,188107.0,0.19
S3_reappro_100,E1011,INGREDIENTS,Bertoua,Centre,2026-12-01,12,2026,0.15,0.15,0.15,3.1,61500.0,188107.0,0.19
S4_baisse_prix,E1011,INGREDIENTS,Bertoua,Centre,2026-12-01,12,2026,0.15,0.15,0.15,3.1,61500.0,188107.0,0.19
S1_rupture,E1011,INGREDIENTS,Messassi,Centre,2026-12-01,12,2026,0.05,0.05,0.05,1.1,61500.0,67295.0,0.07
S2_reappro_50,E1011,INGREDIENTS,Messassi,Centre,2026-12-01,12,2026,0.05,0.05,0.05,1.1,61500.0,67295.0,0.07
S3_reappro_100,E1011,INGREDIENTS,Messassi,Centre,2026-12-01,12,2026,0.05,0.05,0.05,1.1,61500.0,67295.0,0.07
S4_baisse_prix,E1011,INGREDIENTS,Messassi,Centre,2026-12-01,12,2026,0.05,0.05,0.05,1.1,61500.0,67295.0,0.07
S1_rupture,E1011,INGREDIENTS,Ngaoundere,Centre,2026-12-01,12,2026,0.15,0.15,0.15,2.9,61500.0,179840.0,0.18
S2_reappro_50,E1011,INGREDIENTS,Ngaoundere,Centre,2026-12-01,12,2026,0.15,0.15,0.15,2.9,61500.0,179840.0,0.18
S3_reappro_100,E1011,INGREDIENTS,Ngaoundere,Centre,2026-12-01,12,2026,0.15,0.15,0.15,2.9,61500.0,179840.0,0.18
S4_baisse_prix,E1011,INGREDIENTS,Ngaoundere,Centre,2026-12-01,12,2026,0.15,0.15,0.15,2.9,61500.0,179840.0,0.18
S1_rupture,E1011,INGREDIENTS,Nkoabang,Centre,2026-12-01,12,2026,0.03,0.03,0.03,0.6,61500.0,39449.0,0.04
S2_reappro_50,E1011,INGREDIENTS,Nkoabang,Centre,2026-12-01,12,2026,0.03,0.03,0.03,0.6,61500.0,39449.0,0.04
S3_reappro_100,E1011,INGREDIENTS,Nkoabang,Centre,2026-12-01,12,2026,0.03,0.03,0.03,0.6,61500.0,39449.0,0.04
S4_baisse_prix,E1011,INGREDIENTS,Nkoabang,Centre,2026-12-01,12,2026,0.03,0.03,0.03,0.6,61500.0,39449.0,0.04
S1_rupture,E1011,INGREDIENTS,Nkolbisson,Centre,2026-12-01,12,2026,0.04,0.04,0.04,0.8,61500.0,47861.0,0.05
S2_reappro_50,E1011,INGREDIENTS,Nkolbisson,Centre,2026-12-01,12,2026,0.04,0.04,0.04,0.8,61500.0,47861.0,0.05
S3_reappro_100,E1011,INGREDIENTS,Nkolbisson,Centre,2026-12-01,12,2026,0.04,0.04,0.04,0.8,61500.0,47861.0,0.05
S4_baisse_prix,E1011,INGREDIENTS,Nkolbisson,Centre,2026-12-01,12,2026,0.04,0.04,0.04,0.8,61500.0,47861.0,0.05
S1_rupture,E1014,INGREDIENTS,Ahala,Centre,2026-12-01,12,2026,0.03,0.03,0.03,0.6,708.0,417.0,0.0
S2_reappro_50,E1014,INGREDIENTS,Ahala,Centre,2026-12-01,12,2026,0.03,0.03,0.03,0.6,708.0,417.0,0.0
S3_reappro_100,E1014,INGREDIENTS,Ahala,Centre,2026-12-01,12,2026,0.03,0.03,0.03,0.6,708.0,417.0,0.0
S4_baisse_prix,E1014,INGREDIENTS,Ahala,Centre,2026-12-01,12,2026,0.03,0.03,0.03,0.6,708.0,417.0,0.0
S1_rupture,E1014,INGREDIENTS,Messassi,Centre,2026-12-01,12,2026,0.14,0.14,0.14,2.8,708.0,1962.0,0.0
S2_reappro_50,E1014,INGREDIENTS,Messassi,Centre,2026-12-01,12,2026,0.14,0.14,0.14,2.8,708.0,1962.0,0.0
S3_reappro_100,E1014,INGREDIENTS,Messassi,Centre,2026-12-01,12,2026,0.14,0.14,0.14,2.8,708.0,1962.0,0.0
S4_baisse_prix,E1014,INGREDIENTS,Messassi,Centre,2026-12-01,12,2026,0.14,0.14,0.14,2.8,708.0,1962.0,0.0
S1_rupture,I105,INGREDIENTS,Ahala,Centre,2026-12-01,12,2026,0.06,0.06,0.06,1.2,35500.0,43952.0,0.04
S2_reappro_50,I105,INGREDIENTS,Ahala,Centre,2026-12-01,12,2026,0.06,0.06,0.06,1.2,35500.0,43952.0,0.04
S3_reappro_100,I105,INGREDIENTS,Ahala,Centre,2026-12-01,12,2026,0.06,0.06,0.06,1.2,35500.0,43952.0,0.04
S4_baisse_prix,I105,INGREDIENTS,Ahala,Centre,2026-12-01,12,2026,0.06,0.06,0.06,1.2,35500.0,43952.0,0.04
S1_rupture,I105,INGREDIENTS,Bertoua,Centre,2026-12-01,12,2026,0.03,0.03,0.03,0.6,35500.0,20929.0,0.02
S2_reappro_50,I105,INGREDIENTS,Bertoua,Centre,2026-12-01,12,2026,0.03,0.03,0.03,0.6,35500.0,20929.0,0.02
S3_reappro_100,I105,INGREDIENTS,Bertoua,Centre,2026-12-01,12,2026,0.03,0.03,0.03,0.6,35500.0,20929.0,0.02
S4_baisse_prix,I105,INGREDIENTS,Bertoua,Centre,2026-12-01,12,2026,0.03,0.03,0.03,0.6,35500.0,20929.0,0.02
S1_rupture,I105,INGREDIENTS,Messassi,Centre,2026-12-01,12,2026,0.04,0.04,0.04,0.9,35500.0,31394.0,0.03
S2_reappro_50,I105,INGREDIENTS,Messassi,Centre,2026-12-01,12,2026,0.04,0.04,0.04,0.9,35500.0,31394.0,0.03
S3_reappro_100,I105,INGREDIENTS,Messassi,Centre,2026-12-01,12,2026,0.04,0.04,0.04,0.9,35500.0,31394.0,0.03
S4_baisse_prix,I105,INGREDIENTS,Messassi,Centre,2026-12-01,12,2026,0.04,0.04,0.04,0.9,35500.0,31394.0,0.03
S1_rupture,I105,INGREDIENTS,Ngaoundere,Centre,2026-12-01,12,2026,0.08,0.08,0.08,1.5,35500.0,54417.0,0.05
S2_reappro_50,I105,INGREDIENTS,Ngaoundere,Centre,2026-12-01,12,2026,0.08,0.08,0.08,1.5,35500.0,54417.0,0.05
S3_reappro_100,I105,INGREDIENTS,Ngaoundere,Centre,2026-12-01,12,2026,0.08,0.08,0.08,1.5,35500.0,54417.0,0.05
S4_baisse_prix,I105,INGREDIENTS,Ngaoundere,Centre,2026-12-01,12,2026,0.08,0.08,0.08,1.5,35500.0,54417.0,0.05
S1_rupture,I105,INGREDIENTS,Nkoabang,Centre,2026-12-01,12,2026,0.06,0.06,0.06,1.2,35500.0,41859.0,0.04
S2_reappro_50,I105,INGREDIENTS,Nkoabang,Centre,2026-12-01,12,2026,0.06,0.06,0.06,1.2,35500.0,41859.0,0.04
S3_reappro_100,I105,INGREDIENTS,Nkoabang,Centre,2026-12-01,12,2026,0.06,0.06,0.06,1.2,35500.0,41859.0,0.04
S4_baisse_prix,I105,INGREDIENTS,Nkoabang,Centre,2026-12-01,12,2026,0.06,0.06,0.06,1.2,35500.0,41859.0,0.04
S1_rupture,I105,INGREDIENTS,Nkolbisson,Centre,2026-12-01,12,2026,0.02,0.02,0.02,0.5,35500.0,16744.0,0.02
S2_reappro_50,I105,INGREDIENTS,Nkolbisson,Centre,2026-12-01,12,2026,0.02,0.02,0.02,0.5,35500.0,16744.0,0.02
S3_reappro_100,I105,INGREDIENTS,Nkolbisson,Centre,2026-12-01,12,2026,0.02,0.02,0.02,0.5,35500.0,16744.0,0.02
S4_baisse_prix,I105,INGREDIENTS,Nkolbisson,Centre,2026-12-01,12,2026,0.02,0.02,0.02,0.5,35500.0,16744.0,0.02
S1_rupture,I1051,INGREDIENTS,Ahala,Centre,2026-12-01,12,2026,0.03,0.03,0.03,0.6,41000.0,23689.0,0.02
S2_reappro_50,I1051,INGREDIENTS,Ahala,Centre,2026-12-01,12,2026,0.03,0.03,0.03,0.6,41000.0,23689.0,0.02
S3_reappro_100,I1051,INGREDIENTS,Ahala,Centre,2026-12-01,12,2026,0.03,0.03,0.03,0.6,41000.0,23689.0,0.02
S4_baisse_prix,I1051,INGREDIENTS,Ahala,Centre,2026-12-01,12,2026,0.03,0.03,0.03,0.6,41000.0,23689.0,0.02
S1_rupture,I1051,INGREDIENTS,Bertoua,Centre,2026-12-01,12,2026,0.11,0.11,0.11,2.2,41000.0,90500.0,0.09
S2_reappro_50,I1051,INGREDIENTS,Bertoua,Centre,2026-12-01,12,2026,0.11,0.11,0.11,2.2,41000.0,90500.0,0.09
S3_reappro_100,I1051,INGREDIENTS,Bertoua,Centre,2026-12-01,12,2026,0.11,0.11,0.11,2.2,41000.0,90500.0,0.09
S4_baisse_prix,I1051,INGREDIENTS,Bertoua,Centre,2026-12-01,12,2026,0.11,0.11,0.11,2.2,41000.0,90500.0,0.09
S1_rupture,I1051,INGREDIENTS,Messassi,Centre,2026-12-01,12,2026,0.08,0.08,0.08,1.7,41000.0,68262.0,0.07
S2_reappro_50,I1051,INGREDIENTS,Messassi,Centre,2026-12-01,12,2026,0.08,0.08,0.08,1.7,41000.0,68262.0,0.07
S3_reappro_100,I1051,INGREDIENTS,Messassi,Centre,2026-12-01,12,2026,0.08,0.08,0.08,1.7,41000.0,68262.0,0.07
S4_baisse_prix,I1051,INGREDIENTS,Messassi,Centre,2026-12-01,12,2026,0.08,0.08,0.08,1.7,41000.0,68262.0,0.07
S1_rupture,I1051,INGREDIENTS,Ngaoundere,Centre,2026-12-01,12,2026,0.08,0.08,0.08,1.5,41000.0,62557.0,0.06
S2_reappro_50,I1051,INGREDIENTS,Ngaoundere,Centre,2026-12-01,12,2026,0.08,0.08,0.08,1.5,41000.0,62557.0,0.06
S3_reappro_100,I1051,INGREDIENTS,Ngaoundere,Centre,2026-12-01,12,2026,0.08,0.08,0.08,1.5,41000.0,62557.0,0.06
S4_baisse_prix,I1051,INGREDIENTS,Ngaoundere,Centre,2026-12-01,12,2026,0.08,0.08,0.08,1.5,41000.0,62557.0,0.06
S1_rupture,I1051,INGREDIENTS,Nkoabang,Centre,2026-12-01,12,2026,0.04,0.04,0.04,0.8,41000.0,31617.0,0.03
S2_reappro_50,I1051,INGREDIENTS,Nkoabang,Centre,2026-12-01,12,2026,0.04,0.04,0.04,0.8,41000.0,31617.0,0.03
S3_reappro_100,I1051,INGREDIENTS,Nkoabang,Centre,2026-12-01,12,2026,0.04,0.04,0.04,0.8,41000.0,31617.0,0.03
S4_baisse_prix,I1051,INGREDIENTS,Nkoabang,Centre,2026-12-01,12,2026,0.04,0.04,0.04,0.8,41000.0,31617.0,0.03
S1_rupture,I1051,INGREDIENTS,Nkolbisson,Centre,2026-12-01,12,2026,0.03,0.03,0.03,0.5,41000.0,21175.0,0.02
S2_reappro_50,I1051,INGREDIENTS,Nkolbisson,Centre,2026-12-01,12,2026,0.03,0.03,0.03,0.5,41000.0,21175.0,0.02
S3_reappro_100,I1051,INGREDIENTS,Nkolbisson,Centre,2026-12-01,12,2026,0.03,0.03,0.03,0.5,41000.0,21175.0,0.02
S4_baisse_prix,I1051,INGREDIENTS,Nkolbisson,Centre,2026-12-01,12,2026,0.03,0.03,0.03,0.5,41000.0,21175.0,0.02
S1_rupture,B100,INGREDIENTS,Ndobo,Littoral,2026-09-01,9,2026,0.12,0.12,0.12,2.5,33500.0,82226.0,0.08
S2_reappro_50,B100,INGREDIENTS,Ndobo,Littoral,2026-09-01,9,2026,0.12,0.12,0.12,2.5,33500.0,82226.0,0.08
S3_reappro_100,B100,INGREDIENTS,Ndobo,Littoral,2026-09-01,9,2026,0.12,0.12,0.12,2.5,33500.0,82226.0,0.08
S4_baisse_prix,B100,INGREDIENTS,Ndobo,Littoral,2026-09-01,9,2026,0.12,0.12,0.12,2.5,33500.0,82226.0,0.08
S1_rupture,B100,INGREDIENTS,Nkongsamba,Littoral,2026-09-01,9,2026,0.11,0.11,0.11,2.1,33500.0,71366.0,0.07
S2_reappro_50,B100,INGREDIENTS,Nkongsamba,Littoral,2026-09-01,9,2026,0.11,0.11,0.11,2.1,33500.0,71366.0,0.07
S3_reappro_100,B100,INGREDIENTS,Nkongsamba,Littoral,2026-09-01,9,2026,0.11,0.11,0.11,2.1,33500.0,71366.0,0.07
S4_baisse_prix,B100,INGREDIENTS,Nkongsamba,Littoral,2026-09-01,9,2026,0.11,0.11,0.11,2.1,33500.0,71366.0,0.07
S1_rupture,B100,INGREDIENTS,Pk11,Littoral,2026-09-01,9,2026,0.06,0.06,0.06,1.2,33500.0,38786.0,0.04
S2_reappro_50,B100,INGREDIENTS,Pk11,Littoral,2026-09-01,9,2026,0.06,0.06,0.06,1.2,33500.0,38786.0,0.04
S3_reappro_100,B100,INGREDIENTS,Pk11,Littoral,2026-09-01,9,2026,0.06,0.06,0.06,1.2,33500.0,38786.0,0.04
S4_baisse_prix,B100,INGREDIENTS,Pk11,Littoral,2026-09-01,9,2026,0.06,0.06,0.06,1.2,33500.0,38786.0,0.04
S1_rupture,B100,INGREDIENTS,Village,Littoral,2026-09-01,9,2026,0.02,0.02,0.02,0.4,33500.0,13963.0,0.01
S2_reappro_50,B100,INGREDIENTS,Village,Littoral,2026-09-01,9,2026,0.02,0.02,0.02,0.4,33500.0,13963.0,0.01
S3_reappro_100,B100,INGREDIENTS,Village,Littoral,2026-09-01,9,2026,0.02,0.02,0.02,0.4,33500.0,13963.0,0.01
S4_baisse_prix,B100,INGREDIENTS,Village,Littoral,2026-09-01,9,2026,0.02,0.02,0.02,0.4,33500.0,13963.0,0.01
S1_rupture,B1001,INGREDIENTS,Pk11,Littoral,2026-09-01,9,2026,0.0,0.0,0.0,0.0,45950.0,85.0,0.0
S2_reappro_50,B1001,INGREDIENTS,Pk11,Littoral,2026-09-01,9,2026,0.0,0.0,0.0,0.0,45950.0,85.0,0.0
S3_reappro_100,B1001,INGREDIENTS,Pk11,Littoral,2026-09-01,9,2026,0.0,0.0,0.0,0.0,45950.0,85.0,0.0
S4_baisse_prix,B1001,INGREDIENTS,Pk11,Littoral,2026-09-01,9,2026,0.0,0.0,0.0,0.0,45950.0,85.0,0.0
S1_rupture,B1001,INGREDIENTS,Village,Littoral,2026-09-01,9,2026,0.01,0.01,0.01,0.1,45950.0,5873.0,0.01
S2_reappro_50,B1001,INGREDIENTS,Village,Littoral,2026-09-01,9,2026,0.01,0.01,0.01,0.1,45950.0,5873.0,0.01
S3_reappro_100,B1001,INGREDIENTS,Village,Littoral,2026-09-01,9,2026,0.01,0.01,0.01,0.1,45950.0,5873.0,0.01
S4_baisse_prix,B1001,INGREDIENTS,Village,Littoral,2026-09-01,9,2026,0.01,0.01,0.01,0.1,45950.0,5873.0,0.01
S1_rupture,E101,INGREDIENTS,Buea,Littoral,2026-09-01,9,2026,0.19,0.19,0.19,3.9,60000.0,233411.0,0.23
S2_reappro_50,E101,INGREDIENTS,Buea,Littoral,2026-09-01,9,2026,0.19,0.19,0.19,3.9,60000.0,233411.0,0.23
S3_reappro_100,E101,INGREDIENTS,Buea,Littoral,2026-09-01,9,2026,0.19,0.19,0.19,3.9,60000.0,233411.0,0.23
S4_baisse_prix,E101,INGREDIENTS,Buea,Littoral,2026-09-01,9,2026,0.19,0.19,0.19,3.9,60000.0,233411.0,0.23
S1_rupture,E101,INGREDIENTS,Ndobo,Littoral,2026-09-01,9,2026,1.56,1.56,1.56,31.1,60000.0,1867284.0,1.87
S2_reappro_50,E101,INGREDIENTS,Ndobo,Littoral,2026-09-01,9,2026,1.56,1.56,1.56,31.1,60000.0,1867284.0,1.87
S3_reappro_100,E101,INGREDIENTS,Ndobo,Littoral,2026-09-01,9,2026,1.56,1.56,1.56,31.1,60000.0,1867284.0,1.87
S4_baisse_prix,E101,INGREDIENTS,Ndobo,Littoral,2026-09-01,9,2026,1.56,1.56,1.56,31.1,60000.0,1867284.0,1.87
S1_rupture,E101,INGREDIENTS,Nkongsamba,Littoral,2026-09-01,9,2026,0.49,0.49,0.49,9.9,60000.0,591862.0,0.59
S2_reappro_50,E101,INGREDIENTS,Nkongsamba,Littoral,2026-09-01,9,2026,0.49,0.49,0.49,9.9,60000.0,591862.0,0.59
S3_reappro_100,E101,INGREDIENTS,Nkongsamba,Littoral,2026-09-01,9,2026,0.49,0.49,0.49,9.9,60000.0,591862.0,0.59
S4_baisse_prix,E101,INGREDIENTS,Nkongsamba,Littoral,2026-09-01,9,2026,0.49,0.49,0.49,9.9,60000.0,591862.0,0.59
S1_rupture,E101,INGREDIENTS,Pk11,Littoral,2026-09-01,9,2026,0.22,0.22,0.22,4.5,60000.0,269534.0,0.27
S2_reappro_50,E101,INGREDIENTS,Pk11,Littoral,2026-09-01,9,2026,0.22,0.22,0.22,4.5,60000.0,269534.0,0.27
S3_reappro_100,E101,INGREDIENTS,Pk11,Littoral,2026-09-01,9,2026,0.22,0.22,0.22,4.5,60000.0,269534.0,0.27
S4_baisse_prix,E101,INGREDIENTS,Pk11,Littoral,2026-09-01,9,2026,0.22,0.22,0.22,4.5,60000.0,269534.0,0.27
S1_rupture,E101,INGREDIENTS,Village,Littoral,2026-09-01,9,2026,0.7,0.7,0.7,14.0,60000.0,839166.0,0.84
S2_reappro_50,E101,INGREDIENTS,Village,Littoral,2026-09-01,9,2026,0.7,0.7,0.7,14.0,60000.0,839166.0,0.84
S3_reappro_100,E101,INGREDIENTS,Village,Littoral,2026-09-01,9,2026,0.7,0.7,0.7,14.0,60000.0,839166.0,0.84
S4_baisse_prix,E101,INGREDIENTS,Village,Littoral,2026-09-01,9,2026,0.7,0.7,0.7,14.0,60000.0,839166.0,0.84
S1_rupture,E1011,INGREDIENTS,Buea,Littoral,2026-09-01,9,2026,0.01,0.01,0.01,0.2,61500.0,12190.0,0.01
S2_reappro_50,E1011,INGREDIENTS,Buea,Littoral,2026-09-01,9,2026,0.01,0.01,0.01,0.2,61500.0,12190.0,0.01
S3_reappro_100,E1011,INGREDIENTS,Buea,Littoral,2026-09-01,9,2026,0.01,0.01,0.01,0.2,61500.0,12190.0,0.01
S4_baisse_prix,E1011,INGREDIENTS,Buea,Littoral,2026-09-01,9,2026,0.01,0.01,0.01,0.2,61500.0,12190.0,0.01
S1_rupture,E1011,INGREDIENTS,Ndobo,Littoral,2026-09-01,9,2026,0.12,0.12,0.12,2.3,61500.0,142864.0,0.14
S2_reappro_50,E1011,INGREDIENTS,Ndobo,Littoral,2026-09-01,9,2026,0.12,0.12,0.12,2.3,61500.0,142864.0,0.14
S3_reappro_100,E1011,INGREDIENTS,Ndobo,Littoral,2026-09-01,9,2026,0.12,0.12,0.12,2.3,61500.0,142864.0,0.14
S4_baisse_prix,E1011,INGREDIENTS,Ndobo,Littoral,2026-09-01,9,2026,0.12,0.12,0.12,2.3,61500.0,142864.0,0.14
S1_rupture,E1011,INGREDIENTS,Nkongsamba,Littoral,2026-09-01,9,2026,0.1,0.1,0.1,2.0,61500.0,123952.0,0.12
S2_reappro_50,E1011,INGREDIENTS,Nkongsamba,Littoral,2026-09-01,9,2026,0.1,0.1,0.1,2.0,61500.0,123952.0,0.12
S3_reappro_100,E1011,INGREDIENTS,Nkongsamba,Littoral,2026-09-01,9,2026,0.1,0.1,0.1,2.0,61500.0,123952.0,0.12
S4_baisse_prix,E1011,INGREDIENTS,Nkongsamba,Littoral,2026-09-01,9,2026,0.1,0.1,0.1,2.0,61500.0,123952.0,0.12
S1_rupture,E1011,INGREDIENTS,Pk11,Littoral,2026-09-01,9,2026,0.0,0.0,0.0,0.1,61500.0,5355.0,0.01
S2_reappro_50,E1011,INGREDIENTS,Pk11,Littoral,2026-09-01,9,2026,0.0,0.0,0.0,0.1,61500.0,5355.0,0.01
S3_reappro_100,E1011,INGREDIENTS,Pk11,Littoral,2026-09-01,9,2026,0.0,0.0,0.0,0.1,61500.0,5355.0,0.01
S4_baisse_prix,E1011,INGREDIENTS,Pk11,Littoral,2026-09-01,9,2026,0.0,0.0,0.0,0.1,61500.0,5355.0,0.01
S1_rupture,E1011,INGREDIENTS,Village,Littoral,2026-09-01,9,2026,0.05,0.05,0.05,1.1,61500.0,65052.0,0.07
S2_reappro_50,E1011,INGREDIENTS,Village,Littoral,2026-09-01,9,2026,0.05,0.05,0.05,1.1,61500.0,65052.0,0.07
S3_reappro_100,E1011,INGREDIENTS,Village,Littoral,2026-09-01,9,2026,0.05,0.05,0.05,1.1,61500.0,65052.0,0.07
S4_baisse_prix,E1011,INGREDIENTS,Village,Littoral,2026-09-01,9,2026,0.05,0.05,0.05,1.1,61500.0,65052.0,0.07
S1_rupture,E1014,INGREDIENTS,Ndobo,Littoral,2026-09-01,9,2026,0.02,0.02,0.02,0.4,708.0,295.0,0.0
S2_reappro_50,E1014,INGREDIENTS,Ndobo,Littoral,2026-09-01,9,2026,0.02,0.02,0.02,0.4,708.0,295.0,0.0
S3_reappro_100,E1014,INGREDIENTS,Ndobo,Littoral,2026-09-01,9,2026,0.02,0.02,0.02,0.4,708.0,295.0,0.0
S4_baisse_prix,E1014,INGREDIENTS,Ndobo,Littoral,2026-09-01,9,2026,0.02,0.02,0.02,0.4,708.0,295.0,0.0
S1_rupture,I105,INGREDIENTS,Ndobo,Littoral,2026-09-01,9,2026,0.02,0.02,0.02,0.3,35500.0,11508.0,0.01
S2_reappro_50,I105,INGREDIENTS,Ndobo,Littoral,2026-09-01,9,2026,0.02,0.02,0.02,0.3,35500.0,11508.0,0.01
S3_reappro_100,I105,INGREDIENTS,Ndobo,Littoral,2026-09-01,9,2026,0.02,0.02,0.02,0.3,35500.0,11508.0,0.01
S4_baisse_prix,I105,INGREDIENTS,Ndobo,Littoral,2026-09-01,9,2026,0.02,0.02,0.02,0.3,35500.0,11508.0,0.01
S1_rupture,I105,INGREDIENTS,Nkongsamba,Littoral,2026-09-01,9,2026,0.06,0.06,0.06,1.2,35500.0,42746.0,0.04
S2_reappro_50,I105,INGREDIENTS,Nkongsamba,Littoral,2026-09-01,9,2026,0.06,0.06,0.06,1.2,35500.0,42746.0,0.04
S3_reappro_100,I105,INGREDIENTS,Nkongsamba,Littoral,2026-09-01,9,2026,0.06,0.06,0.06,1.2,35500.0,42746.0,0.04
S4_baisse_prix,I105,INGREDIENTS,Nkongsamba,Littoral,2026-09-01,9,2026,0.06,0.06,0.06,1.2,35500.0,42746.0,0.04
S1_rupture,I105,INGREDIENTS,Pk11,Littoral,2026-09-01,9,2026,0.02,0.02,0.02,0.4,35500.0,14797.0,0.01
S2_reappro_50,I105,INGREDIENTS,Pk11,Littoral,2026-09-01,9,2026,0.02,0.02,0.02,0.4,35500.0,14797.0,0.01
S3_reappro_100,I105,INGREDIENTS,Pk11,Littoral,2026-09-01,9,2026,0.02,0.02,0.02,0.4,35500.0,14797.0,0.01
S4_baisse_prix,I105,INGREDIENTS,Pk11,Littoral,2026-09-01,9,2026,0.02,0.02,0.02,0.4,35500.0,14797.0,0.01
S1_rupture,I1051,INGREDIENTS,Buea,Littoral,2026-09-01,9,2026,0.0,0.0,0.0,0.0,41000.0,684.0,0.0
S2_reappro_50,I1051,INGREDIENTS,Buea,Littoral,2026-09-01,9,2026,0.0,0.0,0.0,0.0,41000.0,684.0,0.0
S3_reappro_100,I1051,INGREDIENTS,Buea,Littoral,2026-09-01,9,2026,0.0,0.0,0.0,0.0,41000.0,684.0,0.0
S4_baisse_prix,I1051,INGREDIENTS,Buea,Littoral,2026-09-01,9,2026,0.0,0.0,0.0,0.0,41000.0,684.0,0.0
S1_rupture,I1051,INGREDIENTS,Ndobo,Littoral,2026-09-01,9,2026,0.09,0.09,0.09,1.7,41000.0,70103.0,0.07
S2_reappro_50,I1051,INGREDIENTS,Ndobo,Littoral,2026-09-01,9,2026,0.09,0.09,0.09,1.7,41000.0,70103.0,0.07
S3_reappro_100,I1051,INGREDIENTS,Ndobo,Littoral,2026-09-01,9,2026,0.09,0.09,0.09,1.7,41000.0,70103.0,0.07
S4_baisse_prix,I1051,INGREDIENTS,Ndobo,Littoral,2026-09-01,9,2026,0.09,0.09,0.09,1.7,41000.0,70103.0,0.07
S1_rupture,I1051,INGREDIENTS,Nkongsamba,Littoral,2026-09-01,9,2026,0.24,0.24,0.24,4.7,41000.0,193827.0,0.19
S2_reappro_50,I1051,INGREDIENTS,Nkongsamba,Littoral,2026-09-01,9,2026,0.24,0.24,0.24,4.7,41000.0,193827.0,0.19
S3_reappro_100,I1051,INGREDIENTS,Nkongsamba,Littoral,2026-09-01,9,2026,0.24,0.24,0.24,4.7,41000.0,193827.0,0.19
S4_baisse_prix,I1051,INGREDIENTS,Nkongsamba,Littoral,2026-09-01,9,2026,0.24,0.24,0.24,4.7,41000.0,193827.0,0.19
S1_rupture,I1051,INGREDIENTS,Pk11,Littoral,2026-09-01,9,2026,0.0,0.0,0.0,0.1,41000.0,2734.0,0.0
S2_reappro_50,I1051,INGREDIENTS,Pk11,Littoral,2026-09-01,9,2026,0.0,0.0,0.0,0.1,41000.0,2734.0,0.0
S3_reappro_100,I1051,INGREDIENTS,Pk11,Littoral,2026-09-01,9,2026,0.0,0.0,0.0,0.1,41000.0,2734.0,0.0
S4_baisse_prix,I1051,INGREDIENTS,Pk11,Littoral,2026-09-01,9,2026,0.0,0.0,0.0,0.1,41000.0,2734.0,0.0
S1_rupture,I1051,INGREDIENTS,Village,Littoral,2026-09-01,9,2026,0.04,0.04,0.04,0.8,41000.0,31064.0,0.03
S2_reappro_50,I1051,INGREDIENTS,Village,Littoral,2026-09-01,9,2026,0.04,0.04,0.04,0.8,41000.0,31064.0,0.03
S3_reappro_100,I1051,INGREDIENTS,Village,Littoral,2026-09-01,9,2026,0.04,0.04,0.04,0.8,41000.0,31064.0,0.03
S4_baisse_prix,I1051,INGREDIENTS,Village,Littoral,2026-09-01,9,2026,0.04,0.04,0.04,0.8,41000.0,31064.0,0.03
S1_rupture,B100,INGREDIENTS,Ndobo,Littoral,2026-10-01,10,2026,0.21,0.21,0.21,4.1,33500.0,138723.0,0.14
S2_reappro_50,B100,INGREDIENTS,Ndobo,Littoral,2026-10-01,10,2026,0.21,0.21,0.21,4.1,33500.0,138723.0,0.14
S3_reappro_100,B100,INGREDIENTS,Ndobo,Littoral,2026-10-01,10,2026,0.21,0.21,0.21,4.1,33500.0,138723.0,0.14
S4_baisse_prix,B100,INGREDIENTS,Ndobo,Littoral,2026-10-01,10,2026,0.21,0.21,0.21,4.1,33500.0,138723.0,0.14
S1_rupture,B100,INGREDIENTS,Nkongsamba,Littoral,2026-10-01,10,2026,0.18,0.18,0.18,3.6,33500.0,120401.0,0.12
S2_reappro_50,B100,INGREDIENTS,Nkongsamba,Littoral,2026-10-01,10,2026,0.18,0.18,0.18,3.6,33500.0,120401.0,0.12
S3_reappro_100,B100,INGREDIENTS,Nkongsamba,Littoral,2026-10-01,10,2026,0.18,0.18,0.18,3.6,33500.0,120401.0,0.12
S4_baisse_prix,B100,INGREDIENTS,Nkongsamba,Littoral,2026-10-01,10,2026,0.18,0.18,0.18,3.6,33500.0,120401.0,0.12
S1_rupture,B100,INGREDIENTS,Pk11,Littoral,2026-10-01,10,2026,0.1,0.1,0.1,2.0,33500.0,65435.0,0.07
S2_reappro_50,B100,INGREDIENTS,Pk11,Littoral,2026-10-01,10,2026,0.1,0.1,0.1,2.0,33500.0,65435.0,0.07
S3_reappro_100,B100,INGREDIENTS,Pk11,Littoral,2026-10-01,10,2026,0.1,0.1,0.1,2.0,33500.0,65435.0,0.07
S4_baisse_prix,B100,INGREDIENTS,Pk11,Littoral,2026-10-01,10,2026,0.1,0.1,0.1,2.0,33500.0,65435.0,0.07
S1_rupture,B100,INGREDIENTS,Village,Littoral,2026-10-01,10,2026,0.04,0.04,0.04,0.7,33500.0,23557.0,0.02
S2_reappro_50,B100,INGREDIENTS,Village,Littoral,2026-10-01,10,2026,0.04,0.04,0.04,0.7,33500.0,23557.0,0.02
S3_reappro_100,B100,INGREDIENTS,Village,Littoral,2026-10-01,10,2026,0.04,0.04,0.04,0.7,33500.0,23557.0,0.02
S4_baisse_prix,B100,INGREDIENTS,Village,Littoral,2026-10-01,10,2026,0.04,0.04,0.04,0.7,33500.0,23557.0,0.02
S1_rupture,B1001,INGREDIENTS,Pk11,Littoral,2026-10-01,10,2026,0.0,0.0,0.0,0.0,45950.0,144.0,0.0
S2_reappro_50,B1001,INGREDIENTS,Pk11,Littoral,2026-10-01,10,2026,0.0,0.0,0.0,0.0,45950.0,144.0,0.0
S3_reappro_100,B1001,INGREDIENTS,Pk11,Littoral,2026-10-01,10,2026,0.0,0.0,0.0,0.0,45950.0,144.0,0.0
S4_baisse_prix,B1001,INGREDIENTS,Pk11,Littoral,2026-10-01,10,2026,0.0,0.0,0.0,0.0,45950.0,144.0,0.0
S1_rupture,B1001,INGREDIENTS,Village,Littoral,2026-10-01,10,2026,0.01,0.01,0.01,0.2,45950.0,9909.0,0.01
S2_reappro_50,B1001,INGREDIENTS,Village,Littoral,2026-10-01,10,2026,0.01,0.01,0.01,0.2,45950.0,9909.0,0.01
S3_reappro_100,B1001,INGREDIENTS,Village,Littoral,2026-10-01,10,2026,0.01,0.01,0.01,0.2,45950.0,9909.0,0.01
S4_baisse_prix,B1001,INGREDIENTS,Village,Littoral,2026-10-01,10,2026,0.01,0.01,0.01,0.2,45950.0,9909.0,0.01
S1_rupture,E101,INGREDIENTS,Buea,Littoral,2026-10-01,10,2026,0.33,0.33,0.33,6.6,60000.0,393783.0,0.39
S2_reappro_50,E101,INGREDIENTS,Buea,Littoral,2026-10-01,10,2026,0.33,0.33,0.33,6.6,60000.0,393783.0,0.39
S3_reappro_100,E101,INGREDIENTS,Buea,Littoral,2026-10-01,10,2026,0.33,0.33,0.33,6.6,60000.0,393783.0,0.39
S4_baisse_prix,E101,INGREDIENTS,Buea,Littoral,2026-10-01,10,2026,0.33,0.33,0.33,6.6,60000.0,393783.0,0.39
S1_rupture,E101,INGREDIENTS,Ndobo,Littoral,2026-10-01,10,2026,2.63,2.62,2.63,52.5,60000.0,3150265.0,3.15
S2_reappro_50,E101,INGREDIENTS,Ndobo,Littoral,2026-10-01,10,2026,2.63,2.62,2.63,52.5,60000.0,3150265.0,3.15
S3_reappro_100,E101,INGREDIENTS,Ndobo,Littoral,2026-10-01,10,2026,2.63,2.62,2.63,52.5,60000.0,3150265.0,3.15
S4_baisse_prix,E101,INGREDIENTS,Ndobo,Littoral,2026-10-01,10,2026,2.63,2.62,2.63,52.5,60000.0,3150265.0,3.15
S1_rupture,E101,INGREDIENTS,Nkongsamba,Littoral,2026-10-01,10,2026,0.83,0.83,0.83,16.6,60000.0,998522.0,1.0
S2_reappro_50,E101,INGREDIENTS,Nkongsamba,Littoral,2026-10-01,10,2026,0.83,0.83,0.83,16.6,60000.0,998522.0,1.0
S3_reappro_100,E101,INGREDIENTS,Nkongsamba,Littoral,2026-10-01,10,2026,0.83,0.83,0.83,16.6,60000.0,998522.0,1.0
S4_baisse_prix,E101,INGREDIENTS,Nkongsamba,Littoral,2026-10-01,10,2026,0.83,0.83,0.83,16.6,60000.0,998522.0,1.0
S1_rupture,E101,INGREDIENTS,Pk11,Littoral,2026-10-01,10,2026,0.38,0.38,0.38,7.6,60000.0,454726.0,0.45
S2_reappro_50,E101,INGREDIENTS,Pk11,Littoral,2026-10-01,10,2026,0.38,0.38,0.38,7.6,60000.0,454726.0,0.45
S3_reappro_100,E101,INGREDIENTS,Pk11,Littoral,2026-10-01,10,2026,0.38,0.38,0.38,7.6,60000.0,454726.0,0.45
S4_baisse_prix,E101,INGREDIENTS,Pk11,Littoral,2026-10-01,10,2026,0.38,0.38,0.38,7.6,60000.0,454726.0,0.45
S1_rupture,E101,INGREDIENTS,Village,Littoral,2026-10-01,10,2026,1.18,1.18,1.18,23.6,60000.0,1415744.0,1.42
S2_reappro_50,E101,INGREDIENTS,Village,Littoral,2026-10-01,10,2026,1.18,1.18,1.18,23.6,60000.0,1415744.0,1.42
S3_reappro_100,E101,INGREDIENTS,Village,Littoral,2026-10-01,10,2026,1.18,1.18,1.18,23.6,60000.0,1415744.0,1.42
S4_baisse_prix,E101,INGREDIENTS,Village,Littoral,2026-10-01,10,2026,1.18,1.18,1.18,23.6,60000.0,1415744.0,1.42
S1_rupture,E1011,INGREDIENTS,Buea,Littoral,2026-10-01,10,2026,0.02,0.02,0.02,0.3,61500.0,20566.0,0.02
S2_reappro_50,E1011,INGREDIENTS,Buea,Littoral,2026-10-01,10,2026,0.02,0.02,0.02,0.3,61500.0,20566.0,0.02
S3_reappro_100,E1011,INGREDIENTS,Buea,Littoral,2026-10-01,10,2026,0.02,0.02,0.02,0.3,61500.0,20566.0,0.02
S4_baisse_prix,E1011,INGREDIENTS,Buea,Littoral,2026-10-01,10,2026,0.02,0.02,0.02,0.3,61500.0,20566.0,0.02
S1_rupture,E1011,INGREDIENTS,Ndobo,Littoral,2026-10-01,10,2026,0.2,0.2,0.2,3.9,61500.0,241023.0,0.24
S2_reappro_50,E1011,INGREDIENTS,Ndobo,Littoral,2026-10-01,10,2026,0.2,0.2,0.2,3.9,61500.0,241023.0,0.24
S3_reappro_100,E1011,INGREDIENTS,Ndobo,Littoral,2026-10-01,10,2026,0.2,0.2,0.2,3.9,61500.0,241023.0,0.24
S4_baisse_prix,E1011,INGREDIENTS,Ndobo,Littoral,2026-10-01,10,2026,0.2,0.2,0.2,3.9,61500.0,241023.0,0.24
S1_rupture,E1011,INGREDIENTS,Nkongsamba,Littoral,2026-10-01,10,2026,0.17,0.17,0.17,3.4,61500.0,209118.0,0.21
S2_reappro_50,E1011,INGREDIENTS,Nkongsamba,Littoral,2026-10-01,10,2026,0.17,0.17,0.17,3.4,61500.0,209118.0,0.21
S3_reappro_100,E1011,INGREDIENTS,Nkongsamba,Littoral,2026-10-01,10,2026,0.17,0.17,0.17,3.4,61500.0,209118.0,0.21
S4_baisse_prix,E1011,INGREDIENTS,Nkongsamba,Littoral,2026-10-01,10,2026,0.17,0.17,0.17,3.4,61500.0,209118.0,0.21
S1_rupture,E1011,INGREDIENTS,Pk11,Littoral,2026-10-01,10,2026,0.01,0.01,0.01,0.1,61500.0,9034.0,0.01
S2_reappro_50,E1011,INGREDIENTS,Pk11,Littoral,2026-10-01,10,2026,0.01,0.01,0.01,0.1,61500.0,9034.0,0.01
S3_reappro_100,E1011,INGREDIENTS,Pk11,Littoral,2026-10-01,10,2026,0.01,0.01,0.01,0.1,61500.0,9034.0,0.01
S4_baisse_prix,E1011,INGREDIENTS,Pk11,Littoral,2026-10-01,10,2026,0.01,0.01,0.01,0.1,61500.0,9034.0,0.01
S1_rupture,E1011,INGREDIENTS,Village,Littoral,2026-10-01,10,2026,0.09,0.09,0.09,1.8,61500.0,109748.0,0.11
S2_reappro_50,E1011,INGREDIENTS,Village,Littoral,2026-10-01,10,2026,0.09,0.09,0.09,1.8,61500.0,109748.0,0.11
S3_reappro_100,E1011,INGREDIENTS,Village,Littoral,2026-10-01,10,2026,0.09,0.09,0.09,1.8,61500.0,109748.0,0.11
S4_baisse_prix,E1011,INGREDIENTS,Village,Littoral,2026-10-01,10,2026,0.09,0.09,0.09,1.8,61500.0,109748.0,0.11
S1_rupture,E1014,INGREDIENTS,Ndobo,Littoral,2026-10-01,10,2026,0.04,0.04,0.04,0.7,708.0,498.0,0.0
S2_reappro_50,E1014,INGREDIENTS,Ndobo,Littoral,2026-10-01,10,2026,0.04,0.04,0.04,0.7,708.0,498.0,0.0
S3_reappro_100,E1014,INGREDIENTS,Ndobo,Littoral,2026-10-01,10,2026,0.04,0.04,0.04,0.7,708.0,498.0,0.0
S4_baisse_prix,E1014,INGREDIENTS,Ndobo,Littoral,2026-10-01,10,2026,0.04,0.04,0.04,0.7,708.0,498.0,0.0
S1_rupture,I105,INGREDIENTS,Ndobo,Littoral,2026-10-01,10,2026,0.03,0.03,0.03,0.5,35500.0,19416.0,0.02
S2_reappro_50,I105,INGREDIENTS,Ndobo,Littoral,2026-10-01,10,2026,0.03,0.03,0.03,0.5,35500.0,19416.0,0.02
S3_reappro_100,I105,INGREDIENTS,Ndobo,Littoral,2026-10-01,10,2026,0.03,0.03,0.03,0.5,35500.0,19416.0,0.02
S4_baisse_prix,I105,INGREDIENTS,Ndobo,Littoral,2026-10-01,10,2026,0.03,0.03,0.03,0.5,35500.0,19416.0,0.02
S1_rupture,I105,INGREDIENTS,Nkongsamba,Littoral,2026-10-01,10,2026,0.1,0.1,0.1,2.0,35500.0,72115.0,0.07
S2_reappro_50,I105,INGREDIENTS,Nkongsamba,Littoral,2026-10-01,10,2026,0.1,0.1,0.1,2.0,35500.0,72115.0,0.07
S3_reappro_100,I105,INGREDIENTS,Nkongsamba,Littoral,2026-10-01,10,2026,0.1,0.1,0.1,2.0,35500.0,72115.0,0.07
S4_baisse_prix,I105,INGREDIENTS,Nkongsamba,Littoral,2026-10-01,10,2026,0.1,0.1,0.1,2.0,35500.0,72115.0,0.07
S1_rupture,I105,INGREDIENTS,Pk11,Littoral,2026-10-01,10,2026,0.04,0.04,0.04,0.7,35500.0,24963.0,0.02
S2_reappro_50,I105,INGREDIENTS,Pk11,Littoral,2026-10-01,10,2026,0.04,0.04,0.04,0.7,35500.0,24963.0,0.02
S3_reappro_100,I105,INGREDIENTS,Pk11,Littoral,2026-10-01,10,2026,0.04,0.04,0.04,0.7,35500.0,24963.0,0.02
S4_baisse_prix,I105,INGREDIENTS,Pk11,Littoral,2026-10-01,10,2026,0.04,0.04,0.04,0.7,35500.0,24963.0,0.02
S1_rupture,I1051,INGREDIENTS,Buea,Littoral,2026-10-01,10,2026,0.0,0.0,0.0,0.0,41000.0,1153.0,0.0
S2_reappro_50,I1051,INGREDIENTS,Buea,Littoral,2026-10-01,10,2026,0.0,0.0,0.0,0.0,41000.0,1153.0,0.0
S3_reappro_100,I1051,INGREDIENTS,Buea,Littoral,2026-10-01,10,2026,0.0,0.0,0.0,0.0,41000.0,1153.0,0.0
S4_baisse_prix,I1051,INGREDIENTS,Buea,Littoral,2026-10-01,10,2026,0.0,0.0,0.0,0.0,41000.0,1153.0,0.0
S1_rupture,I1051,INGREDIENTS,Ndobo,Littoral,2026-10-01,10,2026,0.14,0.14,0.14,2.9,41000.0,118269.0,0.12
S2_reappro_50,I1051,INGREDIENTS,Ndobo,Littoral,2026-10-01,10,2026,0.14,0.14,0.14,2.9,41000.0,118269.0,0.12
S3_reappro_100,I1051,INGREDIENTS,Ndobo,Littoral,2026-10-01,10,2026,0.14,0.14,0.14,2.9,41000.0,118269.0,0.12
S4_baisse_prix,I1051,INGREDIENTS,Ndobo,Littoral,2026-10-01,10,2026,0.14,0.14,0.14,2.9,41000.0,118269.0,0.12
S1_rupture,I1051,INGREDIENTS,Nkongsamba,Littoral,2026-10-01,10,2026,0.4,0.4,0.4,8.0,41000.0,327003.0,0.33
S2_reappro_50,I1051,INGREDIENTS,Nkongsamba,Littoral,2026-10-01,10,2026,0.4,0.4,0.4,8.0,41000.0,327003.0,0.33
S3_reappro_100,I1051,INGREDIENTS,Nkongsamba,Littoral,2026-10-01,10,2026,0.4,0.4,0.4,8.0,41000.0,327003.0,0.33
S4_baisse_prix,I1051,INGREDIENTS,Nkongsamba,Littoral,2026-10-01,10,2026,0.4,0.4,0.4,8.0,41000.0,327003.0,0.33
S1_rupture,I1051,INGREDIENTS,Pk11,Littoral,2026-10-01,10,2026,0.01,0.01,0.01,0.1,41000.0,4613.0,0.0
S2_reappro_50,I1051,INGREDIENTS,Pk11,Littoral,2026-10-01,10,2026,0.01,0.01,0.01,0.1,41000.0,4613.0,0.0
S3_reappro_100,I1051,INGREDIENTS,Pk11,Littoral,2026-10-01,10,2026,0.01,0.01,0.01,0.1,41000.0,4613.0,0.0
S4_baisse_prix,I1051,INGREDIENTS,Pk11,Littoral,2026-10-01,10,2026,0.01,0.01,0.01,0.1,41000.0,4613.0,0.0
S1_rupture,I1051,INGREDIENTS,Village,Littoral,2026-10-01,10,2026,0.06,0.06,0.06,1.3,41000.0,52408.0,0.05
S2_reappro_50,I1051,INGREDIENTS,Village,Littoral,2026-10-01,10,2026,0.06,0.06,0.06,1.3,41000.0,52408.0,0.05
S3_reappro_100,I1051,INGREDIENTS,Village,Littoral,2026-10-01,10,2026,0.06,0.06,0.06,1.3,41000.0,52408.0,0.05
S4_baisse_prix,I1051,INGREDIENTS,Village,Littoral,2026-10-01,10,2026,0.06,0.06,0.06,1.3,41000.0,52408.0,0.05
S1_rupture,B100,INGREDIENTS,Ndobo,Littoral,2026-11-01,11,2026,0.0,-0.15,-0.15,0.0,33500.0,0.0,0.0
S2_reappro_50,B100,INGREDIENTS,Ndobo,Littoral,2026-11-01,11,2026,0.0,-0.15,-0.15,0.0,33500.0,0.0,0.0
S3_reappro_100,B100,INGREDIENTS,Ndobo,Littoral,2026-11-01,11,2026,0.0,-0.15,-0.15,0.0,33500.0,0.0,0.0
S4_baisse_prix,B100,INGREDIENTS,Ndobo,Littoral,2026-11-01,11,2026,0.0,-0.15,-0.15,0.0,33500.0,0.0,0.0
S1_rupture,B100,INGREDIENTS,Nkongsamba,Littoral,2026-11-01,11,2026,0.0,-0.13,-0.13,0.0,33500.0,0.0,0.0
S2_reappro_50,B100,INGREDIENTS,Nkongsamba,Littoral,2026-11-01,11,2026,0.0,-0.13,-0.13,0.0,33500.0,0.0,0.0
S3_reappro_100,B100,INGREDIENTS,Nkongsamba,Littoral,2026-11-01,11,2026,0.0,-0.13,-0.13,0.0,33500.0,0.0,0.0
S4_baisse_prix,B100,INGREDIENTS,Nkongsamba,Littoral,2026-11-01,11,2026,0.0,-0.13,-0.13,0.0,33500.0,0.0,0.0
S1_rupture,B100,INGREDIENTS,Pk11,Littoral,2026-11-01,11,2026,0.0,-0.07,-0.07,0.0,33500.0,0.0,0.0
S2_reappro_50,B100,INGREDIENTS,Pk11,Littoral,2026-11-01,11,2026,0.0,-0.07,-0.07,0.0,33500.0,0.0,0.0
S3_reappro_100,B100,INGREDIENTS,Pk11,Littoral,2026-11-01,11,2026,0.0,-0.07,-0.07,0.0,33500.0,0.0,0.0
S4_baisse_prix,B100,INGREDIENTS,Pk11,Littoral,2026-11-01,11,2026,0.0,-0.07,-0.07,0.0,33500.0,0.0,0.0
S1_rupture,B100,INGREDIENTS,Village,Littoral,2026-11-01,11,2026,0.0,-0.03,-0.03,0.0,33500.0,0.0,0.0
S2_reappro_50,B100,INGREDIENTS,Village,Littoral,2026-11-01,11,2026,0.0,-0.03,-0.03,0.0,33500.0,0.0,0.0
S3_reappro_100,B100,INGREDIENTS,Village,Littoral,2026-11-01,11,2026,0.0,-0.03,-0.03,0.0,33500.0,0.0,0.0
S4_baisse_prix,B100,INGREDIENTS,Village,Littoral,2026-11-01,11,2026,0.0,-0.03,-0.03,0.0,33500.0,0.0,0.0
S1_rupture,B1001,INGREDIENTS,Pk11,Littoral,2026-11-01,11,2026,0.0,-0.0,-0.0,0.0,45950.0,0.0,0.0
S2_reappro_50,B1001,INGREDIENTS,Pk11,Littoral,2026-11-01,11,2026,0.0,-0.0,-0.0,0.0,45950.0,0.0,0.0
S3_reappro_100,B1001,INGREDIENTS,Pk11,Littoral,2026-11-01,11,2026,0.0,-0.0,-0.0,0.0,45950.0,0.0,0.0
S4_baisse_prix,B1001,INGREDIENTS,Pk11,Littoral,2026-11-01,11,2026,0.0,-0.0,-0.0,0.0,45950.0,0.0,0.0
S1_rupture,B1001,INGREDIENTS,Village,Littoral,2026-11-01,11,2026,0.0,-0.01,-0.01,0.0,45950.0,0.0,0.0
S2_reappro_50,B1001,INGREDIENTS,Village,Littoral,2026-11-01,11,2026,0.0,-0.01,-0.01,0.0,45950.0,0.0,0.0
S3_reappro_100,B1001,INGREDIENTS,Village,Littoral,2026-11-01,11,2026,0.0,-0.01,-0.01,0.0,45950.0,0.0,0.0
S4_baisse_prix,B1001,INGREDIENTS,Village,Littoral,2026-11-01,11,2026,0.0,-0.01,-0.01,0.0,45950.0,0.0,0.0
S1_rupture,E101,INGREDIENTS,Buea,Littoral,2026-11-01,11,2026,0.0,-0.24,-0.24,0.0,60000.0,0.0,0.0
S2_reappro_50,E101,INGREDIENTS,Buea,Littoral,2026-11-01,11,2026,0.0,-0.24,-0.24,0.0,60000.0,0.0,0.0
S3_reappro_100,E101,INGREDIENTS,Buea,Littoral,2026-11-01,11,2026,0.0,-0.24,-0.24,0.0,60000.0,0.0,0.0
S4_baisse_prix,E101,INGREDIENTS,Buea,Littoral,2026-11-01,11,2026,0.0,-0.24,-0.24,0.0,60000.0,0.0,0.0
S1_rupture,E101,INGREDIENTS,Ndobo,Littoral,2026-11-01,11,2026,0.0,-1.92,-1.92,0.0,60000.0,0.0,0.0
S2_reappro_50,E101,INGREDIENTS,Ndobo,Littoral,2026-11-01,11,2026,0.0,-1.92,-1.92,0.0,60000.0,0.0,0.0
S3_reappro_100,E101,INGREDIENTS,Ndobo,Littoral,2026-11-01,11,2026,0.0,-1.92,-1.92,0.0,60000.0,0.0,0.0
S4_baisse_prix,E101,INGREDIENTS,Ndobo,Littoral,2026-11-01,11,2026,0.0,-1.92,-1.92,0.0,60000.0,0.0,0.0
S1_rupture,E101,INGREDIENTS,Nkongsamba,Littoral,2026-11-01,11,2026,0.0,-0.61,-0.61,0.0,60000.0,0.0,0.0
S2_reappro_50,E101,INGREDIENTS,Nkongsamba,Littoral,2026-11-01,11,2026,0.0,-0.61,-0.61,0.0,60000.0,0.0,0.0
S3_reappro_100,E101,INGREDIENTS,Nkongsamba,Littoral,2026-11-01,11,2026,0.0,-0.61,-0.61,0.0,60000.0,0.0,0.0
S4_baisse_prix,E101,INGREDIENTS,Nkongsamba,Littoral,2026-11-01,11,2026,0.0,-0.61,-0.61,0.0,60000.0,0.0,0.0
S1_rupture,E101,INGREDIENTS,Pk11,Littoral,2026-11-01,11,2026,0.0,-0.28,-0.28,0.0,60000.0,0.0,0.0
S2_reappro_50,E101,INGREDIENTS,Pk11,Littoral,2026-11-01,11,2026,0.0,-0.28,-0.28,0.0,60000.0,0.0,0.0
S3_reappro_100,E101,INGREDIENTS,Pk11,Littoral,2026-11-01,11,2026,0.0,-0.28,-0.28,0.0,60000.0,0.0,0.0
S4_baisse_prix,E101,INGREDIENTS,Pk11,Littoral,2026-11-01,11,2026,0.0,-0.28,-0.28,0.0,60000.0,0.0,0.0
S1_rupture,E101,INGREDIENTS,Village,Littoral,2026-11-01,11,2026,0.0,-0.86,-0.86,0.0,60000.0,0.0,0.0
S2_reappro_50,E101,INGREDIENTS,Village,Littoral,2026-11-01,11,2026,0.0,-0.86,-0.86,0.0,60000.0,0.0,0.0
S3_reappro_100,E101,INGREDIENTS,Village,Littoral,2026-11-01,11,2026,0.0,-0.86,-0.86,0.0,60000.0,0.0,0.0
S4_baisse_prix,E101,INGREDIENTS,Village,Littoral,2026-11-01,11,2026,0.0,-0.86,-0.86,0.0,60000.0,0.0,0.0
S1_rupture,E1011,INGREDIENTS,Buea,Littoral,2026-11-01,11,2026,0.0,-0.01,-0.01,0.0,61500.0,0.0,0.0
S2_reappro_50,E1011,INGREDIENTS,Buea,Littoral,2026-11-01,11,2026,0.0,-0.01,-0.01,0.0,61500.0,0.0,0.0
S3_reappro_100,E1011,INGREDIENTS,Buea,Littoral,2026-11-01,11,2026,0.0,-0.01,-0.01,0.0,61500.0,0.0,0.0
S4_baisse_prix,E1011,INGREDIENTS,Buea,Littoral,2026-11-01,11,2026,0.0,-0.01,-0.01,0.0,61500.0,0.0,0.0
S1_rupture,E1011,INGREDIENTS,Ndobo,Littoral,2026-11-01,11,2026,0.0,-0.14,-0.14,0.0,61500.0,0.0,0.0
S2_reappro_50,E1011,INGREDIENTS,Ndobo,Littoral,2026-11-01,11,2026,0.0,-0.14,-0.14,0.0,61500.0,0.0,0.0
S3_reappro_100,E1011,INGREDIENTS,Ndobo,Littoral,2026-11-01,11,2026,0.0,-0.14,-0.14,0.0,61500.0,0.0,0.0
S4_baisse_prix,E1011,INGREDIENTS,Ndobo,Littoral,2026-11-01,11,2026,0.0,-0.14,-0.14,0.0,61500.0,0.0,0.0
S1_rupture,E1011,INGREDIENTS,Nkongsamba,Littoral,2026-11-01,11,2026,0.0,-0.12,-0.12,0.0,61500.0,0.0,0.0
S2_reappro_50,E1011,INGREDIENTS,Nkongsamba,Littoral,2026-11-01,11,2026,0.0,-0.12,-0.12,0.0,61500.0,0.0,0.0
S3_reappro_100,E1011,INGREDIENTS,Nkongsamba,Littoral,2026-11-01,11,2026,0.0,-0.12,-0.12,0.0,61500.0,0.0,0.0
S4_baisse_prix,E1011,INGREDIENTS,Nkongsamba,Littoral,2026-11-01,11,2026,0.0,-0.12,-0.12,0.0,61500.0,0.0,0.0
S1_rupture,E1011,INGREDIENTS,Pk11,Littoral,2026-11-01,11,2026,0.0,-0.01,-0.01,0.0,61500.0,0.0,0.0
S2_reappro_50,E1011,INGREDIENTS,Pk11,Littoral,2026-11-01,11,2026,0.0,-0.01,-0.01,0.0,61500.0,0.0,0.0
S3_reappro_100,E1011,INGREDIENTS,Pk11,Littoral,2026-11-01,11,2026,0.0,-0.01,-0.01,0.0,61500.0,0.0,0.0
S4_baisse_prix,E1011,INGREDIENTS,Pk11,Littoral,2026-11-01,11,2026,0.0,-0.01,-0.01,0.0,61500.0,0.0,0.0
S1_rupture,E1011,INGREDIENTS,Village,Littoral,2026-11-01,11,2026,0.0,-0.07,-0.07,0.0,61500.0,0.0,0.0
S2_reappro_50,E1011,INGREDIENTS,Village,Littoral,2026-11-01,11,2026,0.0,-0.07,-0.07,0.0,61500.0,0.0,0.0
S3_reappro_100,E1011,INGREDIENTS,Village,Littoral,2026-11-01,11,2026,0.0,-0.07,-0.07,0.0,61500.0,0.0,0.0
S4_baisse_prix,E1011,INGREDIENTS,Village,Littoral,2026-11-01,11,2026,0.0,-0.07,-0.07,0.0,61500.0,0.0,0.0
S1_rupture,E1014,INGREDIENTS,Ndobo,Littoral,2026-11-01,11,2026,0.0,-0.03,-0.03,0.0,708.0,0.0,0.0
S2_reappro_50,E1014,INGREDIENTS,Ndobo,Littoral,2026-11-01,11,2026,0.0,-0.03,-0.03,0.0,708.0,0.0,0.0
S3_reappro_100,E1014,INGREDIENTS,Ndobo,Littoral,2026-11-01,11,2026,0.0,-0.03,-0.03,0.0,708.0,0.0,0.0
S4_baisse_prix,E1014,INGREDIENTS,Ndobo,Littoral,2026-11-01,11,2026,0.0,-0.03,-0.03,0.0,708.0,0.0,0.0
S1_rupture,I105,INGREDIENTS,Ndobo,Littoral,2026-11-01,11,2026,0.0,-0.02,-0.02,0.0,35500.0,0.0,0.0
S2_reappro_50,I105,INGREDIENTS,Ndobo,Littoral,2026-11-01,11,2026,0.0,-0.02,-0.02,0.0,35500.0,0.0,0.0
S3_reappro_100,I105,INGREDIENTS,Ndobo,Littoral,2026-11-01,11,2026,0.0,-0.02,-0.02,0.0,35500.0,0.0,0.0
S4_baisse_prix,I105,INGREDIENTS,Ndobo,Littoral,2026-11-01,11,2026,0.0,-0.02,-0.02,0.0,35500.0,0.0,0.0
S1_rupture,I105,INGREDIENTS,Nkongsamba,Littoral,2026-11-01,11,2026,0.0,-0.07,-0.07,0.0,35500.0,0.0,0.0
S2_reappro_50,I105,INGREDIENTS,Nkongsamba,Littoral,2026-11-01,11,2026,0.0,-0.07,-0.07,0.0,35500.0,0.0,0.0
S3_reappro_100,I105,INGREDIENTS,Nkongsamba,Littoral,2026-11-01,11,2026,0.0,-0.07,-0.07,0.0,35500.0,0.0,0.0
S4_baisse_prix,I105,INGREDIENTS,Nkongsamba,Littoral,2026-11-01,11,2026,0.0,-0.07,-0.07,0.0,35500.0,0.0,0.0
S1_rupture,I105,INGREDIENTS,Pk11,Littoral,2026-11-01,11,2026,0.0,-0.03,-0.03,0.0,35500.0,0.0,0.0
S2_reappro_50,I105,INGREDIENTS,Pk11,Littoral,2026-11-01,11,2026,0.0,-0.03,-0.03,0.0,35500.0,0.0,0.0
S3_reappro_100,I105,INGREDIENTS,Pk11,Littoral,2026-11-01,11,2026,0.0,-0.03,-0.03,0.0,35500.0,0.0,0.0
S4_baisse_prix,I105,INGREDIENTS,Pk11,Littoral,2026-11-01,11,2026,0.0,-0.03,-0.03,0.0,35500.0,0.0,0.0
S1_rupture,I1051,INGREDIENTS,Buea,Littoral,2026-11-01,11,2026,0.0,-0.0,-0.0,0.0,41000.0,0.0,0.0
S2_reappro_50,I1051,INGREDIENTS,Buea,Littoral,2026-11-01,11,2026,0.0,-0.0,-0.0,0.0,41000.0,0.0,0.0
S3_reappro_100,I1051,INGREDIENTS,Buea,Littoral,2026-11-01,11,2026,0.0,-0.0,-0.0,0.0,41000.0,0.0,0.0
S4_baisse_prix,I1051,INGREDIENTS,Buea,Littoral,2026-11-01,11,2026,0.0,-0.0,-0.0,0.0,41000.0,0.0,0.0
S1_rupture,I1051,INGREDIENTS,Ndobo,Littoral,2026-11-01,11,2026,0.0,-0.11,-0.11,0.0,41000.0,0.0,0.0
S2_reappro_50,I1051,INGREDIENTS,Ndobo,Littoral,2026-11-01,11,2026,0.0,-0.11,-0.11,0.0,41000.0,0.0,0.0
S3_reappro_100,I1051,INGREDIENTS,Ndobo,Littoral,2026-11-01,11,2026,0.0,-0.11,-0.11,0.0,41000.0,0.0,0.0
S4_baisse_prix,I1051,INGREDIENTS,Ndobo,Littoral,2026-11-01,11,2026,0.0,-0.11,-0.11,0.0,41000.0,0.0,0.0
S1_rupture,I1051,INGREDIENTS,Nkongsamba,Littoral,2026-11-01,11,2026,0.0,-0.29,-0.29,0.0,41000.0,0.0,0.0
S2_reappro_50,I1051,INGREDIENTS,Nkongsamba,Littoral,2026-11-01,11,2026,0.0,-0.29,-0.29,0.0,41000.0,0.0,0.0
S3_reappro_100,I1051,INGREDIENTS,Nkongsamba,Littoral,2026-11-01,11,2026,0.0,-0.29,-0.29,0.0,41000.0,0.0,0.0
S4_baisse_prix,I1051,INGREDIENTS,Nkongsamba,Littoral,2026-11-01,11,2026,0.0,-0.29,-0.29,0.0,41000.0,0.0,0.0
S1_rupture,I1051,INGREDIENTS,Pk11,Littoral,2026-11-01,11,2026,0.0,-0.0,-0.0,0.0,41000.0,0.0,0.0
S2_reappro_50,I1051,INGREDIENTS,Pk11,Littoral,2026-11-01,11,2026,0.0,-0.0,-0.0,0.0,41000.0,0.0,0.0
S3_reappro_100,I1051,INGREDIENTS,Pk11,Littoral,2026-11-01,11,2026,0.0,-0.0,-0.0,0.0,41000.0,0.0,0.0
S4_baisse_prix,I1051,INGREDIENTS,Pk11,Littoral,2026-11-01,11,2026,0.0,-0.0,-0.0,0.0,41000.0,0.0,0.0
S1_rupture,I1051,INGREDIENTS,Village,Littoral,2026-11-01,11,2026,0.0,-0.05,-0.05,0.0,41000.0,0.0,0.0
S2_reappro_50,I1051,INGREDIENTS,Village,Littoral,2026-11-01,11,2026,0.0,-0.05,-0.05,0.0,41000.0,0.0,0.0
S3_reappro_100,I1051,INGREDIENTS,Village,Littoral,2026-11-01,11,2026,0.0,-0.05,-0.05,0.0,41000.0,0.0,0.0
S4_baisse_prix,I1051,INGREDIENTS,Village,Littoral,2026-11-01,11,2026,0.0,-0.05,-0.05,0.0,41000.0,0.0,0.0
S1_rupture,B100,INGREDIENTS,Ndobo,Littoral,2026-12-01,12,2026,0.21,0.21,0.21,4.3,33500.0,142452.0,0.14
S2_reappro_50,B100,INGREDIENTS,Ndobo,Littoral,2026-12-01,12,2026,0.21,0.21,0.21,4.3,33500.0,142452.0,0.14
S3_reappro_100,B100,INGREDIENTS,Ndobo,Littoral,2026-12-01,12,2026,0.21,0.21,0.21,4.3,33500.0,142452.0,0.14
S4_baisse_prix,B100,INGREDIENTS,Ndobo,Littoral,2026-12-01,12,2026,0.21,0.21,0.21,4.3,33500.0,142452.0,0.14
S1_rupture,B100,INGREDIENTS,Nkongsamba,Littoral,2026-12-01,12,2026,0.18,0.18,0.18,3.7,33500.0,123638.0,0.12
S2_reappro_50,B100,INGREDIENTS,Nkongsamba,Littoral,2026-12-01,12,2026,0.18,0.18,0.18,3.7,33500.0,123638.0,0.12
S3_reappro_100,B100,INGREDIENTS,Nkongsamba,Littoral,2026-12-01,12,2026,0.18,0.18,0.18,3.7,33500.0,123638.0,0.12
S4_baisse_prix,B100,INGREDIENTS,Nkongsamba,Littoral,2026-12-01,12,2026,0.18,0.18,0.18,3.7,33500.0,123638.0,0.12
S1_rupture,B100,INGREDIENTS,Pk11,Littoral,2026-12-01,12,2026,0.1,0.1,0.1,2.0,33500.0,67195.0,0.07
S2_reappro_50,B100,INGREDIENTS,Pk11,Littoral,2026-12-01,12,2026,0.1,0.1,0.1,2.0,33500.0,67195.0,0.07
S3_reappro_100,B100,INGREDIENTS,Pk11,Littoral,2026-12-01,12,2026,0.1,0.1,0.1,2.0,33500.0,67195.0,0.07
S4_baisse_prix,B100,INGREDIENTS,Pk11,Littoral,2026-12-01,12,2026,0.1,0.1,0.1,2.0,33500.0,67195.0,0.07
S1_rupture,B100,INGREDIENTS,Village,Littoral,2026-12-01,12,2026,0.04,0.04,0.04,0.7,33500.0,24190.0,0.02
S2_reappro_50,B100,INGREDIENTS,Village,Littoral,2026-12-01,12,2026,0.04,0.04,0.04,0.7,33500.0,24190.0,0.02
S3_reappro_100,B100,INGREDIENTS,Village,Littoral,2026-12-01,12,2026,0.04,0.04,0.04,0.7,33500.0,24190.0,0.02
S4_baisse_prix,B100,INGREDIENTS,Village,Littoral,2026-12-01,12,2026,0.04,0.04,0.04,0.7,33500.0,24190.0,0.02
S1_rupture,B1001,INGREDIENTS,Pk11,Littoral,2026-12-01,12,2026,0.0,0.0,0.0,0.0,45950.0,147.0,0.0
S2_reappro_50,B1001,INGREDIENTS,Pk11,Littoral,2026-12-01,12,2026,0.0,0.0,0.0,0.0,45950.0,147.0,0.0
S3_reappro_100,B1001,INGREDIENTS,Pk11,Littoral,2026-12-01,12,2026,0.0,0.0,0.0,0.0,45950.0,147.0,0.0
S4_baisse_prix,B1001,INGREDIENTS,Pk11,Littoral,2026-12-01,12,2026,0.0,0.0,0.0,0.0,45950.0,147.0,0.0
S1_rupture,B1001,INGREDIENTS,Village,Littoral,2026-12-01,12,2026,0.01,0.01,0.01,0.2,45950.0,10175.0,0.01
S2_reappro_50,B1001,INGREDIENTS,Village,Littoral,2026-12-01,12,2026,0.01,0.01,0.01,0.2,45950.0,10175.0,0.01
S3_reappro_100,B1001,INGREDIENTS,Village,Littoral,2026-12-01,12,2026,0.01,0.01,0.01,0.2,45950.0,10175.0,0.01
S4_baisse_prix,B1001,INGREDIENTS,Village,Littoral,2026-12-01,12,2026,0.01,0.01,0.01,0.2,45950.0,10175.0,0.01
S1_rupture,E101,INGREDIENTS,Buea,Littoral,2026-12-01,12,2026,0.34,0.34,0.34,6.7,60000.0,404371.0,0.4
S2_reappro_50,E101,INGREDIENTS,Buea,Littoral,2026-12-01,12,2026,0.34,0.34,0.34,6.7,60000.0,404371.0,0.4
S3_reappro_100,E101,INGREDIENTS,Buea,Littoral,2026-12-01,12,2026,0.34,0.34,0.34,6.7,60000.0,404371.0,0.4
S4_baisse_prix,E101,INGREDIENTS,Buea,Littoral,2026-12-01,12,2026,0.34,0.34,0.34,6.7,60000.0,404371.0,0.4
S1_rupture,E101,INGREDIENTS,Ndobo,Littoral,2026-12-01,12,2026,2.7,2.69,2.7,53.9,60000.0,3234966.0,3.23
S2_reappro_50,E101,INGREDIENTS,Ndobo,Littoral,2026-12-01,12,2026,2.7,2.69,2.7,53.9,60000.0,3234966.0,3.23
S3_reappro_100,E101,INGREDIENTS,Ndobo,Littoral,2026-12-01,12,2026,2.7,2.69,2.7,53.9,60000.0,3234966.0,3.23
S4_baisse_prix,E101,INGREDIENTS,Ndobo,Littoral,2026-12-01,12,2026,2.7,2.69,2.7,53.9,60000.0,3234966.0,3.23
S1_rupture,E101,INGREDIENTS,Nkongsamba,Littoral,2026-12-01,12,2026,0.85,0.85,0.86,17.1,60000.0,1025369.0,1.03
S2_reappro_50,E101,INGREDIENTS,Nkongsamba,Littoral,2026-12-01,12,2026,0.85,0.85,0.86,17.1,60000.0,1025369.0,1.03
S3_reappro_100,E101,INGREDIENTS,Nkongsamba,Littoral,2026-12-01,12,2026,0.85,0.85,0.86,17.1,60000.0,1025369.0,1.03
S4_baisse_prix,E101,INGREDIENTS,Nkongsamba,Littoral,2026-12-01,12,2026,0.85,0.85,0.86,17.1,60000.0,1025369.0,1.03
S1_rupture,E101,INGREDIENTS,Pk11,Littoral,2026-12-01,12,2026,0.39,0.39,0.39,7.8,60000.0,466952.0,0.47
S2_reappro_50,E101,INGREDIENTS,Pk11,Littoral,2026-12-01,12,2026,0.39,0.39,0.39,7.8,60000.0,466952.0,0.47
S3_reappro_100,E101,INGREDIENTS,Pk11,Littoral,2026-12-01,12,2026,0.39,0.39,0.39,7.8,60000.0,466952.0,0.47
S4_baisse_prix,E101,INGREDIENTS,Pk11,Littoral,2026-12-01,12,2026,0.39,0.39,0.39,7.8,60000.0,466952.0,0.47
S1_rupture,E101,INGREDIENTS,Village,Littoral,2026-12-01,12,2026,1.21,1.21,1.21,24.2,60000.0,1453809.0,1.45
S2_reappro_50,E101,INGREDIENTS,Village,Littoral,2026-12-01,12,2026,1.21,1.21,1.21,24.2,60000.0,1453809.0,1.45
S3_reappro_100,E101,INGREDIENTS,Village,Littoral,2026-12-01,12,2026,1.21,1.21,1.21,24.2,60000.0,1453809.0,1.45
S4_baisse_prix,E101,INGREDIENTS,Village,Littoral,2026-12-01,12,2026,1.21,1.21,1.21,24.2,60000.0,1453809.0,1.45
S1_rupture,E1011,INGREDIENTS,Buea,Littoral,2026-12-01,12,2026,0.02,0.02,0.02,0.3,61500.0,21119.0,0.02
S2_reappro_50,E1011,INGREDIENTS,Buea,Littoral,2026-12-01,12,2026,0.02,0.02,0.02,0.3,61500.0,21119.0,0.02
S3_reappro_100,E1011,INGREDIENTS,Buea,Littoral,2026-12-01,12,2026,0.02,0.02,0.02,0.3,61500.0,21119.0,0.02
S4_baisse_prix,E1011,INGREDIENTS,Buea,Littoral,2026-12-01,12,2026,0.02,0.02,0.02,0.3,61500.0,21119.0,0.02
S1_rupture,E1011,INGREDIENTS,Ndobo,Littoral,2026-12-01,12,2026,0.2,0.2,0.2,4.0,61500.0,247504.0,0.25
S2_reappro_50,E1011,INGREDIENTS,Ndobo,Littoral,2026-12-01,12,2026,0.2,0.2,0.2,4.0,61500.0,247504.0,0.25
S3_reappro_100,E1011,INGREDIENTS,Ndobo,Littoral,2026-12-01,12,2026,0.2,0.2,0.2,4.0,61500.0,247504.0,0.25
S4_baisse_prix,E1011,INGREDIENTS,Ndobo,Littoral,2026-12-01,12,2026,0.2,0.2,0.2,4.0,61500.0,247504.0,0.25
S1_rupture,E1011,INGREDIENTS,Nkongsamba,Littoral,2026-12-01,12,2026,0.17,0.17,0.17,3.5,61500.0,214740.0,0.21
S2_reappro_50,E1011,INGREDIENTS,Nkongsamba,Littoral,2026-12-01,12,2026,0.17,0.17,0.17,3.5,61500.0,214740.0,0.21
S3_reappro_100,E1011,INGREDIENTS,Nkongsamba,Littoral,2026-12-01,12,2026,0.17,0.17,0.17,3.5,61500.0,214740.0,0.21
S4_baisse_prix,E1011,INGREDIENTS,Nkongsamba,Littoral,2026-12-01,12,2026,0.17,0.17,0.17,3.5,61500.0,214740.0,0.21
S1_rupture,E1011,INGREDIENTS,Pk11,Littoral,2026-12-01,12,2026,0.01,0.01,0.01,0.2,61500.0,9276.0,0.01
S2_reappro_50,E1011,INGREDIENTS,Pk11,Littoral,2026-12-01,12,2026,0.01,0.01,0.01,0.2,61500.0,9276.0,0.01
S3_reappro_100,E1011,INGREDIENTS,Pk11,Littoral,2026-12-01,12,2026,0.01,0.01,0.01,0.2,61500.0,9276.0,0.01
S4_baisse_prix,E1011,INGREDIENTS,Pk11,Littoral,2026-12-01,12,2026,0.01,0.01,0.01,0.2,61500.0,9276.0,0.01
S1_rupture,E1011,INGREDIENTS,Village,Littoral,2026-12-01,12,2026,0.09,0.09,0.09,1.8,61500.0,112699.0,0.11
S2_reappro_50,E1011,INGREDIENTS,Village,Littoral,2026-12-01,12,2026,0.09,0.09,0.09,1.8,61500.0,112699.0,0.11
S3_reappro_100,E1011,INGREDIENTS,Village,Littoral,2026-12-01,12,2026,0.09,0.09,0.09,1.8,61500.0,112699.0,0.11
S4_baisse_prix,E1011,INGREDIENTS,Village,Littoral,2026-12-01,12,2026,0.09,0.09,0.09,1.8,61500.0,112699.0,0.11
S1_rupture,E1014,INGREDIENTS,Ndobo,Littoral,2026-12-01,12,2026,0.04,0.04,0.04,0.7,708.0,511.0,0.0
S2_reappro_50,E1014,INGREDIENTS,Ndobo,Littoral,2026-12-01,12,2026,0.04,0.04,0.04,0.7,708.0,511.0,0.0
S3_reappro_100,E1014,INGREDIENTS,Ndobo,Littoral,2026-12-01,12,2026,0.04,0.04,0.04,0.7,708.0,511.0,0.0
S4_baisse_prix,E1014,INGREDIENTS,Ndobo,Littoral,2026-12-01,12,2026,0.04,0.04,0.04,0.7,708.0,511.0,0.0
S1_rupture,I105,INGREDIENTS,Ndobo,Littoral,2026-12-01,12,2026,0.03,0.03,0.03,0.6,35500.0,19938.0,0.02
S2_reappro_50,I105,INGREDIENTS,Ndobo,Littoral,2026-12-01,12,2026,0.03,0.03,0.03,0.6,35500.0,19938.0,0.02
S3_reappro_100,I105,INGREDIENTS,Ndobo,Littoral,2026-12-01,12,2026,0.03,0.03,0.03,0.6,35500.0,19938.0,0.02
S4_baisse_prix,I105,INGREDIENTS,Ndobo,Littoral,2026-12-01,12,2026,0.03,0.03,0.03,0.6,35500.0,19938.0,0.02
S1_rupture,I105,INGREDIENTS,Nkongsamba,Littoral,2026-12-01,12,2026,0.1,0.1,0.1,2.1,35500.0,74054.0,0.07
S2_reappro_50,I105,INGREDIENTS,Nkongsamba,Littoral,2026-12-01,12,2026,0.1,0.1,0.1,2.1,35500.0,74054.0,0.07
S3_reappro_100,I105,INGREDIENTS,Nkongsamba,Littoral,2026-12-01,12,2026,0.1,0.1,0.1,2.1,35500.0,74054.0,0.07
S4_baisse_prix,I105,INGREDIENTS,Nkongsamba,Littoral,2026-12-01,12,2026,0.1,0.1,0.1,2.1,35500.0,74054.0,0.07
S1_rupture,I105,INGREDIENTS,Pk11,Littoral,2026-12-01,12,2026,0.04,0.04,0.04,0.7,35500.0,25634.0,0.03
S2_reappro_50,I105,INGREDIENTS,Pk11,Littoral,2026-12-01,12,2026,0.04,0.04,0.04,0.7,35500.0,25634.0,0.03
S3_reappro_100,I105,INGREDIENTS,Pk11,Littoral,2026-12-01,12,2026,0.04,0.04,0.04,0.7,35500.0,25634.0,0.03
S4_baisse_prix,I105,INGREDIENTS,Pk11,Littoral,2026-12-01,12,2026,0.04,0.04,0.04,0.7,35500.0,25634.0,0.03
S1_rupture,I1051,INGREDIENTS,Buea,Littoral,2026-12-01,12,2026,0.0,0.0,0.0,0.0,41000.0,1184.0,0.0
S2_reappro_50,I1051,INGREDIENTS,Buea,Littoral,2026-12-01,12,2026,0.0,0.0,0.0,0.0,41000.0,1184.0,0.0
S3_reappro_100,I1051,INGREDIENTS,Buea,Littoral,2026-12-01,12,2026,0.0,0.0,0.0,0.0,41000.0,1184.0,0.0
S4_baisse_prix,I1051,INGREDIENTS,Buea,Littoral,2026-12-01,12,2026,0.0,0.0,0.0,0.0,41000.0,1184.0,0.0
S1_rupture,I1051,INGREDIENTS,Ndobo,Littoral,2026-12-01,12,2026,0.15,0.15,0.15,3.0,41000.0,121449.0,0.12
S2_reappro_50,I1051,INGREDIENTS,Ndobo,Littoral,2026-12-01,12,2026,0.15,0.15,0.15,3.0,41000.0,121449.0,0.12
S3_reappro_100,I1051,INGREDIENTS,Ndobo,Littoral,2026-12-01,12,2026,0.15,0.15,0.15,3.0,41000.0,121449.0,0.12
S4_baisse_prix,I1051,INGREDIENTS,Ndobo,Littoral,2026-12-01,12,2026,0.15,0.15,0.15,3.0,41000.0,121449.0,0.12
S1_rupture,I1051,INGREDIENTS,Nkongsamba,Littoral,2026-12-01,12,2026,0.41,0.41,0.41,8.2,41000.0,335795.0,0.34
S2_reappro_50,I1051,INGREDIENTS,Nkongsamba,Littoral,2026-12-01,12,2026,0.41,0.41,0.41,8.2,41000.0,335795.0,0.34
S3_reappro_100,I1051,INGREDIENTS,Nkongsamba,Littoral,2026-12-01,12,2026,0.41,0.41,0.41,8.2,41000.0,335795.0,0.34
S4_baisse_prix,I1051,INGREDIENTS,Nkongsamba,Littoral,2026-12-01,12,2026,0.41,0.41,0.41,8.2,41000.0,335795.0,0.34
S1_rupture,I1051,INGREDIENTS,Pk11,Littoral,2026-12-01,12,2026,0.01,0.01,0.01,0.1,41000.0,4737.0,0.0
S2_reappro_50,I1051,INGREDIENTS,Pk11,Littoral,2026-12-01,12,2026,0.01,0.01,0.01,0.1,41000.0,4737.0,0.0
S3_reappro_100,I1051,INGREDIENTS,Pk11,Littoral,2026-12-01,12,2026,0.01,0.01,0.01,0.1,41000.0,4737.0,0.0
S4_baisse_prix,I1051,INGREDIENTS,Pk11,Littoral,2026-12-01,12,2026,0.01,0.01,0.01,0.1,41000.0,4737.0,0.0
S1_rupture,I1051,INGREDIENTS,Village,Littoral,2026-12-01,12,2026,0.07,0.07,0.07,1.3,41000.0,53817.0,0.05
S2_reappro_50,I1051,INGREDIENTS,Village,Littoral,2026-12-01,12,2026,0.07,0.07,0.07,1.3,41000.0,53817.0,0.05
S3_reappro_100,I1051,INGREDIENTS,Village,Littoral,2026-12-01,12,2026,0.07,0.07,0.07,1.3,41000.0,53817.0,0.05
S4_baisse_prix,I1051,INGREDIENTS,Village,Littoral,2026-12-01,12,2026,0.07,0.07,0.07,1.3,41000.0,53817.0,0.05
S1_rupture,B100,INGREDIENTS,Djeleng,Ouest,2026-09-01,9,2026,0.01,0.01,0.01,0.2,33500.0,6359.0,0.01
S2_reappro_50,B100,INGREDIENTS,Djeleng,Ouest,2026-09-01,9,2026,0.01,0.01,0.01,0.2,33500.0,6359.0,0.01
S3_reappro_100,B100,INGREDIENTS,Djeleng,Ouest,2026-09-01,9,2026,0.01,0.01,0.01,0.2,33500.0,6359.0,0.01
S4_baisse_prix,B100,INGREDIENTS,Djeleng,Ouest,2026-09-01,9,2026,0.01,0.01,0.01,0.2,33500.0,6359.0,0.01
S1_rupture,B100,INGREDIENTS,Famla,Ouest,2026-09-01,9,2026,0.7,0.7,0.7,14.0,33500.0,469123.0,0.47
S2_reappro_50,B100,INGREDIENTS,Famla,Ouest,2026-09-01,9,2026,0.7,0.7,0.7,14.0,33500.0,469123.0,0.47
S3_reappro_100,B100,INGREDIENTS,Famla,Ouest,2026-09-01,9,2026,0.7,0.7,0.7,14.0,33500.0,469123.0,0.47
S4_baisse_prix,B100,INGREDIENTS,Famla,Ouest,2026-09-01,9,2026,0.7,0.7,0.7,14.0,33500.0,469123.0,0.47
S1_rupture,B100,INGREDIENTS,Mbouda,Ouest,2026-09-01,9,2026,0.04,0.04,0.04,0.9,33500.0,28967.0,0.03
S2_reappro_50,B100,INGREDIENTS,Mbouda,Ouest,2026-09-01,9,2026,0.04,0.04,0.04,0.9,33500.0,28967.0,0.03
S3_reappro_100,B100,INGREDIENTS,Mbouda,Ouest,2026-09-01,9,2026,0.04,0.04,0.04,0.9,33500.0,28967.0,0.03
S4_baisse_prix,B100,INGREDIENTS,Mbouda,Ouest,2026-09-01,9,2026,0.04,0.04,0.04,0.9,33500.0,28967.0,0.03
S1_rupture,B1001,INGREDIENTS,Famla,Ouest,2026-09-01,9,2026,0.0,0.0,0.0,0.1,45950.0,3876.0,0.0
S2_reappro_50,B1001,INGREDIENTS,Famla,Ouest,2026-09-01,9,2026,0.0,0.0,0.0,0.1,45950.0,3876.0,0.0
S3_reappro_100,B1001,INGREDIENTS,Famla,Ouest,2026-09-01,9,2026,0.0,0.0,0.0,0.1,45950.0,3876.0,0.0
S4_baisse_prix,B1001,INGREDIENTS,Famla,Ouest,2026-09-01,9,2026,0.0,0.0,0.0,0.1,45950.0,3876.0,0.0
S1_rupture,B1001,INGREDIENTS,Mbouda,Ouest,2026-09-01,9,2026,0.0,0.0,0.0,0.0,45950.0,1938.0,0.0
S2_reappro_50,B1001,INGREDIENTS,Mbouda,Ouest,2026-09-01,9,2026,0.0,0.0,0.0,0.0,45950.0,1938.0,0.0
S3_reappro_100,B1001,INGREDIENTS,Mbouda,Ouest,2026-09-01,9,2026,0.0,0.0,0.0,0.0,45950.0,1938.0,0.0
S4_baisse_prix,B1001,INGREDIENTS,Mbouda,Ouest,2026-09-01,9,2026,0.0,0.0,0.0,0.0,45950.0,1938.0,0.0
S1_rupture,E101,INGREDIENTS,Djeleng,Ouest,2026-09-01,9,2026,0.4,0.4,0.4,8.1,60000.0,483380.0,0.48
S2_reappro_50,E101,INGREDIENTS,Djeleng,Ouest,2026-09-01,9,2026,0.4,0.4,0.4,8.1,60000.0,483380.0,0.48
S3_reappro_100,E101,INGREDIENTS,Djeleng,Ouest,2026-09-01,9,2026,0.4,0.4,0.4,8.1,60000.0,483380.0,0.48
S4_baisse_prix,E101,INGREDIENTS,Djeleng,Ouest,2026-09-01,9,2026,0.4,0.4,0.4,8.1,60000.0,483380.0,0.48
S1_rupture,E101,INGREDIENTS,Famla,Ouest,2026-09-01,9,2026,2.83,2.83,2.83,56.7,60000.0,3400111.0,3.4
S2_reappro_50,E101,INGREDIENTS,Famla,Ouest,2026-09-01,9,2026,2.83,2.83,2.83,56.7,60000.0,3400111.0,3.4
S3_reappro_100,E101,INGREDIENTS,Famla,Ouest,2026-09-01,9,2026,2.83,2.83,2.83,56.7,60000.0,3400111.0,3.4
S4_baisse_prix,E101,INGREDIENTS,Famla,Ouest,2026-09-01,9,2026,2.83,2.83,2.83,56.7,60000.0,3400111.0,3.4
S1_rupture,E101,INGREDIENTS,Mbouda,Ouest,2026-09-01,9,2026,0.37,0.37,0.37,7.5,60000.0,447949.0,0.45
S2_reappro_50,E101,INGREDIENTS,Mbouda,Ouest,2026-09-01,9,2026,0.37,0.37,0.37,7.5,60000.0,447949.0,0.45
S3_reappro_100,E101,INGREDIENTS,Mbouda,Ouest,2026-09-01,9,2026,0.37,0.37,0.37,7.5,60000.0,447949.0,0.45
S4_baisse_prix,E101,INGREDIENTS,Mbouda,Ouest,2026-09-01,9,2026,0.37,0.37,0.37,7.5,60000.0,447949.0,0.45
S1_rupture,E1011,INGREDIENTS,Djeleng,Ouest,2026-09-01,9,2026,0.11,0.11,0.11,2.2,61500.0,134891.0,0.13
S2_reappro_50,E1011,INGREDIENTS,Djeleng,Ouest,2026-09-01,9,2026,0.11,0.11,0.11,2.2,61500.0,134891.0,0.13
S3_reappro_100,E1011,INGREDIENTS,Djeleng,Ouest,2026-09-01,9,2026,0.11,0.11,0.11,2.2,61500.0,134891.0,0.13
S4_baisse_prix,E1011,INGREDIENTS,Djeleng,Ouest,2026-09-01,9,2026,0.11,0.11,0.11,2.2,61500.0,134891.0,0.13
S1_rupture,E1011,INGREDIENTS,Famla,Ouest,2026-09-01,9,2026,0.19,0.19,0.19,3.8,61500.0,233309.0,0.23
S2_reappro_50,E1011,INGREDIENTS,Famla,Ouest,2026-09-01,9,2026,0.19,0.19,0.19,3.8,61500.0,233309.0,0.23
S3_reappro_100,E1011,INGREDIENTS,Famla,Ouest,2026-09-01,9,2026,0.19,0.19,0.19,3.8,61500.0,233309.0,0.23
S4_baisse_prix,E1011,INGREDIENTS,Famla,Ouest,2026-09-01,9,2026,0.19,0.19,0.19,3.8,61500.0,233309.0,0.23
S1_rupture,E1011,INGREDIENTS,Mbouda,Ouest,2026-09-01,9,2026,0.19,0.19,0.19,3.8,61500.0,236267.0,0.24
S2_reappro_50,E1011,INGREDIENTS,Mbouda,Ouest,2026-09-01,9,2026,0.19,0.19,0.19,3.8,61500.0,236267.0,0.24
S3_reappro_100,E1011,INGREDIENTS,Mbouda,Ouest,2026-09-01,9,2026,0.19,0.19,0.19,3.8,61500.0,236267.0,0.24
S4_baisse_prix,E1011,INGREDIENTS,Mbouda,Ouest,2026-09-01,9,2026,0.19,0.19,0.19,3.8,61500.0,236267.0,0.24
S1_rupture,I105,INGREDIENTS,Djeleng,Ouest,2026-09-01,9,2026,0.02,0.02,0.02,0.4,35500.0,14974.0,0.01
S2_reappro_50,I105,INGREDIENTS,Djeleng,Ouest,2026-09-01,9,2026,0.02,0.02,0.02,0.4,35500.0,14974.0,0.01
S3_reappro_100,I105,INGREDIENTS,Djeleng,Ouest,2026-09-01,9,2026,0.02,0.02,0.02,0.4,35500.0,14974.0,0.01
S4_baisse_prix,I105,INGREDIENTS,Djeleng,Ouest,2026-09-01,9,2026,0.02,0.02,0.02,0.4,35500.0,14974.0,0.01
S1_rupture,I105,INGREDIENTS,Famla,Ouest,2026-09-01,9,2026,0.1,0.1,0.1,2.1,35500.0,73372.0,0.07
S2_reappro_50,I105,INGREDIENTS,Famla,Ouest,2026-09-01,9,2026,0.1,0.1,0.1,2.1,35500.0,73372.0,0.07
S3_reappro_100,I105,INGREDIENTS,Famla,Ouest,2026-09-01,9,2026,0.1,0.1,0.1,2.1,35500.0,73372.0,0.07
S4_baisse_prix,I105,INGREDIENTS,Famla,Ouest,2026-09-01,9,2026,0.1,0.1,0.1,2.1,35500.0,73372.0,0.07
S1_rupture,I105,INGREDIENTS,Mbouda,Ouest,2026-09-01,9,2026,0.0,0.0,0.0,0.1,35500.0,2995.0,0.0
S2_reappro_50,I105,INGREDIENTS,Mbouda,Ouest,2026-09-01,9,2026,0.0,0.0,0.0,0.1,35500.0,2995.0,0.0
S3_reappro_100,I105,INGREDIENTS,Mbouda,Ouest,2026-09-01,9,2026,0.0,0.0,0.0,0.1,35500.0,2995.0,0.0
S4_baisse_prix,I105,INGREDIENTS,Mbouda,Ouest,2026-09-01,9,2026,0.0,0.0,0.0,0.1,35500.0,2995.0,0.0
S1_rupture,I1051,INGREDIENTS,Djeleng,Ouest,2026-09-01,9,2026,0.08,0.08,0.08,1.6,41000.0,65716.0,0.07
S2_reappro_50,I1051,INGREDIENTS,Djeleng,Ouest,2026-09-01,9,2026,0.08,0.08,0.08,1.6,41000.0,65716.0,0.07
S3_reappro_100,I1051,INGREDIENTS,Djeleng,Ouest,2026-09-01,9,2026,0.08,0.08,0.08,1.6,41000.0,65716.0,0.07
S4_baisse_prix,I1051,INGREDIENTS,Djeleng,Ouest,2026-09-01,9,2026,0.08,0.08,0.08,1.6,41000.0,65716.0,0.07
S1_rupture,I1051,INGREDIENTS,Famla,Ouest,2026-09-01,9,2026,0.1,0.1,0.1,2.0,41000.0,81280.0,0.08
S2_reappro_50,I1051,INGREDIENTS,Famla,Ouest,2026-09-01,9,2026,0.1,0.1,0.1,2.0,41000.0,81280.0,0.08
S3_reappro_100,I1051,INGREDIENTS,Famla,Ouest,2026-09-01,9,2026,0.1,0.1,0.1,2.0,41000.0,81280.0,0.08
S4_baisse_prix,I1051,INGREDIENTS,Famla,Ouest,2026-09-01,9,2026,0.1,0.1,0.1,2.0,41000.0,81280.0,0.08
S1_rupture,I1051,INGREDIENTS,Mbouda,Ouest,2026-09-01,9,2026,0.09,0.09,0.09,1.8,41000.0,72634.0,0.07
S2_reappro_50,I1051,INGREDIENTS,Mbouda,Ouest,2026-09-01,9,2026,0.09,0.09,0.09,1.8,41000.0,72634.0,0.07
S3_reappro_100,I1051,INGREDIENTS,Mbouda,Ouest,2026-09-01,9,2026,0.09,0.09,0.09,1.8,41000.0,72634.0,0.07
S4_baisse_prix,I1051,INGREDIENTS,Mbouda,Ouest,2026-09-01,9,2026,0.09,0.09,0.09,1.8,41000.0,72634.0,0.07
S1_rupture,B100,INGREDIENTS,Djeleng,Ouest,2026-10-01,10,2026,0.02,0.02,0.02,0.4,33500.0,14815.0,0.01
S2_reappro_50,B100,INGREDIENTS,Djeleng,Ouest,2026-10-01,10,2026,0.02,0.02,0.02,0.4,33500.0,14815.0,0.01
S3_reappro_100,B100,INGREDIENTS,Djeleng,Ouest,2026-10-01,10,2026,0.02,0.02,0.02,0.4,33500.0,14815.0,0.01
S4_baisse_prix,B100,INGREDIENTS,Djeleng,Ouest,2026-10-01,10,2026,0.02,0.02,0.02,0.4,33500.0,14815.0,0.01
S1_rupture,B100,INGREDIENTS,Famla,Ouest,2026-10-01,10,2026,1.63,1.63,1.63,32.6,33500.0,1092985.0,1.09
S2_reappro_50,B100,INGREDIENTS,Famla,Ouest,2026-10-01,10,2026,1.63,1.63,1.63,32.6,33500.0,1092985.0,1.09
S3_reappro_100,B100,INGREDIENTS,Famla,Ouest,2026-10-01,10,2026,1.63,1.63,1.63,32.6,33500.0,1092985.0,1.09
S4_baisse_prix,B100,INGREDIENTS,Famla,Ouest,2026-10-01,10,2026,1.63,1.63,1.63,32.6,33500.0,1092985.0,1.09
S1_rupture,B100,INGREDIENTS,Mbouda,Ouest,2026-10-01,10,2026,0.1,0.1,0.1,2.0,33500.0,67489.0,0.07
S2_reappro_50,B100,INGREDIENTS,Mbouda,Ouest,2026-10-01,10,2026,0.1,0.1,0.1,2.0,33500.0,67489.0,0.07
S3_reappro_100,B100,INGREDIENTS,Mbouda,Ouest,2026-10-01,10,2026,0.1,0.1,0.1,2.0,33500.0,67489.0,0.07
S4_baisse_prix,B100,INGREDIENTS,Mbouda,Ouest,2026-10-01,10,2026,0.1,0.1,0.1,2.0,33500.0,67489.0,0.07
S1_rupture,B1001,INGREDIENTS,Famla,Ouest,2026-10-01,10,2026,0.01,0.01,0.01,0.2,45950.0,9031.0,0.01
S2_reappro_50,B1001,INGREDIENTS,Famla,Ouest,2026-10-01,10,2026,0.01,0.01,0.01,0.2,45950.0,9031.0,0.01
S3_reappro_100,B1001,INGREDIENTS,Famla,Ouest,2026-10-01,10,2026,0.01,0.01,0.01,0.2,45950.0,9031.0,0.01
S4_baisse_prix,B1001,INGREDIENTS,Famla,Ouest,2026-10-01,10,2026,0.01,0.01,0.01,0.2,45950.0,9031.0,0.01
S1_rupture,B1001,INGREDIENTS,Mbouda,Ouest,2026-10-01,10,2026,0.0,0.0,0.0,0.1,45950.0,4516.0,0.0
S2_reappro_50,B1001,INGREDIENTS,Mbouda,Ouest,2026-10-01,10,2026,0.0,0.0,0.0,0.1,45950.0,4516.0,0.0
S3_reappro_100,B1001,INGREDIENTS,Mbouda,Ouest,2026-10-01,10,2026,0.0,0.0,0.0,0.1,45950.0,4516.0,0.0
S4_baisse_prix,B1001,INGREDIENTS,Mbouda,Ouest,2026-10-01,10,2026,0.0,0.0,0.0,0.1,45950.0,4516.0,0.0
S1_rupture,E101,INGREDIENTS,Djeleng,Ouest,2026-10-01,10,2026,0.94,0.94,0.94,18.8,60000.0,1126201.0,1.13
S2_reappro_50,E101,INGREDIENTS,Djeleng,Ouest,2026-10-01,10,2026,0.94,0.94,0.94,18.8,60000.0,1126201.0,1.13
S3_reappro_100,E101,INGREDIENTS,Djeleng,Ouest,2026-10-01,10,2026,0.94,0.94,0.94,18.8,60000.0,1126201.0,1.13
S4_baisse_prix,E101,INGREDIENTS,Djeleng,Ouest,2026-10-01,10,2026,0.94,0.94,0.94,18.8,60000.0,1126201.0,1.13
S1_rupture,E101,INGREDIENTS,Famla,Ouest,2026-10-01,10,2026,6.6,6.6,6.6,132.0,60000.0,7921735.0,7.92
S2_reappro_50,E101,INGREDIENTS,Famla,Ouest,2026-10-01,10,2026,6.6,6.6,6.6,132.0,60000.0,7921735.0,7.92
S3_reappro_100,E101,INGREDIENTS,Famla,Ouest,2026-10-01,10,2026,6.6,6.6,6.6,132.0,60000.0,7921735.0,7.92
S4_baisse_prix,E101,INGREDIENTS,Famla,Ouest,2026-10-01,10,2026,6.6,6.6,6.6,132.0,60000.0,7921735.0,7.92
S1_rupture,E101,INGREDIENTS,Mbouda,Ouest,2026-10-01,10,2026,0.87,0.87,0.87,17.4,60000.0,1043652.0,1.04
S2_reappro_50,E101,INGREDIENTS,Mbouda,Ouest,2026-10-01,10,2026,0.87,0.87,0.87,17.4,60000.0,1043652.0,1.04
S3_reappro_100,E101,INGREDIENTS,Mbouda,Ouest,2026-10-01,10,2026,0.87,0.87,0.87,17.4,60000.0,1043652.0,1.04
S4_baisse_prix,E101,INGREDIENTS,Mbouda,Ouest,2026-10-01,10,2026,0.87,0.87,0.87,17.4,60000.0,1043652.0,1.04
S1_rupture,E1011,INGREDIENTS,Djeleng,Ouest,2026-10-01,10,2026,0.26,0.26,0.26,5.1,61500.0,314275.0,0.31
S2_reappro_50,E1011,INGREDIENTS,Djeleng,Ouest,2026-10-01,10,2026,0.26,0.26,0.26,5.1,61500.0,314275.0,0.31
S3_reappro_100,E1011,INGREDIENTS,Djeleng,Ouest,2026-10-01,10,2026,0.26,0.26,0.26,5.1,61500.0,314275.0,0.31
S4_baisse_prix,E1011,INGREDIENTS,Djeleng,Ouest,2026-10-01,10,2026,0.26,0.26,0.26,5.1,61500.0,314275.0,0.31
S1_rupture,E1011,INGREDIENTS,Famla,Ouest,2026-10-01,10,2026,0.44,0.44,0.44,8.8,61500.0,543575.0,0.54
S2_reappro_50,E1011,INGREDIENTS,Famla,Ouest,2026-10-01,10,2026,0.44,0.44,0.44,8.8,61500.0,543575.0,0.54
S3_reappro_100,E1011,INGREDIENTS,Famla,Ouest,2026-10-01,10,2026,0.44,0.44,0.44,8.8,61500.0,543575.0,0.54
S4_baisse_prix,E1011,INGREDIENTS,Famla,Ouest,2026-10-01,10,2026,0.44,0.44,0.44,8.8,61500.0,543575.0,0.54
S1_rupture,E1011,INGREDIENTS,Mbouda,Ouest,2026-10-01,10,2026,0.45,0.45,0.45,9.0,61500.0,550465.0,0.55
S2_reappro_50,E1011,INGREDIENTS,Mbouda,Ouest,2026-10-01,10,2026,0.45,0.45,0.45,9.0,61500.0,550465.0,0.55
S3_reappro_100,E1011,INGREDIENTS,Mbouda,Ouest,2026-10-01,10,2026,0.45,0.45,0.45,9.0,61500.0,550465.0,0.55
S4_baisse_prix,E1011,INGREDIENTS,Mbouda,Ouest,2026-10-01,10,2026,0.45,0.45,0.45,9.0,61500.0,550465.0,0.55
S1_rupture,I105,INGREDIENTS,Djeleng,Ouest,2026-10-01,10,2026,0.05,0.05,0.05,1.0,35500.0,34887.0,0.03
S2_reappro_50,I105,INGREDIENTS,Djeleng,Ouest,2026-10-01,10,2026,0.05,0.05,0.05,1.0,35500.0,34887.0,0.03
S3_reappro_100,I105,INGREDIENTS,Djeleng,Ouest,2026-10-01,10,2026,0.05,0.05,0.05,1.0,35500.0,34887.0,0.03
S4_baisse_prix,I105,INGREDIENTS,Djeleng,Ouest,2026-10-01,10,2026,0.05,0.05,0.05,1.0,35500.0,34887.0,0.03
S1_rupture,I105,INGREDIENTS,Famla,Ouest,2026-10-01,10,2026,0.24,0.24,0.24,4.8,35500.0,170945.0,0.17
S2_reappro_50,I105,INGREDIENTS,Famla,Ouest,2026-10-01,10,2026,0.24,0.24,0.24,4.8,35500.0,170945.0,0.17
S3_reappro_100,I105,INGREDIENTS,Famla,Ouest,2026-10-01,10,2026,0.24,0.24,0.24,4.8,35500.0,170945.0,0.17
S4_baisse_prix,I105,INGREDIENTS,Famla,Ouest,2026-10-01,10,2026,0.24,0.24,0.24,4.8,35500.0,170945.0,0.17
S1_rupture,I105,INGREDIENTS,Mbouda,Ouest,2026-10-01,10,2026,0.01,0.01,0.01,0.2,35500.0,6977.0,0.01
S2_reappro_50,I105,INGREDIENTS,Mbouda,Ouest,2026-10-01,10,2026,0.01,0.01,0.01,0.2,35500.0,6977.0,0.01
S3_reappro_100,I105,INGREDIENTS,Mbouda,Ouest,2026-10-01,10,2026,0.01,0.01,0.01,0.2,35500.0,6977.0,0.01
S4_baisse_prix,I105,INGREDIENTS,Mbouda,Ouest,2026-10-01,10,2026,0.01,0.01,0.01,0.2,35500.0,6977.0,0.01
S1_rupture,I1051,INGREDIENTS,Djeleng,Ouest,2026-10-01,10,2026,0.19,0.19,0.19,3.7,41000.0,153108.0,0.15
S2_reappro_50,I1051,INGREDIENTS,Djeleng,Ouest,2026-10-01,10,2026,0.19,0.19,0.19,3.7,41000.0,153108.0,0.15
S3_reappro_100,I1051,INGREDIENTS,Djeleng,Ouest,2026-10-01,10,2026,0.19,0.19,0.19,3.7,41000.0,153108.0,0.15
S4_baisse_prix,I1051,INGREDIENTS,Djeleng,Ouest,2026-10-01,10,2026,0.19,0.19,0.19,3.7,41000.0,153108.0,0.15
S1_rupture,I1051,INGREDIENTS,Famla,Ouest,2026-10-01,10,2026,0.23,0.23,0.23,4.6,41000.0,189371.0,0.19
S2_reappro_50,I1051,INGREDIENTS,Famla,Ouest,2026-10-01,10,2026,0.23,0.23,0.23,4.6,41000.0,189371.0,0.19
S3_reappro_100,I1051,INGREDIENTS,Famla,Ouest,2026-10-01,10,2026,0.23,0.23,0.23,4.6,41000.0,189371.0,0.19
S4_baisse_prix,I1051,INGREDIENTS,Famla,Ouest,2026-10-01,10,2026,0.23,0.23,0.23,4.6,41000.0,189371.0,0.19
S1_rupture,I1051,INGREDIENTS,Mbouda,Ouest,2026-10-01,10,2026,0.21,0.21,0.21,4.1,41000.0,169225.0,0.17
S2_reappro_50,I1051,INGREDIENTS,Mbouda,Ouest,2026-10-01,10,2026,0.21,0.21,0.21,4.1,41000.0,169225.0,0.17
S3_reappro_100,I1051,INGREDIENTS,Mbouda,Ouest,2026-10-01,10,2026,0.21,0.21,0.21,4.1,41000.0,169225.0,0.17
S4_baisse_prix,I1051,INGREDIENTS,Mbouda,Ouest,2026-10-01,10,2026,0.21,0.21,0.21,4.1,41000.0,169225.0,0.17
S1_rupture,B100,INGREDIENTS,Djeleng,Ouest,2026-11-01,11,2026,0.01,0.01,0.01,0.2,33500.0,7405.0,0.01
S2_reappro_50,B100,INGREDIENTS,Djeleng,Ouest,2026-11-01,11,2026,0.01,0.01,0.01,0.2,33500.0,7405.0,0.01
S3_reappro_100,B100,INGREDIENTS,Djeleng,Ouest,2026-11-01,11,2026,0.01,0.01,0.01,0.2,33500.0,7405.0,0.01
S4_baisse_prix,B100,INGREDIENTS,Djeleng,Ouest,2026-11-01,11,2026,0.01,0.01,0.01,0.2,33500.0,7405.0,0.01
S1_rupture,B100,INGREDIENTS,Famla,Ouest,2026-11-01,11,2026,0.82,0.82,0.82,16.3,33500.0,546301.0,0.55
S2_reappro_50,B100,INGREDIENTS,Famla,Ouest,2026-11-01,11,2026,0.82,0.82,0.82,16.3,33500.0,546301.0,0.55
S3_reappro_100,B100,INGREDIENTS,Famla,Ouest,2026-11-01,11,2026,0.82,0.82,0.82,16.3,33500.0,546301.0,0.55
S4_baisse_prix,B100,INGREDIENTS,Famla,Ouest,2026-11-01,11,2026,0.82,0.82,0.82,16.3,33500.0,546301.0,0.55
S1_rupture,B100,INGREDIENTS,Mbouda,Ouest,2026-11-01,11,2026,0.05,0.05,0.05,1.0,33500.0,33732.0,0.03
S2_reappro_50,B100,INGREDIENTS,Mbouda,Ouest,2026-11-01,11,2026,0.05,0.05,0.05,1.0,33500.0,33732.0,0.03
S3_reappro_100,B100,INGREDIENTS,Mbouda,Ouest,2026-11-01,11,2026,0.05,0.05,0.05,1.0,33500.0,33732.0,0.03
S4_baisse_prix,B100,INGREDIENTS,Mbouda,Ouest,2026-11-01,11,2026,0.05,0.05,0.05,1.0,33500.0,33732.0,0.03
S1_rupture,B1001,INGREDIENTS,Famla,Ouest,2026-11-01,11,2026,0.0,0.0,0.0,0.1,45950.0,4514.0,0.0
S2_reappro_50,B1001,INGREDIENTS,Famla,Ouest,2026-11-01,11,2026,0.0,0.0,0.0,0.1,45950.0,4514.0,0.0
S3_reappro_100,B1001,INGREDIENTS,Famla,Ouest,2026-11-01,11,2026,0.0,0.0,0.0,0.1,45950.0,4514.0,0.0
S4_baisse_prix,B1001,INGREDIENTS,Famla,Ouest,2026-11-01,11,2026,0.0,0.0,0.0,0.1,45950.0,4514.0,0.0
S1_rupture,B1001,INGREDIENTS,Mbouda,Ouest,2026-11-01,11,2026,0.0,0.0,0.0,0.0,45950.0,2257.0,0.0
S2_reappro_50,B1001,INGREDIENTS,Mbouda,Ouest,2026-11-01,11,2026,0.0,0.0,0.0,0.0,45950.0,2257.0,0.0
S3_reappro_100,B1001,INGREDIENTS,Mbouda,Ouest,2026-11-01,11,2026,0.0,0.0,0.0,0.0,45950.0,2257.0,0.0
S4_baisse_prix,B1001,INGREDIENTS,Mbouda,Ouest,2026-11-01,11,2026,0.0,0.0,0.0,0.0,45950.0,2257.0,0.0
S1_rupture,E101,INGREDIENTS,Djeleng,Ouest,2026-11-01,11,2026,0.47,0.47,0.47,9.4,60000.0,562903.0,0.56
S2_reappro_50,E101,INGREDIENTS,Djeleng,Ouest,2026-11-01,11,2026,0.47,0.47,0.47,9.4,60000.0,562903.0,0.56
S3_reappro_100,E101,INGREDIENTS,Djeleng,Ouest,2026-11-01,11,2026,0.47,0.47,0.47,9.4,60000.0,562903.0,0.56
S4_baisse_prix,E101,INGREDIENTS,Djeleng,Ouest,2026-11-01,11,2026,0.47,0.47,0.47,9.4,60000.0,562903.0,0.56
S1_rupture,E101,INGREDIENTS,Famla,Ouest,2026-11-01,11,2026,3.3,3.3,3.3,66.0,60000.0,3959479.0,3.96
S2_reappro_50,E101,INGREDIENTS,Famla,Ouest,2026-11-01,11,2026,3.3,3.3,3.3,66.0,60000.0,3959479.0,3.96
S3_reappro_100,E101,INGREDIENTS,Famla,Ouest,2026-11-01,11,2026,3.3,3.3,3.3,66.0,60000.0,3959479.0,3.96
S4_baisse_prix,E101,INGREDIENTS,Famla,Ouest,2026-11-01,11,2026,3.3,3.3,3.3,66.0,60000.0,3959479.0,3.96
S1_rupture,E101,INGREDIENTS,Mbouda,Ouest,2026-11-01,11,2026,0.43,0.43,0.43,8.7,60000.0,521643.0,0.52
S2_reappro_50,E101,INGREDIENTS,Mbouda,Ouest,2026-11-01,11,2026,0.43,0.43,0.43,8.7,60000.0,521643.0,0.52
S3_reappro_100,E101,INGREDIENTS,Mbouda,Ouest,2026-11-01,11,2026,0.43,0.43,0.43,8.7,60000.0,521643.0,0.52
S4_baisse_prix,E101,INGREDIENTS,Mbouda,Ouest,2026-11-01,11,2026,0.43,0.43,0.43,8.7,60000.0,521643.0,0.52
S1_rupture,E1011,INGREDIENTS,Djeleng,Ouest,2026-11-01,11,2026,0.13,0.13,0.13,2.6,61500.0,157082.0,0.16
S2_reappro_50,E1011,INGREDIENTS,Djeleng,Ouest,2026-11-01,11,2026,0.13,0.13,0.13,2.6,61500.0,157082.0,0.16
S3_reappro_100,E1011,INGREDIENTS,Djeleng,Ouest,2026-11-01,11,2026,0.13,0.13,0.13,2.6,61500.0,157082.0,0.16
S4_baisse_prix,E1011,INGREDIENTS,Djeleng,Ouest,2026-11-01,11,2026,0.13,0.13,0.13,2.6,61500.0,157082.0,0.16
S1_rupture,E1011,INGREDIENTS,Famla,Ouest,2026-11-01,11,2026,0.22,0.22,0.22,4.4,61500.0,271692.0,0.27
S2_reappro_50,E1011,INGREDIENTS,Famla,Ouest,2026-11-01,11,2026,0.22,0.22,0.22,4.4,61500.0,271692.0,0.27
S3_reappro_100,E1011,INGREDIENTS,Famla,Ouest,2026-11-01,11,2026,0.22,0.22,0.22,4.4,61500.0,271692.0,0.27
S4_baisse_prix,E1011,INGREDIENTS,Famla,Ouest,2026-11-01,11,2026,0.22,0.22,0.22,4.4,61500.0,271692.0,0.27
S1_rupture,E1011,INGREDIENTS,Mbouda,Ouest,2026-11-01,11,2026,0.22,0.22,0.22,4.5,61500.0,275136.0,0.28
S2_reappro_50,E1011,INGREDIENTS,Mbouda,Ouest,2026-11-01,11,2026,0.22,0.22,0.22,4.5,61500.0,275136.0,0.28
S3_reappro_100,E1011,INGREDIENTS,Mbouda,Ouest,2026-11-01,11,2026,0.22,0.22,0.22,4.5,61500.0,275136.0,0.28
S4_baisse_prix,E1011,INGREDIENTS,Mbouda,Ouest,2026-11-01,11,2026,0.22,0.22,0.22,4.5,61500.0,275136.0,0.28
S1_rupture,I105,INGREDIENTS,Djeleng,Ouest,2026-11-01,11,2026,0.02,0.02,0.02,0.5,35500.0,17437.0,0.02
S2_reappro_50,I105,INGREDIENTS,Djeleng,Ouest,2026-11-01,11,2026,0.02,0.02,0.02,0.5,35500.0,17437.0,0.02
S3_reappro_100,I105,INGREDIENTS,Djeleng,Ouest,2026-11-01,11,2026,0.02,0.02,0.02,0.5,35500.0,17437.0,0.02
S4_baisse_prix,I105,INGREDIENTS,Djeleng,Ouest,2026-11-01,11,2026,0.02,0.02,0.02,0.5,35500.0,17437.0,0.02
S1_rupture,I105,INGREDIENTS,Famla,Ouest,2026-11-01,11,2026,0.12,0.12,0.12,2.4,35500.0,85442.0,0.09
S2_reappro_50,I105,INGREDIENTS,Famla,Ouest,2026-11-01,11,2026,0.12,0.12,0.12,2.4,35500.0,85442.0,0.09
S3_reappro_100,I105,INGREDIENTS,Famla,Ouest,2026-11-01,11,2026,0.12,0.12,0.12,2.4,35500.0,85442.0,0.09
S4_baisse_prix,I105,INGREDIENTS,Famla,Ouest,2026-11-01,11,2026,0.12,0.12,0.12,2.4,35500.0,85442.0,0.09
S1_rupture,I105,INGREDIENTS,Mbouda,Ouest,2026-11-01,11,2026,0.0,0.0,0.0,0.1,35500.0,3487.0,0.0
S2_reappro_50,I105,INGREDIENTS,Mbouda,Ouest,2026-11-01,11,2026,0.0,0.0,0.0,0.1,35500.0,3487.0,0.0
S3_reappro_100,I105,INGREDIENTS,Mbouda,Ouest,2026-11-01,11,2026,0.0,0.0,0.0,0.1,35500.0,3487.0,0.0
S4_baisse_prix,I105,INGREDIENTS,Mbouda,Ouest,2026-11-01,11,2026,0.0,0.0,0.0,0.1,35500.0,3487.0,0.0
S1_rupture,I1051,INGREDIENTS,Djeleng,Ouest,2026-11-01,11,2026,0.09,0.09,0.09,1.9,41000.0,76527.0,0.08
S2_reappro_50,I1051,INGREDIENTS,Djeleng,Ouest,2026-11-01,11,2026,0.09,0.09,0.09,1.9,41000.0,76527.0,0.08
S3_reappro_100,I1051,INGREDIENTS,Djeleng,Ouest,2026-11-01,11,2026,0.09,0.09,0.09,1.9,41000.0,76527.0,0.08
S4_baisse_prix,I1051,INGREDIENTS,Djeleng,Ouest,2026-11-01,11,2026,0.09,0.09,0.09,1.9,41000.0,76527.0,0.08
S1_rupture,I1051,INGREDIENTS,Famla,Ouest,2026-11-01,11,2026,0.12,0.12,0.12,2.3,41000.0,94652.0,0.09
S2_reappro_50,I1051,INGREDIENTS,Famla,Ouest,2026-11-01,11,2026,0.12,0.12,0.12,2.3,41000.0,94652.0,0.09
S3_reappro_100,I1051,INGREDIENTS,Famla,Ouest,2026-11-01,11,2026,0.12,0.12,0.12,2.3,41000.0,94652.0,0.09
S4_baisse_prix,I1051,INGREDIENTS,Famla,Ouest,2026-11-01,11,2026,0.12,0.12,0.12,2.3,41000.0,94652.0,0.09
S1_rupture,I1051,INGREDIENTS,Mbouda,Ouest,2026-11-01,11,2026,0.1,0.1,0.1,2.1,41000.0,84583.0,0.08
S2_reappro_50,I1051,INGREDIENTS,Mbouda,Ouest,2026-11-01,11,2026,0.1,0.1,0.1,2.1,41000.0,84583.0,0.08
S3_reappro_100,I1051,INGREDIENTS,Mbouda,Ouest,2026-11-01,11,2026,0.1,0.1,0.1,2.1,41000.0,84583.0,0.08
S4_baisse_prix,I1051,INGREDIENTS,Mbouda,Ouest,2026-11-01,11,2026,0.1,0.1,0.1,2.1,41000.0,84583.0,0.08
S1_rupture,B100,INGREDIENTS,Djeleng,Ouest,2026-12-01,12,2026,0.02,0.02,0.02,0.3,33500.0,11548.0,0.01
S2_reappro_50,B100,INGREDIENTS,Djeleng,Ouest,2026-12-01,12,2026,0.02,0.02,0.02,0.3,33500.0,11548.0,0.01
S3_reappro_100,B100,INGREDIENTS,Djeleng,Ouest,2026-12-01,12,2026,0.02,0.02,0.02,0.3,33500.0,11548.0,0.01
S4_baisse_prix,B100,INGREDIENTS,Djeleng,Ouest,2026-12-01,12,2026,0.02,0.02,0.02,0.3,33500.0,11548.0,0.01
S1_rupture,B100,INGREDIENTS,Famla,Ouest,2026-12-01,12,2026,1.27,1.27,1.27,25.4,33500.0,851968.0,0.85
S2_reappro_50,B100,INGREDIENTS,Famla,Ouest,2026-12-01,12,2026,1.27,1.27,1.27,25.4,33500.0,851968.0,0.85
S3_reappro_100,B100,INGREDIENTS,Famla,Ouest,2026-12-01,12,2026,1.27,1.27,1.27,25.4,33500.0,851968.0,0.85
S4_baisse_prix,B100,INGREDIENTS,Famla,Ouest,2026-12-01,12,2026,1.27,1.27,1.27,25.4,33500.0,851968.0,0.85
S1_rupture,B100,INGREDIENTS,Mbouda,Ouest,2026-12-01,12,2026,0.08,0.08,0.08,1.6,33500.0,52606.0,0.05
S2_reappro_50,B100,INGREDIENTS,Mbouda,Ouest,2026-12-01,12,2026,0.08,0.08,0.08,1.6,33500.0,52606.0,0.05
S3_reappro_100,B100,INGREDIENTS,Mbouda,Ouest,2026-12-01,12,2026,0.08,0.08,0.08,1.6,33500.0,52606.0,0.05
S4_baisse_prix,B100,INGREDIENTS,Mbouda,Ouest,2026-12-01,12,2026,0.08,0.08,0.08,1.6,33500.0,52606.0,0.05
S1_rupture,B1001,INGREDIENTS,Famla,Ouest,2026-12-01,12,2026,0.01,0.01,0.01,0.2,45950.0,7040.0,0.01
S2_reappro_50,B1001,INGREDIENTS,Famla,Ouest,2026-12-01,12,2026,0.01,0.01,0.01,0.2,45950.0,7040.0,0.01
S3_reappro_100,B1001,INGREDIENTS,Famla,Ouest,2026-12-01,12,2026,0.01,0.01,0.01,0.2,45950.0,7040.0,0.01
S4_baisse_prix,B1001,INGREDIENTS,Famla,Ouest,2026-12-01,12,2026,0.01,0.01,0.01,0.2,45950.0,7040.0,0.01
S1_rupture,B1001,INGREDIENTS,Mbouda,Ouest,2026-12-01,12,2026,0.0,0.0,0.0,0.1,45950.0,3520.0,0.0
S2_reappro_50,B1001,INGREDIENTS,Mbouda,Ouest,2026-12-01,12,2026,0.0,0.0,0.0,0.1,45950.0,3520.0,0.0
S3_reappro_100,B1001,INGREDIENTS,Mbouda,Ouest,2026-12-01,12,2026,0.0,0.0,0.0,0.1,45950.0,3520.0,0.0
S4_baisse_prix,B1001,INGREDIENTS,Mbouda,Ouest,2026-12-01,12,2026,0.0,0.0,0.0,0.1,45950.0,3520.0,0.0
S1_rupture,E101,INGREDIENTS,Djeleng,Ouest,2026-12-01,12,2026,0.73,0.73,0.73,14.6,60000.0,877860.0,0.88
S2_reappro_50,E101,INGREDIENTS,Djeleng,Ouest,2026-12-01,12,2026,0.73,0.73,0.73,14.6,60000.0,877860.0,0.88
S3_reappro_100,E101,INGREDIENTS,Djeleng,Ouest,2026-12-01,12,2026,0.73,0.73,0.73,14.6,60000.0,877860.0,0.88
S4_baisse_prix,E101,INGREDIENTS,Djeleng,Ouest,2026-12-01,12,2026,0.73,0.73,0.73,14.6,60000.0,877860.0,0.88
S1_rupture,E101,INGREDIENTS,Famla,Ouest,2026-12-01,12,2026,5.15,5.15,5.15,102.9,60000.0,6174893.0,6.17
S2_reappro_50,E101,INGREDIENTS,Famla,Ouest,2026-12-01,12,2026,5.15,5.15,5.15,102.9,60000.0,6174893.0,6.17
S3_reappro_100,E101,INGREDIENTS,Famla,Ouest,2026-12-01,12,2026,5.15,5.15,5.15,102.9,60000.0,6174893.0,6.17
S4_baisse_prix,E101,INGREDIENTS,Famla,Ouest,2026-12-01,12,2026,5.15,5.15,5.15,102.9,60000.0,6174893.0,6.17
S1_rupture,E101,INGREDIENTS,Mbouda,Ouest,2026-12-01,12,2026,0.68,0.68,0.68,13.6,60000.0,813514.0,0.81
S2_reappro_50,E101,INGREDIENTS,Mbouda,Ouest,2026-12-01,12,2026,0.68,0.68,0.68,13.6,60000.0,813514.0,0.81
S3_reappro_100,E101,INGREDIENTS,Mbouda,Ouest,2026-12-01,12,2026,0.68,0.68,0.68,13.6,60000.0,813514.0,0.81
S4_baisse_prix,E101,INGREDIENTS,Mbouda,Ouest,2026-12-01,12,2026,0.68,0.68,0.68,13.6,60000.0,813514.0,0.81
S1_rupture,E1011,INGREDIENTS,Djeleng,Ouest,2026-12-01,12,2026,0.2,0.2,0.2,4.0,61500.0,244973.0,0.24
S2_reappro_50,E1011,INGREDIENTS,Djeleng,Ouest,2026-12-01,12,2026,0.2,0.2,0.2,4.0,61500.0,244973.0,0.24
S3_reappro_100,E1011,INGREDIENTS,Djeleng,Ouest,2026-12-01,12,2026,0.2,0.2,0.2,4.0,61500.0,244973.0,0.24
S4_baisse_prix,E1011,INGREDIENTS,Djeleng,Ouest,2026-12-01,12,2026,0.2,0.2,0.2,4.0,61500.0,244973.0,0.24
S1_rupture,E1011,INGREDIENTS,Famla,Ouest,2026-12-01,12,2026,0.34,0.34,0.34,6.9,61500.0,423710.0,0.42
S2_reappro_50,E1011,INGREDIENTS,Famla,Ouest,2026-12-01,12,2026,0.34,0.34,0.34,6.9,61500.0,423710.0,0.42
S3_reappro_100,E1011,INGREDIENTS,Famla,Ouest,2026-12-01,12,2026,0.34,0.34,0.34,6.9,61500.0,423710.0,0.42
S4_baisse_prix,E1011,INGREDIENTS,Famla,Ouest,2026-12-01,12,2026,0.34,0.34,0.34,6.9,61500.0,423710.0,0.42
S1_rupture,E1011,INGREDIENTS,Mbouda,Ouest,2026-12-01,12,2026,0.35,0.35,0.35,7.0,61500.0,429080.0,0.43
S2_reappro_50,E1011,INGREDIENTS,Mbouda,Ouest,2026-12-01,12,2026,0.35,0.35,0.35,7.0,61500.0,429080.0,0.43
S3_reappro_100,E1011,INGREDIENTS,Mbouda,Ouest,2026-12-01,12,2026,0.35,0.35,0.35,7.0,61500.0,429080.0,0.43
S4_baisse_prix,E1011,INGREDIENTS,Mbouda,Ouest,2026-12-01,12,2026,0.35,0.35,0.35,7.0,61500.0,429080.0,0.43
S1_rupture,I105,INGREDIENTS,Djeleng,Ouest,2026-12-01,12,2026,0.04,0.04,0.04,0.8,35500.0,27194.0,0.03
S2_reappro_50,I105,INGREDIENTS,Djeleng,Ouest,2026-12-01,12,2026,0.04,0.04,0.04,0.8,35500.0,27194.0,0.03
S3_reappro_100,I105,INGREDIENTS,Djeleng,Ouest,2026-12-01,12,2026,0.04,0.04,0.04,0.8,35500.0,27194.0,0.03
S4_baisse_prix,I105,INGREDIENTS,Djeleng,Ouest,2026-12-01,12,2026,0.04,0.04,0.04,0.8,35500.0,27194.0,0.03
S1_rupture,I105,INGREDIENTS,Famla,Ouest,2026-12-01,12,2026,0.19,0.19,0.19,3.8,35500.0,133249.0,0.13
S2_reappro_50,I105,INGREDIENTS,Famla,Ouest,2026-12-01,12,2026,0.19,0.19,0.19,3.8,35500.0,133249.0,0.13
S3_reappro_100,I105,INGREDIENTS,Famla,Ouest,2026-12-01,12,2026,0.19,0.19,0.19,3.8,35500.0,133249.0,0.13
S4_baisse_prix,I105,INGREDIENTS,Famla,Ouest,2026-12-01,12,2026,0.19,0.19,0.19,3.8,35500.0,133249.0,0.13
S1_rupture,I105,INGREDIENTS,Mbouda,Ouest,2026-12-01,12,2026,0.01,0.01,0.01,0.2,35500.0,5439.0,0.01
S2_reappro_50,I105,INGREDIENTS,Mbouda,Ouest,2026-12-01,12,2026,0.01,0.01,0.01,0.2,35500.0,5439.0,0.01
S3_reappro_100,I105,INGREDIENTS,Mbouda,Ouest,2026-12-01,12,2026,0.01,0.01,0.01,0.2,35500.0,5439.0,0.01
S4_baisse_prix,I105,INGREDIENTS,Mbouda,Ouest,2026-12-01,12,2026,0.01,0.01,0.01,0.2,35500.0,5439.0,0.01
S1_rupture,I1051,INGREDIENTS,Djeleng,Ouest,2026-12-01,12,2026,0.15,0.15,0.15,2.9,41000.0,119346.0,0.12
S2_reappro_50,I1051,INGREDIENTS,Djeleng,Ouest,2026-12-01,12,2026,0.15,0.15,0.15,2.9,41000.0,119346.0,0.12
S3_reappro_100,I1051,INGREDIENTS,Djeleng,Ouest,2026-12-01,12,2026,0.15,0.15,0.15,2.9,41000.0,119346.0,0.12
S4_baisse_prix,I1051,INGREDIENTS,Djeleng,Ouest,2026-12-01,12,2026,0.15,0.15,0.15,2.9,41000.0,119346.0,0.12
S1_rupture,I1051,INGREDIENTS,Famla,Ouest,2026-12-01,12,2026,0.18,0.18,0.18,3.6,41000.0,147612.0,0.15
S2_reappro_50,I1051,INGREDIENTS,Famla,Ouest,2026-12-01,12,2026,0.18,0.18,0.18,3.6,41000.0,147612.0,0.15
S3_reappro_100,I1051,INGREDIENTS,Famla,Ouest,2026-12-01,12,2026,0.18,0.18,0.18,3.6,41000.0,147612.0,0.15
S4_baisse_prix,I1051,INGREDIENTS,Famla,Ouest,2026-12-01,12,2026,0.18,0.18,0.18,3.6,41000.0,147612.0,0.15
S1_rupture,I1051,INGREDIENTS,Mbouda,Ouest,2026-12-01,12,2026,0.16,0.16,0.16,3.2,41000.0,131909.0,0.13
S2_reappro_50,I1051,INGREDIENTS,Mbouda,Ouest,2026-12-01,12,2026,0.16,0.16,0.16,3.2,41000.0,131909.0,0.13
S3_reappro_100,I1051,INGREDIENTS,Mbouda,Ouest,2026-12-01,12,2026,0.16,0.16,0.16,3.2,41000.0,131909.0,0.13
S4_baisse_prix,I1051,INGREDIENTS,Mbouda,Ouest,2026-12-01,12,2026,0.16,0.16,0.16,3.2,41000.0,131909.0,0.13
S1_rupture,M1051,MAIS,Ndobo,Littoral,2025-09-01,9,2026,514.73,514.73,514.73,10294.6,12250.0,126108963.0,126.11
S2_reappro_50,M1051,MAIS,Ndobo,Littoral,2025-09-01,9,2026,514.73,514.73,514.73,10294.6,12250.0,126108963.0,126.11
S3_reappro_100,M1051,MAIS,Ndobo,Littoral,2025-09-01,9,2026,514.73,514.73,514.73,10294.6,12250.0,126108963.0,126.11
S4_baisse_prix,M1051,MAIS,Ndobo,Littoral,2025-09-01,9,2026,514.73,514.73,514.73,10294.6,12250.0,126108963.0,126.11
S1_rupture,T102,TOURTEAUX,Ahala,Centre,2026-09-01,9,2026,45.07,45.05,45.09,901.4,20600.0,18568791.0,18.57
S2_reappro_50,T102,TOURTEAUX,Ahala,Centre,2026-09-01,9,2026,45.07,45.05,45.09,901.4,20600.0,18568791.0,18.57
S3_reappro_100,T102,TOURTEAUX,Ahala,Centre,2026-09-01,9,2026,63.1,63.07,63.13,1262.0,20600.0,25996307.0,26.0
S4_baisse_prix,T102,TOURTEAUX,Ahala,Centre,2026-09-01,9,2026,66.25,99.1,99.2,1325.1,18540.0,24566510.0,24.57
S1_rupture,T102,TOURTEAUX,Bertoua,Centre,2026-09-01,9,2026,37.51,37.49,37.53,750.2,20600.0,15453861.0,15.45
S2_reappro_50,T102,TOURTEAUX,Bertoua,Centre,2026-09-01,9,2026,37.51,37.49,37.53,750.2,20600.0,15453861.0,15.45
S3_reappro_100,T102,TOURTEAUX,Bertoua,Centre,2026-09-01,9,2026,52.51,52.49,52.54,1050.3,20600.0,21635406.0,21.64
S4_baisse_prix,T102,TOURTEAUX,Bertoua,Centre,2026-09-01,9,2026,55.14,82.48,82.56,1102.8,18540.0,20445458.0,20.45
S1_rupture,T102,TOURTEAUX,Messassi,Centre,2026-09-01,9,2026,88.4,88.35,88.44,1767.9,20600.0,36419243.0,36.42
S2_reappro_50,T102,TOURTEAUX,Messassi,Centre,2026-09-01,9,2026,88.4,88.35,88.44,1767.9,20600.0,36419243.0,36.42
S3_reappro_100,T102,TOURTEAUX,Messassi,Centre,2026-09-01,9,2026,123.75,123.69,123.81,2475.1,20600.0,50986940.0,50.99
S4_baisse_prix,T102,TOURTEAUX,Messassi,Centre,2026-09-01,9,2026,129.94,194.37,194.56,2598.8,18540.0,48182658.0,48.18
S1_rupture,T102,TOURTEAUX,Ngaoundere,Centre,2026-09-01,9,2026,22.06,22.05,22.07,441.1,20600.0,9087142.0,9.09
S2_reappro_50,T102,TOURTEAUX,Ngaoundere,Centre,2026-09-01,9,2026,22.06,22.05,22.07,441.1,20600.0,9087142.0,9.09
S3_reappro_100,T102,TOURTEAUX,Ngaoundere,Centre,2026-09-01,9,2026,30.88,30.86,30.89,617.6,20600.0,12721998.0,12.72
S4_baisse_prix,T102,TOURTEAUX,Ngaoundere,Centre,2026-09-01,9,2026,32.42,48.5,48.55,648.5,18540.0,12022289.0,12.02
S1_rupture,T102,TOURTEAUX,Nkoabang,Centre,2026-09-01,9,2026,29.76,29.74,29.77,595.1,20600.0,12259510.0,12.26
S2_reappro_50,T102,TOURTEAUX,Nkoabang,Centre,2026-09-01,9,2026,29.76,29.74,29.77,595.1,20600.0,12259510.0,12.26
S3_reappro_100,T102,TOURTEAUX,Nkoabang,Centre,2026-09-01,9,2026,41.66,41.64,41.68,833.2,20600.0,17163314.0,17.16
S4_baisse_prix,T102,TOURTEAUX,Nkoabang,Centre,2026-09-01,9,2026,43.74,65.43,65.49,874.8,18540.0,16219332.0,16.22
S1_rupture,T102,TOURTEAUX,Nkolbisson,Centre,2026-09-01,9,2026,12.28,12.27,12.28,245.6,20600.0,5058392.0,5.06
S2_reappro_50,T102,TOURTEAUX,Nkolbisson,Centre,2026-09-01,9,2026,12.28,12.27,12.28,245.6,20600.0,5058392.0,5.06
S3_reappro_100,T102,TOURTEAUX,Nkolbisson,Centre,2026-09-01,9,2026,17.19,17.18,17.2,343.8,20600.0,7081749.0,7.08
S4_baisse_prix,T102,TOURTEAUX,Nkolbisson,Centre,2026-09-01,9,2026,18.05,27.0,27.02,361.0,18540.0,6692253.0,6.69
S1_rupture,T1021,TOURTEAUX,Messassi,Centre,2026-09-01,9,2026,0.0,0.0,0.0,0.0,22500.0,160.0,0.0
S2_reappro_50,T1021,TOURTEAUX,Messassi,Centre,2026-09-01,9,2026,0.0,0.0,0.0,0.0,22500.0,160.0,0.0
S3_reappro_100,T1021,TOURTEAUX,Messassi,Centre,2026-09-01,9,2026,0.0,0.0,0.0,0.0,22500.0,224.0,0.0
S4_baisse_prix,T1021,TOURTEAUX,Messassi,Centre,2026-09-01,9,2026,0.0,0.0,0.0,0.0,20250.0,212.0,0.0
S1_rupture,T1021,TOURTEAUX,Nkoabang,Centre,2026-09-01,9,2026,0.0,0.0,0.0,0.0,22500.0,108.0,0.0
S2_reappro_50,T1021,TOURTEAUX,Nkoabang,Centre,2026-09-01,9,2026,0.0,0.0,0.0,0.0,22500.0,108.0,0.0
S3_reappro_100,T1021,TOURTEAUX,Nkoabang,Centre,2026-09-01,9,2026,0.0,0.0,0.0,0.0,22500.0,152.0,0.0
S4_baisse_prix,T1021,TOURTEAUX,Nkoabang,Centre,2026-09-01,9,2026,0.0,0.0,0.0,0.0,20250.0,143.0,0.0
S1_rupture,T1023,TOURTEAUX,Ahala,Centre,2026-09-01,9,2026,0.0,0.0,0.0,0.0,23890.0,356.0,0.0
S2_reappro_50,T1023,TOURTEAUX,Ahala,Centre,2026-09-01,9,2026,0.0,0.0,0.0,0.0,23890.0,356.0,0.0
S3_reappro_100,T1023,TOURTEAUX,Ahala,Centre,2026-09-01,9,2026,0.0,0.0,0.0,0.0,23890.0,499.0,0.0
S4_baisse_prix,T1023,TOURTEAUX,Ahala,Centre,2026-09-01,9,2026,0.0,0.0,0.0,0.0,21501.0,471.0,0.0
S1_rupture,T1023,TOURTEAUX,Bertoua,Centre,2026-09-01,9,2026,0.01,0.01,0.01,0.2,23890.0,5154.0,0.01
S2_reappro_50,T1023,TOURTEAUX,Bertoua,Centre,2026-09-01,9,2026,0.01,0.01,0.01,0.2,23890.0,5154.0,0.01
S3_reappro_100,T1023,TOURTEAUX,Bertoua,Centre,2026-09-01,9,2026,0.02,0.02,0.02,0.3,23890.0,7215.0,0.01
S4_baisse_prix,T1023,TOURTEAUX,Bertoua,Centre,2026-09-01,9,2026,0.02,0.02,0.02,0.3,21501.0,6818.0,0.01
S1_rupture,T1023,TOURTEAUX,Messassi,Centre,2026-09-01,9,2026,0.01,0.01,0.01,0.1,23890.0,2632.0,0.0
S2_reappro_50,T1023,TOURTEAUX,Messassi,Centre,2026-09-01,9,2026,0.01,0.01,0.01,0.1,23890.0,2632.0,0.0
S3_reappro_100,T1023,TOURTEAUX,Messassi,Centre,2026-09-01,9,2026,0.01,0.01,0.01,0.2,23890.0,3684.0,0.0
S4_baisse_prix,T1023,TOURTEAUX,Messassi,Centre,2026-09-01,9,2026,0.01,0.01,0.01,0.2,21501.0,3482.0,0.0
S1_rupture,T1023,TOURTEAUX,Ngaoundere,Centre,2026-09-01,9,2026,0.01,0.01,0.01,0.2,23890.0,5099.0,0.01
S2_reappro_50,T1023,TOURTEAUX,Ngaoundere,Centre,2026-09-01,9,2026,0.01,0.01,0.01,0.2,23890.0,5099.0,0.01
S3_reappro_100,T1023,TOURTEAUX,Ngaoundere,Centre,2026-09-01,9,2026,0.01,0.01,0.01,0.3,23890.0,7138.0,0.01
S4_baisse_prix,T1023,TOURTEAUX,Ngaoundere,Centre,2026-09-01,9,2026,0.02,0.02,0.02,0.3,21501.0,6746.0,0.01
S1_rupture,T1023,TOURTEAUX,Nkoabang,Centre,2026-09-01,9,2026,0.0,0.0,0.0,0.0,23890.0,630.0,0.0
S2_reappro_50,T1023,TOURTEAUX,Nkoabang,Centre,2026-09-01,9,2026,0.0,0.0,0.0,0.0,23890.0,630.0,0.0
S3_reappro_100,T1023,TOURTEAUX,Nkoabang,Centre,2026-09-01,9,2026,0.0,0.0,0.0,0.0,23890.0,883.0,0.0
S4_baisse_prix,T1023,TOURTEAUX,Nkoabang,Centre,2026-09-01,9,2026,0.0,0.0,0.0,0.0,21501.0,834.0,0.0
S1_rupture,T1023,TOURTEAUX,Nkolbisson,Centre,2026-09-01,9,2026,0.0,0.0,0.0,0.1,23890.0,2001.0,0.0
S2_reappro_50,T1023,TOURTEAUX,Nkolbisson,Centre,2026-09-01,9,2026,0.0,0.0,0.0,0.1,23890.0,2001.0,0.0
S3_reappro_100,T1023,TOURTEAUX,Nkolbisson,Centre,2026-09-01,9,2026,0.01,0.01,0.01,0.1,23890.0,2802.0,0.0
S4_baisse_prix,T1023,TOURTEAUX,Nkolbisson,Centre,2026-09-01,9,2026,0.01,0.01,0.01,0.1,21501.0,2647.0,0.0
S1_rupture,T1024,TOURTEAUX,Ahala,Centre,2026-09-01,9,2026,0.0,0.0,0.0,0.1,23090.0,1987.0,0.0
S2_reappro_50,T1024,TOURTEAUX,Ahala,Centre,2026-09-01,9,2026,0.0,0.0,0.0,0.1,23090.0,1987.0,0.0
S3_reappro_100,T1024,TOURTEAUX,Ahala,Centre,2026-09-01,9,2026,0.01,0.01,0.01,0.1,23090.0,2782.0,0.0
S4_baisse_prix,T1024,TOURTEAUX,Ahala,Centre,2026-09-01,9,2026,0.01,0.01,0.01,0.1,20781.0,2629.0,0.0
S1_rupture,T1024,TOURTEAUX,Bertoua,Centre,2026-09-01,9,2026,0.01,0.01,0.01,0.2,23090.0,3577.0,0.0
S2_reappro_50,T1024,TOURTEAUX,Bertoua,Centre,2026-09-01,9,2026,0.01,0.01,0.01,0.2,23090.0,3577.0,0.0
S3_reappro_100,T1024,TOURTEAUX,Bertoua,Centre,2026-09-01,9,2026,0.01,0.01,0.01,0.2,23090.0,5007.0,0.01
S4_baisse_prix,T1024,TOURTEAUX,Bertoua,Centre,2026-09-01,9,2026,0.01,0.02,0.02,0.2,20781.0,4732.0,0.0
S1_rupture,T1024,TOURTEAUX,Messassi,Centre,2026-09-01,9,2026,0.01,0.01,0.01,0.2,23090.0,5431.0,0.01
S2_reappro_50,T1024,TOURTEAUX,Messassi,Centre,2026-09-01,9,2026,0.01,0.01,0.01,0.2,23090.0,5431.0,0.01
S3_reappro_100,T1024,TOURTEAUX,Messassi,Centre,2026-09-01,9,2026,0.02,0.02,0.02,0.3,23090.0,7604.0,0.01
S4_baisse_prix,T1024,TOURTEAUX,Messassi,Centre,2026-09-01,9,2026,0.02,0.03,0.03,0.3,20781.0,7186.0,0.01
S1_rupture,T1024,TOURTEAUX,Ngaoundere,Centre,2026-09-01,9,2026,0.02,0.02,0.02,0.3,23090.0,7551.0,0.01
S2_reappro_50,T1024,TOURTEAUX,Ngaoundere,Centre,2026-09-01,9,2026,0.02,0.02,0.02,0.3,23090.0,7551.0,0.01
S3_reappro_100,T1024,TOURTEAUX,Ngaoundere,Centre,2026-09-01,9,2026,0.02,0.02,0.02,0.5,23090.0,10571.0,0.01
S4_baisse_prix,T1024,TOURTEAUX,Ngaoundere,Centre,2026-09-01,9,2026,0.02,0.04,0.04,0.5,20781.0,9990.0,0.01
S1_rupture,T1024,TOURTEAUX,Nkoabang,Centre,2026-09-01,9,2026,0.0,0.0,0.0,0.0,23090.0,662.0,0.0
S2_reappro_50,T1024,TOURTEAUX,Nkoabang,Centre,2026-09-01,9,2026,0.0,0.0,0.0,0.0,23090.0,662.0,0.0
S3_reappro_100,T1024,TOURTEAUX,Nkoabang,Centre,2026-09-01,9,2026,0.0,0.0,0.0,0.0,23090.0,927.0,0.0
S4_baisse_prix,T1024,TOURTEAUX,Nkoabang,Centre,2026-09-01,9,2026,0.0,0.0,0.0,0.0,20781.0,876.0,0.0
S1_rupture,T1024,TOURTEAUX,Nkolbisson,Centre,2026-09-01,9,2026,0.01,0.01,0.01,0.1,23090.0,2649.0,0.0
S2_reappro_50,T1024,TOURTEAUX,Nkolbisson,Centre,2026-09-01,9,2026,0.01,0.01,0.01,0.1,23090.0,2649.0,0.0
S3_reappro_100,T1024,TOURTEAUX,Nkolbisson,Centre,2026-09-01,9,2026,0.01,0.01,0.01,0.2,23090.0,3709.0,0.0
S4_baisse_prix,T1024,TOURTEAUX,Nkolbisson,Centre,2026-09-01,9,2026,0.01,0.01,0.01,0.2,20781.0,3505.0,0.0
S1_rupture,T102,TOURTEAUX,Ahala,Centre,2026-10-01,10,2026,0.0,0.0,0.0,0.0,20600.0,0.0,0.0
S2_reappro_50,T102,TOURTEAUX,Ahala,Centre,2026-10-01,10,2026,314.69,314.17,315.14,6293.7,20600.0,129650703.0,129.65
S3_reappro_100,T102,TOURTEAUX,Ahala,Centre,2026-10-01,10,2026,449.55,448.82,450.2,8991.0,20600.0,185215290.0,185.22
S4_baisse_prix,T102,TOURTEAUX,Ahala,Centre,2026-10-01,10,2026,494.51,493.7,495.22,9890.1,18540.0,183363137.0,183.36
S1_rupture,T102,TOURTEAUX,Bertoua,Centre,2026-10-01,10,2026,0.0,0.0,0.0,0.0,20600.0,0.0,0.0
S2_reappro_50,T102,TOURTEAUX,Bertoua,Centre,2026-10-01,10,2026,261.9,261.47,262.28,5237.9,20600.0,107901693.0,107.9
S3_reappro_100,T102,TOURTEAUX,Bertoua,Centre,2026-10-01,10,2026,374.14,373.53,374.68,7482.8,20600.0,154145276.0,154.15
S4_baisse_prix,T102,TOURTEAUX,Bertoua,Centre,2026-10-01,10,2026,411.55,410.88,412.15,8231.1,18540.0,152603823.0,152.6
S1_rupture,T102,TOURTEAUX,Messassi,Centre,2026-10-01,10,2026,0.0,0.0,0.0,0.0,20600.0,0.0,0.0
S2_reappro_50,T102,TOURTEAUX,Messassi,Centre,2026-10-01,10,2026,617.2,616.19,618.09,12344.0,20600.0,254285831.0,254.29
S3_reappro_100,T102,TOURTEAUX,Messassi,Centre,2026-10-01,10,2026,881.71,880.27,882.99,17634.2,20600.0,363265473.0,363.27
S4_baisse_prix,T102,TOURTEAUX,Messassi,Centre,2026-10-01,10,2026,969.88,968.3,971.29,19397.7,18540.0,359632818.0,359.63
S1_rupture,T102,TOURTEAUX,Ngaoundere,Centre,2026-10-01,10,2026,0.0,0.0,0.0,0.0,20600.0,0.0,0.0
S2_reappro_50,T102,TOURTEAUX,Ngaoundere,Centre,2026-10-01,10,2026,154.0,153.75,154.22,3080.0,20600.0,63448090.0,63.45
S3_reappro_100,T102,TOURTEAUX,Ngaoundere,Centre,2026-10-01,10,2026,220.0,219.64,220.32,4400.0,20600.0,90640129.0,90.64
S4_baisse_prix,T102,TOURTEAUX,Ngaoundere,Centre,2026-10-01,10,2026,242.0,241.61,242.35,4840.0,18540.0,89733727.0,89.73
S1_rupture,T102,TOURTEAUX,Nkoabang,Centre,2026-10-01,10,2026,0.0,0.0,0.0,0.0,20600.0,0.0,0.0
S2_reappro_50,T102,TOURTEAUX,Nkoabang,Centre,2026-10-01,10,2026,207.76,207.42,208.06,4155.2,20600.0,85598148.0,85.6
S3_reappro_100,T102,TOURTEAUX,Nkoabang,Centre,2026-10-01,10,2026,296.8,296.32,297.23,5936.1,20600.0,122283068.0,122.28
S4_baisse_prix,T102,TOURTEAUX,Nkoabang,Centre,2026-10-01,10,2026,326.48,325.95,326.96,6529.7,18540.0,121060238.0,121.06
S1_rupture,T102,TOURTEAUX,Nkolbisson,Centre,2026-10-01,10,2026,0.0,0.0,0.0,0.0,20600.0,0.0,0.0
S2_reappro_50,T102,TOURTEAUX,Nkolbisson,Centre,2026-10-01,10,2026,85.72,85.58,85.85,1714.5,20600.0,35318623.0,35.32
S3_reappro_100,T102,TOURTEAUX,Nkolbisson,Centre,2026-10-01,10,2026,122.46,122.26,122.64,2449.3,20600.0,50455175.0,50.46
S4_baisse_prix,T102,TOURTEAUX,Nkolbisson,Centre,2026-10-01,10,2026,134.71,134.49,134.91,2694.2,18540.0,49950623.0,49.95
S1_rupture,T1021,TOURTEAUX,Messassi,Centre,2026-10-01,10,2026,0.0,0.0,0.0,0.0,22500.0,0.0,0.0
S2_reappro_50,T1021,TOURTEAUX,Messassi,Centre,2026-10-01,10,2026,0.0,0.0,0.0,0.0,22500.0,1118.0,0.0
S3_reappro_100,T1021,TOURTEAUX,Messassi,Centre,2026-10-01,10,2026,0.0,0.0,0.0,0.1,22500.0,1597.0,0.0
S4_baisse_prix,T1021,TOURTEAUX,Messassi,Centre,2026-10-01,10,2026,0.0,0.0,0.0,0.1,20250.0,1581.0,0.0
S1_rupture,T1021,TOURTEAUX,Nkoabang,Centre,2026-10-01,10,2026,0.0,0.0,0.0,0.0,22500.0,0.0,0.0
S2_reappro_50,T1021,TOURTEAUX,Nkoabang,Centre,2026-10-01,10,2026,0.0,0.0,0.0,0.0,22500.0,757.0,0.0
S3_reappro_100,T1021,TOURTEAUX,Nkoabang,Centre,2026-10-01,10,2026,0.0,0.0,0.0,0.0,22500.0,1082.0,0.0
S4_baisse_prix,T1021,TOURTEAUX,Nkoabang,Centre,2026-10-01,10,2026,0.0,0.0,0.0,0.1,20250.0,1071.0,0.0
S1_rupture,T1023,TOURTEAUX,Ahala,Centre,2026-10-01,10,2026,0.0,0.0,0.0,0.0,23890.0,0.0,0.0
S2_reappro_50,T1023,TOURTEAUX,Ahala,Centre,2026-10-01,10,2026,0.01,0.01,0.01,0.1,23890.0,2488.0,0.0
S3_reappro_100,T1023,TOURTEAUX,Ahala,Centre,2026-10-01,10,2026,0.01,0.01,0.01,0.1,23890.0,3555.0,0.0
S4_baisse_prix,T1023,TOURTEAUX,Ahala,Centre,2026-10-01,10,2026,0.01,0.01,0.01,0.2,21501.0,3519.0,0.0
S1_rupture,T1023,TOURTEAUX,Bertoua,Centre,2026-10-01,10,2026,0.0,0.0,0.0,0.0,23890.0,0.0,0.0
S2_reappro_50,T1023,TOURTEAUX,Bertoua,Centre,2026-10-01,10,2026,0.08,0.08,0.08,1.5,23890.0,35983.0,0.04
S3_reappro_100,T1023,TOURTEAUX,Bertoua,Centre,2026-10-01,10,2026,0.11,0.11,0.11,2.2,23890.0,51404.0,0.05
S4_baisse_prix,T1023,TOURTEAUX,Bertoua,Centre,2026-10-01,10,2026,0.12,0.12,0.12,2.4,21501.0,50890.0,0.05
S1_rupture,T1023,TOURTEAUX,Messassi,Centre,2026-10-01,10,2026,0.0,0.0,0.0,0.0,23890.0,0.0,0.0
S2_reappro_50,T1023,TOURTEAUX,Messassi,Centre,2026-10-01,10,2026,0.04,0.04,0.04,0.8,23890.0,18374.0,0.02
S3_reappro_100,T1023,TOURTEAUX,Messassi,Centre,2026-10-01,10,2026,0.05,0.05,0.06,1.1,23890.0,26249.0,0.03
S4_baisse_prix,T1023,TOURTEAUX,Messassi,Centre,2026-10-01,10,2026,0.06,0.06,0.06,1.2,21501.0,25986.0,0.03
S1_rupture,T1023,TOURTEAUX,Ngaoundere,Centre,2026-10-01,10,2026,0.0,0.0,0.0,0.0,23890.0,0.0,0.0
S2_reappro_50,T1023,TOURTEAUX,Ngaoundere,Centre,2026-10-01,10,2026,0.07,0.07,0.07,1.5,23890.0,35600.0,0.04
S3_reappro_100,T1023,TOURTEAUX,Ngaoundere,Centre,2026-10-01,10,2026,0.11,0.11,0.11,2.1,23890.0,50857.0,0.05
S4_baisse_prix,T1023,TOURTEAUX,Ngaoundere,Centre,2026-10-01,10,2026,0.12,0.12,0.12,2.3,21501.0,50349.0,0.05
S1_rupture,T1023,TOURTEAUX,Nkoabang,Centre,2026-10-01,10,2026,0.0,0.0,0.0,0.0,23890.0,0.0,0.0
S2_reappro_50,T1023,TOURTEAUX,Nkoabang,Centre,2026-10-01,10,2026,0.01,0.01,0.01,0.2,23890.0,4402.0,0.0
S3_reappro_100,T1023,TOURTEAUX,Nkoabang,Centre,2026-10-01,10,2026,0.01,0.01,0.01,0.3,23890.0,6289.0,0.01
S4_baisse_prix,T1023,TOURTEAUX,Nkoabang,Centre,2026-10-01,10,2026,0.01,0.01,0.01,0.3,21501.0,6226.0,0.01
S1_rupture,T1023,TOURTEAUX,Nkolbisson,Centre,2026-10-01,10,2026,0.0,0.0,0.0,0.0,23890.0,0.0,0.0
S2_reappro_50,T1023,TOURTEAUX,Nkolbisson,Centre,2026-10-01,10,2026,0.03,0.03,0.03,0.6,23890.0,13972.0,0.01
S3_reappro_100,T1023,TOURTEAUX,Nkolbisson,Centre,2026-10-01,10,2026,0.04,0.04,0.04,0.8,23890.0,19960.0,0.02
S4_baisse_prix,T1023,TOURTEAUX,Nkolbisson,Centre,2026-10-01,10,2026,0.05,0.05,0.05,0.9,21501.0,19761.0,0.02
S1_rupture,T1024,TOURTEAUX,Ahala,Centre,2026-10-01,10,2026,0.0,0.0,0.0,0.0,23090.0,0.0,0.0
S2_reappro_50,T1024,TOURTEAUX,Ahala,Centre,2026-10-01,10,2026,0.03,0.03,0.03,0.6,23090.0,13874.0,0.01
S3_reappro_100,T1024,TOURTEAUX,Ahala,Centre,2026-10-01,10,2026,0.04,0.04,0.04,0.9,23090.0,19820.0,0.02
S4_baisse_prix,T1024,TOURTEAUX,Ahala,Centre,2026-10-01,10,2026,0.05,0.05,0.05,0.9,20781.0,19622.0,0.02
S1_rupture,T1024,TOURTEAUX,Bertoua,Centre,2026-10-01,10,2026,0.0,0.0,0.0,0.0,23090.0,0.0,0.0
S2_reappro_50,T1024,TOURTEAUX,Bertoua,Centre,2026-10-01,10,2026,0.05,0.05,0.05,1.1,23090.0,24974.0,0.02
S3_reappro_100,T1024,TOURTEAUX,Bertoua,Centre,2026-10-01,10,2026,0.08,0.08,0.08,1.5,23090.0,35677.0,0.04
S4_baisse_prix,T1024,TOURTEAUX,Bertoua,Centre,2026-10-01,10,2026,0.08,0.08,0.09,1.7,20781.0,35320.0,0.04
S1_rupture,T1024,TOURTEAUX,Messassi,Centre,2026-10-01,10,2026,0.0,0.0,0.0,0.0,23090.0,0.0,0.0
S2_reappro_50,T1024,TOURTEAUX,Messassi,Centre,2026-10-01,10,2026,0.08,0.08,0.08,1.6,23090.0,37923.0,0.04
S3_reappro_100,T1024,TOURTEAUX,Messassi,Centre,2026-10-01,10,2026,0.12,0.12,0.12,2.3,23090.0,54175.0,0.05
S4_baisse_prix,T1024,TOURTEAUX,Messassi,Centre,2026-10-01,10,2026,0.13,0.13,0.13,2.6,20781.0,53634.0,0.05
S1_rupture,T1024,TOURTEAUX,Ngaoundere,Centre,2026-10-01,10,2026,0.0,0.0,0.0,0.0,23090.0,0.0,0.0
S2_reappro_50,T1024,TOURTEAUX,Ngaoundere,Centre,2026-10-01,10,2026,0.11,0.11,0.11,2.3,23090.0,52722.0,0.05
S3_reappro_100,T1024,TOURTEAUX,Ngaoundere,Centre,2026-10-01,10,2026,0.16,0.16,0.16,3.3,23090.0,75317.0,0.08
S4_baisse_prix,T1024,TOURTEAUX,Ngaoundere,Centre,2026-10-01,10,2026,0.18,0.18,0.18,3.6,20781.0,74564.0,0.07
S1_rupture,T1024,TOURTEAUX,Nkoabang,Centre,2026-10-01,10,2026,0.0,0.0,0.0,0.0,23090.0,0.0,0.0
S2_reappro_50,T1024,TOURTEAUX,Nkoabang,Centre,2026-10-01,10,2026,0.01,0.01,0.01,0.2,23090.0,4625.0,0.0
S3_reappro_100,T1024,TOURTEAUX,Nkoabang,Centre,2026-10-01,10,2026,0.01,0.01,0.01,0.3,23090.0,6607.0,0.01
S4_baisse_prix,T1024,TOURTEAUX,Nkoabang,Centre,2026-10-01,10,2026,0.02,0.02,0.02,0.3,20781.0,6541.0,0.01
S1_rupture,T1024,TOURTEAUX,Nkolbisson,Centre,2026-10-01,10,2026,0.0,0.0,0.0,0.0,23090.0,0.0,0.0
S2_reappro_50,T1024,TOURTEAUX,Nkolbisson,Centre,2026-10-01,10,2026,0.04,0.04,0.04,0.8,23090.0,18499.0,0.02
S3_reappro_100,T1024,TOURTEAUX,Nkolbisson,Centre,2026-10-01,10,2026,0.06,0.06,0.06,1.1,23090.0,26427.0,0.03
S4_baisse_prix,T1024,TOURTEAUX,Nkolbisson,Centre,2026-10-01,10,2026,0.06,0.06,0.06,1.3,20781.0,26163.0,0.03
S1_rupture,T102,TOURTEAUX,Ahala,Centre,2026-11-01,11,2026,0.0,0.0,0.0,0.0,20600.0,0.0,0.0
S2_reappro_50,T102,TOURTEAUX,Ahala,Centre,2026-11-01,11,2026,269.7,268.89,270.47,5394.0,20600.0,111117258.0,111.12
S3_reappro_100,T102,TOURTEAUX,Ahala,Centre,2026-11-01,11,2026,385.29,384.13,386.39,7705.8,20600.0,158738940.0,158.74
S4_baisse_prix,T102,TOURTEAUX,Ahala,Centre,2026-11-01,11,2026,423.82,422.54,425.02,8476.4,18540.0,157151551.0,157.15
S1_rupture,T102,TOURTEAUX,Bertoua,Centre,2026-11-01,11,2026,0.0,0.0,0.0,0.0,20600.0,0.0,0.0
S2_reappro_50,T102,TOURTEAUX,Bertoua,Centre,2026-11-01,11,2026,224.46,223.78,225.1,4489.2,20600.0,92477249.0,92.48
S3_reappro_100,T102,TOURTEAUX,Bertoua,Centre,2026-11-01,11,2026,320.66,319.69,321.57,6413.1,20600.0,132110355.0,132.11
S4_baisse_prix,T102,TOURTEAUX,Bertoua,Centre,2026-11-01,11,2026,352.72,351.66,353.73,7054.4,18540.0,130789252.0,130.79
S1_rupture,T102,TOURTEAUX,Messassi,Centre,2026-11-01,11,2026,0.0,0.0,0.0,0.0,20600.0,0.0,0.0
S2_reappro_50,T102,TOURTEAUX,Messassi,Centre,2026-11-01,11,2026,528.97,527.38,530.48,10579.4,20600.0,217935913.0,217.94
S3_reappro_100,T102,TOURTEAUX,Messassi,Centre,2026-11-01,11,2026,755.67,753.39,757.82,15113.4,20600.0,311337019.0,311.34
S4_baisse_prix,T102,TOURTEAUX,Messassi,Centre,2026-11-01,11,2026,831.24,828.73,833.61,16624.8,18540.0,308223649.0,308.22
S1_rupture,T102,TOURTEAUX,Ngaoundere,Centre,2026-11-01,11,2026,0.0,0.0,0.0,0.0,20600.0,0.0,0.0
S2_reappro_50,T102,TOURTEAUX,Ngaoundere,Centre,2026-11-01,11,2026,131.99,131.59,132.36,2639.7,20600.0,54378246.0,54.38
S3_reappro_100,T102,TOURTEAUX,Ngaoundere,Centre,2026-11-01,11,2026,188.55,187.98,189.09,3771.0,20600.0,77683209.0,77.68
S4_baisse_prix,T102,TOURTEAUX,Ngaoundere,Centre,2026-11-01,11,2026,207.41,206.78,208.0,4148.1,18540.0,76906377.0,76.91
S1_rupture,T102,TOURTEAUX,Nkoabang,Centre,2026-11-01,11,2026,0.0,0.0,0.0,0.0,20600.0,0.0,0.0
S2_reappro_50,T102,TOURTEAUX,Nkoabang,Centre,2026-11-01,11,2026,178.06,177.53,178.57,3561.3,20600.0,73361974.0,73.36
S3_reappro_100,T102,TOURTEAUX,Nkoabang,Centre,2026-11-01,11,2026,254.38,253.61,255.1,5087.5,20600.0,104802820.0,104.8
S4_baisse_prix,T102,TOURTEAUX,Nkoabang,Centre,2026-11-01,11,2026,279.81,278.97,280.61,5596.3,18540.0,103754792.0,103.75
S1_rupture,T102,TOURTEAUX,Nkolbisson,Centre,2026-11-01,11,2026,0.0,0.0,0.0,0.0,20600.0,0.0,0.0
S2_reappro_50,T102,TOURTEAUX,Nkolbisson,Centre,2026-11-01,11,2026,73.47,73.25,73.68,1469.4,20600.0,30269859.0,30.27
S3_reappro_100,T102,TOURTEAUX,Nkolbisson,Centre,2026-11-01,11,2026,104.96,104.64,105.26,2099.2,20600.0,43242656.0,43.24
S4_baisse_prix,T102,TOURTEAUX,Nkolbisson,Centre,2026-11-01,11,2026,115.45,115.11,115.78,2309.1,18540.0,42810229.0,42.81
S1_rupture,T1021,TOURTEAUX,Messassi,Centre,2026-11-01,11,2026,0.0,0.0,0.0,0.0,22500.0,0.0,0.0
S2_reappro_50,T1021,TOURTEAUX,Messassi,Centre,2026-11-01,11,2026,0.0,0.0,0.0,0.0,22500.0,958.0,0.0
S3_reappro_100,T1021,TOURTEAUX,Messassi,Centre,2026-11-01,11,2026,0.0,0.0,0.0,0.1,22500.0,1368.0,0.0
S4_baisse_prix,T1021,TOURTEAUX,Messassi,Centre,2026-11-01,11,2026,0.0,0.0,0.0,0.1,20250.0,1355.0,0.0
S1_rupture,T1021,TOURTEAUX,Nkoabang,Centre,2026-11-01,11,2026,0.0,0.0,0.0,0.0,22500.0,0.0,0.0
S2_reappro_50,T1021,TOURTEAUX,Nkoabang,Centre,2026-11-01,11,2026,0.0,0.0,0.0,0.0,22500.0,649.0,0.0
S3_reappro_100,T1021,TOURTEAUX,Nkoabang,Centre,2026-11-01,11,2026,0.0,0.0,0.0,0.0,22500.0,927.0,0.0
S4_baisse_prix,T1021,TOURTEAUX,Nkoabang,Centre,2026-11-01,11,2026,0.0,0.0,0.0,0.0,20250.0,918.0,0.0
S1_rupture,T1023,TOURTEAUX,Ahala,Centre,2026-11-01,11,2026,0.0,0.0,0.0,0.0,23890.0,0.0,0.0
S2_reappro_50,T1023,TOURTEAUX,Ahala,Centre,2026-11-01,11,2026,0.0,0.0,0.0,0.1,23890.0,2132.0,0.0
S3_reappro_100,T1023,TOURTEAUX,Ahala,Centre,2026-11-01,11,2026,0.01,0.01,0.01,0.1,23890.0,3046.0,0.0
S4_baisse_prix,T1023,TOURTEAUX,Ahala,Centre,2026-11-01,11,2026,0.01,0.01,0.01,0.1,21501.0,3016.0,0.0
S1_rupture,T1023,TOURTEAUX,Bertoua,Centre,2026-11-01,11,2026,0.0,0.0,0.0,0.0,23890.0,0.0,0.0
S2_reappro_50,T1023,TOURTEAUX,Bertoua,Centre,2026-11-01,11,2026,0.06,0.06,0.06,1.3,23890.0,30839.0,0.03
S3_reappro_100,T1023,TOURTEAUX,Bertoua,Centre,2026-11-01,11,2026,0.09,0.09,0.09,1.8,23890.0,44056.0,0.04
S4_baisse_prix,T1023,TOURTEAUX,Bertoua,Centre,2026-11-01,11,2026,0.1,0.1,0.1,2.0,21501.0,43615.0,0.04
S1_rupture,T1023,TOURTEAUX,Messassi,Centre,2026-11-01,11,2026,0.0,0.0,0.0,0.0,23890.0,0.0,0.0
S2_reappro_50,T1023,TOURTEAUX,Messassi,Centre,2026-11-01,11,2026,0.03,0.03,0.03,0.7,23890.0,15748.0,0.02
S3_reappro_100,T1023,TOURTEAUX,Messassi,Centre,2026-11-01,11,2026,0.05,0.05,0.05,0.9,23890.0,22497.0,0.02
S4_baisse_prix,T1023,TOURTEAUX,Messassi,Centre,2026-11-01,11,2026,0.05,0.05,0.05,1.0,21501.0,22272.0,0.02
S1_rupture,T1023,TOURTEAUX,Ngaoundere,Centre,2026-11-01,11,2026,0.0,0.0,0.0,0.0,23890.0,0.0,0.0
S2_reappro_50,T1023,TOURTEAUX,Ngaoundere,Centre,2026-11-01,11,2026,0.06,0.06,0.06,1.3,23890.0,30511.0,0.03
S3_reappro_100,T1023,TOURTEAUX,Ngaoundere,Centre,2026-11-01,11,2026,0.09,0.09,0.09,1.8,23890.0,43587.0,0.04
S4_baisse_prix,T1023,TOURTEAUX,Ngaoundere,Centre,2026-11-01,11,2026,0.1,0.1,0.1,2.0,21501.0,43151.0,0.04
S1_rupture,T1023,TOURTEAUX,Nkoabang,Centre,2026-11-01,11,2026,0.0,0.0,0.0,0.0,23890.0,0.0,0.0
S2_reappro_50,T1023,TOURTEAUX,Nkoabang,Centre,2026-11-01,11,2026,0.01,0.01,0.01,0.2,23890.0,3773.0,0.0
S3_reappro_100,T1023,TOURTEAUX,Nkoabang,Centre,2026-11-01,11,2026,0.01,0.01,0.01,0.2,23890.0,5390.0,0.01
S4_baisse_prix,T1023,TOURTEAUX,Nkoabang,Centre,2026-11-01,11,2026,0.01,0.01,0.01,0.2,21501.0,5336.0,0.01
S1_rupture,T1023,TOURTEAUX,Nkolbisson,Centre,2026-11-01,11,2026,0.0,0.0,0.0,0.0,23890.0,0.0,0.0
S2_reappro_50,T1023,TOURTEAUX,Nkolbisson,Centre,2026-11-01,11,2026,0.03,0.02,0.03,0.5,23890.0,11975.0,0.01
S3_reappro_100,T1023,TOURTEAUX,Nkolbisson,Centre,2026-11-01,11,2026,0.04,0.04,0.04,0.7,23890.0,17107.0,0.02
S4_baisse_prix,T1023,TOURTEAUX,Nkolbisson,Centre,2026-11-01,11,2026,0.04,0.04,0.04,0.8,21501.0,16936.0,0.02
S1_rupture,T1024,TOURTEAUX,Ahala,Centre,2026-11-01,11,2026,0.0,0.0,0.0,0.0,23090.0,0.0,0.0
S2_reappro_50,T1024,TOURTEAUX,Ahala,Centre,2026-11-01,11,2026,0.03,0.03,0.03,0.5,23090.0,11891.0,0.01
S3_reappro_100,T1024,TOURTEAUX,Ahala,Centre,2026-11-01,11,2026,0.04,0.04,0.04,0.7,23090.0,16987.0,0.02
S4_baisse_prix,T1024,TOURTEAUX,Ahala,Centre,2026-11-01,11,2026,0.04,0.04,0.04,0.8,20781.0,16817.0,0.02
S1_rupture,T1024,TOURTEAUX,Bertoua,Centre,2026-11-01,11,2026,0.0,0.0,0.0,0.0,23090.0,0.0,0.0
S2_reappro_50,T1024,TOURTEAUX,Bertoua,Centre,2026-11-01,11,2026,0.05,0.05,0.05,0.9,23090.0,21404.0,0.02
S3_reappro_100,T1024,TOURTEAUX,Bertoua,Centre,2026-11-01,11,2026,0.07,0.07,0.07,1.3,23090.0,30577.0,0.03
S4_baisse_prix,T1024,TOURTEAUX,Bertoua,Centre,2026-11-01,11,2026,0.07,0.07,0.07,1.5,20781.0,30271.0,0.03
S1_rupture,T1024,TOURTEAUX,Messassi,Centre,2026-11-01,11,2026,0.0,0.0,0.0,0.0,23090.0,0.0,0.0
S2_reappro_50,T1024,TOURTEAUX,Messassi,Centre,2026-11-01,11,2026,0.07,0.07,0.07,1.4,23090.0,32502.0,0.03
S3_reappro_100,T1024,TOURTEAUX,Messassi,Centre,2026-11-01,11,2026,0.1,0.1,0.1,2.0,23090.0,46431.0,0.05
S4_baisse_prix,T1024,TOURTEAUX,Messassi,Centre,2026-11-01,11,2026,0.11,0.11,0.11,2.2,20781.0,45967.0,0.05
S1_rupture,T1024,TOURTEAUX,Ngaoundere,Centre,2026-11-01,11,2026,0.0,0.0,0.0,0.0,23090.0,0.0,0.0
S2_reappro_50,T1024,TOURTEAUX,Ngaoundere,Centre,2026-11-01,11,2026,0.1,0.1,0.1,2.0,23090.0,45185.0,0.05
S3_reappro_100,T1024,TOURTEAUX,Ngaoundere,Centre,2026-11-01,11,2026,0.14,0.14,0.14,2.8,23090.0,64551.0,0.06
S4_baisse_prix,T1024,TOURTEAUX,Ngaoundere,Centre,2026-11-01,11,2026,0.15,0.15,0.15,3.1,20781.0,63905.0,0.06
S1_rupture,T1024,TOURTEAUX,Nkoabang,Centre,2026-11-01,11,2026,0.0,0.0,0.0,0.0,23090.0,0.0,0.0
S2_reappro_50,T1024,TOURTEAUX,Nkoabang,Centre,2026-11-01,11,2026,0.01,0.01,0.01,0.2,23090.0,3964.0,0.0
S3_reappro_100,T1024,TOURTEAUX,Nkoabang,Centre,2026-11-01,11,2026,0.01,0.01,0.01,0.2,23090.0,5662.0,0.01
S4_baisse_prix,T1024,TOURTEAUX,Nkoabang,Centre,2026-11-01,11,2026,0.01,0.01,0.01,0.3,20781.0,5606.0,0.01
S1_rupture,T1024,TOURTEAUX,Nkolbisson,Centre,2026-11-01,11,2026,0.0,0.0,0.0,0.0,23090.0,0.0,0.0
S2_reappro_50,T1024,TOURTEAUX,Nkolbisson,Centre,2026-11-01,11,2026,0.03,0.03,0.03,0.7,23090.0,15855.0,0.02
S3_reappro_100,T1024,TOURTEAUX,Nkolbisson,Centre,2026-11-01,11,2026,0.05,0.05,0.05,1.0,23090.0,22649.0,0.02
S4_baisse_prix,T1024,TOURTEAUX,Nkolbisson,Centre,2026-11-01,11,2026,0.05,0.05,0.05,1.1,20781.0,22423.0,0.02
S1_rupture,T102,TOURTEAUX,Ahala,Centre,2026-12-01,12,2026,0.0,0.0,0.0,0.0,20600.0,0.0,0.0
S2_reappro_50,T102,TOURTEAUX,Ahala,Centre,2026-12-01,12,2026,683.13,679.95,686.2,13662.6,20600.0,281450510.0,281.45
S3_reappro_100,T102,TOURTEAUX,Ahala,Centre,2026-12-01,12,2026,683.13,679.95,686.2,13662.6,20600.0,281450510.0,281.45
S4_baisse_prix,T102,TOURTEAUX,Ahala,Centre,2026-12-01,12,2026,751.45,747.95,754.82,15028.9,18540.0,278636005.0,278.64
S1_rupture,T102,TOURTEAUX,Bertoua,Centre,2026-12-01,12,2026,0.0,0.0,0.0,0.0,20600.0,0.0,0.0
S2_reappro_50,T102,TOURTEAUX,Bertoua,Centre,2026-12-01,12,2026,568.54,565.89,571.09,11370.7,20600.0,234236961.0,234.24
S3_reappro_100,T102,TOURTEAUX,Bertoua,Centre,2026-12-01,12,2026,568.54,565.89,571.09,11370.7,20600.0,234236961.0,234.24
S4_baisse_prix,T102,TOURTEAUX,Bertoua,Centre,2026-12-01,12,2026,625.39,622.48,628.2,12507.8,18540.0,231894591.0,231.89
S1_rupture,T102,TOURTEAUX,Messassi,Centre,2026-12-01,12,2026,0.0,0.0,0.0,0.0,20600.0,0.0,0.0
S2_reappro_50,T102,TOURTEAUX,Messassi,Centre,2026-12-01,12,2026,1339.84,1333.6,1345.85,26796.7,20600.0,552013027.0,552.01
S3_reappro_100,T102,TOURTEAUX,Messassi,Centre,2026-12-01,12,2026,1339.84,1333.6,1345.85,26796.7,20600.0,552013027.0,552.01
S4_baisse_prix,T102,TOURTEAUX,Messassi,Centre,2026-12-01,12,2026,1473.82,1466.96,1480.44,29476.4,18540.0,546492897.0,546.49
S1_rupture,T102,TOURTEAUX,Ngaoundere,Centre,2026-12-01,12,2026,0.0,0.0,0.0,0.0,20600.0,0.0,0.0
S2_reappro_50,T102,TOURTEAUX,Ngaoundere,Centre,2026-12-01,12,2026,334.31,332.75,335.81,6686.2,20600.0,137735446.0,137.74
S3_reappro_100,T102,TOURTEAUX,Ngaoundere,Centre,2026-12-01,12,2026,334.31,332.75,335.81,6686.2,20600.0,137735446.0,137.74
S4_baisse_prix,T102,TOURTEAUX,Ngaoundere,Centre,2026-12-01,12,2026,367.74,366.03,369.39,7354.8,18540.0,136358091.0,136.36
S1_rupture,T102,TOURTEAUX,Nkoabang,Centre,2026-12-01,12,2026,0.0,0.0,0.0,0.0,20600.0,0.0,0.0
S2_reappro_50,T102,TOURTEAUX,Nkoabang,Centre,2026-12-01,12,2026,451.02,448.92,453.04,9020.4,20600.0,185819605.0,185.82
S3_reappro_100,T102,TOURTEAUX,Nkoabang,Centre,2026-12-01,12,2026,451.02,448.92,453.04,9020.4,20600.0,185819605.0,185.82
S4_baisse_prix,T102,TOURTEAUX,Nkoabang,Centre,2026-12-01,12,2026,496.12,493.81,498.35,9922.4,18540.0,183961409.0,183.96
S1_rupture,T102,TOURTEAUX,Nkolbisson,Centre,2026-12-01,12,2026,0.0,0.0,0.0,0.0,20600.0,0.0,0.0
S2_reappro_50,T102,TOURTEAUX,Nkolbisson,Centre,2026-12-01,12,2026,186.09,185.23,186.93,3721.9,20600.0,76670964.0,76.67
S3_reappro_100,T102,TOURTEAUX,Nkolbisson,Centre,2026-12-01,12,2026,186.09,185.23,186.93,3721.9,20600.0,76670964.0,76.67
S4_baisse_prix,T102,TOURTEAUX,Nkolbisson,Centre,2026-12-01,12,2026,204.7,203.75,205.62,4094.1,18540.0,75904254.0,75.9
S1_rupture,T1021,TOURTEAUX,Messassi,Centre,2026-12-01,12,2026,0.0,0.0,0.0,0.0,22500.0,0.0,0.0
S2_reappro_50,T1021,TOURTEAUX,Messassi,Centre,2026-12-01,12,2026,0.01,0.01,0.01,0.1,22500.0,2426.0,0.0
S3_reappro_100,T1021,TOURTEAUX,Messassi,Centre,2026-12-01,12,2026,0.01,0.01,0.01,0.1,22500.0,2426.0,0.0
S4_baisse_prix,T1021,TOURTEAUX,Messassi,Centre,2026-12-01,12,2026,0.01,0.01,0.01,0.1,20250.0,2402.0,0.0
S1_rupture,T1021,TOURTEAUX,Nkoabang,Centre,2026-12-01,12,2026,0.0,0.0,0.0,0.0,22500.0,0.0,0.0
S2_reappro_50,T1021,TOURTEAUX,Nkoabang,Centre,2026-12-01,12,2026,0.0,0.0,0.0,0.1,22500.0,1644.0,0.0
S3_reappro_100,T1021,TOURTEAUX,Nkoabang,Centre,2026-12-01,12,2026,0.0,0.0,0.0,0.1,22500.0,1644.0,0.0
S4_baisse_prix,T1021,TOURTEAUX,Nkoabang,Centre,2026-12-01,12,2026,0.0,0.0,0.0,0.1,20250.0,1627.0,0.0
S1_rupture,T1023,TOURTEAUX,Ahala,Centre,2026-12-01,12,2026,0.0,0.0,0.0,0.0,23890.0,0.0,0.0
S2_reappro_50,T1023,TOURTEAUX,Ahala,Centre,2026-12-01,12,2026,0.01,0.01,0.01,0.2,23890.0,5401.0,0.01
S3_reappro_100,T1023,TOURTEAUX,Ahala,Centre,2026-12-01,12,2026,0.01,0.01,0.01,0.2,23890.0,5401.0,0.01
S4_baisse_prix,T1023,TOURTEAUX,Ahala,Centre,2026-12-01,12,2026,0.01,0.01,0.01,0.2,21501.0,5347.0,0.01
S1_rupture,T1023,TOURTEAUX,Bertoua,Centre,2026-12-01,12,2026,0.0,0.0,0.0,0.0,23890.0,0.0,0.0
S2_reappro_50,T1023,TOURTEAUX,Bertoua,Centre,2026-12-01,12,2026,0.16,0.16,0.16,3.3,23890.0,78113.0,0.08
S3_reappro_100,T1023,TOURTEAUX,Bertoua,Centre,2026-12-01,12,2026,0.16,0.16,0.16,3.3,23890.0,78113.0,0.08
S4_baisse_prix,T1023,TOURTEAUX,Bertoua,Centre,2026-12-01,12,2026,0.18,0.18,0.18,3.6,21501.0,77332.0,0.08
S1_rupture,T1023,TOURTEAUX,Messassi,Centre,2026-12-01,12,2026,0.0,0.0,0.0,0.0,23890.0,0.0,0.0
S2_reappro_50,T1023,TOURTEAUX,Messassi,Centre,2026-12-01,12,2026,0.08,0.08,0.08,1.7,23890.0,39888.0,0.04
S3_reappro_100,T1023,TOURTEAUX,Messassi,Centre,2026-12-01,12,2026,0.08,0.08,0.08,1.7,23890.0,39888.0,0.04
S4_baisse_prix,T1023,TOURTEAUX,Messassi,Centre,2026-12-01,12,2026,0.09,0.09,0.09,1.8,21501.0,39489.0,0.04
S1_rupture,T1023,TOURTEAUX,Ngaoundere,Centre,2026-12-01,12,2026,0.0,0.0,0.0,0.0,23890.0,0.0,0.0
S2_reappro_50,T1023,TOURTEAUX,Ngaoundere,Centre,2026-12-01,12,2026,0.16,0.16,0.16,3.2,23890.0,77282.0,0.08
S3_reappro_100,T1023,TOURTEAUX,Ngaoundere,Centre,2026-12-01,12,2026,0.16,0.16,0.16,3.2,23890.0,77282.0,0.08
S4_baisse_prix,T1023,TOURTEAUX,Ngaoundere,Centre,2026-12-01,12,2026,0.18,0.18,0.18,3.6,21501.0,76509.0,0.08
S1_rupture,T1023,TOURTEAUX,Nkoabang,Centre,2026-12-01,12,2026,0.0,0.0,0.0,0.0,23890.0,0.0,0.0
S2_reappro_50,T1023,TOURTEAUX,Nkoabang,Centre,2026-12-01,12,2026,0.02,0.02,0.02,0.4,23890.0,9556.0,0.01
S3_reappro_100,T1023,TOURTEAUX,Nkoabang,Centre,2026-12-01,12,2026,0.02,0.02,0.02,0.4,23890.0,9556.0,0.01
S4_baisse_prix,T1023,TOURTEAUX,Nkoabang,Centre,2026-12-01,12,2026,0.02,0.02,0.02,0.4,21501.0,9461.0,0.01
S1_rupture,T1023,TOURTEAUX,Nkolbisson,Centre,2026-12-01,12,2026,0.0,0.0,0.0,0.0,23890.0,0.0,0.0
S2_reappro_50,T1023,TOURTEAUX,Nkolbisson,Centre,2026-12-01,12,2026,0.06,0.06,0.06,1.3,23890.0,30331.0,0.03
S3_reappro_100,T1023,TOURTEAUX,Nkolbisson,Centre,2026-12-01,12,2026,0.06,0.06,0.06,1.3,23890.0,30331.0,0.03
S4_baisse_prix,T1023,TOURTEAUX,Nkolbisson,Centre,2026-12-01,12,2026,0.07,0.07,0.07,1.4,21501.0,30028.0,0.03
S1_rupture,T1024,TOURTEAUX,Ahala,Centre,2026-12-01,12,2026,0.0,0.0,0.0,0.0,23090.0,0.0,0.0
S2_reappro_50,T1024,TOURTEAUX,Ahala,Centre,2026-12-01,12,2026,0.07,0.06,0.07,1.3,23090.0,30119.0,0.03
S3_reappro_100,T1024,TOURTEAUX,Ahala,Centre,2026-12-01,12,2026,0.07,0.06,0.07,1.3,23090.0,30119.0,0.03
S4_baisse_prix,T1024,TOURTEAUX,Ahala,Centre,2026-12-01,12,2026,0.07,0.07,0.07,1.4,20781.0,29817.0,0.03
S1_rupture,T1024,TOURTEAUX,Bertoua,Centre,2026-12-01,12,2026,0.0,0.0,0.0,0.0,23090.0,0.0,0.0
S2_reappro_50,T1024,TOURTEAUX,Bertoua,Centre,2026-12-01,12,2026,0.12,0.12,0.12,2.3,23090.0,54214.0,0.05
S3_reappro_100,T1024,TOURTEAUX,Bertoua,Centre,2026-12-01,12,2026,0.12,0.12,0.12,2.3,23090.0,54214.0,0.05
S4_baisse_prix,T1024,TOURTEAUX,Bertoua,Centre,2026-12-01,12,2026,0.13,0.13,0.13,2.6,20781.0,53671.0,0.05
S1_rupture,T1024,TOURTEAUX,Messassi,Centre,2026-12-01,12,2026,0.0,0.0,0.0,0.0,23090.0,0.0,0.0
S2_reappro_50,T1024,TOURTEAUX,Messassi,Centre,2026-12-01,12,2026,0.18,0.18,0.18,3.6,23090.0,82324.0,0.08
S3_reappro_100,T1024,TOURTEAUX,Messassi,Centre,2026-12-01,12,2026,0.18,0.18,0.18,3.6,23090.0,82324.0,0.08
S4_baisse_prix,T1024,TOURTEAUX,Messassi,Centre,2026-12-01,12,2026,0.2,0.2,0.2,3.9,20781.0,81501.0,0.08
S1_rupture,T1024,TOURTEAUX,Ngaoundere,Centre,2026-12-01,12,2026,0.0,0.0,0.0,0.0,23090.0,0.0,0.0
S2_reappro_50,T1024,TOURTEAUX,Ngaoundere,Centre,2026-12-01,12,2026,0.25,0.25,0.25,5.0,23090.0,114451.0,0.11
S3_reappro_100,T1024,TOURTEAUX,Ngaoundere,Centre,2026-12-01,12,2026,0.25,0.25,0.25,5.0,23090.0,114451.0,0.11
S4_baisse_prix,T1024,TOURTEAUX,Ngaoundere,Centre,2026-12-01,12,2026,0.27,0.27,0.27,5.5,20781.0,113306.0,0.11
S1_rupture,T1024,TOURTEAUX,Nkoabang,Centre,2026-12-01,12,2026,0.0,0.0,0.0,0.0,23090.0,0.0,0.0
S2_reappro_50,T1024,TOURTEAUX,Nkoabang,Centre,2026-12-01,12,2026,0.02,0.02,0.02,0.4,23090.0,10040.0,0.01
S3_reappro_100,T1024,TOURTEAUX,Nkoabang,Centre,2026-12-01,12,2026,0.02,0.02,0.02,0.4,23090.0,10040.0,0.01
S4_baisse_prix,T1024,TOURTEAUX,Nkoabang,Centre,2026-12-01,12,2026,0.02,0.02,0.02,0.5,20781.0,9939.0,0.01
S1_rupture,T1024,TOURTEAUX,Nkolbisson,Centre,2026-12-01,12,2026,0.0,0.0,0.0,0.0,23090.0,0.0,0.0
S2_reappro_50,T1024,TOURTEAUX,Nkolbisson,Centre,2026-12-01,12,2026,0.09,0.09,0.09,1.7,23090.0,40158.0,0.04
S3_reappro_100,T1024,TOURTEAUX,Nkolbisson,Centre,2026-12-01,12,2026,0.09,0.09,0.09,1.7,23090.0,40158.0,0.04
S4_baisse_prix,T1024,TOURTEAUX,Nkolbisson,Centre,2026-12-01,12,2026,0.1,0.1,0.1,1.9,20781.0,39757.0,0.04
S1_rupture,T102,TOURTEAUX,Buea,Littoral,2026-09-01,9,2026,9.27,9.26,9.28,185.4,20600.0,3819517.0,3.82
S2_reappro_50,T102,TOURTEAUX,Buea,Littoral,2026-09-01,9,2026,9.27,9.26,9.28,185.4,20600.0,3819517.0,3.82
S3_reappro_100,T102,TOURTEAUX,Buea,Littoral,2026-09-01,9,2026,12.98,12.97,12.99,259.6,20600.0,5347324.0,5.35
S4_baisse_prix,T102,TOURTEAUX,Buea,Littoral,2026-09-01,9,2026,13.63,20.38,20.41,272.6,18540.0,5053221.0,5.05
S1_rupture,T102,TOURTEAUX,Ndobo,Littoral,2026-09-01,9,2026,31.39,31.37,31.42,627.8,20600.0,12932620.0,12.93
S2_reappro_50,T102,TOURTEAUX,Ndobo,Littoral,2026-09-01,9,2026,31.39,31.37,31.42,627.8,20600.0,12932620.0,12.93
S3_reappro_100,T102,TOURTEAUX,Ndobo,Littoral,2026-09-01,9,2026,43.95,43.91,43.99,878.9,20600.0,18105668.0,18.11
S4_baisse_prix,T102,TOURTEAUX,Ndobo,Littoral,2026-09-01,9,2026,46.14,69.0,69.12,922.9,18540.0,17109856.0,17.11
S1_rupture,T102,TOURTEAUX,Nkongsamba,Littoral,2026-09-01,9,2026,9.99,9.98,10.0,199.7,20600.0,4114082.0,4.11
S2_reappro_50,T102,TOURTEAUX,Nkongsamba,Littoral,2026-09-01,9,2026,9.99,9.98,10.0,199.7,20600.0,4114082.0,4.11
S3_reappro_100,T102,TOURTEAUX,Nkongsamba,Littoral,2026-09-01,9,2026,13.98,13.97,13.99,279.6,20600.0,5759715.0,5.76
S4_baisse_prix,T102,TOURTEAUX,Nkongsamba,Littoral,2026-09-01,9,2026,14.68,21.95,21.99,293.6,18540.0,5442931.0,5.44
S1_rupture,T102,TOURTEAUX,Pk11,Littoral,2026-09-01,9,2026,4.53,4.53,4.54,90.7,20600.0,1868178.0,1.87
S2_reappro_50,T102,TOURTEAUX,Pk11,Littoral,2026-09-01,9,2026,4.53,4.53,4.54,90.7,20600.0,1868178.0,1.87
S3_reappro_100,T102,TOURTEAUX,Pk11,Littoral,2026-09-01,9,2026,6.35,6.34,6.35,127.0,20600.0,2615449.0,2.62
S4_baisse_prix,T102,TOURTEAUX,Pk11,Littoral,2026-09-01,9,2026,6.67,9.97,9.99,133.3,18540.0,2471600.0,2.47
S1_rupture,T102,TOURTEAUX,Village,Littoral,2026-09-01,9,2026,11.19,11.18,11.2,223.7,20600.0,4608753.0,4.61
S2_reappro_50,T102,TOURTEAUX,Village,Littoral,2026-09-01,9,2026,11.19,11.18,11.2,223.7,20600.0,4608753.0,4.61
S3_reappro_100,T102,TOURTEAUX,Village,Littoral,2026-09-01,9,2026,15.66,15.65,15.68,313.2,20600.0,6452254.0,6.45
S4_baisse_prix,T102,TOURTEAUX,Village,Littoral,2026-09-01,9,2026,16.44,24.59,24.63,328.9,18540.0,6097380.0,6.1
S1_rupture,T1021,TOURTEAUX,Ndobo,Littoral,2026-09-01,9,2026,0.0,0.0,0.0,0.0,22500.0,294.0,0.0
S2_reappro_50,T1021,TOURTEAUX,Ndobo,Littoral,2026-09-01,9,2026,0.0,0.0,0.0,0.0,22500.0,294.0,0.0
S3_reappro_100,T1021,TOURTEAUX,Ndobo,Littoral,2026-09-01,9,2026,0.0,0.0,0.0,0.0,22500.0,411.0,0.0
S4_baisse_prix,T1021,TOURTEAUX,Ndobo,Littoral,2026-09-01,9,2026,0.0,0.0,0.0,0.0,20250.0,389.0,0.0
S1_rupture,T1021,TOURTEAUX,Village,Littoral,2026-09-01,9,2026,0.0,0.0,0.0,0.0,22500.0,7.0,0.0
S2_reappro_50,T1021,TOURTEAUX,Village,Littoral,2026-09-01,9,2026,0.0,0.0,0.0,0.0,22500.0,7.0,0.0
S3_reappro_100,T1021,TOURTEAUX,Village,Littoral,2026-09-01,9,2026,0.0,0.0,0.0,0.0,22500.0,10.0,0.0
S4_baisse_prix,T1021,TOURTEAUX,Village,Littoral,2026-09-01,9,2026,0.0,0.0,0.0,0.0,20250.0,10.0,0.0
S1_rupture,T1023,TOURTEAUX,Ndobo,Littoral,2026-09-01,9,2026,0.0,0.0,0.0,0.0,23890.0,727.0,0.0
S2_reappro_50,T1023,TOURTEAUX,Ndobo,Littoral,2026-09-01,9,2026,0.0,0.0,0.0,0.0,23890.0,727.0,0.0
S3_reappro_100,T1023,TOURTEAUX,Ndobo,Littoral,2026-09-01,9,2026,0.0,0.0,0.0,0.0,23890.0,1018.0,0.0
S4_baisse_prix,T1023,TOURTEAUX,Ndobo,Littoral,2026-09-01,9,2026,0.0,0.0,0.0,0.0,21501.0,962.0,0.0
S1_rupture,T1023,TOURTEAUX,Nkongsamba,Littoral,2026-09-01,9,2026,0.0,0.0,0.0,0.0,23890.0,1120.0,0.0
S2_reappro_50,T1023,TOURTEAUX,Nkongsamba,Littoral,2026-09-01,9,2026,0.0,0.0,0.0,0.0,23890.0,1120.0,0.0
S3_reappro_100,T1023,TOURTEAUX,Nkongsamba,Littoral,2026-09-01,9,2026,0.0,0.0,0.0,0.1,23890.0,1568.0,0.0
S4_baisse_prix,T1023,TOURTEAUX,Nkongsamba,Littoral,2026-09-01,9,2026,0.0,0.01,0.01,0.1,21501.0,1482.0,0.0
S1_rupture,T1023,TOURTEAUX,Village,Littoral,2026-09-01,9,2026,0.0,0.0,0.0,0.0,23890.0,33.0,0.0
S2_reappro_50,T1023,TOURTEAUX,Village,Littoral,2026-09-01,9,2026,0.0,0.0,0.0,0.0,23890.0,33.0,0.0
S3_reappro_100,T1023,TOURTEAUX,Village,Littoral,2026-09-01,9,2026,0.0,0.0,0.0,0.0,23890.0,46.0,0.0
S4_baisse_prix,T1023,TOURTEAUX,Village,Littoral,2026-09-01,9,2026,0.0,0.0,0.0,0.0,21501.0,43.0,0.0
S1_rupture,T1024,TOURTEAUX,Nkongsamba,Littoral,2026-09-01,9,2026,0.01,0.01,0.01,0.1,23090.0,3356.0,0.0
S2_reappro_50,T1024,TOURTEAUX,Nkongsamba,Littoral,2026-09-01,9,2026,0.01,0.01,0.01,0.1,23090.0,3356.0,0.0
S3_reappro_100,T1024,TOURTEAUX,Nkongsamba,Littoral,2026-09-01,9,2026,0.01,0.01,0.01,0.2,23090.0,4699.0,0.0
S4_baisse_prix,T1024,TOURTEAUX,Nkongsamba,Littoral,2026-09-01,9,2026,0.01,0.02,0.02,0.2,20781.0,4440.0,0.0
S1_rupture,T1024,TOURTEAUX,Village,Littoral,2026-09-01,9,2026,0.0,0.0,0.0,0.0,23090.0,158.0,0.0
S2_reappro_50,T1024,TOURTEAUX,Village,Littoral,2026-09-01,9,2026,0.0,0.0,0.0,0.0,23090.0,158.0,0.0
S3_reappro_100,T1024,TOURTEAUX,Village,Littoral,2026-09-01,9,2026,0.0,0.0,0.0,0.0,23090.0,222.0,0.0
S4_baisse_prix,T1024,TOURTEAUX,Village,Littoral,2026-09-01,9,2026,0.0,0.0,0.0,0.0,20781.0,209.0,0.0
S1_rupture,T102,TOURTEAUX,Buea,Littoral,2026-10-01,10,2026,0.0,0.0,0.0,0.0,20600.0,0.0,0.0
S2_reappro_50,T102,TOURTEAUX,Buea,Littoral,2026-10-01,10,2026,0.0,-42.75,-42.53,0.0,20600.0,0.0,0.0
S3_reappro_100,T102,TOURTEAUX,Buea,Littoral,2026-10-01,10,2026,0.0,-61.07,-60.75,0.0,20600.0,0.0,0.0
S4_baisse_prix,T102,TOURTEAUX,Buea,Littoral,2026-10-01,10,2026,0.0,-67.18,-66.83,0.0,18540.0,0.0,0.0
S1_rupture,T102,TOURTEAUX,Ndobo,Littoral,2026-10-01,10,2026,0.0,0.0,0.0,0.0,20600.0,0.0,0.0
S2_reappro_50,T102,TOURTEAUX,Ndobo,Littoral,2026-10-01,10,2026,0.0,-144.75,-143.99,0.0,20600.0,0.0,0.0
S3_reappro_100,T102,TOURTEAUX,Ndobo,Littoral,2026-10-01,10,2026,0.0,-206.79,-205.7,0.0,20600.0,0.0,0.0
S4_baisse_prix,T102,TOURTEAUX,Ndobo,Littoral,2026-10-01,10,2026,0.0,-227.47,-226.27,0.0,18540.0,0.0,0.0
S1_rupture,T102,TOURTEAUX,Nkongsamba,Littoral,2026-10-01,10,2026,0.0,0.0,0.0,0.0,20600.0,0.0,0.0
S2_reappro_50,T102,TOURTEAUX,Nkongsamba,Littoral,2026-10-01,10,2026,0.0,-46.05,-45.81,0.0,20600.0,0.0,0.0
S3_reappro_100,T102,TOURTEAUX,Nkongsamba,Littoral,2026-10-01,10,2026,0.0,-65.78,-65.44,0.0,20600.0,0.0,0.0
S4_baisse_prix,T102,TOURTEAUX,Nkongsamba,Littoral,2026-10-01,10,2026,0.0,-72.36,-71.98,0.0,18540.0,0.0,0.0
S1_rupture,T102,TOURTEAUX,Pk11,Littoral,2026-10-01,10,2026,0.0,0.0,0.0,0.0,20600.0,0.0,0.0
S2_reappro_50,T102,TOURTEAUX,Pk11,Littoral,2026-10-01,10,2026,0.0,-20.91,-20.8,0.0,20600.0,0.0,0.0
S3_reappro_100,T102,TOURTEAUX,Pk11,Littoral,2026-10-01,10,2026,0.0,-29.87,-29.71,0.0,20600.0,0.0,0.0
S4_baisse_prix,T102,TOURTEAUX,Pk11,Littoral,2026-10-01,10,2026,0.0,-32.86,-32.69,0.0,18540.0,0.0,0.0
S1_rupture,T102,TOURTEAUX,Village,Littoral,2026-10-01,10,2026,0.0,0.0,0.0,0.0,20600.0,0.0,0.0
S2_reappro_50,T102,TOURTEAUX,Village,Littoral,2026-10-01,10,2026,0.0,-51.58,-51.31,0.0,20600.0,0.0,0.0
S3_reappro_100,T102,TOURTEAUX,Village,Littoral,2026-10-01,10,2026,0.0,-73.69,-73.31,0.0,20600.0,0.0,0.0
S4_baisse_prix,T102,TOURTEAUX,Village,Littoral,2026-10-01,10,2026,0.0,-81.06,-80.64,0.0,18540.0,0.0,0.0
S1_rupture,T1021,TOURTEAUX,Ndobo,Littoral,2026-10-01,10,2026,0.0,0.0,0.0,0.0,22500.0,0.0,0.0
S2_reappro_50,T1021,TOURTEAUX,Ndobo,Littoral,2026-10-01,10,2026,0.0,-0.0,-0.0,0.0,22500.0,0.0,0.0
S3_reappro_100,T1021,TOURTEAUX,Ndobo,Littoral,2026-10-01,10,2026,0.0,-0.0,-0.0,0.0,22500.0,0.0,0.0
S4_baisse_prix,T1021,TOURTEAUX,Ndobo,Littoral,2026-10-01,10,2026,0.0,-0.0,-0.0,0.0,20250.0,0.0,0.0
S1_rupture,T1021,TOURTEAUX,Village,Littoral,2026-10-01,10,2026,0.0,0.0,0.0,0.0,22500.0,0.0,0.0
S2_reappro_50,T1021,TOURTEAUX,Village,Littoral,2026-10-01,10,2026,0.0,-0.0,-0.0,0.0,22500.0,0.0,0.0
S3_reappro_100,T1021,TOURTEAUX,Village,Littoral,2026-10-01,10,2026,0.0,-0.0,-0.0,0.0,22500.0,0.0,0.0
S4_baisse_prix,T1021,TOURTEAUX,Village,Littoral,2026-10-01,10,2026,0.0,-0.0,-0.0,0.0,20250.0,0.0,0.0
S1_rupture,T1023,TOURTEAUX,Ndobo,Littoral,2026-10-01,10,2026,0.0,0.0,0.0,0.0,23890.0,0.0,0.0
S2_reappro_50,T1023,TOURTEAUX,Ndobo,Littoral,2026-10-01,10,2026,0.0,-0.01,-0.01,0.0,23890.0,0.0,0.0
S3_reappro_100,T1023,TOURTEAUX,Ndobo,Littoral,2026-10-01,10,2026,0.0,-0.01,-0.01,0.0,23890.0,0.0,0.0
S4_baisse_prix,T1023,TOURTEAUX,Ndobo,Littoral,2026-10-01,10,2026,0.0,-0.01,-0.01,0.0,21501.0,0.0,0.0
S1_rupture,T1023,TOURTEAUX,Nkongsamba,Littoral,2026-10-01,10,2026,0.0,0.0,0.0,0.0,23890.0,0.0,0.0
S2_reappro_50,T1023,TOURTEAUX,Nkongsamba,Littoral,2026-10-01,10,2026,0.0,-0.01,-0.01,0.0,23890.0,0.0,0.0
S3_reappro_100,T1023,TOURTEAUX,Nkongsamba,Littoral,2026-10-01,10,2026,0.0,-0.02,-0.02,0.0,23890.0,0.0,0.0
S4_baisse_prix,T1023,TOURTEAUX,Nkongsamba,Littoral,2026-10-01,10,2026,0.0,-0.02,-0.02,0.0,21501.0,0.0,0.0
S1_rupture,T1023,TOURTEAUX,Village,Littoral,2026-10-01,10,2026,0.0,0.0,0.0,0.0,23890.0,0.0,0.0
S2_reappro_50,T1023,TOURTEAUX,Village,Littoral,2026-10-01,10,2026,0.0,-0.0,-0.0,0.0,23890.0,0.0,0.0
S3_reappro_100,T1023,TOURTEAUX,Village,Littoral,2026-10-01,10,2026,0.0,-0.0,-0.0,0.0,23890.0,0.0,0.0
S4_baisse_prix,T1023,TOURTEAUX,Village,Littoral,2026-10-01,10,2026,0.0,-0.0,-0.0,0.0,21501.0,0.0,0.0
S1_rupture,T1024,TOURTEAUX,Nkongsamba,Littoral,2026-10-01,10,2026,0.0,0.0,0.0,0.0,23090.0,0.0,0.0
S2_reappro_50,T1024,TOURTEAUX,Nkongsamba,Littoral,2026-10-01,10,2026,0.0,-0.03,-0.03,0.0,23090.0,0.0,0.0
S3_reappro_100,T1024,TOURTEAUX,Nkongsamba,Littoral,2026-10-01,10,2026,0.0,-0.05,-0.05,0.0,23090.0,0.0,0.0
S4_baisse_prix,T1024,TOURTEAUX,Nkongsamba,Littoral,2026-10-01,10,2026,0.0,-0.05,-0.05,0.0,20781.0,0.0,0.0
S1_rupture,T1024,TOURTEAUX,Village,Littoral,2026-10-01,10,2026,0.0,0.0,0.0,0.0,23090.0,0.0,0.0
S2_reappro_50,T1024,TOURTEAUX,Village,Littoral,2026-10-01,10,2026,0.0,-0.0,-0.0,0.0,23090.0,0.0,0.0
S3_reappro_100,T1024,TOURTEAUX,Village,Littoral,2026-10-01,10,2026,0.0,-0.0,-0.0,0.0,23090.0,0.0,0.0
S4_baisse_prix,T1024,TOURTEAUX,Village,Littoral,2026-10-01,10,2026,0.0,-0.0,-0.0,0.0,20781.0,0.0,0.0
S1_rupture,T102,TOURTEAUX,Buea,Littoral,2026-11-01,11,2026,0.0,0.0,0.0,0.0,20600.0,0.0,0.0
S2_reappro_50,T102,TOURTEAUX,Buea,Littoral,2026-11-01,11,2026,699.15,696.08,702.76,13982.9,20600.0,288048101.0,288.05
S3_reappro_100,T102,TOURTEAUX,Buea,Littoral,2026-11-01,11,2026,998.78,994.4,1003.94,19975.6,20600.0,411497288.0,411.5
S4_baisse_prix,T102,TOURTEAUX,Buea,Littoral,2026-11-01,11,2026,1098.66,1093.84,1104.33,21973.2,18540.0,407382315.0,407.38
S1_rupture,T102,TOURTEAUX,Ndobo,Littoral,2026-11-01,11,2026,0.0,0.0,0.0,0.0,20600.0,0.0,0.0
S2_reappro_50,T102,TOURTEAUX,Ndobo,Littoral,2026-11-01,11,2026,2367.26,2356.87,2379.49,47345.2,20600.0,975310898.0,975.31
S3_reappro_100,T102,TOURTEAUX,Ndobo,Littoral,2026-11-01,11,2026,3381.8,3366.96,3399.27,67636.0,20600.0,1393301283.0,1393.3
S4_baisse_prix,T102,TOURTEAUX,Ndobo,Littoral,2026-11-01,11,2026,3719.98,3703.66,3739.19,74399.6,18540.0,1379368270.0,1379.37
S1_rupture,T102,TOURTEAUX,Nkongsamba,Littoral,2026-11-01,11,2026,0.0,0.0,0.0,0.0,20600.0,0.0,0.0
S2_reappro_50,T102,TOURTEAUX,Nkongsamba,Littoral,2026-11-01,11,2026,753.06,749.76,756.95,15061.3,20600.0,310262674.0,310.26
S3_reappro_100,T102,TOURTEAUX,Nkongsamba,Littoral,2026-11-01,11,2026,1075.81,1071.09,1081.36,21516.1,20600.0,443232391.0,443.23
S4_baisse_prix,T102,TOURTEAUX,Nkongsamba,Littoral,2026-11-01,11,2026,1183.39,1178.2,1189.5,23667.7,18540.0,438800067.0,438.8
S1_rupture,T102,TOURTEAUX,Pk11,Littoral,2026-11-01,11,2026,0.0,0.0,0.0,0.0,20600.0,0.0,0.0
S2_reappro_50,T102,TOURTEAUX,Pk11,Littoral,2026-11-01,11,2026,341.96,340.46,343.73,6839.2,20600.0,140888277.0,140.89
S3_reappro_100,T102,TOURTEAUX,Pk11,Littoral,2026-11-01,11,2026,488.52,486.37,491.04,9770.3,20600.0,201268967.0,201.27
S4_baisse_prix,T102,TOURTEAUX,Pk11,Littoral,2026-11-01,11,2026,537.37,535.01,540.14,10747.4,18540.0,199256277.0,199.26
S1_rupture,T102,TOURTEAUX,Village,Littoral,2026-11-01,11,2026,0.0,0.0,0.0,0.0,20600.0,0.0,0.0
S2_reappro_50,T102,TOURTEAUX,Village,Littoral,2026-11-01,11,2026,843.61,839.91,847.97,16872.2,20600.0,347568158.0,347.57
S3_reappro_100,T102,TOURTEAUX,Village,Littoral,2026-11-01,11,2026,1205.16,1199.87,1211.38,24103.2,20600.0,496525940.0,496.53
S4_baisse_prix,T102,TOURTEAUX,Village,Littoral,2026-11-01,11,2026,1325.68,1319.86,1332.52,26513.5,18540.0,491560680.0,491.56
S1_rupture,T1021,TOURTEAUX,Ndobo,Littoral,2026-11-01,11,2026,0.0,0.0,0.0,0.0,22500.0,0.0,0.0
S2_reappro_50,T1021,TOURTEAUX,Ndobo,Littoral,2026-11-01,11,2026,0.05,0.05,0.05,1.0,22500.0,22151.0,0.02
S3_reappro_100,T1021,TOURTEAUX,Ndobo,Littoral,2026-11-01,11,2026,0.07,0.07,0.07,1.4,22500.0,31644.0,0.03
S4_baisse_prix,T1021,TOURTEAUX,Ndobo,Littoral,2026-11-01,11,2026,0.08,0.08,0.08,1.5,20250.0,31328.0,0.03
S1_rupture,T1021,TOURTEAUX,Village,Littoral,2026-11-01,11,2026,0.0,0.0,0.0,0.0,22500.0,0.0,0.0
S2_reappro_50,T1021,TOURTEAUX,Village,Littoral,2026-11-01,11,2026,0.0,0.0,0.0,0.0,22500.0,558.0,0.0
S3_reappro_100,T1021,TOURTEAUX,Village,Littoral,2026-11-01,11,2026,0.0,0.0,0.0,0.0,22500.0,798.0,0.0
S4_baisse_prix,T1021,TOURTEAUX,Village,Littoral,2026-11-01,11,2026,0.0,0.0,0.0,0.0,20250.0,790.0,0.0
S1_rupture,T1023,TOURTEAUX,Ndobo,Littoral,2026-11-01,11,2026,0.0,0.0,0.0,0.0,23890.0,0.0,0.0
S2_reappro_50,T1023,TOURTEAUX,Ndobo,Littoral,2026-11-01,11,2026,0.11,0.11,0.12,2.3,23890.0,54845.0,0.05
S3_reappro_100,T1023,TOURTEAUX,Ndobo,Littoral,2026-11-01,11,2026,0.16,0.16,0.16,3.3,23890.0,78350.0,0.08
S4_baisse_prix,T1023,TOURTEAUX,Ndobo,Littoral,2026-11-01,11,2026,0.18,0.18,0.18,3.6,21501.0,77567.0,0.08
S1_rupture,T1023,TOURTEAUX,Nkongsamba,Littoral,2026-11-01,11,2026,0.0,0.0,0.0,0.0,23890.0,0.0,0.0
S2_reappro_50,T1023,TOURTEAUX,Nkongsamba,Littoral,2026-11-01,11,2026,0.18,0.18,0.18,3.5,23890.0,84491.0,0.08
S3_reappro_100,T1023,TOURTEAUX,Nkongsamba,Littoral,2026-11-01,11,2026,0.25,0.25,0.25,5.1,23890.0,120702.0,0.12
S4_baisse_prix,T1023,TOURTEAUX,Nkongsamba,Littoral,2026-11-01,11,2026,0.28,0.28,0.28,5.6,21501.0,119495.0,0.12
S1_rupture,T1023,TOURTEAUX,Village,Littoral,2026-11-01,11,2026,0.0,0.0,0.0,0.0,23890.0,0.0,0.0
S2_reappro_50,T1023,TOURTEAUX,Village,Littoral,2026-11-01,11,2026,0.01,0.01,0.01,0.1,23890.0,2471.0,0.0
S3_reappro_100,T1023,TOURTEAUX,Village,Littoral,2026-11-01,11,2026,0.01,0.01,0.01,0.1,23890.0,3529.0,0.0
S4_baisse_prix,T1023,TOURTEAUX,Village,Littoral,2026-11-01,11,2026,0.01,0.01,0.01,0.2,21501.0,3494.0,0.0
S1_rupture,T1024,TOURTEAUX,Nkongsamba,Littoral,2026-11-01,11,2026,0.0,0.0,0.0,0.0,23090.0,0.0,0.0
S2_reappro_50,T1024,TOURTEAUX,Nkongsamba,Littoral,2026-11-01,11,2026,0.55,0.55,0.55,11.0,23090.0,253104.0,0.25
S3_reappro_100,T1024,TOURTEAUX,Nkongsamba,Littoral,2026-11-01,11,2026,0.78,0.78,0.79,15.7,23090.0,361578.0,0.36
S4_baisse_prix,T1024,TOURTEAUX,Nkongsamba,Littoral,2026-11-01,11,2026,0.86,0.86,0.87,17.2,20781.0,357962.0,0.36
S1_rupture,T1024,TOURTEAUX,Village,Littoral,2026-11-01,11,2026,0.0,0.0,0.0,0.0,23090.0,0.0,0.0
S2_reappro_50,T1024,TOURTEAUX,Village,Littoral,2026-11-01,11,2026,0.03,0.03,0.03,0.5,23090.0,11939.0,0.01
S3_reappro_100,T1024,TOURTEAUX,Village,Littoral,2026-11-01,11,2026,0.04,0.04,0.04,0.7,23090.0,17056.0,0.02
S4_baisse_prix,T1024,TOURTEAUX,Village,Littoral,2026-11-01,11,2026,0.04,0.04,0.04,0.8,20781.0,16885.0,0.02
S1_rupture,T102,TOURTEAUX,Buea,Littoral,2026-12-01,12,2026,0.0,0.0,0.0,0.0,20600.0,0.0,0.0
S2_reappro_50,T102,TOURTEAUX,Buea,Littoral,2026-12-01,12,2026,657.93,653.43,663.39,13158.6,20600.0,271067766.0,271.07
S3_reappro_100,T102,TOURTEAUX,Buea,Littoral,2026-12-01,12,2026,657.93,653.43,663.39,13158.6,20600.0,271067766.0,271.07
S4_baisse_prix,T102,TOURTEAUX,Buea,Littoral,2026-12-01,12,2026,723.72,718.78,729.73,14474.5,18540.0,268357088.0,268.36
S1_rupture,T102,TOURTEAUX,Ndobo,Littoral,2026-12-01,12,2026,0.0,0.0,0.0,0.0,20600.0,0.0,0.0
S2_reappro_50,T102,TOURTEAUX,Ndobo,Littoral,2026-12-01,12,2026,2227.71,2212.48,2246.21,44554.2,20600.0,917816660.0,917.82
S3_reappro_100,T102,TOURTEAUX,Ndobo,Littoral,2026-12-01,12,2026,2227.71,2212.48,2246.21,44554.2,20600.0,917816660.0,917.82
S4_baisse_prix,T102,TOURTEAUX,Ndobo,Littoral,2026-12-01,12,2026,2450.48,2433.73,2470.83,49009.6,18540.0,908638493.0,908.64
S1_rupture,T102,TOURTEAUX,Nkongsamba,Littoral,2026-12-01,12,2026,0.0,0.0,0.0,0.0,20600.0,0.0,0.0
S2_reappro_50,T102,TOURTEAUX,Nkongsamba,Littoral,2026-12-01,12,2026,708.67,703.83,714.56,14173.4,20600.0,291972797.0,291.97
S3_reappro_100,T102,TOURTEAUX,Nkongsamba,Littoral,2026-12-01,12,2026,708.67,703.83,714.56,14173.4,20600.0,291972797.0,291.97
S4_baisse_prix,T102,TOURTEAUX,Nkongsamba,Littoral,2026-12-01,12,2026,779.54,774.21,786.01,15590.8,18540.0,289053069.0,289.05
S1_rupture,T102,TOURTEAUX,Pk11,Littoral,2026-12-01,12,2026,0.0,0.0,0.0,0.0,20600.0,0.0,0.0
S2_reappro_50,T102,TOURTEAUX,Pk11,Littoral,2026-12-01,12,2026,321.8,319.6,324.48,6436.1,20600.0,132582962.0,132.58
S3_reappro_100,T102,TOURTEAUX,Pk11,Littoral,2026-12-01,12,2026,321.8,319.6,324.48,6436.1,20600.0,132582962.0,132.58
S4_baisse_prix,T102,TOURTEAUX,Pk11,Littoral,2026-12-01,12,2026,353.98,351.56,356.92,7079.7,18540.0,131257132.0,131.26
S1_rupture,T102,TOURTEAUX,Village,Littoral,2026-12-01,12,2026,0.0,0.0,0.0,0.0,20600.0,0.0,0.0
S2_reappro_50,T102,TOURTEAUX,Village,Littoral,2026-12-01,12,2026,793.88,788.45,800.47,15877.6,20600.0,327079136.0,327.08
S3_reappro_100,T102,TOURTEAUX,Village,Littoral,2026-12-01,12,2026,793.88,788.45,800.47,15877.6,20600.0,327079136.0,327.08
S4_baisse_prix,T102,TOURTEAUX,Village,Littoral,2026-12-01,12,2026,873.27,867.3,880.52,17465.4,18540.0,323808345.0,323.81
S1_rupture,T1021,TOURTEAUX,Ndobo,Littoral,2026-12-01,12,2026,0.0,0.0,0.0,0.0,22500.0,0.0,0.0
S2_reappro_50,T1021,TOURTEAUX,Ndobo,Littoral,2026-12-01,12,2026,0.05,0.05,0.05,0.9,22500.0,20845.0,0.02
S3_reappro_100,T1021,TOURTEAUX,Ndobo,Littoral,2026-12-01,12,2026,0.05,0.05,0.05,0.9,22500.0,20845.0,0.02
S4_baisse_prix,T1021,TOURTEAUX,Ndobo,Littoral,2026-12-01,12,2026,0.05,0.05,0.05,1.0,20250.0,20637.0,0.02
S1_rupture,T1021,TOURTEAUX,Village,Littoral,2026-12-01,12,2026,0.0,0.0,0.0,0.0,22500.0,0.0,0.0
S2_reappro_50,T1021,TOURTEAUX,Village,Littoral,2026-12-01,12,2026,0.0,0.0,0.0,0.0,22500.0,526.0,0.0
S3_reappro_100,T1021,TOURTEAUX,Village,Littoral,2026-12-01,12,2026,0.0,0.0,0.0,0.0,22500.0,526.0,0.0
S4_baisse_prix,T1021,TOURTEAUX,Village,Littoral,2026-12-01,12,2026,0.0,0.0,0.0,0.0,20250.0,520.0,0.0
S1_rupture,T1023,TOURTEAUX,Ndobo,Littoral,2026-12-01,12,2026,0.0,0.0,0.0,0.0,23890.0,0.0,0.0
S2_reappro_50,T1023,TOURTEAUX,Ndobo,Littoral,2026-12-01,12,2026,0.11,0.11,0.11,2.2,23890.0,51612.0,0.05
S3_reappro_100,T1023,TOURTEAUX,Ndobo,Littoral,2026-12-01,12,2026,0.11,0.11,0.11,2.2,23890.0,51612.0,0.05
S4_baisse_prix,T1023,TOURTEAUX,Ndobo,Littoral,2026-12-01,12,2026,0.12,0.12,0.12,2.4,21501.0,51096.0,0.05
S1_rupture,T1023,TOURTEAUX,Nkongsamba,Littoral,2026-12-01,12,2026,0.0,0.0,0.0,0.0,23890.0,0.0,0.0
S2_reappro_50,T1023,TOURTEAUX,Nkongsamba,Littoral,2026-12-01,12,2026,0.17,0.17,0.17,3.3,23890.0,79511.0,0.08
S3_reappro_100,T1023,TOURTEAUX,Nkongsamba,Littoral,2026-12-01,12,2026,0.17,0.17,0.17,3.3,23890.0,79511.0,0.08
S4_baisse_prix,T1023,TOURTEAUX,Nkongsamba,Littoral,2026-12-01,12,2026,0.18,0.18,0.18,3.7,21501.0,78715.0,0.08
S1_rupture,T1023,TOURTEAUX,Village,Littoral,2026-12-01,12,2026,0.0,0.0,0.0,0.0,23890.0,0.0,0.0
S2_reappro_50,T1023,TOURTEAUX,Village,Littoral,2026-12-01,12,2026,0.0,0.0,0.0,0.1,23890.0,2325.0,0.0
S3_reappro_100,T1023,TOURTEAUX,Village,Littoral,2026-12-01,12,2026,0.0,0.0,0.0,0.1,23890.0,2325.0,0.0
S4_baisse_prix,T1023,TOURTEAUX,Village,Littoral,2026-12-01,12,2026,0.01,0.01,0.01,0.1,21501.0,2302.0,0.0
S1_rupture,T1024,TOURTEAUX,Nkongsamba,Littoral,2026-12-01,12,2026,0.0,0.0,0.0,0.0,23090.0,0.0,0.0
S2_reappro_50,T1024,TOURTEAUX,Nkongsamba,Littoral,2026-12-01,12,2026,0.52,0.51,0.52,10.3,23090.0,238184.0,0.24
S3_reappro_100,T1024,TOURTEAUX,Nkongsamba,Littoral,2026-12-01,12,2026,0.52,0.51,0.52,10.3,23090.0,238184.0,0.24
S4_baisse_prix,T1024,TOURTEAUX,Nkongsamba,Littoral,2026-12-01,12,2026,0.57,0.56,0.57,11.3,20781.0,235802.0,0.24
S1_rupture,T1024,TOURTEAUX,Village,Littoral,2026-12-01,12,2026,0.0,0.0,0.0,0.0,23090.0,0.0,0.0
S2_reappro_50,T1024,TOURTEAUX,Village,Littoral,2026-12-01,12,2026,0.02,0.02,0.02,0.5,23090.0,11235.0,0.01
S3_reappro_100,T1024,TOURTEAUX,Village,Littoral,2026-12-01,12,2026,0.02,0.02,0.02,0.5,23090.0,11235.0,0.01
S4_baisse_prix,T1024,TOURTEAUX,Village,Littoral,2026-12-01,12,2026,0.03,0.03,0.03,0.5,20781.0,11123.0,0.01
S1_rupture,T102,TOURTEAUX,Djeleng,Ouest,2026-09-01,9,2026,0.0,-57.64,-57.63,0.0,20600.0,0.0,0.0
S2_reappro_50,T102,TOURTEAUX,Djeleng,Ouest,2026-09-01,9,2026,0.0,-57.64,-57.63,0.0,20600.0,0.0,0.0
S3_reappro_100,T102,TOURTEAUX,Djeleng,Ouest,2026-09-01,9,2026,0.0,-80.69,-80.68,0.0,20600.0,0.0,0.0
S4_baisse_prix,T102,TOURTEAUX,Djeleng,Ouest,2026-09-01,9,2026,0.0,-126.8,-126.79,0.0,18540.0,0.0,0.0
S1_rupture,T102,TOURTEAUX,Famla,Ouest,2026-09-01,9,2026,0.0,-210.27,-210.24,0.0,20600.0,0.0,0.0
S2_reappro_50,T102,TOURTEAUX,Famla,Ouest,2026-09-01,9,2026,0.0,-210.27,-210.24,0.0,20600.0,0.0,0.0
S3_reappro_100,T102,TOURTEAUX,Famla,Ouest,2026-09-01,9,2026,0.0,-294.37,-294.34,0.0,20600.0,0.0,0.0
S4_baisse_prix,T102,TOURTEAUX,Famla,Ouest,2026-09-01,9,2026,0.0,-462.59,-462.53,0.0,18540.0,0.0,0.0
S1_rupture,T102,TOURTEAUX,Mbouda,Ouest,2026-09-01,9,2026,0.0,-36.44,-36.44,0.0,20600.0,0.0,0.0
S2_reappro_50,T102,TOURTEAUX,Mbouda,Ouest,2026-09-01,9,2026,0.0,-36.44,-36.44,0.0,20600.0,0.0,0.0
S3_reappro_100,T102,TOURTEAUX,Mbouda,Ouest,2026-09-01,9,2026,0.0,-51.02,-51.01,0.0,20600.0,0.0,0.0
S4_baisse_prix,T102,TOURTEAUX,Mbouda,Ouest,2026-09-01,9,2026,0.0,-80.17,-80.16,0.0,18540.0,0.0,0.0
S1_rupture,T1024,TOURTEAUX,Djeleng,Ouest,2026-09-01,9,2026,0.0,-0.0,-0.0,0.0,23090.0,0.0,0.0
S2_reappro_50,T1024,TOURTEAUX,Djeleng,Ouest,2026-09-01,9,2026,0.0,-0.0,-0.0,0.0,23090.0,0.0,0.0
S3_reappro_100,T1024,TOURTEAUX,Djeleng,Ouest,2026-09-01,9,2026,0.0,-0.0,-0.0,0.0,23090.0,0.0,0.0
S4_baisse_prix,T1024,TOURTEAUX,Djeleng,Ouest,2026-09-01,9,2026,0.0,-0.0,-0.0,0.0,20781.0,0.0,0.0
S1_rupture,T1024,TOURTEAUX,Mbouda,Ouest,2026-09-01,9,2026,0.0,-0.04,-0.04,0.0,23090.0,0.0,0.0
S2_reappro_50,T1024,TOURTEAUX,Mbouda,Ouest,2026-09-01,9,2026,0.0,-0.04,-0.04,0.0,23090.0,0.0,0.0
S3_reappro_100,T1024,TOURTEAUX,Mbouda,Ouest,2026-09-01,9,2026,0.0,-0.05,-0.05,0.0,23090.0,0.0,0.0
S4_baisse_prix,T1024,TOURTEAUX,Mbouda,Ouest,2026-09-01,9,2026,0.0,-0.08,-0.08,0.0,20781.0,0.0,0.0
S1_rupture,T102,TOURTEAUX,Djeleng,Ouest,2026-10-01,10,2026,0.0,0.0,0.0,0.0,20600.0,0.0,0.0
S2_reappro_50,T102,TOURTEAUX,Djeleng,Ouest,2026-10-01,10,2026,307.91,307.86,307.97,6158.2,20600.0,126859593.0,126.86
S3_reappro_100,T102,TOURTEAUX,Djeleng,Ouest,2026-10-01,10,2026,439.87,439.8,439.95,8797.5,20600.0,181227990.0,181.23
S4_baisse_prix,T102,TOURTEAUX,Djeleng,Ouest,2026-10-01,10,2026,483.86,483.77,483.95,9677.2,18540.0,179415710.0,179.42
S1_rupture,T102,TOURTEAUX,Famla,Ouest,2026-10-01,10,2026,0.0,0.0,0.0,0.0,20600.0,0.0,0.0
S2_reappro_50,T102,TOURTEAUX,Famla,Ouest,2026-10-01,10,2026,1123.28,1123.08,1123.48,22465.7,20600.0,462793209.0,462.79
S3_reappro_100,T102,TOURTEAUX,Famla,Ouest,2026-10-01,10,2026,1604.69,1604.41,1604.97,32093.8,20600.0,661133156.0,661.13
S4_baisse_prix,T102,TOURTEAUX,Famla,Ouest,2026-10-01,10,2026,1765.16,1764.85,1765.47,35303.2,18540.0,654521824.0,654.52
S1_rupture,T102,TOURTEAUX,Mbouda,Ouest,2026-10-01,10,2026,0.0,0.0,0.0,0.0,20600.0,0.0,0.0
S2_reappro_50,T102,TOURTEAUX,Mbouda,Ouest,2026-10-01,10,2026,194.67,194.63,194.7,3893.4,20600.0,80203278.0,80.2
S3_reappro_100,T102,TOURTEAUX,Mbouda,Ouest,2026-10-01,10,2026,278.1,278.05,278.15,5561.9,20600.0,114576112.0,114.58
S4_baisse_prix,T102,TOURTEAUX,Mbouda,Ouest,2026-10-01,10,2026,305.91,305.85,305.96,6118.1,18540.0,113430351.0,113.43
S1_rupture,T1024,TOURTEAUX,Djeleng,Ouest,2026-10-01,10,2026,0.0,0.0,0.0,0.0,23090.0,0.0,0.0
S2_reappro_50,T1024,TOURTEAUX,Djeleng,Ouest,2026-10-01,10,2026,0.0,0.0,0.0,0.0,23090.0,486.0,0.0
S3_reappro_100,T1024,TOURTEAUX,Djeleng,Ouest,2026-10-01,10,2026,0.0,0.0,0.0,0.0,23090.0,694.0,0.0
S4_baisse_prix,T1024,TOURTEAUX,Djeleng,Ouest,2026-10-01,10,2026,0.0,0.0,0.0,0.0,20781.0,687.0,0.0
S1_rupture,T1024,TOURTEAUX,Mbouda,Ouest,2026-10-01,10,2026,0.0,0.0,0.0,0.0,23090.0,0.0,0.0
S2_reappro_50,T1024,TOURTEAUX,Mbouda,Ouest,2026-10-01,10,2026,0.19,0.19,0.19,3.8,23090.0,87001.0,0.09
S3_reappro_100,T1024,TOURTEAUX,Mbouda,Ouest,2026-10-01,10,2026,0.27,0.27,0.27,5.4,23090.0,124287.0,0.12
S4_baisse_prix,T1024,TOURTEAUX,Mbouda,Ouest,2026-10-01,10,2026,0.3,0.3,0.3,5.9,20781.0,123044.0,0.12
S1_rupture,T102,TOURTEAUX,Djeleng,Ouest,2026-11-01,11,2026,0.0,0.0,0.0,0.0,20600.0,0.0,0.0
S2_reappro_50,T102,TOURTEAUX,Djeleng,Ouest,2026-11-01,11,2026,668.0,667.79,668.22,13360.1,20600.0,275217818.0,275.22
S3_reappro_100,T102,TOURTEAUX,Djeleng,Ouest,2026-11-01,11,2026,954.29,953.98,954.6,19085.8,20600.0,393168312.0,393.17
S4_baisse_prix,T102,TOURTEAUX,Djeleng,Ouest,2026-11-01,11,2026,1049.72,1049.38,1050.06,20994.4,18540.0,389236628.0,389.24
S1_rupture,T102,TOURTEAUX,Famla,Ouest,2026-11-01,11,2026,0.0,0.0,0.0,0.0,20600.0,0.0,0.0
S2_reappro_50,T102,TOURTEAUX,Famla,Ouest,2026-11-01,11,2026,2436.93,2436.14,2437.72,48738.6,20600.0,1004015026.0,1004.02
S3_reappro_100,T102,TOURTEAUX,Famla,Ouest,2026-11-01,11,2026,3481.33,3480.19,3482.46,69626.6,20600.0,1434307180.0,1434.31
S4_baisse_prix,T102,TOURTEAUX,Famla,Ouest,2026-11-01,11,2026,3829.46,3828.21,3830.7,76589.2,18540.0,1419964108.0,1419.96
S1_rupture,T102,TOURTEAUX,Mbouda,Ouest,2026-11-01,11,2026,0.0,0.0,0.0,0.0,20600.0,0.0,0.0
S2_reappro_50,T102,TOURTEAUX,Mbouda,Ouest,2026-11-01,11,2026,422.33,422.19,422.46,8446.5,20600.0,173998440.0,174.0
S3_reappro_100,T102,TOURTEAUX,Mbouda,Ouest,2026-11-01,11,2026,603.32,603.13,603.52,12066.5,20600.0,248569200.0,248.57
S4_baisse_prix,T102,TOURTEAUX,Mbouda,Ouest,2026-11-01,11,2026,663.66,663.44,663.87,13273.1,18540.0,246083508.0,246.08
S1_rupture,T1024,TOURTEAUX,Djeleng,Ouest,2026-11-01,11,2026,0.0,0.0,0.0,0.0,23090.0,0.0,0.0
S2_reappro_50,T1024,TOURTEAUX,Djeleng,Ouest,2026-11-01,11,2026,0.0,0.0,0.0,0.0,23090.0,1054.0,0.0
S3_reappro_100,T1024,TOURTEAUX,Djeleng,Ouest,2026-11-01,11,2026,0.0,0.0,0.0,0.1,23090.0,1506.0,0.0
S4_baisse_prix,T1024,TOURTEAUX,Djeleng,Ouest,2026-11-01,11,2026,0.0,0.0,0.0,0.1,20781.0,1491.0,0.0
S1_rupture,T1024,TOURTEAUX,Mbouda,Ouest,2026-11-01,11,2026,0.0,0.0,0.0,0.0,23090.0,0.0,0.0
S2_reappro_50,T1024,TOURTEAUX,Mbouda,Ouest,2026-11-01,11,2026,0.41,0.41,0.41,8.2,23090.0,188746.0,0.19
S3_reappro_100,T1024,TOURTEAUX,Mbouda,Ouest,2026-11-01,11,2026,0.58,0.58,0.58,11.7,23090.0,269637.0,0.27
S4_baisse_prix,T1024,TOURTEAUX,Mbouda,Ouest,2026-11-01,11,2026,0.64,0.64,0.64,12.8,20781.0,266940.0,0.27
S1_rupture,T102,TOURTEAUX,Djeleng,Ouest,2026-12-01,12,2026,0.0,0.0,0.0,0.0,20600.0,0.0,0.0
S2_reappro_50,T102,TOURTEAUX,Djeleng,Ouest,2026-12-01,12,2026,649.84,649.51,650.17,12996.7,20600.0,267732891.0,267.73
S3_reappro_100,T102,TOURTEAUX,Djeleng,Ouest,2026-12-01,12,2026,649.84,649.51,650.17,12996.7,20600.0,267732891.0,267.73
S4_baisse_prix,T102,TOURTEAUX,Djeleng,Ouest,2026-12-01,12,2026,714.82,714.46,715.18,14296.4,18540.0,265055562.0,265.06
S1_rupture,T102,TOURTEAUX,Famla,Ouest,2026-12-01,12,2026,0.0,0.0,0.0,0.0,20600.0,0.0,0.0
S2_reappro_50,T102,TOURTEAUX,Famla,Ouest,2026-12-01,12,2026,2370.65,2369.45,2371.85,47413.1,20600.0,976709455.0,976.71
S3_reappro_100,T102,TOURTEAUX,Famla,Ouest,2026-12-01,12,2026,2370.65,2369.45,2371.85,47413.1,20600.0,976709455.0,976.71
S4_baisse_prix,T102,TOURTEAUX,Famla,Ouest,2026-12-01,12,2026,2607.72,2606.4,2609.04,52154.4,18540.0,966942361.0,966.94
S1_rupture,T102,TOURTEAUX,Mbouda,Ouest,2026-12-01,12,2026,0.0,0.0,0.0,0.0,20600.0,0.0,0.0
S2_reappro_50,T102,TOURTEAUX,Mbouda,Ouest,2026-12-01,12,2026,410.84,410.63,411.05,8216.8,20600.0,169266313.0,169.27
S3_reappro_100,T102,TOURTEAUX,Mbouda,Ouest,2026-12-01,12,2026,410.84,410.63,411.05,8216.8,20600.0,169266313.0,169.27
S4_baisse_prix,T102,TOURTEAUX,Mbouda,Ouest,2026-12-01,12,2026,451.92,451.7,452.15,9038.5,18540.0,167573650.0,167.57
S1_rupture,T1024,TOURTEAUX,Djeleng,Ouest,2026-12-01,12,2026,0.0,0.0,0.0,0.0,23090.0,0.0,0.0
S2_reappro_50,T1024,TOURTEAUX,Djeleng,Ouest,2026-12-01,12,2026,0.0,0.0,0.0,0.0,23090.0,1026.0,0.0
S3_reappro_100,T1024,TOURTEAUX,Djeleng,Ouest,2026-12-01,12,2026,0.0,0.0,0.0,0.0,23090.0,1026.0,0.0
S4_baisse_prix,T1024,TOURTEAUX,Djeleng,Ouest,2026-12-01,12,2026,0.0,0.0,0.0,0.0,20781.0,1016.0,0.0
S1_rupture,T1024,TOURTEAUX,Mbouda,Ouest,2026-12-01,12,2026,0.0,0.0,0.0,0.0,23090.0,0.0,0.0
S2_reappro_50,T1024,TOURTEAUX,Mbouda,Ouest,2026-12-01,12,2026,0.4,0.4,0.4,8.0,23090.0,183613.0,0.18
S3_reappro_100,T1024,TOURTEAUX,Mbouda,Ouest,2026-12-01,12,2026,0.4,0.4,0.4,8.0,23090.0,183613.0,0.18
S4_baisse_prix,T1024,TOURTEAUX,Mbouda,Ouest,2026-12-01,12,2026,0.44,0.44,0.44,8.7,20781.0,181776.0,0.18
